# This file uses centimeters as units for non-parametric coordinates.

mtllib Poliwrath.mtl
g default
v 0.000000 8.737576 1.214648
v 0.000000 9.161275 -0.710644
v 0.000000 8.208743 1.970152
v 0.000000 6.483949 3.018300
v 0.000000 5.280092 3.047263
v 0.000000 3.234024 1.957265
v 0.000000 2.632695 1.149620
v 0.000000 8.619256 -1.713016
v 0.000000 6.542403 -2.973685
v 0.000000 5.261788 -2.971773
v 0.000000 3.159523 -1.802250
v 0.000000 9.213777 0.332433
v 0.000000 7.699732 -2.550913
v 0.000000 4.074118 -2.566196
v 0.000000 4.192498 2.689708
v 0.000000 7.529570 2.593760
v -2.451116 3.053696 -0.719867
v -1.826995 2.930898 -1.155772
v -0.955882 2.611442 -0.859630
v -0.842849 2.412727 0.232945
v -1.288318 2.430470 0.555815
v -1.694427 2.668686 0.870429
v -2.382454 2.798748 0.525437
v -2.595729 2.916222 -0.067216
v -3.486394 7.692131 -1.547348
v -3.593352 6.424807 -1.595759
v -3.912560 5.909990 -0.928273
v -3.981316 5.771648 -0.023438
v -3.627457 6.201177 1.062257
v -3.330407 7.268292 1.124897
v -2.978811 8.019565 0.551153
v -3.135212 8.362469 -0.611537
v -0.952565 8.611026 0.981745
v -0.819501 9.115079 -0.661556
v -1.145115 8.141380 1.707359
v -1.430916 6.459045 2.874177
v -1.403512 5.208608 2.907882
v -1.083374 3.236268 1.815566
v -0.926035 2.667285 1.068696
v -0.874674 8.601859 -1.669954
v -0.987683 6.557024 -2.901599
v -0.976474 5.282157 -2.911655
v -0.903717 3.210959 -1.810264
v 0.011154 2.572962 -0.836477
v 0.007335 2.375837 0.201215
v -2.179163 8.008833 1.291322
v -1.856185 8.371376 0.882875
v -2.508653 8.407610 0.395791
v -2.600543 8.610873 -0.304127
v -2.514062 8.482361 -1.286070
v -2.144139 8.797550 -0.745148
v -0.647822 9.173841 0.311659
v -2.738684 6.353971 2.190722
v -2.688130 5.158905 2.205355
v -3.503067 5.120790 1.151169
v -2.033166 3.291391 1.389727
v -2.662518 3.377882 0.759262
v -2.173994 3.426470 -1.516633
v -2.874904 3.509665 -0.672601
v -3.672663 5.101084 -0.850860
v -2.946986 3.446531 0.014221
v -3.770583 5.009536 0.078416
v -2.775564 7.709069 -1.946236
v -0.944427 7.712692 -2.476897
v -2.851713 6.530785 -2.226747
v -2.696868 5.319855 -2.176721
v -3.339744 5.263192 -1.572497
v -2.631939 3.505066 -1.116761
v -1.694393 3.372615 -1.747984
v -1.913202 5.311718 -2.668881
v -1.955281 6.554482 -2.680830
v -1.880226 7.705265 -2.299644
v -1.712311 8.527146 -1.598156
v -1.558275 8.949326 -0.890118
v -1.274556 4.092952 2.515080
v -2.402856 4.099010 1.906392
v -3.137281 4.103085 1.046595
v -3.430687 4.129797 0.078915
v -3.324268 4.207902 -0.752271
v -3.011039 4.238877 -1.408736
v -2.456656 4.232377 -1.909703
v -1.782170 4.175321 -2.307936
v -0.930905 4.104834 -2.521932
v -1.331473 7.514426 2.430451
v -2.499146 7.403093 1.870804
v -3.826383 7.760819 -1.289909
v -3.597154 8.183245 -0.473845
v -3.497740 7.856907 0.386271
v -3.682524 7.205455 0.775410
v -3.867424 6.378598 0.654332
v -4.107255 6.018087 -0.180973
v -4.047863 6.235959 -0.942277
v -3.884111 6.770846 -1.373054
v 2.451116 3.053696 -0.719867
v 1.826995 2.930898 -1.155772
v 0.955882 2.611442 -0.859630
v 0.842849 2.412727 0.232945
v 1.288318 2.430470 0.555815
v 1.694427 2.668686 0.870429
v 2.382454 2.798748 0.525437
v 2.595729 2.916222 -0.067216
v 3.486394 7.692131 -1.547348
v 3.593352 6.424807 -1.595759
v 3.912560 5.909990 -0.928273
v 3.981316 5.771648 -0.023438
v 3.627457 6.201177 1.062257
v 3.330407 7.268292 1.124897
v 2.978811 8.019565 0.551153
v 3.135212 8.362469 -0.611537
v 0.952565 8.611026 0.981745
v 0.819501 9.115079 -0.661556
v 1.145115 8.141380 1.707359
v 1.430916 6.459045 2.874177
v 1.403512 5.208608 2.907882
v 1.083374 3.236268 1.815566
v 0.926035 2.667285 1.068696
v 0.874674 8.601859 -1.669954
v 0.987683 6.557024 -2.901599
v 0.976474 5.282157 -2.911655
v 0.903717 3.210959 -1.810264
v -0.011154 2.572962 -0.836477
v -0.007335 2.375837 0.201215
v 2.179163 8.008833 1.291322
v 1.856185 8.371376 0.882875
v 2.508653 8.407610 0.395791
v 2.600543 8.610873 -0.304127
v 2.514062 8.482361 -1.286070
v 2.144139 8.797550 -0.745148
v 0.647822 9.173841 0.311659
v 2.738684 6.353971 2.190722
v 2.688130 5.158905 2.205355
v 3.503067 5.120790 1.151169
v 2.033166 3.291391 1.389727
v 2.662518 3.377882 0.759262
v 2.173994 3.426470 -1.516633
v 2.874904 3.509665 -0.672601
v 3.672663 5.101084 -0.850860
v 2.946986 3.446531 0.014221
v 3.770583 5.009536 0.078416
v 2.775564 7.709069 -1.946236
v 0.944427 7.712692 -2.476897
v 2.851713 6.530785 -2.226747
v 2.696868 5.319855 -2.176721
v 3.339744 5.263192 -1.572497
v 2.631939 3.505066 -1.116761
v 1.694393 3.372615 -1.747984
v 1.913202 5.311718 -2.668881
v 1.955281 6.554482 -2.680830
v 1.880226 7.705265 -2.299644
v 1.712311 8.527146 -1.598156
v 1.558275 8.949326 -0.890118
v 1.274556 4.092952 2.515080
v 2.402856 4.099010 1.906392
v 3.137281 4.103085 1.046595
v 3.430687 4.129797 0.078915
v 3.324268 4.207902 -0.752271
v 3.011039 4.238877 -1.408736
v 2.456656 4.232377 -1.909703
v 1.782170 4.175321 -2.307936
v 0.930905 4.104834 -2.521932
v 1.331473 7.514426 2.430451
v 2.499146 7.403093 1.870804
v 3.826383 7.760819 -1.289909
v 3.597154 8.183245 -0.473845
v 3.497740 7.856907 0.386271
v 3.682524 7.205455 0.775410
v 3.867424 6.378598 0.654332
v 4.107255 6.018087 -0.180973
v 4.047863 6.235959 -0.942277
v 3.884111 6.770846 -1.373054
v 9.853148 7.732933 -0.257541
v 9.853149 8.243230 -0.267156
v 9.853148 8.503000 0.344740
v 9.853149 8.233564 0.838491
v 9.853149 7.732704 0.847957
v 9.853148 7.464724 0.289123
v 10.433455 7.734177 -0.258192
v 10.433454 8.218281 -0.258893
v 10.433454 8.473345 0.342703
v 10.433454 8.219257 0.834565
v 10.433455 7.745953 0.835167
v 10.433455 7.475104 0.266864
v 10.947248 7.731539 -0.230936
v 10.947248 8.166632 -0.163602
v 10.947248 8.352731 0.338163
v 10.947248 8.179707 0.803386
v 10.947248 7.780753 0.725965
v 10.947248 7.542424 0.280181
v 11.204639 7.821250 -0.016547
v 11.216519 8.052128 0.028897
v 11.175361 8.152127 0.294703
v 11.204639 8.066347 0.588998
v 11.204639 7.821250 0.588998
v 11.204639 7.698702 0.286225
v 11.270313 7.943799 0.286225
v 9.224395 7.732620 -0.244264
v 9.224395 8.278577 -0.278873
v 9.224395 8.508686 0.361204
v 9.224395 8.216254 0.845925
v 9.224394 7.642931 0.883580
v 9.224395 7.455521 0.311963
v 8.702889 7.701778 -0.343407
v 8.722960 8.492208 -0.317551
v 8.604709 8.451142 0.423397
v 8.621697 8.098191 0.871088
v 8.580552 7.331923 0.888912
v 8.657632 7.358500 0.300089
v 9.853148 7.731980 -1.591694
v 9.853149 8.248727 -1.592096
v 9.853149 8.511271 -1.012580
v 9.853150 8.276790 -0.424959
v 9.853150 7.698702 -0.424959
v 9.853149 7.479051 -0.999685
v 10.433455 7.732267 -1.579674
v 10.433455 8.232837 -1.584320
v 10.433455 8.482549 -1.024487
v 10.433454 8.253206 -0.440348
v 10.433454 7.698702 -0.440348
v 10.433455 7.485431 -0.990229
v 10.947248 7.779058 -1.477929
v 10.947248 8.179707 -1.564803
v 10.947248 8.391968 -1.047642
v 10.947248 8.179707 -0.530481
v 10.947248 7.731539 -0.530481
v 10.947248 7.542511 -1.032596
v 11.204639 7.821250 -1.350414
v 11.204639 8.066347 -1.350414
v 11.204639 8.188896 -1.047642
v 11.204639 8.066347 -0.744870
v 11.204639 7.821250 -0.744870
v 11.204639 7.698702 -1.047642
v 11.270313 7.943799 -1.047642
v 9.224395 7.705936 -1.580197
v 9.224395 8.246334 -1.609280
v 9.224395 8.528794 -1.020923
v 9.224394 8.276790 -0.411122
v 9.224395 7.741719 -0.474325
v 9.224395 7.480133 -1.003325
v 8.637771 7.624579 -1.574475
v 8.664042 8.224113 -1.600808
v 8.660374 8.519838 -1.004735
v 8.672306 7.437243 -0.977156
v 8.965211 7.021617 1.136164
v 8.698316 7.019662 1.562098
v 8.470606 6.518167 1.768765
v 8.541864 5.955088 1.482529
v 8.817266 5.989051 1.085368
v 9.041798 6.545794 0.885437
v 9.298070 6.958962 1.340863
v 9.058500 6.934171 1.755295
v 8.846278 6.442980 1.973764
v 8.883267 5.900215 1.684798
v 9.144464 5.911137 1.290366
v 9.403118 6.460801 1.081078
v 9.730189 6.873480 1.627417
v 9.470546 6.821926 1.953841
v 9.294161 6.383977 2.165981
v 9.338010 5.871998 1.923723
v 9.568866 5.874211 1.560458
v 9.822270 6.361322 1.379529
v 9.847645 6.611420 1.821369
v 9.712936 6.599411 2.018372
v 9.619585 6.329709 2.121483
v 9.626269 6.031979 1.980189
v 9.768950 6.031863 1.783929
v 9.889227 6.324353 1.701864
v 9.793368 6.314160 1.935731
v 8.651024 6.666957 0.652964
v 8.440698 6.119138 0.791850
v 8.153441 6.025844 1.249566
v 8.066071 6.583092 1.543097
v 8.286288 7.162639 1.350025
v 8.015263 8.480103 -0.299137
v 7.949020 8.175003 0.583473
v 8.071748 8.427366 -1.069606
v 7.632325 8.090347 -1.399700
v 7.608747 7.283817 -1.516495
v 7.540092 6.759416 -0.964859
v 7.599781 6.402339 -0.298292
v 7.354053 6.319568 0.736436
v 7.340171 7.369375 0.896106
v 7.417879 8.065756 0.435099
v 7.512923 8.379554 -0.402072
v 6.620222 8.090945 -1.178326
v 6.620222 7.266330 -1.519893
v 6.620222 6.441714 -1.178326
v 6.620222 6.100146 -0.353710
v 6.620222 6.441714 0.470906
v 6.620222 7.266330 0.812473
v 6.620222 8.090946 0.470906
v 6.620222 8.432513 -0.353710
v 6.787530 8.144830 -1.232210
v 6.787530 7.266330 -1.596097
v 6.787530 6.387829 -1.232210
v 6.787530 6.023943 -0.353710
v 6.787530 6.387829 0.524790
v 6.787530 7.266330 0.888677
v 6.787530 8.144830 0.524791
v 6.787530 8.508718 -0.353710
v 8.213826 7.987169 0.870086
v 8.138790 7.659544 1.037000
v 7.838858 7.438667 1.085435
v 7.633832 6.597510 1.248214
v 7.834098 6.093095 1.015900
v 8.286456 6.840130 0.270853
v 8.130788 7.175243 -0.307526
v 8.162813 7.269875 -0.907688
v 8.013119 7.487561 -1.603438
v 8.098215 8.137166 -1.545650
v 8.041131 6.288586 0.389095
v 7.877626 6.691254 -0.273289
v 7.809178 7.200088 -1.341119
v 7.782453 6.969072 -0.894206
v 6.920575 8.020491 -1.160096
v 6.920574 7.245501 -1.465282
v 6.920575 6.511845 -1.141566
v 6.920575 6.184633 -0.321266
v 6.920575 6.497087 0.476423
v 6.920574 7.264347 0.788621
v 6.920575 8.068336 0.448744
v 6.920575 8.378817 -0.333984
v 7.226262 8.007325 -1.219406
v 7.227151 7.278619 -1.516213
v 7.246696 6.630252 -1.057579
v 7.237484 6.254578 -0.318629
v 7.117409 6.440676 0.543561
v 7.086069 7.261452 0.780974
v 7.150972 8.035769 0.398950
v 7.179196 8.332906 -0.364489
v 6.555766 7.250416 -1.267878
v 6.555766 7.886845 -1.004261
v 6.555766 6.613987 -1.004261
v 6.555766 6.350368 -0.367832
v 6.555766 6.613987 0.268598
v 6.555766 7.250416 0.532215
v 6.555766 7.886845 0.268598
v 6.555766 8.150462 -0.367832
v 2.393950 9.228583 0.448720
v 1.973009 9.341909 0.773316
v 1.412719 9.571800 0.783270
v 1.002038 9.673154 0.353193
v 1.191094 9.737791 -0.151056
v 2.139692 9.561526 -0.349586
v 2.473802 9.323901 -0.067072
v 2.179612 9.598006 0.375531
v 1.973624 9.718415 0.432040
v 2.197773 9.659625 0.206860
v 2.008942 9.799983 0.166851
v 1.472748 9.896828 0.106769
v 1.440068 9.880318 0.311307
v 1.667142 9.847005 0.405093
v 2.478760 8.847267 0.458426
v 2.523422 9.007999 -0.202531
v 2.139615 9.217918 -0.551366
v 1.027553 9.486369 -0.326213
v 0.811736 9.455607 0.326512
v 1.235624 9.229115 0.960443
v 1.968735 8.938283 0.901957
v 1.580025 9.370297 -0.589933
v 1.632213 9.679286 -0.364740
v 1.707151 9.895772 0.134569
v 2.268629 9.471887 0.406936
v 2.332796 9.561825 0.086345
v 2.077368 9.766131 -0.095859
v 1.682744 9.854936 -0.132605
v 1.362589 9.857504 -0.012313
v 1.259776 9.820258 0.350541
v 1.559244 9.738179 0.618219
v 1.957698 9.553462 0.625698
v -9.853148 7.732933 -0.257541
v -9.853149 8.243230 -0.267156
v -9.853148 8.503000 0.344740
v -9.853149 8.233564 0.838491
v -9.853149 7.732704 0.847957
v -9.853148 7.464724 0.289123
v -10.433455 7.734177 -0.258192
v -10.433454 8.218281 -0.258893
v -10.433454 8.473345 0.342703
v -10.433454 8.219257 0.834565
v -10.433455 7.745953 0.835167
v -10.433455 7.475104 0.266864
v -10.947248 7.731539 -0.230936
v -10.947248 8.166632 -0.163602
v -10.947248 8.352731 0.338163
v -10.947248 8.179707 0.803386
v -10.947248 7.780753 0.725965
v -10.947248 7.542424 0.280181
v -11.204639 7.821250 -0.016547
v -11.216519 8.052128 0.028897
v -11.175361 8.152127 0.294703
v -11.204639 8.066347 0.588998
v -11.204639 7.821250 0.588998
v -11.204639 7.698702 0.286225
v -11.270313 7.943799 0.286225
v -9.224395 7.732620 -0.244264
v -9.224395 8.278577 -0.278873
v -9.224395 8.508686 0.361204
v -9.224395 8.216254 0.845925
v -9.224394 7.642931 0.883580
v -9.224395 7.455521 0.311963
v -8.702889 7.701778 -0.343407
v -8.722960 8.492208 -0.317551
v -8.604709 8.451142 0.423397
v -8.621697 8.098191 0.871088
v -8.580552 7.331923 0.888912
v -8.657632 7.358500 0.300089
v -9.853148 7.731980 -1.591694
v -9.853149 8.248727 -1.592096
v -9.853149 8.511271 -1.012580
v -9.853150 8.276790 -0.424959
v -9.853150 7.698702 -0.424959
v -9.853149 7.479051 -0.999685
v -10.433455 7.732267 -1.579674
v -10.433455 8.232837 -1.584320
v -10.433455 8.482549 -1.024487
v -10.433454 8.253206 -0.440348
v -10.433454 7.698702 -0.440348
v -10.433455 7.485431 -0.990229
v -10.947248 7.779058 -1.477929
v -10.947248 8.179707 -1.564803
v -10.947248 8.391968 -1.047642
v -10.947248 8.179707 -0.530481
v -10.947248 7.731539 -0.530481
v -10.947248 7.542511 -1.032596
v -11.204639 7.821250 -1.350414
v -11.204639 8.066347 -1.350414
v -11.204639 8.188896 -1.047642
v -11.204639 8.066347 -0.744870
v -11.204639 7.821250 -0.744870
v -11.204639 7.698702 -1.047642
v -11.270313 7.943799 -1.047642
v -9.224395 7.705936 -1.580197
v -9.224395 8.246334 -1.609280
v -9.224395 8.528794 -1.020923
v -9.224394 8.276790 -0.411122
v -9.224395 7.741719 -0.474325
v -9.224395 7.480133 -1.003325
v -8.637771 7.624579 -1.574475
v -8.664042 8.224113 -1.600808
v -8.660374 8.519838 -1.004735
v -8.672306 7.437243 -0.977156
v -8.965211 7.021617 1.136164
v -8.698316 7.019662 1.562098
v -8.470606 6.518167 1.768765
v -8.541864 5.955088 1.482529
v -8.817266 5.989051 1.085368
v -9.041798 6.545794 0.885437
v -9.298070 6.958962 1.340863
v -9.058500 6.934171 1.755295
v -8.846278 6.442980 1.973764
v -8.883267 5.900215 1.684798
v -9.144464 5.911137 1.290366
v -9.403118 6.460801 1.081078
v -9.730189 6.873480 1.627417
v -9.470546 6.821926 1.953841
v -9.294161 6.383977 2.165981
v -9.338010 5.871998 1.923723
v -9.568866 5.874211 1.560458
v -9.822270 6.361322 1.379529
v -9.847645 6.611420 1.821369
v -9.712936 6.599411 2.018372
v -9.619585 6.329709 2.121483
v -9.626269 6.031979 1.980189
v -9.768950 6.031863 1.783929
v -9.889227 6.324353 1.701864
v -9.793368 6.314160 1.935731
v -8.651024 6.666957 0.652964
v -8.440698 6.119138 0.791850
v -8.153441 6.025844 1.249566
v -8.066071 6.583092 1.543097
v -8.286288 7.162639 1.350025
v -8.015263 8.480103 -0.299137
v -7.949020 8.175003 0.583473
v -8.071748 8.427366 -1.069606
v -7.632325 8.090347 -1.399700
v -7.608747 7.283817 -1.516495
v -7.540092 6.759416 -0.964859
v -7.599781 6.402339 -0.298292
v -7.354053 6.319568 0.736436
v -7.340171 7.369375 0.896106
v -7.417879 8.065756 0.435099
v -7.512923 8.379554 -0.402072
v -6.620222 8.090945 -1.178326
v -6.620222 7.266330 -1.519893
v -6.620222 6.441714 -1.178326
v -6.620222 6.100146 -0.353710
v -6.620222 6.441714 0.470906
v -6.620222 7.266330 0.812473
v -6.620222 8.090946 0.470906
v -6.620222 8.432513 -0.353710
v -6.787530 8.144830 -1.232210
v -6.787530 7.266330 -1.596097
v -6.787530 6.387829 -1.232210
v -6.787530 6.023943 -0.353710
v -6.787530 6.387829 0.524790
v -6.787530 7.266330 0.888677
v -6.787530 8.144830 0.524791
v -6.787530 8.508718 -0.353710
v -8.213826 7.987169 0.870086
v -8.138790 7.659544 1.037000
v -7.838858 7.438667 1.085435
v -7.633832 6.597510 1.248214
v -7.834098 6.093095 1.015900
v -8.286456 6.840130 0.270853
v -8.130788 7.175243 -0.307526
v -8.162813 7.269875 -0.907688
v -8.013119 7.487561 -1.603438
v -8.098215 8.137166 -1.545650
v -8.041131 6.288586 0.389095
v -7.877626 6.691254 -0.273289
v -7.809178 7.200088 -1.341119
v -7.782453 6.969072 -0.894206
v -6.920575 8.020491 -1.160096
v -6.920574 7.245501 -1.465282
v -6.920575 6.511845 -1.141566
v -6.920575 6.184633 -0.321266
v -6.920575 6.497087 0.476423
v -6.920574 7.264347 0.788621
v -6.920575 8.068336 0.448744
v -6.920575 8.378817 -0.333984
v -7.226262 8.007325 -1.219406
v -7.227151 7.278619 -1.516213
v -7.246696 6.630252 -1.057579
v -7.237484 6.254578 -0.318629
v -7.117409 6.440676 0.543561
v -7.086069 7.261452 0.780974
v -7.150972 8.035769 0.398950
v -7.179196 8.332906 -0.364489
v -6.555766 7.250416 -1.267878
v -6.555766 7.886845 -1.004261
v -6.555766 6.613987 -1.004261
v -6.555766 6.350368 -0.367832
v -6.555766 6.613987 0.268598
v -6.555766 7.250416 0.532215
v -6.555766 7.886845 0.268598
v -6.555766 8.150462 -0.367832
v -2.283749 1.089086 -0.451489
v -1.805359 1.120652 -0.724616
v -1.367360 1.084321 -0.491417
v -1.233040 0.962914 0.010206
v -1.502612 0.938530 0.478095
v -1.819947 0.957448 0.602954
v -2.179990 0.887384 0.465374
v -2.390746 0.988525 0.006160
v -2.276342 1.339490 -0.462668
v -1.786169 1.351460 -0.701230
v -1.337155 1.307987 -0.451557
v -1.207504 1.273693 -0.000038
v -1.411896 1.282854 0.400884
v -1.810244 1.283712 0.567043
v -2.219380 1.281216 0.397590
v -2.403730 1.289967 -0.017450
v -2.274117 1.646590 -0.487039
v -1.785739 1.637224 -0.704282
v -1.318528 1.604560 -0.459574
v -1.177323 1.597774 0.018034
v -1.395724 1.621441 0.411972
v -1.807917 1.633196 0.574788
v -2.243318 1.632709 0.400368
v -2.431507 1.629747 -0.047073
v -2.276519 2.009245 -0.521134
v -1.781523 1.977076 -0.725838
v -1.300289 1.928862 -0.484713
v -1.144197 1.912395 0.038539
v -1.377578 1.947752 0.437309
v -1.811883 1.962126 0.610497
v -2.272526 1.983786 0.418043
v -2.461181 2.004531 -0.058172
v -2.283305 2.457273 -0.552113
v -1.787430 2.390743 -0.780380
v -1.266402 2.270884 -0.534142
v -1.105030 2.193567 0.073373
v -1.346323 2.229231 0.481261
v -1.794206 2.290957 0.671355
v -2.306509 2.360260 0.445752
v -2.501436 2.420303 -0.065778
v -1.614005 0.639894 1.878771
v -1.830076 0.682371 1.857937
v -2.044861 0.646236 1.858627
v -2.557279 0.545384 0.484096
v -2.555610 0.537609 -0.005928
v -2.348734 0.472786 1.880545
v -2.433855 0.554410 -0.498286
v -1.896055 0.587048 -0.981345
v -1.257356 0.561913 -0.571927
v -1.101740 0.536067 -0.037166
v -1.092724 0.538243 0.489956
v -1.328042 0.446079 1.955504
v -1.905090 0.000000 -0.617718
v -1.454017 -0.000000 -0.585312
v -2.337827 0.008817 -0.504387
v -2.471698 0.000000 0.472123
v -2.303951 0.000000 1.880545
v -2.441471 0.000000 -0.053225
v -1.350525 -0.000000 -0.105623
v -1.330560 -0.000000 0.469089
v -1.493086 -0.000000 1.898100
v -1.880268 -0.000000 -0.072209
v -1.857288 0.000000 0.455194
v -1.902992 0.000000 1.860719
v -1.609800 0.000000 2.147170
v -1.542054 0.435706 2.217003
v -1.675623 0.548206 2.115114
v -1.844371 0.561382 2.112970
v -1.998677 0.570010 2.069610
v -2.173228 0.453047 2.150875
v -2.258418 0.000000 2.128550
v -1.915672 -0.000000 2.206537
v -1.871329 0.431807 2.300273
v -1.823297 0.775971 1.471441
v -1.578489 0.733553 1.479546
v -1.182633 0.485796 1.534230
v -1.376010 -0.000000 1.488026
v -1.886443 0.000000 1.457351
v -2.382161 -0.000000 1.461205
v -2.473793 0.501384 1.468338
v -2.073591 0.739433 1.456995
v -1.560857 0.797709 1.001166
v -1.118132 0.515975 1.021321
v -1.307478 -0.000000 0.998535
v -1.872084 0.000000 0.974480
v -2.466165 -0.000000 0.960531
v -2.537794 0.522840 0.980698
v -2.104959 0.794691 0.987381
v -1.831140 0.844070 1.027244
v -1.881129 0.343333 -1.047628
v -2.442221 0.341998 -0.622274
v -2.622232 0.341782 -0.071495
v -2.669638 0.339676 0.458438
v -2.648564 0.335229 0.985514
v -2.575632 0.329281 1.498763
v -2.438258 0.320073 1.943122
v -2.229161 0.307602 2.252525
v -1.879123 0.299481 2.416003
v -1.517111 0.301500 2.327315
v -1.264412 0.308156 2.032661
v -1.094457 0.322765 1.577503
v -1.010106 0.333785 1.026946
v -0.985810 0.337504 0.454116
v -1.043747 0.342866 -0.142078
v -1.266974 0.344786 -0.736171
v -1.312326 0.063080 -0.665512
v -1.122921 0.068227 -0.136116
v -1.066756 0.068550 0.445792
v -1.071148 0.062147 1.014084
v -1.127480 0.053894 1.558246
v -1.261019 0.062345 2.049589
v -1.488063 0.057001 2.350325
v -1.889448 -0.000000 2.443480
v -2.313480 0.061277 2.218154
v -2.439956 0.064941 1.970965
v -2.560022 0.074196 1.511666
v -2.608959 0.077864 0.950254
v -2.605422 0.079797 0.466801
v -2.551991 0.075328 -0.056946
v -2.403693 0.069448 -0.552932
v -1.887936 0.042312 -0.973097
v -2.391406 0.706858 0.489223
v -2.345794 0.675788 0.968133
v -2.297030 0.646935 1.422235
v -2.209204 0.600609 1.814805
v -2.087807 0.576543 2.038907
v -1.862750 0.534397 2.155002
v -1.607065 0.567577 2.066178
v -1.455447 0.596254 1.838019
v -1.349947 0.633043 1.474453
v -1.307628 0.670388 0.997855
v -1.264321 0.705396 0.497971
v -1.202156 0.732781 0.026782
v -1.288909 0.726247 -0.474081
v -1.837468 0.770587 -0.840853
v -2.389967 0.730640 -0.423393
v -2.452644 0.733485 0.033923
v -1.888585 0.146654 -1.030695
v -2.426021 0.144698 -0.603873
v -2.600663 0.154602 -0.060975
v -2.655136 0.174722 0.467734
v -2.643577 0.173860 0.965074
v -2.593858 0.184958 1.491649
v -2.481786 0.175722 1.953593
v -2.305590 0.150664 2.262026
v -1.896990 0.137967 2.479267
v -1.499796 0.146457 2.382149
v -1.226991 0.138328 2.052085
v -1.079500 0.124472 1.558006
v -1.030893 0.122595 1.015770
v -1.024032 0.126312 0.446415
v -1.077591 0.133417 -0.143896
v -1.300043 0.138992 -0.753089
v -5.703774 7.862377 -1.015887
v -5.706946 7.222504 -1.243989
v -5.731985 6.603184 -0.966984
v -5.754211 6.350383 -0.338555
v -5.750131 6.616905 0.304345
v -5.732180 7.266909 0.570953
v -5.708507 7.911834 0.294687
v -5.705441 8.168788 -0.361676
v -4.911717 7.843638 -1.036346
v -4.940474 7.155667 -1.251381
v -4.976901 6.540995 -0.947480
v -5.008214 6.310355 -0.307124
v -4.982770 6.604170 0.329509
v -4.922366 7.259284 0.590825
v -4.871515 7.911705 0.319469
v -4.879553 8.168151 -0.361981
v -4.172637 7.834202 -1.107803
v -4.241905 7.032097 -1.300504
v -4.345717 6.405667 -0.959386
v -4.350791 6.161304 -0.260870
v -4.242249 6.523938 0.428603
v -4.132876 7.237438 0.654592
v -4.041747 7.898557 0.353544
v -4.070722 8.156116 -0.384824
v 2.283749 1.089086 -0.451489
v 1.805359 1.120652 -0.724616
v 1.367360 1.084321 -0.491417
v 1.233040 0.962914 0.010206
v 1.502612 0.938530 0.478095
v 1.819947 0.957448 0.602954
v 2.179990 0.887384 0.465374
v 2.390746 0.988525 0.006160
v 2.276342 1.339490 -0.462668
v 1.786169 1.351460 -0.701230
v 1.337155 1.307987 -0.451557
v 1.207504 1.273693 -0.000038
v 1.411896 1.282854 0.400884
v 1.810244 1.283712 0.567043
v 2.219380 1.281216 0.397590
v 2.403730 1.289967 -0.017450
v 2.274117 1.646590 -0.487039
v 1.785739 1.637224 -0.704282
v 1.318528 1.604560 -0.459574
v 1.177323 1.597774 0.018034
v 1.395724 1.621441 0.411972
v 1.807917 1.633196 0.574788
v 2.243318 1.632709 0.400368
v 2.431507 1.629747 -0.047073
v 2.276519 2.009245 -0.521134
v 1.781523 1.977076 -0.725838
v 1.300289 1.928862 -0.484713
v 1.144197 1.912395 0.038539
v 1.377578 1.947752 0.437309
v 1.811883 1.962126 0.610497
v 2.272526 1.983786 0.418043
v 2.461181 2.004531 -0.058172
v 2.283305 2.457273 -0.552113
v 1.787430 2.390743 -0.780380
v 1.266402 2.270884 -0.534142
v 1.105030 2.193567 0.073373
v 1.346323 2.229231 0.481261
v 1.794206 2.290957 0.671355
v 2.306509 2.360260 0.445752
v 2.501436 2.420303 -0.065778
v 1.614005 0.639894 1.878771
v 1.830076 0.682371 1.857937
v 2.044861 0.646236 1.858627
v 2.557279 0.545384 0.484096
v 2.555610 0.537609 -0.005928
v 2.348734 0.472786 1.880545
v 2.433855 0.554410 -0.498286
v 1.896055 0.587048 -0.981345
v 1.257356 0.561913 -0.571927
v 1.101740 0.536067 -0.037166
v 1.092724 0.538243 0.489956
v 1.328042 0.446079 1.955504
v 1.905090 0.000000 -0.617718
v 1.454017 -0.000000 -0.585312
v 2.337827 0.008817 -0.504387
v 2.471698 0.000000 0.472123
v 2.303951 0.000000 1.880545
v 2.441471 0.000000 -0.053225
v 1.350525 -0.000000 -0.105623
v 1.330560 -0.000000 0.469089
v 1.493086 -0.000000 1.898100
v 1.880268 -0.000000 -0.072209
v 1.857288 0.000000 0.455194
v 1.902992 0.000000 1.860719
v 1.609800 0.000000 2.147170
v 1.542054 0.435706 2.217003
v 1.675623 0.548206 2.115114
v 1.844371 0.561382 2.112970
v 1.998677 0.570010 2.069610
v 2.173228 0.453047 2.150875
v 2.258418 0.000000 2.128550
v 1.915672 -0.000000 2.206537
v 1.871329 0.431807 2.300273
v 1.823297 0.775971 1.471441
v 1.578489 0.733553 1.479546
v 1.182633 0.485796 1.534230
v 1.376010 -0.000000 1.488026
v 1.886443 0.000000 1.457351
v 2.382161 -0.000000 1.461205
v 2.473793 0.501384 1.468338
v 2.073591 0.739433 1.456995
v 1.560857 0.797709 1.001166
v 1.118132 0.515975 1.021321
v 1.307478 -0.000000 0.998535
v 1.872084 0.000000 0.974480
v 2.466165 -0.000000 0.960531
v 2.537794 0.522840 0.980698
v 2.104959 0.794691 0.987381
v 1.831140 0.844070 1.027244
v 1.881129 0.343333 -1.047628
v 2.442221 0.341998 -0.622274
v 2.622232 0.341782 -0.071495
v 2.669638 0.339676 0.458438
v 2.648564 0.335229 0.985514
v 2.575632 0.329281 1.498763
v 2.438258 0.320073 1.943122
v 2.229161 0.307602 2.252525
v 1.879123 0.299481 2.416003
v 1.517111 0.301500 2.327315
v 1.264412 0.308156 2.032661
v 1.094457 0.322765 1.577503
v 1.010106 0.333785 1.026946
v 0.985810 0.337504 0.454116
v 1.043747 0.342866 -0.142078
v 1.266974 0.344786 -0.736171
v 1.312326 0.063080 -0.665512
v 1.122921 0.068227 -0.136116
v 1.066756 0.068550 0.445792
v 1.071148 0.062147 1.014084
v 1.127480 0.053894 1.558246
v 1.261019 0.062345 2.049589
v 1.488063 0.057001 2.350325
v 1.889448 -0.000000 2.443480
v 2.313480 0.061277 2.218154
v 2.439956 0.064941 1.970965
v 2.560022 0.074196 1.511666
v 2.608959 0.077864 0.950254
v 2.605422 0.079797 0.466801
v 2.551991 0.075328 -0.056946
v 2.403693 0.069448 -0.552932
v 1.887936 0.042312 -0.973097
v 2.391406 0.706858 0.489223
v 2.345794 0.675788 0.968133
v 2.297030 0.646935 1.422235
v 2.209204 0.600609 1.814805
v 2.087807 0.576543 2.038907
v 1.862750 0.534397 2.155002
v 1.607065 0.567577 2.066178
v 1.455447 0.596254 1.838019
v 1.349947 0.633043 1.474453
v 1.307628 0.670388 0.997855
v 1.264321 0.705396 0.497971
v 1.202156 0.732781 0.026782
v 1.288909 0.726247 -0.474081
v 1.837468 0.770587 -0.840853
v 2.389967 0.730640 -0.423393
v 2.452644 0.733485 0.033923
v 1.888585 0.146654 -1.030695
v 2.426021 0.144698 -0.603873
v 2.600663 0.154602 -0.060975
v 2.655136 0.174722 0.467734
v 2.643577 0.173860 0.965074
v 2.593858 0.184958 1.491649
v 2.481786 0.175722 1.953593
v 2.305590 0.150664 2.262026
v 1.896990 0.137967 2.479267
v 1.499796 0.146457 2.382149
v 1.226991 0.138328 2.052085
v 1.079500 0.124472 1.558006
v 1.030893 0.122595 1.015770
v 1.024032 0.126312 0.446415
v 1.077591 0.133417 -0.143896
v 1.300043 0.138992 -0.753089
v -2.393950 9.228583 0.448720
v -1.973009 9.341909 0.773316
v -1.412719 9.571800 0.783270
v -1.002038 9.673154 0.353193
v -1.191094 9.737791 -0.151056
v -2.139692 9.561526 -0.349586
v -2.473802 9.323901 -0.067072
v -2.179612 9.598006 0.375531
v -1.973624 9.718415 0.432040
v -2.197773 9.659625 0.206860
v -2.008942 9.799983 0.166851
v -1.472748 9.896828 0.106769
v -1.440068 9.880318 0.311307
v -1.667142 9.847005 0.405093
v -2.478760 8.847267 0.458426
v -2.523422 9.007999 -0.202531
v -2.139615 9.217918 -0.551366
v -1.027553 9.486369 -0.326213
v -0.811736 9.455607 0.326512
v -1.235624 9.229115 0.960443
v -1.968735 8.938283 0.901957
v -1.580025 9.370297 -0.589933
v -1.632213 9.679286 -0.364740
v -1.707151 9.895772 0.134569
v -2.268629 9.471887 0.406936
v -2.332796 9.561825 0.086345
v -2.077368 9.766131 -0.095859
v -1.682744 9.854936 -0.132605
v -1.362589 9.857504 -0.012313
v -1.259776 9.820258 0.350541
v -1.559244 9.738179 0.618219
v -1.957698 9.553462 0.625698
v 5.703774 7.862377 -1.015887
v 5.706946 7.222504 -1.243989
v 5.731985 6.603184 -0.966984
v 5.754211 6.350383 -0.338555
v 5.750131 6.616905 0.304345
v 5.732180 7.266909 0.570953
v 5.708507 7.911834 0.294687
v 5.705441 8.168788 -0.361676
v 4.911717 7.843638 -1.036346
v 4.940474 7.155667 -1.251381
v 4.976901 6.540995 -0.947480
v 5.008214 6.310355 -0.307124
v 4.982770 6.604170 0.329509
v 4.922366 7.259284 0.590825
v 4.871515 7.911705 0.319469
v 4.879553 8.168151 -0.361981
v 4.172637 7.834202 -1.107803
v 4.241905 7.032097 -1.300504
v 4.345717 6.405667 -0.959386
v 4.350791 6.161304 -0.260870
v 4.242249 6.523938 0.428603
v 4.132876 7.237438 0.654592
v 4.041747 7.898557 0.353544
v 4.070722 8.156116 -0.384824
vt 0.939751 0.684508
vt 0.997088 0.685202
vt 0.546829 0.276300
vt 0.941572 0.748973
vt 0.890156 0.755745
vt 0.887845 0.683880
vt 0.836223 0.683256
vt 0.836022 0.758223
vt 0.644507 0.680937
vt 0.708287 0.681709
vt 0.703342 0.755976
vt 0.638115 0.751553
vt 0.774834 0.682513
vt 0.772281 0.758619
vt 0.576435 0.680114
vt 0.576595 0.746612
vt 0.522285 0.742310
vt 0.520564 0.679438
vt 0.423143 0.315742
vt 0.422659 0.262747
vt 0.488383 0.264422
vt 0.488243 0.315835
vt 0.352978 0.315643
vt 0.283871 0.315545
vt 0.285224 0.261282
vt 0.354551 0.261811
vt 0.212080 0.315444
vt 0.213959 0.262079
vt 0.144354 0.262301
vt 0.141041 0.315343
vt 0.006230 0.302058
vt 0.406749 0.756456
vt 0.079871 0.258059
vt 0.072191 0.315246
vt 0.463218 0.690918
vt 0.471000 0.742332
vt 0.922515 0.815366
vt 0.885388 0.826767
vt 0.927244 0.868419
vt 0.498592 0.074428
vt 0.468012 0.132118
vt 0.435044 0.108196
vt 0.460281 0.173215
vt 0.418635 0.159974
vt 0.466430 0.215238
vt 0.417386 0.211686
vt 0.832104 0.831604
vt 0.829346 0.897473
vt 0.767307 0.838205
vt 0.698370 0.832848
vt 0.758179 0.917151
vt 0.690269 0.905245
vt 0.633340 0.822461
vt 0.624670 0.885570
vt 0.574221 0.810986
vt 0.522421 0.796857
vt 0.570098 0.866854
vt 0.529575 0.853264
vt 0.493572 0.769967
vt 0.053017 0.190518
vt 0.093826 0.176961
vt 0.092684 0.209421
vt 0.558120 0.914152
vt 0.033308 0.103683
vt 0.084916 0.110856
vt 0.093204 0.139599
vt 0.056296 0.137804
vt 0.161993 0.018357
vt 0.106684 0.044610
vt 0.722110 0.981520
vt 0.187545 0.066968
vt 0.131018 0.086664
vt 0.239178 0.054817
vt 0.360275 0.105183
vt 0.357083 0.152822
vt 0.354237 0.207666
vt 0.285644 0.206496
vt 0.285583 0.150103
vt 0.215836 0.209011
vt 0.214485 0.157765
vt 0.278799 0.094816
vt 0.207222 0.108657
vt 0.148283 0.167623
vt 0.148309 0.212308
vt 0.143844 0.125410
vt 0.426778 0.078515
vt 0.367400 0.081394
vt 0.474062 0.051230
vt 0.826733 0.926861
vt 0.767994 0.944132
vt 0.736470 0.993889
vt 0.260416 0.049003
vt 0.300893 0.074654
vt 0.943131 0.620106
vt 0.996462 0.643665
vt 0.891893 0.612092
vt 0.837835 0.608305
vt 0.639825 0.610188
vt 0.705139 0.607343
vt 0.774123 0.606368
vt 0.523805 0.616626
vt 0.578203 0.613640
vt 0.488237 0.367247
vt 0.422510 0.368736
vt 0.354398 0.369480
vt 0.285070 0.369813
vt 0.213808 0.368813
vt 0.144204 0.368395
vt 0.401886 0.656877
vt 0.079709 0.372454
vt 0.016457 0.387207
vt 0.463513 0.666575
vt 0.472535 0.615365
vt 0.888844 0.540976
vt 0.925685 0.553271
vt 0.504948 0.520601
vt 0.898236 0.475135
vt 0.434457 0.523322
vt 0.467492 0.499493
vt 0.418194 0.471498
vt 0.459877 0.458374
vt 0.417092 0.419782
vt 0.466146 0.416369
vt 0.835693 0.534852
vt 0.834529 0.468935
vt 0.702029 0.530374
vt 0.771074 0.526685
vt 0.695680 0.457801
vt 0.763858 0.447542
vt 0.636766 0.539185
vt 0.629625 0.475884
vt 0.525260 0.562099
vt 0.577387 0.549226
vt 0.533777 0.505881
vt 0.574617 0.493275
vt 0.495770 0.588283
vt 0.052664 0.439918
vt 0.092385 0.421128
vt 0.093434 0.453591
vt 0.526986 0.465450
vt 0.062495 0.553483
vt 0.084337 0.519671
vt 0.055793 0.492642
vt 0.092707 0.490951
vt 0.615834 0.419058
vt 0.161152 0.612388
vt 0.210634 0.624287
vt 0.130370 0.543993
vt 0.186842 0.563849
vt 0.238441 0.576146
vt 0.359679 0.526123
vt 0.356623 0.478476
vt 0.353931 0.423623
vt 0.285335 0.424600
vt 0.285115 0.480992
vt 0.215535 0.421887
vt 0.214038 0.473129
vt 0.278174 0.536260
vt 0.206637 0.522216
vt 0.147864 0.463084
vt 0.148018 0.418399
vt 0.143306 0.505284
vt 0.426107 0.552979
vt 0.366738 0.549933
vt 0.883680 0.441134
vt 0.832627 0.439493
vt 0.774323 0.420806
vt 0.230294 0.621580
vt 0.259662 0.582020
vt 0.300211 0.556484
vt 0.729357 0.382319
vt 0.744012 0.370301
vt 0.497909 0.557270
vt 0.473314 0.580398
vt 0.563785 0.445701
vt 0.105918 0.585979
vt 0.678035 0.398252
vt 0.032710 0.526698
vt 0.931695 0.500349
vt 0.408645 0.599690
vt 0.006193 0.328247
vt 0.546717 0.355534
vt 0.548649 0.315920
vt 0.231160 0.009361
vt 0.211508 0.006598
vt 0.877811 0.926455
vt 0.893184 0.892816
vt 0.609509 0.942047
vt 0.063169 0.076982
vt 0.671189 0.964351
vt 0.521809 0.893519
vt 0.505527 0.111116
vt 0.401375 0.699123
vt 0.016661 0.243127
vt 0.995457 0.726710
vt 0.253007 0.864181
vt 0.244461 0.845219
vt 0.264307 0.841395
vt 0.273442 0.855771
vt 0.242220 0.818701
vt 0.260707 0.819542
vt 0.246529 0.796320
vt 0.265498 0.800967
vt 0.254948 0.777474
vt 0.275015 0.786934
vt 0.270729 0.757938
vt 0.293853 0.772845
vt 0.265812 0.884095
vt 0.290035 0.871555
vt 0.280423 0.835593
vt 0.288677 0.845620
vt 0.278804 0.820349
vt 0.281407 0.806559
vt 0.290676 0.799017
vt 0.306800 0.794620
vt 0.305615 0.850454
vt 0.291440 0.830061
vt 0.295800 0.835956
vt 0.289837 0.821858
vt 0.291027 0.812781
vt 0.296491 0.808403
vt 0.306293 0.809953
vt 0.305823 0.834751
vt 0.299699 0.822258
vt 0.229065 0.871117
vt 0.220948 0.847473
vt 0.220418 0.816454
vt 0.224968 0.791669
vt 0.232229 0.768054
vt 0.245949 0.746996
vt 0.241247 0.893740
vt 0.209112 0.877461
vt 0.199254 0.843948
vt 0.197593 0.809096
vt 0.203503 0.783286
vt 0.209719 0.751365
vt 0.226985 0.734375
vt 0.221322 0.904607
vt 0.273524 0.701393
vt 0.274735 0.680300
vt 0.293785 0.685618
vt 0.295486 0.703543
vt 0.282515 0.655691
vt 0.299436 0.665268
vt 0.297114 0.635393
vt 0.311933 0.648053
vt 0.316040 0.622355
vt 0.329500 0.639527
vt 0.338331 0.611836
vt 0.351326 0.636490
vt 0.276348 0.727483
vt 0.304482 0.725524
vt 0.310557 0.688950
vt 0.315076 0.700230
vt 0.315040 0.673881
vt 0.323904 0.660760
vt 0.336871 0.657073
vt 0.353853 0.662649
vt 0.326479 0.712299
vt 0.322163 0.688304
vt 0.324700 0.694826
vt 0.325437 0.679282
vt 0.330710 0.671246
vt 0.337855 0.669610
vt 0.346087 0.676204
vt 0.333819 0.698560
vt 0.334655 0.684188
vt 0.249823 0.697452
vt 0.253611 0.674356
vt 0.262869 0.646680
vt 0.278794 0.620160
vt 0.298617 0.604091
vt 0.320437 0.591691
vt 0.248922 0.722699
vt 0.226840 0.695191
vt 0.232815 0.668562
vt 0.243523 0.638440
vt 0.258568 0.610784
vt 0.284551 0.588070
vt 0.308496 0.573422
vt 0.226553 0.721162
vt 0.472758 0.792935
vt 0.488091 0.810182
vt 0.476191 0.817369
vt 0.463796 0.804066
vt 0.497669 0.834082
vt 0.482417 0.838213
vt 0.498159 0.860618
vt 0.482989 0.861283
vt 0.494962 0.880302
vt 0.477147 0.879009
vt 0.424565 0.778218
vt 0.450067 0.783634
vt 0.442458 0.797698
vt 0.419039 0.795152
vt 0.462428 0.825800
vt 0.453565 0.818216
vt 0.465694 0.840800
vt 0.463920 0.858942
vt 0.454765 0.870906
vt 0.437208 0.817088
vt 0.417291 0.818662
vt 0.452706 0.832904
vt 0.447727 0.828478
vt 0.453719 0.841593
vt 0.452321 0.852906
vt 0.445216 0.857279
vt 0.438429 0.829047
vt 0.426635 0.832842
vt 0.442811 0.840132
vt 0.459092 0.767728
vt 0.489386 0.779253
vt 0.434289 0.759808
vt 0.516398 0.859584
vt 0.514984 0.882422
vt 0.514771 0.830033
vt 0.503882 0.801045
vt 0.767580 0.246145
vt 0.808898 0.236602
vt 0.835960 0.268242
vt 0.799784 0.288648
vt 0.853836 0.302535
vt 0.826439 0.323291
vt 0.292376 0.981637
vt 0.248146 0.981637
vt 0.248212 0.973005
vt 0.292411 0.972915
vt 0.203930 0.981638
vt 0.204278 0.973089
vt 0.156338 0.981638
vt 0.158292 0.971345
vt 0.518596 0.981637
vt 0.470916 0.981637
vt 0.470449 0.973041
vt 0.516591 0.971180
vt 0.426112 0.981637
vt 0.426019 0.972997
vt 0.381210 0.981637
vt 0.381272 0.972941
vt 0.336929 0.981637
vt 0.336963 0.972903
vt 0.290630 0.990742
vt 0.247016 0.990528
vt 0.205112 0.991200
vt 0.158249 0.992680
vt 0.513795 0.991590
vt 0.468764 0.989964
vt 0.426104 0.989631
vt 0.381268 0.989809
vt 0.337800 0.990429
vt 0.247188 0.959717
vt 0.291107 0.958612
vt 0.204758 0.960409
vt 0.165181 0.958216
vt 0.471010 0.959176
vt 0.511046 0.957172
vt 0.426892 0.958088
vt 0.381428 0.957525
vt 0.336135 0.957749
vt 0.777303 0.309425
vt 0.742398 0.268048
vt 0.815069 0.357937
vt 0.769562 0.221221
vt 0.791466 0.210921
vt 0.752963 0.207717
vt 0.767676 0.177453
vt 0.707128 0.231732
vt 0.730888 0.210316
vt 0.737478 0.176918
vt 0.690059 0.182711
vt 0.707568 0.158192
vt 0.654620 0.194427
vt 0.665701 0.161648
vt 0.677063 0.141485
vt 0.581651 0.101390
vt 0.599575 0.133704
vt 0.561796 0.144211
vt 0.541538 0.103944
vt 0.604816 0.076466
vt 0.623304 0.112541
vt 0.527927 0.153886
vt 0.511189 0.126396
vt 0.488601 0.172189
vt 0.477807 0.137700
vt 0.880022 0.370567
vt 0.846480 0.387616
vt 0.842213 0.350463
vt 0.872187 0.336305
vt 0.501087 0.194204
vt 0.511746 0.182324
vt 0.541288 0.179741
vt 0.545653 0.198537
vt 0.649527 0.130554
vt 0.626556 0.157561
vt 0.581156 0.169962
vt 0.590949 0.191656
vt 0.790061 0.365034
vt 0.804452 0.409769
vt 0.787749 0.415989
vt 0.772723 0.370058
vt 0.500596 0.215573
vt 0.546378 0.217913
vt 0.547254 0.238589
vt 0.502057 0.233330
vt 0.594165 0.214461
vt 0.596725 0.233238
vt 0.647083 0.211645
vt 0.644351 0.223836
vt 0.691915 0.240731
vt 0.685760 0.248292
vt 0.729993 0.278039
vt 0.718802 0.286053
vt 0.759700 0.318304
vt 0.746167 0.325305
vt 0.825172 0.403445
vt 0.808055 0.109326
vt 0.846293 0.117906
vt 0.834451 0.139441
vt 0.803505 0.133127
vt 0.769640 0.138238
vt 0.764013 0.115024
vt 0.725320 0.139647
vt 0.738280 0.152237
vt 0.691822 0.314507
vt 0.696883 0.355806
vt 0.678721 0.355514
vt 0.674345 0.325013
vt 0.638660 0.267576
vt 0.669371 0.284363
vt 0.658066 0.303408
vt 0.633903 0.289069
vt 0.567902 0.279508
vt 0.605131 0.263765
vt 0.607895 0.283162
vt 0.581349 0.299188
vt 0.800681 0.147715
vt 0.823129 0.153051
vt 0.815838 0.159973
vt 0.800407 0.162658
vt 0.603113 0.318215
vt 0.594463 0.311654
vt 0.610176 0.300841
vt 0.611422 0.312534
vt 0.623124 0.320350
vt 0.629437 0.306575
vt 0.648085 0.317024
vt 0.639174 0.329335
vt 0.652032 0.334020
vt 0.660895 0.329947
vt 0.660226 0.351839
vt 0.648893 0.345675
vt 0.763998 0.169413
vt 0.753605 0.162868
vt 0.775372 0.152463
vt 0.779500 0.166623
vt 0.556468 0.255814
vt 0.598523 0.240564
vt 0.642020 0.241244
vt 0.680895 0.256182
vt 0.716694 0.293595
vt 0.716635 0.355727
vt 0.751811 0.078332
vt 0.714204 0.122879
vt 0.811334 0.075144
vt 0.857503 0.093962
vt 0.612575 0.332177
vt 0.631724 0.343682
vt 0.253007 0.864181
vt 0.244461 0.845219
vt 0.264307 0.841395
vt 0.273442 0.855771
vt 0.242220 0.818701
vt 0.260707 0.819542
vt 0.246529 0.796320
vt 0.265498 0.800967
vt 0.254948 0.777474
vt 0.275015 0.786934
vt 0.270729 0.757938
vt 0.293853 0.772845
vt 0.265812 0.884095
vt 0.290035 0.871555
vt 0.280423 0.835593
vt 0.288677 0.845620
vt 0.278804 0.820349
vt 0.281407 0.806559
vt 0.290676 0.799017
vt 0.306800 0.794620
vt 0.305615 0.850454
vt 0.291440 0.830061
vt 0.295800 0.835956
vt 0.289837 0.821858
vt 0.291027 0.812781
vt 0.296491 0.808403
vt 0.306293 0.809953
vt 0.305823 0.834751
vt 0.299699 0.822258
vt 0.229065 0.871117
vt 0.220948 0.847473
vt 0.220418 0.816454
vt 0.224968 0.791669
vt 0.232229 0.768054
vt 0.245949 0.746996
vt 0.241247 0.893740
vt 0.209112 0.877461
vt 0.199254 0.843948
vt 0.197593 0.809096
vt 0.203503 0.783286
vt 0.209719 0.751365
vt 0.226985 0.734375
vt 0.221322 0.904607
vt 0.273524 0.701393
vt 0.274735 0.680300
vt 0.293785 0.685618
vt 0.295486 0.703543
vt 0.282515 0.655691
vt 0.299436 0.665268
vt 0.297114 0.635393
vt 0.311933 0.648053
vt 0.316040 0.622355
vt 0.329500 0.639527
vt 0.338331 0.611836
vt 0.351326 0.636490
vt 0.276348 0.727483
vt 0.304482 0.725524
vt 0.310557 0.688950
vt 0.315076 0.700230
vt 0.315040 0.673881
vt 0.323904 0.660760
vt 0.336871 0.657073
vt 0.353853 0.662649
vt 0.326479 0.712299
vt 0.322163 0.688304
vt 0.324700 0.694826
vt 0.325437 0.679282
vt 0.330710 0.671246
vt 0.337855 0.669610
vt 0.346087 0.676204
vt 0.333819 0.698560
vt 0.334655 0.684188
vt 0.249823 0.697452
vt 0.253611 0.674356
vt 0.262869 0.646680
vt 0.278794 0.620160
vt 0.298617 0.604091
vt 0.320437 0.591691
vt 0.248922 0.722699
vt 0.226840 0.695191
vt 0.232815 0.668562
vt 0.243523 0.638440
vt 0.258568 0.610784
vt 0.284551 0.588070
vt 0.308496 0.573422
vt 0.226553 0.721162
vt 0.472758 0.792935
vt 0.488091 0.810182
vt 0.476191 0.817369
vt 0.463796 0.804066
vt 0.497669 0.834082
vt 0.482417 0.838213
vt 0.498159 0.860618
vt 0.482989 0.861283
vt 0.494962 0.880302
vt 0.477147 0.879009
vt 0.424565 0.778218
vt 0.450067 0.783634
vt 0.442458 0.797698
vt 0.419039 0.795152
vt 0.462428 0.825800
vt 0.453565 0.818216
vt 0.465694 0.840800
vt 0.463920 0.858942
vt 0.454765 0.870906
vt 0.437208 0.817088
vt 0.417291 0.818662
vt 0.452706 0.832904
vt 0.447727 0.828478
vt 0.453719 0.841593
vt 0.452321 0.852906
vt 0.445216 0.857279
vt 0.438429 0.829047
vt 0.426635 0.832842
vt 0.442811 0.840132
vt 0.459092 0.767728
vt 0.489386 0.779253
vt 0.434289 0.759808
vt 0.516398 0.859584
vt 0.514984 0.882422
vt 0.514771 0.830033
vt 0.503882 0.801045
vt 0.767580 0.246145
vt 0.808898 0.236602
vt 0.835960 0.268242
vt 0.799784 0.288648
vt 0.853836 0.302535
vt 0.826439 0.323291
vt 0.292376 0.981637
vt 0.248146 0.981637
vt 0.248212 0.973005
vt 0.292411 0.972915
vt 0.203930 0.981638
vt 0.204278 0.973089
vt 0.156338 0.981638
vt 0.158292 0.971345
vt 0.518596 0.981637
vt 0.470916 0.981637
vt 0.470449 0.973041
vt 0.516591 0.971180
vt 0.426112 0.981637
vt 0.426019 0.972997
vt 0.381210 0.981637
vt 0.381272 0.972941
vt 0.336929 0.981637
vt 0.336963 0.972903
vt 0.290630 0.990742
vt 0.247016 0.990528
vt 0.205112 0.991200
vt 0.158249 0.992680
vt 0.513795 0.991590
vt 0.468764 0.989964
vt 0.426104 0.989631
vt 0.381268 0.989809
vt 0.337800 0.990429
vt 0.247188 0.959717
vt 0.291107 0.958612
vt 0.204758 0.960409
vt 0.165181 0.958216
vt 0.471010 0.959176
vt 0.511046 0.957172
vt 0.426892 0.958088
vt 0.381428 0.957525
vt 0.336135 0.957749
vt 0.777303 0.309425
vt 0.742398 0.268048
vt 0.815069 0.357937
vt 0.769562 0.221221
vt 0.791466 0.210921
vt 0.752963 0.207717
vt 0.767676 0.177453
vt 0.707128 0.231732
vt 0.730888 0.210316
vt 0.737478 0.176918
vt 0.690059 0.182711
vt 0.707568 0.158192
vt 0.654620 0.194427
vt 0.665701 0.161648
vt 0.677063 0.141485
vt 0.581651 0.101390
vt 0.599575 0.133704
vt 0.561796 0.144211
vt 0.541538 0.103944
vt 0.604816 0.076466
vt 0.623304 0.112541
vt 0.527927 0.153886
vt 0.511189 0.126396
vt 0.488601 0.172189
vt 0.477807 0.137700
vt 0.880022 0.370567
vt 0.846480 0.387616
vt 0.842213 0.350463
vt 0.872187 0.336305
vt 0.501087 0.194204
vt 0.511746 0.182324
vt 0.541288 0.179741
vt 0.545653 0.198537
vt 0.649527 0.130554
vt 0.626556 0.157561
vt 0.581156 0.169962
vt 0.590949 0.191656
vt 0.790061 0.365034
vt 0.804452 0.409769
vt 0.787749 0.415989
vt 0.772723 0.370058
vt 0.500596 0.215573
vt 0.546378 0.217913
vt 0.547254 0.238589
vt 0.502057 0.233330
vt 0.594165 0.214461
vt 0.596725 0.233238
vt 0.647083 0.211645
vt 0.644351 0.223836
vt 0.691915 0.240731
vt 0.685760 0.248292
vt 0.729993 0.278039
vt 0.718802 0.286053
vt 0.759700 0.318304
vt 0.746167 0.325305
vt 0.825172 0.403445
vt 0.876219 0.253553
vt 0.866141 0.223480
vt 0.878604 0.218458
vt 0.889799 0.248303
vt 0.881147 0.426600
vt 0.889046 0.400335
vt 0.902455 0.401138
vt 0.894421 0.428991
vt 0.888214 0.372847
vt 0.906284 0.375549
vt 0.887255 0.344910
vt 0.907871 0.350503
vt 0.885997 0.327301
vt 0.905674 0.325789
vt 0.879143 0.307454
vt 0.901382 0.300453
vt 0.879114 0.279858
vt 0.895730 0.274656
vt 0.893666 0.212544
vt 0.906310 0.241526
vt 0.919603 0.405323
vt 0.909223 0.433730
vt 0.925825 0.377321
vt 0.927945 0.350814
vt 0.926348 0.324054
vt 0.921601 0.296132
vt 0.914321 0.268008
vt 0.911048 0.204716
vt 0.925593 0.232893
vt 0.938154 0.411516
vt 0.925517 0.440477
vt 0.945126 0.379328
vt 0.947256 0.350764
vt 0.945807 0.321643
vt 0.941764 0.291382
vt 0.935046 0.261115
vt 0.949562 0.221711
vt 0.931754 0.194286
vt 0.959988 0.169403
vt 0.984300 0.205777
vt 0.942129 0.452865
vt 0.957598 0.420291
vt 0.986961 0.436344
vt 0.961420 0.486146
vt 0.962856 0.380460
vt 0.983613 0.374883
vt 0.963706 0.349929
vt 0.975798 0.348643
vt 0.965567 0.319804
vt 0.991567 0.321917
vt 0.963391 0.285796
vt 0.988639 0.279392
vt 0.958036 0.252955
vt 0.986175 0.243950
vt 0.940190 0.072957
vt 0.919594 0.079779
vt 0.916129 0.065886
vt 0.938300 0.060771
vt 0.945362 0.083619
vt 0.924649 0.093401
vt 0.864513 0.154665
vt 0.885429 0.136384
vt 0.893677 0.147878
vt 0.871870 0.166058
vt 0.957880 0.098646
vt 0.940450 0.115560
vt 0.930096 0.106308
vt 0.948013 0.092751
vt 0.843666 0.173606
vt 0.848521 0.183951
vt 0.807830 0.194526
vt 0.813257 0.207723
vt 0.750193 0.038975
vt 0.795095 0.037973
vt 0.798168 0.048710
vt 0.758104 0.051135
vt 0.829088 0.052234
vt 0.827238 0.038609
vt 0.857821 0.055761
vt 0.857608 0.040950
vt 0.934917 0.052442
vt 0.913981 0.051691
vt 0.917218 0.038461
vt 0.941974 0.041518
vt 0.786509 0.012526
vt 0.749653 0.011316
vt 0.751672 0.004350
vt 0.790056 0.007044
vt 0.827455 0.230603
vt 0.859181 0.206595
vt 0.863638 0.209633
vt 0.833332 0.234641
vt 0.982920 0.107953
vt 0.962461 0.131993
vt 0.956083 0.128821
vt 0.975718 0.106849
vt 0.912091 0.172012
vt 0.887562 0.190919
vt 0.884516 0.186402
vt 0.908233 0.167009
vt 0.822812 0.008560
vt 0.822849 0.013219
vt 0.856790 0.014168
vt 0.856903 0.009929
vt 0.952684 0.024526
vt 0.922470 0.016411
vt 0.924343 0.011706
vt 0.955695 0.020819
vt 0.366857 0.919967
vt 0.341610 0.914328
vt 0.333690 0.888825
vt 0.366588 0.887783
vt 0.397621 0.888005
vt 0.392974 0.916402
vt 0.365921 0.856931
vt 0.396708 0.854247
vt 0.329825 0.858432
vt 0.360261 0.798634
vt 0.331191 0.800385
vt 0.334153 0.775674
vt 0.357700 0.775160
vt 0.381463 0.771274
vt 0.389994 0.794782
vt 0.976832 0.034483
vt 0.974069 0.038996
vt 0.948972 0.057605
vt 0.957952 0.049893
vt 0.951027 0.061256
vt 0.955127 0.068394
vt 0.956176 0.081688
vt 0.966382 0.083236
vt 0.955998 0.076652
vt 0.985838 0.087511
vt 0.990525 0.090286
vt 0.336046 0.761242
vt 0.355443 0.754907
vt 0.373583 0.757190
vt 0.986080 0.059967
vt 0.994038 0.057492
vt 0.967442 0.065042
vt 0.958187 0.067873
vt 0.895380 0.088483
vt 0.889356 0.072240
vt 0.887272 0.054687
vt 0.888158 0.039635
vt 0.889985 0.014302
vt 0.890542 0.010024
vt 0.395956 0.823158
vt 0.363019 0.826725
vt 0.328285 0.829934
vt 0.931776 0.149680
vt 0.935312 0.154609
vt 0.908170 0.120152
vt 0.917584 0.131935
vt 0.900459 0.105341
vt 0.874362 0.122890
vt 0.870776 0.096230
vt 0.857782 0.076755
vt 0.851941 0.197716
vt 0.819533 0.221728
vt 0.877382 0.177742
vt 0.901564 0.159691
vt 0.926153 0.141922
vt 0.949909 0.122998
vt 0.968063 0.102720
vt 0.976833 0.083537
vt 0.976589 0.062080
vt 0.966381 0.044600
vt 0.947971 0.033652
vt 0.920858 0.027820
vt 0.889009 0.026870
vt 0.856487 0.027024
vt 0.822832 0.025912
vt 0.788121 0.024195
vt 0.748970 0.023422
vt 0.411601 0.889197
vt 0.402042 0.921112
vt 0.412757 0.854680
vt 0.410175 0.821285
vt 0.404543 0.789578
vt 0.394746 0.761264
vt 0.380183 0.744554
vt 0.356059 0.740974
vt 0.331768 0.755537
vt 0.325097 0.770652
vt 0.319736 0.798033
vt 0.318808 0.831112
vt 0.320764 0.859457
vt 0.325905 0.889964
vt 0.337165 0.918385
vt 0.369032 0.940857
vt 0.826088 0.065768
vt 0.793618 0.069811
vt 0.763618 0.072210
vt 0.798098 0.175048
vt 0.826973 0.159221
vt 0.852170 0.144923
vt 0.185778 0.830142
vt 0.186877 0.868629
vt 0.136910 0.872139
vt 0.135687 0.832583
vt 0.189103 0.907089
vt 0.141016 0.911542
vt 0.192382 0.946233
vt 0.146704 0.950602
vt 0.202503 0.635714
vt 0.195214 0.674983
vt 0.148052 0.669415
vt 0.156161 0.629575
vt 0.189725 0.713652
vt 0.141540 0.709416
vt 0.186594 0.752433
vt 0.137258 0.749771
vt 0.185706 0.791353
vt 0.135860 0.790709
vt 0.091507 0.877734
vt 0.088760 0.834543
vt 0.096899 0.918539
vt 0.105718 0.957881
vt 0.102749 0.663020
vt 0.114014 0.623082
vt 0.094114 0.704254
vt 0.089018 0.746293
vt 0.088004 0.789784
vt 0.044951 0.837053
vt 0.050128 0.886414
vt 0.028670 0.901588
vt 0.023363 0.845696
vt 0.060025 0.928472
vt 0.042397 0.938661
vt 0.070347 0.971304
vt 0.057079 0.982239
vt 0.077853 0.612654
vt 0.058224 0.654648
vt 0.031923 0.649778
vt 0.062414 0.607154
vt 0.047598 0.699361
vt 0.020234 0.696158
vt 0.041261 0.742808
vt 0.009409 0.739560
vt 0.041046 0.789336
vt 0.013324 0.792704
vt 0.876219 0.253553
vt 0.866141 0.223480
vt 0.878604 0.218458
vt 0.889799 0.248303
vt 0.881147 0.426600
vt 0.889046 0.400335
vt 0.902455 0.401138
vt 0.894421 0.428991
vt 0.888214 0.372847
vt 0.906284 0.375549
vt 0.887255 0.344910
vt 0.907871 0.350503
vt 0.885997 0.327301
vt 0.905674 0.325789
vt 0.879143 0.307454
vt 0.901382 0.300453
vt 0.879114 0.279858
vt 0.895730 0.274656
vt 0.893666 0.212544
vt 0.906310 0.241526
vt 0.919603 0.405323
vt 0.909223 0.433730
vt 0.925825 0.377321
vt 0.927945 0.350814
vt 0.926348 0.324054
vt 0.921601 0.296132
vt 0.914321 0.268008
vt 0.911048 0.204716
vt 0.925593 0.232893
vt 0.938154 0.411516
vt 0.925517 0.440477
vt 0.945126 0.379328
vt 0.947256 0.350764
vt 0.945807 0.321643
vt 0.941764 0.291382
vt 0.935046 0.261115
vt 0.949562 0.221711
vt 0.931754 0.194286
vt 0.959988 0.169403
vt 0.984300 0.205777
vt 0.942129 0.452865
vt 0.957598 0.420291
vt 0.986961 0.436344
vt 0.961420 0.486146
vt 0.962856 0.380460
vt 0.983613 0.374883
vt 0.963706 0.349929
vt 0.975798 0.348643
vt 0.965567 0.319804
vt 0.991567 0.321917
vt 0.963391 0.285796
vt 0.988639 0.279392
vt 0.958036 0.252955
vt 0.986175 0.243950
vt 0.940190 0.072957
vt 0.919594 0.079779
vt 0.916129 0.065886
vt 0.938300 0.060771
vt 0.945362 0.083619
vt 0.924649 0.093401
vt 0.864513 0.154665
vt 0.885429 0.136384
vt 0.893677 0.147878
vt 0.871870 0.166058
vt 0.957880 0.098646
vt 0.940450 0.115560
vt 0.930096 0.106308
vt 0.948013 0.092751
vt 0.843666 0.173606
vt 0.848521 0.183951
vt 0.807830 0.194526
vt 0.813257 0.207723
vt 0.750193 0.038975
vt 0.795095 0.037973
vt 0.798168 0.048710
vt 0.758104 0.051135
vt 0.829088 0.052234
vt 0.827238 0.038609
vt 0.857821 0.055761
vt 0.857608 0.040950
vt 0.934917 0.052442
vt 0.913981 0.051691
vt 0.917218 0.038461
vt 0.941974 0.041518
vt 0.786509 0.012526
vt 0.749653 0.011316
vt 0.751672 0.004350
vt 0.790056 0.007044
vt 0.827455 0.230603
vt 0.859181 0.206595
vt 0.863638 0.209633
vt 0.833332 0.234641
vt 0.982920 0.107953
vt 0.962461 0.131993
vt 0.956083 0.128821
vt 0.975718 0.106849
vt 0.912091 0.172012
vt 0.887562 0.190919
vt 0.884516 0.186402
vt 0.908233 0.167009
vt 0.822812 0.008560
vt 0.822849 0.013219
vt 0.856790 0.014168
vt 0.856903 0.009929
vt 0.952684 0.024526
vt 0.922470 0.016411
vt 0.924343 0.011706
vt 0.955695 0.020819
vt 0.366857 0.919967
vt 0.341610 0.914328
vt 0.333690 0.888825
vt 0.366588 0.887783
vt 0.397621 0.888005
vt 0.392974 0.916402
vt 0.365921 0.856931
vt 0.396708 0.854247
vt 0.329825 0.858432
vt 0.360261 0.798634
vt 0.331191 0.800385
vt 0.334153 0.775674
vt 0.357700 0.775160
vt 0.381463 0.771274
vt 0.389994 0.794782
vt 0.976832 0.034483
vt 0.974069 0.038996
vt 0.948972 0.057605
vt 0.957952 0.049893
vt 0.951027 0.061256
vt 0.955127 0.068394
vt 0.956176 0.081688
vt 0.966382 0.083236
vt 0.955998 0.076652
vt 0.985838 0.087511
vt 0.990525 0.090286
vt 0.336046 0.761242
vt 0.355443 0.754907
vt 0.373583 0.757190
vt 0.986080 0.059967
vt 0.994038 0.057492
vt 0.967442 0.065042
vt 0.958187 0.067873
vt 0.895380 0.088483
vt 0.889356 0.072240
vt 0.887272 0.054687
vt 0.888158 0.039635
vt 0.889985 0.014302
vt 0.890542 0.010024
vt 0.395956 0.823158
vt 0.363019 0.826725
vt 0.328285 0.829934
vt 0.931776 0.149680
vt 0.935312 0.154609
vt 0.908170 0.120152
vt 0.917584 0.131935
vt 0.900459 0.105341
vt 0.874362 0.122890
vt 0.870776 0.096230
vt 0.857782 0.076755
vt 0.851941 0.197716
vt 0.819533 0.221728
vt 0.877382 0.177742
vt 0.901564 0.159691
vt 0.926153 0.141922
vt 0.949909 0.122998
vt 0.968063 0.102720
vt 0.976833 0.083537
vt 0.976589 0.062080
vt 0.966381 0.044600
vt 0.947971 0.033652
vt 0.920858 0.027820
vt 0.889009 0.026870
vt 0.856487 0.027024
vt 0.822832 0.025912
vt 0.788121 0.024195
vt 0.748970 0.023422
vt 0.411601 0.889197
vt 0.402042 0.921112
vt 0.412757 0.854680
vt 0.410175 0.821285
vt 0.404543 0.789578
vt 0.394746 0.761264
vt 0.380183 0.744554
vt 0.356059 0.740974
vt 0.331768 0.755537
vt 0.325097 0.770652
vt 0.319736 0.798033
vt 0.318808 0.831112
vt 0.320764 0.859457
vt 0.325905 0.889964
vt 0.337165 0.918385
vt 0.369032 0.940857
vt 0.826088 0.065768
vt 0.793618 0.069811
vt 0.763618 0.072210
vt 0.798098 0.175048
vt 0.826973 0.159221
vt 0.852170 0.144923
vt 0.808055 0.109326
vt 0.846293 0.117906
vt 0.834451 0.139441
vt 0.803505 0.133127
vt 0.769640 0.138238
vt 0.764013 0.115024
vt 0.725320 0.139647
vt 0.738280 0.152237
vt 0.691822 0.314507
vt 0.696883 0.355806
vt 0.678721 0.355514
vt 0.674345 0.325013
vt 0.638660 0.267576
vt 0.669371 0.284363
vt 0.658066 0.303408
vt 0.633903 0.289069
vt 0.567902 0.279508
vt 0.605131 0.263765
vt 0.607895 0.283162
vt 0.581349 0.299188
vt 0.800681 0.147715
vt 0.823129 0.153051
vt 0.815838 0.159973
vt 0.800407 0.162658
vt 0.603113 0.318215
vt 0.594463 0.311654
vt 0.610176 0.300841
vt 0.611422 0.312534
vt 0.623124 0.320350
vt 0.629437 0.306575
vt 0.648085 0.317024
vt 0.639174 0.329335
vt 0.652032 0.334020
vt 0.660895 0.329947
vt 0.660226 0.351839
vt 0.648893 0.345675
vt 0.763998 0.169413
vt 0.753605 0.162868
vt 0.775372 0.152463
vt 0.779500 0.166623
vt 0.556468 0.255814
vt 0.598523 0.240564
vt 0.642020 0.241244
vt 0.680895 0.256182
vt 0.716694 0.293595
vt 0.716635 0.355727
vt 0.751811 0.078332
vt 0.714204 0.122879
vt 0.811334 0.075144
vt 0.857503 0.093962
vt 0.612575 0.332177
vt 0.631724 0.343682
vt 0.185778 0.830142
vt 0.186877 0.868629
vt 0.136910 0.872139
vt 0.135687 0.832583
vt 0.189103 0.907089
vt 0.141016 0.911542
vt 0.192382 0.946233
vt 0.146704 0.950602
vt 0.202503 0.635714
vt 0.195214 0.674983
vt 0.148052 0.669415
vt 0.156161 0.629575
vt 0.189725 0.713652
vt 0.141540 0.709416
vt 0.186594 0.752433
vt 0.137258 0.749771
vt 0.185706 0.791353
vt 0.135860 0.790709
vt 0.091507 0.877734
vt 0.088760 0.834543
vt 0.096899 0.918539
vt 0.105718 0.957881
vt 0.102749 0.663020
vt 0.114014 0.623082
vt 0.094114 0.704254
vt 0.089018 0.746293
vt 0.088004 0.789784
vt 0.044951 0.837053
vt 0.050128 0.886414
vt 0.028670 0.901588
vt 0.023363 0.845696
vt 0.060025 0.928472
vt 0.042397 0.938661
vt 0.070347 0.971304
vt 0.057079 0.982239
vt 0.077853 0.612654
vt 0.058224 0.654648
vt 0.031923 0.649778
vt 0.062414 0.607154
vt 0.047598 0.699361
vt 0.020234 0.696158
vt 0.041261 0.742808
vt 0.009409 0.739560
vt 0.041046 0.789336
vt 0.013324 0.792704
vn 0.000000 0.843368 0.537337
vn 0.000000 0.965766 0.259414
vn 0.190796 0.927321 0.321983
vn -0.120266 0.729892 0.672900
vn 0.000000 0.843368 0.537337
vn -0.120266 0.729892 0.672900
vn -0.238436 0.776766 0.582909
vn 0.000000 0.777079 0.629403
vn 0.000000 0.537636 0.843177
vn 0.000000 0.777079 0.629403
vn -0.238436 0.776766 0.582909
vn -0.267532 0.538429 0.799075
vn 0.000000 -0.460392 0.887716
vn 0.000000 -0.137142 0.990551
vn -0.287720 -0.154108 0.945234
vn -0.250273 -0.475534 0.843345
vn -0.287720 -0.154108 0.945234
vn 0.000000 -0.137142 0.990551
vn 0.000000 0.199195 0.979960
vn -0.291945 0.188874 0.937601
vn 0.000000 -0.699360 0.714769
vn -0.192218 -0.692922 0.694918
vn -0.107723 -0.858188 0.501906
vn 0.000000 -0.886745 0.462260
vn 0.000000 0.782344 -0.622847
vn -0.082006 0.776687 -0.624525
vn 0.024271 0.914151 -0.404646
vn 0.000000 0.955318 -0.295581
vn 0.000000 0.507999 -0.861358
vn 0.000000 0.169161 -0.985588
vn -0.143442 0.167219 -0.975429
vn -0.113470 0.503465 -0.856532
vn -0.143442 0.167219 -0.975429
vn 0.000000 0.169161 -0.985588
vn 0.000000 -0.157326 -0.987547
vn -0.154004 -0.155365 -0.975779
vn -0.139281 -0.460361 -0.876738
vn -0.154004 -0.155365 -0.975779
vn 0.000000 -0.157326 -0.987547
vn 0.000000 -0.476111 -0.879385
vn -0.037440 -0.931672 -0.361367
vn 0.001913 -0.884273 -0.466966
vn -0.102172 -0.733972 -0.671451
vn 0.000000 -0.754151 -0.656702
vn -0.044808 -0.998783 0.020622
vn 0.064255 -0.996016 0.061836
vn 0.001913 -0.884273 -0.466966
vn -0.037440 -0.931672 -0.361367
vn 0.064255 -0.996016 0.061836
vn -0.044808 -0.998783 0.020622
vn 0.000000 -0.886745 0.462260
vn -0.107723 -0.858188 0.501906
vn -0.238436 0.776766 0.582909
vn -0.120266 0.729892 0.672900
vn -0.360796 0.585522 0.725941
vn -0.397845 0.750799 0.527276
vn -0.632871 0.606063 0.481832
vn -0.472498 0.752831 0.458248
vn -0.397845 0.750799 0.527276
vn -0.360796 0.585522 0.725941
vn -0.472498 0.752831 0.458248
vn -0.632871 0.606063 0.481832
vn -0.666905 0.744992 0.015004
vn -0.450935 0.881417 -0.140578
vn -0.450935 0.881417 -0.140578
vn -0.666905 0.744992 0.015004
vn -0.402088 0.793640 -0.456576
vn -0.375466 0.780256 -0.500226
vn -0.375466 0.780256 -0.500226
vn -0.402088 0.793640 -0.456576
vn -0.126020 0.818346 -0.560740
vn -0.193116 0.755280 -0.626305
vn 0.000000 0.965766 0.259414
vn 0.000000 0.955318 -0.295581
vn 0.024271 0.914151 -0.404646
vn 0.190796 0.927321 0.321983
vn -0.238436 0.776766 0.582909
vn -0.397845 0.750799 0.527276
vn -0.529730 0.500614 0.684669
vn -0.267532 0.538429 0.799075
vn -0.472498 0.752831 0.458248
vn -0.664748 0.432746 0.608966
vn -0.529730 0.500614 0.684669
vn -0.397845 0.750799 0.527276
vn -0.291945 0.188874 0.937601
vn -0.620761 0.142455 0.770949
vn -0.618580 -0.170227 0.767060
vn -0.287720 -0.154108 0.945234
vn -0.618580 -0.170227 0.767060
vn -0.620761 0.142455 0.770949
vn -0.829571 0.030756 0.557553
vn -0.849612 -0.201954 0.487210
vn -0.250273 -0.475534 0.843345
vn -0.287720 -0.154108 0.945234
vn -0.618580 -0.170227 0.767060
vn -0.543442 -0.466392 0.697961
vn -0.849612 -0.201954 0.487210
vn -0.772639 -0.455485 0.442225
vn -0.543442 -0.466392 0.697961
vn -0.618580 -0.170227 0.767060
vn -0.192218 -0.692922 0.694918
vn -0.436128 -0.655066 0.616993
vn -0.297704 -0.700607 0.648477
vn -0.107723 -0.858188 0.501906
vn -0.297704 -0.700607 0.648477
vn -0.436128 -0.655066 0.616993
vn -0.681059 -0.604328 0.413457
vn -0.696742 -0.511146 0.503270
vn 0.165974 -0.828760 0.534424
vn 0.064255 -0.996016 0.061836
vn -0.107723 -0.858188 0.501906
vn -0.297704 -0.700607 0.648477
vn -0.271046 -0.720373 -0.638434
vn -0.506750 -0.588612 -0.629874
vn -0.264681 -0.665581 -0.697815
vn -0.696742 -0.511146 0.503270
vn -0.681059 -0.604328 0.413457
vn -0.813495 -0.579360 0.050667
vn -0.888600 -0.458482 -0.013591
vn -0.785437 -0.563075 -0.256973
vn -0.631594 -0.583991 -0.509945
vn -0.686924 -0.557372 -0.466339
vn -0.772639 -0.455485 0.442225
vn -0.849612 -0.201954 0.487210
vn -0.951194 -0.285377 0.117430
vn -0.886736 -0.454959 0.081921
vn -0.849612 -0.201954 0.487210
vn -0.829571 0.030756 0.557553
vn -0.960486 -0.232294 0.153320
vn -0.951194 -0.285377 0.117430
vn -0.813495 -0.579360 0.050667
vn -0.785437 -0.563075 -0.256973
vn -0.686924 -0.557372 -0.466339
vn -0.888600 -0.458482 -0.013591
vn -0.951194 -0.285377 0.117430
vn -0.898328 -0.316559 -0.304626
vn -0.855843 -0.438216 -0.274773
vn -0.886736 -0.454959 0.081921
vn -0.960486 -0.232294 0.153320
vn -0.883143 -0.288165 -0.370161
vn -0.898328 -0.316559 -0.304626
vn -0.951194 -0.285377 0.117430
vn -0.547428 0.456455 -0.701406
vn -0.450935 0.881417 -0.140578
vn -0.375466 0.780256 -0.500226
vn -0.458037 0.453909 -0.764309
vn -0.082006 0.776687 -0.624525
vn 0.000000 0.782344 -0.622847
vn 0.000000 0.507999 -0.861358
vn -0.113470 0.503465 -0.856532
vn -0.264708 0.475436 -0.838982
vn -0.458037 0.453909 -0.764309
vn -0.375466 0.780256 -0.500226
vn -0.193116 0.755280 -0.626305
vn -0.335944 0.136373 -0.931957
vn -0.536515 0.063350 -0.841510
vn -0.458037 0.453909 -0.764309
vn -0.264708 0.475436 -0.838982
vn -0.370645 -0.163866 -0.914205
vn -0.572706 -0.192622 -0.796809
vn -0.536515 0.063350 -0.841510
vn -0.335944 0.136373 -0.931957
vn -0.458037 0.453909 -0.764309
vn -0.536515 0.063350 -0.841510
vn -0.677722 -0.059350 -0.732919
vn -0.547428 0.456455 -0.701406
vn -0.572706 -0.192622 -0.796809
vn -0.736250 -0.247794 -0.629710
vn -0.677722 -0.059350 -0.732919
vn -0.536515 0.063350 -0.841510
vn -0.883143 -0.288165 -0.370161
vn -0.677722 -0.059350 -0.732919
vn -0.736250 -0.247794 -0.629710
vn -0.898328 -0.316559 -0.304626
vn -0.553125 -0.397302 -0.732260
vn -0.572706 -0.192622 -0.796809
vn -0.370645 -0.163866 -0.914205
vn -0.348132 -0.423494 -0.836335
vn -0.631594 -0.583991 -0.509945
vn -0.506750 -0.588612 -0.629874
vn -0.271046 -0.720373 -0.638434
vn -0.686924 -0.557372 -0.466339
vn -0.736250 -0.247794 -0.629710
vn -0.572706 -0.192622 -0.796809
vn -0.553125 -0.397302 -0.732260
vn -0.712712 -0.412081 -0.567654
vn -0.898328 -0.316559 -0.304626
vn -0.736250 -0.247794 -0.629710
vn -0.712712 -0.412081 -0.567654
vn -0.855843 -0.438216 -0.274773
vn 0.001913 -0.884273 -0.466966
vn -0.271046 -0.720373 -0.638434
vn -0.264681 -0.665581 -0.697815
vn -0.102172 -0.733972 -0.671451
vn -0.348132 -0.423494 -0.836335
vn -0.370645 -0.163866 -0.914205
vn -0.154004 -0.155365 -0.975779
vn -0.139281 -0.460361 -0.876738
vn -0.154004 -0.155365 -0.975779
vn -0.370645 -0.163866 -0.914205
vn -0.335944 0.136373 -0.931957
vn -0.143442 0.167219 -0.975429
vn -0.113470 0.503465 -0.856532
vn -0.143442 0.167219 -0.975429
vn -0.335944 0.136373 -0.931957
vn -0.264708 0.475436 -0.838982
vn -0.082006 0.776687 -0.624525
vn -0.113470 0.503465 -0.856532
vn -0.264708 0.475436 -0.838982
vn -0.193116 0.755280 -0.626305
vn -0.126020 0.818346 -0.560740
vn 0.024271 0.914151 -0.404646
vn -0.082006 0.776687 -0.624525
vn -0.193116 0.755280 -0.626305
vn -0.436128 -0.655066 0.616993
vn -0.192218 -0.692922 0.694918
vn -0.250273 -0.475534 0.843345
vn -0.543442 -0.466392 0.697961
vn -0.772639 -0.455485 0.442225
vn -0.681059 -0.604328 0.413457
vn -0.436128 -0.655066 0.616993
vn -0.543442 -0.466392 0.697961
vn -0.681059 -0.604328 0.413457
vn -0.772639 -0.455485 0.442225
vn -0.886736 -0.454959 0.081921
vn -0.813495 -0.579360 0.050667
vn -0.855843 -0.438216 -0.274773
vn -0.785437 -0.563075 -0.256973
vn -0.813495 -0.579360 0.050667
vn -0.886736 -0.454959 0.081921
vn -0.712712 -0.412081 -0.567654
vn -0.631594 -0.583991 -0.509945
vn -0.785437 -0.563075 -0.256973
vn -0.855843 -0.438216 -0.274773
vn -0.553125 -0.397302 -0.732260
vn -0.506750 -0.588612 -0.629874
vn -0.631594 -0.583991 -0.509945
vn -0.712712 -0.412081 -0.567654
vn -0.264681 -0.665581 -0.697815
vn -0.506750 -0.588612 -0.629874
vn -0.553125 -0.397302 -0.732260
vn -0.348132 -0.423494 -0.836335
vn -0.102172 -0.733972 -0.671451
vn -0.264681 -0.665581 -0.697815
vn -0.348132 -0.423494 -0.836335
vn -0.139281 -0.460361 -0.876738
vn 0.000000 -0.754151 -0.656702
vn -0.102172 -0.733972 -0.671451
vn -0.139281 -0.460361 -0.876738
vn 0.000000 -0.476111 -0.879385
vn -0.192218 -0.692922 0.694918
vn 0.000000 -0.699360 0.714769
vn 0.000000 -0.460392 0.887716
vn -0.250273 -0.475534 0.843345
vn -0.291945 0.188874 0.937601
vn 0.000000 0.199195 0.979960
vn 0.000000 0.537636 0.843177
vn -0.267532 0.538429 0.799075
vn -0.529730 0.500614 0.684669
vn -0.620761 0.142455 0.770949
vn -0.291945 0.188874 0.937601
vn -0.267532 0.538429 0.799075
vn -0.664748 0.432746 0.608966
vn -0.829571 0.030756 0.557553
vn -0.620761 0.142455 0.770949
vn -0.529730 0.500614 0.684669
vn -0.223605 0.974668 -0.004827
vn -0.450935 0.881417 -0.140578
vn -0.547428 0.456455 -0.701406
vn -0.368211 0.592131 -0.716800
vn -0.282057 0.792910 0.540127
vn -0.472498 0.752831 0.458248
vn -0.450935 0.881417 -0.140578
vn -0.223605 0.974668 -0.004827
vn -0.530663 0.316425 0.786303
vn -0.664748 0.432746 0.608966
vn -0.472498 0.752831 0.458248
vn -0.282057 0.792910 0.540127
vn -0.757891 -0.169131 0.630077
vn -0.829571 0.030756 0.557553
vn -0.664748 0.432746 0.608966
vn -0.530663 0.316425 0.786303
vn -0.792976 -0.591155 0.147392
vn -0.960486 -0.232294 0.153320
vn -0.829571 0.030756 0.557553
vn -0.757891 -0.169131 0.630077
vn -0.674850 -0.508974 -0.534344
vn -0.883143 -0.288165 -0.370161
vn -0.960486 -0.232294 0.153320
vn -0.792976 -0.591155 0.147392
vn -0.544563 -0.087948 -0.834096
vn -0.677722 -0.059350 -0.732919
vn -0.883143 -0.288165 -0.370161
vn -0.674850 -0.508974 -0.534344
vn -0.368211 0.592131 -0.716800
vn -0.547428 0.456455 -0.701406
vn -0.677722 -0.059350 -0.732919
vn -0.544563 -0.087948 -0.834096
vn 0.000000 0.843368 0.537337
vn 0.120266 0.729892 0.672900
vn -0.190796 0.927321 0.321983
vn 0.000000 0.965766 0.259414
vn 0.000000 0.843368 0.537337
vn 0.000000 0.777079 0.629403
vn 0.238436 0.776766 0.582909
vn 0.120266 0.729892 0.672900
vn 0.000000 0.537636 0.843177
vn 0.267532 0.538429 0.799075
vn 0.238436 0.776766 0.582909
vn 0.000000 0.777079 0.629403
vn 0.000000 -0.460392 0.887716
vn 0.250273 -0.475534 0.843345
vn 0.287720 -0.154108 0.945234
vn 0.000000 -0.137142 0.990551
vn 0.287720 -0.154108 0.945234
vn 0.291945 0.188874 0.937600
vn 0.000000 0.199195 0.979960
vn 0.000000 -0.137142 0.990551
vn 0.000000 -0.699360 0.714769
vn 0.000000 -0.886745 0.462260
vn 0.107723 -0.858188 0.501906
vn 0.192218 -0.692922 0.694918
vn 0.000000 0.782344 -0.622847
vn 0.000000 0.955318 -0.295581
vn -0.024271 0.914151 -0.404646
vn 0.082006 0.776687 -0.624525
vn 0.000000 0.507999 -0.861358
vn 0.113470 0.503465 -0.856532
vn 0.143442 0.167219 -0.975429
vn 0.000000 0.169161 -0.985588
vn 0.143442 0.167219 -0.975429
vn 0.154004 -0.155365 -0.975779
vn 0.000000 -0.157326 -0.987547
vn 0.000000 0.169161 -0.985588
vn 0.139280 -0.460361 -0.876738
vn 0.000000 -0.476111 -0.879385
vn 0.000000 -0.157326 -0.987547
vn 0.154004 -0.155365 -0.975779
vn 0.037440 -0.931672 -0.361367
vn 0.000000 -0.754151 -0.656702
vn 0.102172 -0.733972 -0.671451
vn -0.001913 -0.884273 -0.466966
vn 0.044808 -0.998783 0.020622
vn 0.037440 -0.931672 -0.361367
vn -0.001913 -0.884273 -0.466966
vn -0.064255 -0.996016 0.061835
vn -0.064255 -0.996016 0.061835
vn 0.107723 -0.858188 0.501906
vn 0.000000 -0.886745 0.462260
vn 0.044808 -0.998783 0.020622
vn 0.238436 0.776766 0.582909
vn 0.397845 0.750799 0.527276
vn 0.360796 0.585522 0.725941
vn 0.120266 0.729892 0.672900
vn 0.632871 0.606063 0.481832
vn 0.360796 0.585522 0.725941
vn 0.397845 0.750799 0.527276
vn 0.472498 0.752831 0.458248
vn 0.472498 0.752831 0.458248
vn 0.450935 0.881417 -0.140578
vn 0.666905 0.744992 0.015004
vn 0.632871 0.606063 0.481832
vn 0.450935 0.881417 -0.140578
vn 0.375466 0.780256 -0.500226
vn 0.402088 0.793639 -0.456576
vn 0.666905 0.744992 0.015004
vn 0.375466 0.780256 -0.500226
vn 0.193116 0.755280 -0.626305
vn 0.126020 0.818346 -0.560740
vn 0.402088 0.793639 -0.456576
vn 0.000000 0.965766 0.259414
vn -0.190796 0.927321 0.321983
vn -0.024271 0.914151 -0.404646
vn 0.000000 0.955318 -0.295581
vn 0.238436 0.776766 0.582909
vn 0.267532 0.538429 0.799075
vn 0.529730 0.500614 0.684669
vn 0.397845 0.750799 0.527276
vn 0.472498 0.752831 0.458248
vn 0.397845 0.750799 0.527276
vn 0.529730 0.500614 0.684669
vn 0.664748 0.432747 0.608966
vn 0.291945 0.188874 0.937600
vn 0.287720 -0.154108 0.945234
vn 0.618581 -0.170227 0.767060
vn 0.620761 0.142455 0.770949
vn 0.618581 -0.170227 0.767060
vn 0.849612 -0.201954 0.487210
vn 0.829571 0.030756 0.557553
vn 0.620761 0.142455 0.770949
vn 0.250273 -0.475534 0.843345
vn 0.543442 -0.466392 0.697961
vn 0.618581 -0.170227 0.767060
vn 0.287720 -0.154108 0.945234
vn 0.849612 -0.201954 0.487210
vn 0.618581 -0.170227 0.767060
vn 0.543442 -0.466392 0.697961
vn 0.772639 -0.455485 0.442225
vn 0.192218 -0.692922 0.694918
vn 0.107723 -0.858188 0.501906
vn 0.297704 -0.700607 0.648477
vn 0.436128 -0.655066 0.616993
vn 0.297704 -0.700607 0.648477
vn 0.696742 -0.511146 0.503269
vn 0.681059 -0.604328 0.413457
vn 0.436128 -0.655066 0.616993
vn -0.165974 -0.828760 0.534424
vn 0.297704 -0.700607 0.648477
vn 0.107723 -0.858188 0.501906
vn -0.064255 -0.996016 0.061835
vn 0.271046 -0.720373 -0.638434
vn 0.264681 -0.665581 -0.697815
vn 0.506750 -0.588612 -0.629873
vn 0.696742 -0.511146 0.503269
vn 0.888600 -0.458482 -0.013591
vn 0.813495 -0.579360 0.050667
vn 0.681059 -0.604328 0.413457
vn 0.785437 -0.563076 -0.256973
vn 0.686924 -0.557372 -0.466339
vn 0.631594 -0.583991 -0.509945
vn 0.772639 -0.455485 0.442225
vn 0.886736 -0.454959 0.081921
vn 0.951194 -0.285377 0.117430
vn 0.849612 -0.201954 0.487210
vn 0.849612 -0.201954 0.487210
vn 0.951194 -0.285377 0.117430
vn 0.960486 -0.232294 0.153320
vn 0.829571 0.030756 0.557553
vn 0.813495 -0.579360 0.050667
vn 0.888600 -0.458482 -0.013591
vn 0.686924 -0.557372 -0.466339
vn 0.785437 -0.563076 -0.256973
vn 0.951194 -0.285377 0.117430
vn 0.886736 -0.454959 0.081921
vn 0.855843 -0.438216 -0.274773
vn 0.898328 -0.316559 -0.304626
vn 0.960486 -0.232294 0.153320
vn 0.951194 -0.285377 0.117430
vn 0.898328 -0.316559 -0.304626
vn 0.883143 -0.288165 -0.370161
vn 0.547428 0.456455 -0.701406
vn 0.458037 0.453909 -0.764309
vn 0.375466 0.780256 -0.500226
vn 0.450935 0.881417 -0.140578
vn 0.082006 0.776687 -0.624525
vn 0.113470 0.503465 -0.856532
vn 0.000000 0.507999 -0.861358
vn 0.000000 0.782344 -0.622847
vn 0.264708 0.475436 -0.838982
vn 0.193116 0.755280 -0.626305
vn 0.375466 0.780256 -0.500226
vn 0.458037 0.453909 -0.764309
vn 0.335944 0.136373 -0.931957
vn 0.264708 0.475436 -0.838982
vn 0.458037 0.453909 -0.764309
vn 0.536515 0.063350 -0.841510
vn 0.370645 -0.163866 -0.914205
vn 0.335944 0.136373 -0.931957
vn 0.536515 0.063350 -0.841510
vn 0.572706 -0.192622 -0.796809
vn 0.458037 0.453909 -0.764309
vn 0.547428 0.456455 -0.701406
vn 0.677722 -0.059350 -0.732919
vn 0.536515 0.063350 -0.841510
vn 0.572706 -0.192622 -0.796809
vn 0.536515 0.063350 -0.841510
vn 0.677722 -0.059350 -0.732919
vn 0.736250 -0.247794 -0.629710
vn 0.883143 -0.288165 -0.370161
vn 0.898328 -0.316559 -0.304626
vn 0.736250 -0.247794 -0.629710
vn 0.677722 -0.059350 -0.732919
vn 0.553125 -0.397302 -0.732260
vn 0.348132 -0.423494 -0.836335
vn 0.370645 -0.163866 -0.914205
vn 0.572706 -0.192622 -0.796809
vn 0.631594 -0.583991 -0.509945
vn 0.686924 -0.557372 -0.466339
vn 0.271046 -0.720373 -0.638434
vn 0.506750 -0.588612 -0.629873
vn 0.736250 -0.247794 -0.629710
vn 0.712712 -0.412081 -0.567654
vn 0.553125 -0.397302 -0.732260
vn 0.572706 -0.192622 -0.796809
vn 0.898328 -0.316559 -0.304626
vn 0.855843 -0.438216 -0.274773
vn 0.712712 -0.412081 -0.567654
vn 0.736250 -0.247794 -0.629710
vn -0.001913 -0.884273 -0.466966
vn 0.102172 -0.733972 -0.671451
vn 0.264681 -0.665581 -0.697815
vn 0.271046 -0.720373 -0.638434
vn 0.348132 -0.423494 -0.836335
vn 0.139280 -0.460361 -0.876738
vn 0.154004 -0.155365 -0.975779
vn 0.370645 -0.163866 -0.914205
vn 0.154004 -0.155365 -0.975779
vn 0.143442 0.167219 -0.975429
vn 0.335944 0.136373 -0.931957
vn 0.370645 -0.163866 -0.914205
vn 0.113470 0.503465 -0.856532
vn 0.264708 0.475436 -0.838982
vn 0.335944 0.136373 -0.931957
vn 0.143442 0.167219 -0.975429
vn 0.082006 0.776687 -0.624525
vn 0.193116 0.755280 -0.626305
vn 0.264708 0.475436 -0.838982
vn 0.113470 0.503465 -0.856532
vn 0.126020 0.818346 -0.560740
vn 0.193116 0.755280 -0.626305
vn 0.082006 0.776687 -0.624525
vn -0.024271 0.914151 -0.404646
vn 0.436128 -0.655066 0.616993
vn 0.543442 -0.466392 0.697961
vn 0.250273 -0.475534 0.843345
vn 0.192218 -0.692922 0.694918
vn 0.772639 -0.455485 0.442225
vn 0.543442 -0.466392 0.697961
vn 0.436128 -0.655066 0.616993
vn 0.681059 -0.604328 0.413457
vn 0.681059 -0.604328 0.413457
vn 0.813495 -0.579360 0.050667
vn 0.886736 -0.454959 0.081921
vn 0.772639 -0.455485 0.442225
vn 0.855843 -0.438216 -0.274773
vn 0.886736 -0.454959 0.081921
vn 0.813495 -0.579360 0.050667
vn 0.785437 -0.563076 -0.256973
vn 0.712712 -0.412081 -0.567654
vn 0.855843 -0.438216 -0.274773
vn 0.785437 -0.563076 -0.256973
vn 0.631594 -0.583991 -0.509945
vn 0.553125 -0.397302 -0.732260
vn 0.712712 -0.412081 -0.567654
vn 0.631594 -0.583991 -0.509945
vn 0.506750 -0.588612 -0.629873
vn 0.264681 -0.665581 -0.697815
vn 0.348132 -0.423494 -0.836335
vn 0.553125 -0.397302 -0.732260
vn 0.506750 -0.588612 -0.629873
vn 0.102172 -0.733972 -0.671451
vn 0.139280 -0.460361 -0.876738
vn 0.348132 -0.423494 -0.836335
vn 0.264681 -0.665581 -0.697815
vn 0.000000 -0.754151 -0.656702
vn 0.000000 -0.476111 -0.879385
vn 0.139280 -0.460361 -0.876738
vn 0.102172 -0.733972 -0.671451
vn 0.192218 -0.692922 0.694918
vn 0.250273 -0.475534 0.843345
vn 0.000000 -0.460392 0.887716
vn 0.000000 -0.699360 0.714769
vn 0.291945 0.188874 0.937600
vn 0.267532 0.538429 0.799075
vn 0.000000 0.537636 0.843177
vn 0.000000 0.199195 0.979960
vn 0.529730 0.500614 0.684669
vn 0.267532 0.538429 0.799075
vn 0.291945 0.188874 0.937600
vn 0.620761 0.142455 0.770949
vn 0.664748 0.432747 0.608966
vn 0.529730 0.500614 0.684669
vn 0.620761 0.142455 0.770949
vn 0.829571 0.030756 0.557553
vn 0.223605 0.974668 -0.004827
vn 0.368212 0.592131 -0.716799
vn 0.547428 0.456455 -0.701406
vn 0.450935 0.881417 -0.140578
vn 0.282057 0.792910 0.540127
vn 0.223605 0.974668 -0.004827
vn 0.450935 0.881417 -0.140578
vn 0.472498 0.752831 0.458248
vn 0.530663 0.316425 0.786303
vn 0.282057 0.792910 0.540127
vn 0.472498 0.752831 0.458248
vn 0.664748 0.432747 0.608966
vn 0.757891 -0.169131 0.630076
vn 0.530663 0.316425 0.786303
vn 0.664748 0.432747 0.608966
vn 0.829571 0.030756 0.557553
vn 0.792976 -0.591155 0.147391
vn 0.757891 -0.169131 0.630076
vn 0.829571 0.030756 0.557553
vn 0.960486 -0.232294 0.153320
vn 0.674850 -0.508974 -0.534344
vn 0.792976 -0.591155 0.147391
vn 0.960486 -0.232294 0.153320
vn 0.883143 -0.288165 -0.370161
vn 0.544564 -0.087948 -0.834096
vn 0.674850 -0.508974 -0.534344
vn 0.883143 -0.288165 -0.370161
vn 0.677722 -0.059350 -0.732919
vn 0.368212 0.592131 -0.716799
vn 0.544564 -0.087948 -0.834096
vn 0.677722 -0.059350 -0.732919
vn 0.547428 0.456455 -0.701406
vn -0.000992 -0.579656 -0.814861
vn 0.025924 0.617072 -0.786480
vn 0.099554 0.626347 -0.773161
vn 0.053510 -0.573374 -0.817544
vn 0.025924 0.617072 -0.786480
vn 0.031141 0.999397 0.015352
vn 0.106840 0.994276 -0.000966
vn 0.099554 0.626347 -0.773161
vn 0.031141 0.999397 0.015352
vn 0.023363 0.547688 0.836356
vn 0.093835 0.556364 0.825623
vn 0.106840 0.994276 -0.000966
vn 0.023363 0.547688 0.836356
vn 0.052857 -0.571412 0.818959
vn 0.081345 -0.596005 0.798850
vn 0.093835 0.556364 0.825623
vn 0.052857 -0.571412 0.818959
vn 0.032332 -0.999306 -0.018492
vn 0.059355 -0.998212 0.007088
vn 0.081345 -0.596005 0.798850
vn 0.032332 -0.999306 -0.018492
vn -0.000992 -0.579656 -0.814861
vn 0.053510 -0.573374 -0.817544
vn 0.059355 -0.998212 0.007088
vn 0.053510 -0.573374 -0.817544
vn 0.099554 0.626347 -0.773161
vn 0.310828 0.625506 -0.715632
vn 0.261429 -0.556580 -0.788590
vn 0.099554 0.626347 -0.773161
vn 0.106840 0.994276 -0.000966
vn 0.305788 0.952095 -0.003084
vn 0.310828 0.625506 -0.715632
vn 0.106840 0.994276 -0.000966
vn 0.093835 0.556364 0.825623
vn 0.309503 0.531180 0.788705
vn 0.305788 0.952095 -0.003084
vn 0.093835 0.556364 0.825623
vn 0.081345 -0.596005 0.798850
vn 0.254052 -0.604288 0.755178
vn 0.309503 0.531180 0.788705
vn 0.081345 -0.596005 0.798850
vn 0.059355 -0.998212 0.007088
vn 0.220482 -0.974858 0.032231
vn 0.254052 -0.604288 0.755178
vn 0.059355 -0.998212 0.007088
vn 0.053510 -0.573374 -0.817544
vn 0.261429 -0.556580 -0.788590
vn 0.220482 -0.974858 0.032231
vn 0.261429 -0.556580 -0.788590
vn 0.310828 0.625506 -0.715632
vn 0.717665 0.481863 -0.502757
vn 0.711200 -0.417158 -0.565838
vn 0.310828 0.625506 -0.715632
vn 0.305788 0.952095 -0.003084
vn 0.663474 0.747536 -0.031508
vn 0.717665 0.481863 -0.502757
vn 0.305788 0.952095 -0.003084
vn 0.309503 0.531180 0.788705
vn 0.746889 0.414265 0.520136
vn 0.663474 0.747536 -0.031508
vn 0.309503 0.531180 0.788705
vn 0.254052 -0.604288 0.755178
vn 0.628796 -0.510589 0.586442
vn 0.746889 0.414265 0.520136
vn 0.254052 -0.604288 0.755178
vn 0.220482 -0.974858 0.032231
vn 0.611964 -0.790432 0.026765
vn 0.628796 -0.510589 0.586442
vn 0.220482 -0.974858 0.032231
vn 0.261429 -0.556580 -0.788590
vn 0.711200 -0.417158 -0.565838
vn 0.611964 -0.790432 0.026765
vn 0.711200 -0.417158 -0.565838
vn 0.717665 0.481863 -0.502757
vn 0.999397 0.034054 0.006820
vn 0.717665 0.481863 -0.502757
vn 0.663474 0.747536 -0.031508
vn 0.999397 0.034054 0.006820
vn 0.663474 0.747536 -0.031508
vn 0.746889 0.414265 0.520136
vn 0.999397 0.034054 0.006820
vn 0.746889 0.414265 0.520136
vn 0.628796 -0.510589 0.586442
vn 0.999397 0.034054 0.006820
vn 0.628796 -0.510589 0.586442
vn 0.611964 -0.790432 0.026765
vn 0.999397 0.034054 0.006820
vn 0.611964 -0.790432 0.026765
vn 0.711200 -0.417158 -0.565838
vn 0.999397 0.034054 0.006820
vn 0.025924 0.617072 -0.786480
vn -0.000992 -0.579656 -0.814861
vn 0.082079 -0.569829 -0.817654
vn 0.098300 0.614510 -0.782761
vn 0.031141 0.999397 0.015352
vn 0.025924 0.617072 -0.786480
vn 0.098300 0.614510 -0.782761
vn 0.031286 0.992818 0.115471
vn 0.023363 0.547688 0.836356
vn 0.031141 0.999397 0.015352
vn 0.031286 0.992818 0.115471
vn -0.011361 0.506339 0.862260
vn 0.052857 -0.571412 0.818959
vn 0.023363 0.547688 0.836356
vn -0.011361 0.506339 0.862260
vn 0.128740 -0.522974 0.842570
vn 0.032332 -0.999306 -0.018492
vn 0.052857 -0.571412 0.818959
vn 0.128740 -0.522974 0.842570
vn 0.149774 -0.984167 -0.094780
vn -0.000992 -0.579656 -0.814861
vn 0.032332 -0.999306 -0.018492
vn 0.149774 -0.984167 -0.094780
vn 0.082079 -0.569829 -0.817654
vn 0.098300 0.614510 -0.782761
vn 0.082079 -0.569829 -0.817654
vn 0.484293 -0.868483 -0.105815
vn 0.053432 0.996762 0.060095
vn 0.031286 0.992818 0.115471
vn 0.098300 0.614510 -0.782761
vn 0.053432 0.996762 0.060095
vn -0.097067 0.954780 0.281022
vn -0.011361 0.506339 0.862260
vn 0.031286 0.992818 0.115471
vn -0.097067 0.954780 0.281022
vn -0.028753 0.458164 0.888402
vn 0.128740 -0.522974 0.842570
vn -0.011361 0.506339 0.862260
vn -0.028753 0.458164 0.888402
vn 0.800294 0.073574 0.595076
vn 0.149774 -0.984167 -0.094780
vn 0.128740 -0.522974 0.842570
vn 0.800294 0.073574 0.595076
vn 0.593219 -0.750115 -0.292265
vn 0.082079 -0.569829 -0.817654
vn 0.149774 -0.984167 -0.094780
vn 0.593219 -0.750115 -0.292265
vn 0.484293 -0.868483 -0.105815
vn 0.015068 -0.607748 -0.793987
vn 0.022904 0.591501 -0.805979
vn 0.082598 0.595914 -0.798789
vn 0.067078 -0.619112 -0.782432
vn 0.022904 0.591501 -0.805979
vn 0.031341 0.999334 -0.018709
vn 0.101062 0.994791 -0.013294
vn 0.082598 0.595914 -0.798789
vn 0.031341 0.999334 -0.018709
vn 0.018778 0.589226 0.807750
vn 0.119897 0.593105 0.796148
vn 0.101062 0.994791 -0.013294
vn 0.018778 0.589226 0.807750
vn -0.014715 -0.586630 0.809721
vn 0.089265 -0.584304 0.806610
vn 0.119897 0.593105 0.796148
vn -0.014715 -0.586630 0.809721
vn -0.003750 -0.999887 -0.014537
vn 0.063892 -0.997721 -0.021715
vn 0.089265 -0.584304 0.806610
vn -0.003750 -0.999887 -0.014537
vn 0.015068 -0.607748 -0.793987
vn 0.067078 -0.619112 -0.782432
vn 0.063892 -0.997721 -0.021715
vn 0.067078 -0.619112 -0.782432
vn 0.082598 0.595914 -0.798789
vn 0.283352 0.548892 -0.786403
vn 0.237114 -0.613620 -0.753158
vn 0.082598 0.595914 -0.798789
vn 0.101062 0.994791 -0.013294
vn 0.300424 0.953697 -0.014427
vn 0.283352 0.548892 -0.786403
vn 0.101062 0.994791 -0.013294
vn 0.119897 0.593105 0.796148
vn 0.341683 0.563625 0.752051
vn 0.300424 0.953697 -0.014427
vn 0.119897 0.593105 0.796148
vn 0.089265 -0.584304 0.806610
vn 0.306779 -0.573969 0.759241
vn 0.341683 0.563625 0.752051
vn 0.089265 -0.584304 0.806610
vn 0.063892 -0.997721 -0.021715
vn 0.231999 -0.971635 -0.045846
vn 0.306779 -0.573969 0.759241
vn 0.063892 -0.997721 -0.021715
vn 0.067078 -0.619112 -0.782432
vn 0.237114 -0.613620 -0.753158
vn 0.231999 -0.971635 -0.045846
vn 0.237114 -0.613620 -0.753158
vn 0.283352 0.548892 -0.786403
vn 0.724409 0.423391 -0.544033
vn 0.620747 -0.514711 -0.591393
vn 0.283352 0.548892 -0.786403
vn 0.300424 0.953697 -0.014427
vn 0.691946 0.721949 0.000000
vn 0.724409 0.423391 -0.544033
vn 0.300424 0.953697 -0.014427
vn 0.341683 0.563625 0.752051
vn 0.738707 0.428461 0.520320
vn 0.691946 0.721949 0.000000
vn 0.341683 0.563625 0.752051
vn 0.306779 -0.573969 0.759241
vn 0.715024 -0.454745 0.530988
vn 0.738707 0.428461 0.520320
vn 0.306779 -0.573969 0.759241
vn 0.231999 -0.971635 -0.045846
vn 0.610435 -0.791449 -0.031264
vn 0.715024 -0.454745 0.530988
vn 0.231999 -0.971635 -0.045846
vn 0.237114 -0.613620 -0.753158
vn 0.620747 -0.514711 -0.591393
vn 0.610435 -0.791449 -0.031264
vn 0.620747 -0.514711 -0.591393
vn 0.724409 0.423391 -0.544033
vn 1.000000 0.000000 0.000000
vn 0.724409 0.423391 -0.544033
vn 0.691946 0.721949 0.000000
vn 1.000000 0.000000 0.000000
vn 0.691946 0.721949 0.000000
vn 0.738707 0.428461 0.520320
vn 1.000000 0.000000 0.000000
vn 0.738707 0.428461 0.520320
vn 0.715024 -0.454745 0.530988
vn 1.000000 0.000000 0.000000
vn 0.715024 -0.454745 0.530988
vn 0.610435 -0.791449 -0.031264
vn 1.000000 0.000000 0.000000
vn 0.610435 -0.791449 -0.031264
vn 0.620747 -0.514711 -0.591393
vn 1.000000 0.000000 0.000000
vn 0.022904 0.591501 -0.805979
vn 0.015068 -0.607748 -0.793987
vn 0.031259 -0.606985 -0.794098
vn -0.004954 0.563579 -0.826047
vn 0.031341 0.999334 -0.018709
vn 0.022904 0.591501 -0.805979
vn -0.004954 0.563579 -0.826047
vn 0.051942 0.995348 -0.081145
vn 0.018778 0.589226 0.807750
vn 0.031341 0.999334 -0.018709
vn 0.051942 0.995348 -0.081145
vn 0.131150 0.551124 0.824052
vn -0.014715 -0.586630 0.809721
vn 0.018778 0.589226 0.807750
vn 0.131150 0.551124 0.824052
vn 0.072645 -0.589661 0.804377
vn -0.003750 -0.999887 -0.014537
vn -0.014715 -0.586630 0.809721
vn 0.072645 -0.589661 0.804377
vn 0.048686 -0.998751 0.011249
vn 0.015068 -0.607748 -0.793987
vn -0.003750 -0.999887 -0.014537
vn 0.048686 -0.998751 0.011249
vn 0.031259 -0.606985 -0.794098
vn -0.004954 0.563579 -0.826047
vn 0.031259 -0.606985 -0.794098
vn 0.095932 -0.591518 -0.800564
vn -0.059561 0.534733 -0.842920
vn 0.051942 0.995348 -0.081145
vn -0.004954 0.563579 -0.826047
vn -0.059561 0.534733 -0.842920
vn -0.016915 0.985292 -0.170037
vn 0.131150 0.551124 0.824052
vn 0.051942 0.995348 -0.081145
vn -0.016915 0.985292 -0.170037
vn 0.053432 0.996762 0.060095
vn 0.072645 -0.589661 0.804377
vn 0.131150 0.551124 0.824052
vn 0.053432 0.996762 0.060095
vn 0.484293 -0.868483 -0.105815
vn 0.048686 -0.998751 0.011249
vn 0.072645 -0.589661 0.804377
vn 0.484293 -0.868483 -0.105815
vn 0.279868 -0.958653 -0.051566
vn 0.031259 -0.606985 -0.794098
vn 0.048686 -0.998751 0.011249
vn 0.279868 -0.958653 -0.051566
vn 0.095932 -0.591518 -0.800564
vn 0.526172 0.781020 -0.336378
vn -0.078489 0.767192 0.636598
vn -0.120419 0.803427 0.583099
vn 0.429531 0.817665 -0.383310
vn -0.078489 0.767192 0.636598
vn -0.471430 0.010436 0.881842
vn -0.437371 0.001602 0.899280
vn -0.120419 0.803427 0.583099
vn -0.471430 0.010436 0.881842
vn -0.399380 -0.822360 0.405241
vn -0.354740 -0.802700 0.479408
vn -0.437371 0.001602 0.899280
vn -0.399380 -0.822360 0.405241
vn 0.185300 -0.780892 -0.596550
vn 0.221306 -0.804101 -0.551765
vn -0.354740 -0.802700 0.479408
vn 0.185300 -0.780892 -0.596550
vn 0.536036 -0.030909 -0.843629
vn 0.535591 -0.031334 -0.843896
vn 0.221306 -0.804101 -0.551765
vn 0.536036 -0.030909 -0.843629
vn 0.526172 0.781020 -0.336378
vn 0.429531 0.817665 -0.383310
vn 0.535591 -0.031334 -0.843896
vn 0.429531 0.817665 -0.383310
vn -0.120419 0.803427 0.583099
vn 0.030940 0.759723 0.649511
vn 0.596646 0.758707 -0.261490
vn -0.120419 0.803427 0.583099
vn -0.437371 0.001602 0.899280
vn -0.260455 -0.006744 0.965463
vn 0.030940 0.759723 0.649511
vn -0.437371 0.001602 0.899280
vn -0.354740 -0.802700 0.479408
vn -0.166645 -0.804330 0.570335
vn -0.260455 -0.006744 0.965463
vn -0.354740 -0.802700 0.479408
vn 0.221306 -0.804101 -0.551765
vn 0.393744 -0.816759 -0.421748
vn -0.166645 -0.804330 0.570335
vn 0.221306 -0.804101 -0.551765
vn 0.535591 -0.031334 -0.843896
vn 0.711508 -0.069384 -0.699245
vn 0.393744 -0.816759 -0.421748
vn 0.535591 -0.031334 -0.843896
vn 0.429531 0.817665 -0.383310
vn 0.596646 0.758707 -0.261490
vn 0.711508 -0.069384 -0.699245
vn 0.596646 0.758707 -0.261490
vn 0.030940 0.759723 0.649511
vn 0.412431 0.464446 0.783703
vn 0.894048 0.420664 0.154013
vn 0.030940 0.759723 0.649511
vn -0.260455 -0.006744 0.965463
vn 0.211456 -0.074138 0.974572
vn 0.412431 0.464446 0.783703
vn -0.260455 -0.006744 0.965463
vn -0.166645 -0.804330 0.570335
vn 0.302801 -0.643363 0.703133
vn 0.211456 -0.074138 0.974572
vn -0.166645 -0.804330 0.570335
vn 0.393744 -0.816759 -0.421748
vn 0.748944 -0.662602 0.006475
vn 0.302801 -0.643363 0.703133
vn 0.393744 -0.816759 -0.421748
vn 0.711508 -0.069384 -0.699245
vn 0.975167 -0.142392 -0.169627
vn 0.748944 -0.662602 0.006475
vn 0.711508 -0.069384 -0.699245
vn 0.596646 0.758707 -0.261490
vn 0.894048 0.420664 0.154013
vn 0.975167 -0.142392 -0.169627
vn 0.894048 0.420664 0.154013
vn 0.412431 0.464446 0.783703
vn 0.825365 -0.156673 0.542426
vn 0.412431 0.464446 0.783703
vn 0.211456 -0.074138 0.974572
vn 0.825365 -0.156673 0.542426
vn 0.211456 -0.074138 0.974572
vn 0.302801 -0.643363 0.703133
vn 0.825365 -0.156673 0.542426
vn 0.302801 -0.643363 0.703133
vn 0.748944 -0.662602 0.006475
vn 0.825365 -0.156673 0.542426
vn 0.748944 -0.662602 0.006475
vn 0.975167 -0.142392 -0.169627
vn 0.825365 -0.156673 0.542426
vn 0.975167 -0.142392 -0.169627
vn 0.894048 0.420664 0.154013
vn 0.825365 -0.156673 0.542426
vn 0.526172 0.781020 -0.336378
vn 0.536036 -0.030909 -0.843629
vn 0.693710 -0.169382 -0.700054
vn 0.800294 0.073574 0.595076
vn 0.536036 -0.030909 -0.843629
vn 0.185300 -0.780892 -0.596550
vn 0.249806 -0.761965 -0.597500
vn 0.693710 -0.169382 -0.700054
vn 0.185300 -0.780892 -0.596550
vn -0.399380 -0.822360 0.405241
vn -0.388587 -0.863670 0.321052
vn 0.249806 -0.761965 -0.597500
vn -0.399380 -0.822360 0.405241
vn -0.471430 0.010436 0.881842
vn -0.493080 0.014147 0.869869
vn -0.388587 -0.863670 0.321052
vn -0.471430 0.010436 0.881842
vn -0.078489 0.767192 0.636598
vn -0.138397 0.579911 0.802839
vn -0.493080 0.014147 0.869869
vn -0.078489 0.767192 0.636598
vn 0.526172 0.781020 -0.336378
vn 0.800294 0.073574 0.595076
vn -0.138397 0.579911 0.802839
vn -0.270421 0.826836 0.493168
vn -0.097067 0.954780 0.281022
vn 0.053432 0.996762 0.060095
vn -0.215914 0.972496 0.087361
vn -0.016915 0.985292 -0.170037
vn -0.207194 0.948580 -0.239306
vn -0.215914 0.972496 0.087361
vn 0.053432 0.996762 0.060095
vn 0.172068 0.713211 -0.679502
vn 0.139532 0.011596 -0.990150
vn -0.738928 0.002640 -0.673779
vn -0.752031 0.468373 -0.463764
vn 0.139532 0.011596 -0.990150
vn 0.199504 -0.708102 -0.677340
vn -0.732366 -0.481323 -0.481631
vn -0.738928 0.002640 -0.673779
vn 0.199504 -0.708102 -0.677340
vn 0.211445 -0.977163 -0.021039
vn -0.737306 -0.675554 0.002365
vn -0.732366 -0.481323 -0.481631
vn 0.211445 -0.977163 -0.021039
vn 0.119238 -0.725267 0.678064
vn -0.749966 -0.465395 0.470062
vn -0.737306 -0.675554 0.002365
vn 0.119238 -0.725267 0.678064
vn 0.057984 0.005005 0.998305
vn -0.761984 0.002299 0.647592
vn -0.749966 -0.465395 0.470062
vn 0.057984 0.005005 0.998305
vn 0.085564 0.705191 0.703836
vn -0.767155 0.453708 0.453456
vn -0.761984 0.002299 0.647592
vn 0.085564 0.705191 0.703836
vn 0.151126 0.988326 -0.019308
vn -0.763308 0.646032 0.002023
vn -0.767155 0.453708 0.453456
vn 0.151126 0.988326 -0.019308
vn 0.172068 0.713211 -0.679502
vn -0.752031 0.468373 -0.463764
vn -0.763308 0.646032 0.002023
vn 0.719798 0.468837 -0.511940
vn 0.703680 -0.023262 -0.710136
vn 0.139532 0.011596 -0.990150
vn 0.172068 0.713211 -0.679502
vn 0.703680 -0.023262 -0.710136
vn 0.746584 -0.468416 -0.472439
vn 0.199504 -0.708102 -0.677340
vn 0.139532 0.011596 -0.990150
vn 0.746584 -0.468416 -0.472439
vn 0.751756 -0.659188 0.018294
vn 0.211445 -0.977163 -0.021039
vn 0.199504 -0.708102 -0.677340
vn 0.751756 -0.659188 0.018294
vn 0.654663 -0.509454 0.558456
vn 0.119238 -0.725267 0.678064
vn 0.211445 -0.977163 -0.021039
vn 0.654663 -0.509454 0.558456
vn 0.602293 0.005271 0.798258
vn 0.057984 0.005005 0.998305
vn 0.119238 -0.725267 0.678064
vn 0.602293 0.005271 0.798258
vn 0.636129 0.547145 0.544033
vn 0.085564 0.705191 0.703836
vn 0.057984 0.005005 0.998305
vn 0.636129 0.547145 0.544033
vn 0.698926 0.715180 0.004449
vn 0.151126 0.988326 -0.019308
vn 0.085564 0.705191 0.703836
vn 0.698926 0.715180 0.004449
vn 0.719798 0.468837 -0.511940
vn 0.172068 0.713211 -0.679502
vn 0.151126 0.988326 -0.019308
vn -0.752031 0.468373 -0.463764
vn -0.738928 0.002640 -0.673779
vn -0.968761 -0.003201 -0.247977
vn -0.972080 0.163200 -0.168601
vn -0.738928 0.002640 -0.673779
vn -0.732366 -0.481323 -0.481631
vn -0.967065 -0.180170 -0.179790
vn -0.968761 -0.003201 -0.247977
vn -0.732366 -0.481323 -0.481631
vn -0.737306 -0.675554 0.002365
vn -0.968344 -0.249604 -0.002879
vn -0.967065 -0.180170 -0.179790
vn -0.737306 -0.675554 0.002365
vn -0.749966 -0.465395 0.470062
vn -0.971564 -0.170152 0.164654
vn -0.968344 -0.249604 -0.002879
vn -0.749966 -0.465395 0.470062
vn -0.761984 0.002299 0.647592
vn -0.974522 -0.002618 0.224279
vn -0.971564 -0.170152 0.164654
vn -0.761984 0.002299 0.647592
vn -0.767155 0.453708 0.453456
vn -0.975757 0.154615 0.154896
vn -0.974522 -0.002618 0.224279
vn -0.767155 0.453708 0.453456
vn -0.763308 0.646032 0.002023
vn -0.974840 0.222893 -0.002296
vn -0.975757 0.154615 0.154896
vn -0.763308 0.646032 0.002023
vn -0.752031 0.468373 -0.463764
vn -0.972080 0.163200 -0.168601
vn -0.974840 0.222893 -0.002296
vn -0.274739 0.961462 -0.010436
vn -0.292742 0.772951 0.562894
vn -0.270421 0.826836 0.493168
vn -0.215914 0.972496 0.087361
vn -0.215914 0.972496 0.087361
vn -0.207194 0.948580 -0.239306
vn -0.315827 0.697220 -0.643536
vn -0.274739 0.961462 -0.010436
vn -0.109640 0.528858 0.841599
vn -0.028753 0.458164 0.888402
vn -0.097067 0.954780 0.281022
vn -0.270421 0.826836 0.493168
vn -0.028753 0.458164 0.888402
vn -0.109640 0.528858 0.841599
vn 0.039840 0.448318 0.892986
vn 0.800294 0.073574 0.595076
vn -0.292742 0.772951 0.562894
vn -0.523630 0.279506 0.804791
vn -0.398921 0.406633 0.821895
vn -0.270421 0.826836 0.493168
vn 0.039840 0.448318 0.892986
vn -0.109640 0.528858 0.841599
vn -0.270421 0.826836 0.493168
vn -0.398921 0.406633 0.821895
vn 0.800294 0.073574 0.595076
vn 0.039840 0.448318 0.892986
vn -0.398921 0.406633 0.821895
vn -0.138397 0.579911 0.802839
vn -0.138397 0.579911 0.802839
vn -0.398921 0.406633 0.821895
vn -0.611618 -0.006990 0.791123
vn -0.493080 0.014147 0.869869
vn -0.453717 -0.765265 0.456630
vn -0.611618 -0.006990 0.791123
vn -0.398921 0.406633 0.821895
vn -0.523630 0.279506 0.804791
vn -0.493080 0.014147 0.869869
vn -0.611618 -0.006990 0.791123
vn -0.388028 -0.905353 0.172539
vn -0.388587 -0.863670 0.321052
vn 0.593219 -0.750115 -0.292265
vn 0.756700 -0.438972 -0.484467
vn 0.707178 -0.656672 -0.262069
vn 0.484293 -0.868483 -0.105815
vn 0.800294 0.073574 0.595076
vn 0.693710 -0.169382 -0.700054
vn 0.756700 -0.438972 -0.484467
vn 0.593219 -0.750115 -0.292265
vn 0.484293 -0.868483 -0.105815
vn 0.707178 -0.656672 -0.262069
vn 0.526318 -0.833125 -0.169979
vn 0.279868 -0.958653 -0.051566
vn 0.279868 -0.958653 -0.051566
vn 0.526318 -0.833125 -0.169979
vn 0.116296 -0.508801 -0.852993
vn 0.095932 -0.591518 -0.800564
vn 0.095932 -0.591518 -0.800564
vn 0.116296 -0.508801 -0.852993
vn -0.141633 0.480249 -0.865622
vn -0.059561 0.534733 -0.842920
vn -0.059561 0.534733 -0.842920
vn -0.141633 0.480249 -0.865622
vn -0.207194 0.948580 -0.239306
vn -0.016915 0.985292 -0.170037
vn 0.000210 -0.228874 -0.973456
vn 0.522951 -0.737889 -0.426664
vn 0.655412 -0.669898 -0.348814
vn 0.450253 -0.716888 -0.532301
vn -0.207194 0.948580 -0.239306
vn -0.141633 0.480249 -0.865622
vn -0.315827 0.697220 -0.643536
vn 0.693710 -0.169382 -0.700054
vn 0.249806 -0.761965 -0.597500
vn 0.356866 -0.798644 -0.484577
vn 0.756700 -0.438972 -0.484467
vn 0.707178 -0.656672 -0.262069
vn 0.756700 -0.438972 -0.484467
vn 0.356866 -0.798644 -0.484577
vn 0.619702 -0.690044 -0.373911
vn 0.655412 -0.669898 -0.348814
vn 0.522951 -0.737889 -0.426664
vn 0.116296 -0.508801 -0.852993
vn 0.526318 -0.833125 -0.169979
vn 0.116296 -0.508801 -0.852993
vn 0.522951 -0.737889 -0.426664
vn 0.000210 -0.228874 -0.973456
vn 0.526318 -0.833125 -0.169979
vn 0.707178 -0.656672 -0.262069
vn 0.619702 -0.690044 -0.373911
vn 0.655412 -0.669898 -0.348814
vn 0.299612 -0.914640 -0.271416
vn 0.450253 -0.716888 -0.532301
vn 0.655412 -0.669898 -0.348814
vn 0.619702 -0.690044 -0.373911
vn 0.619702 -0.690044 -0.373911
vn 0.356866 -0.798644 -0.484577
vn -0.453717 -0.765265 0.456630
vn 0.299612 -0.914640 -0.271416
vn -0.388587 -0.863670 0.321052
vn -0.388028 -0.905353 0.172539
vn 0.356866 -0.798644 -0.484577
vn 0.249806 -0.761965 -0.597500
vn -0.388028 -0.905353 0.172539
vn -0.611618 -0.006990 0.791123
vn -0.453717 -0.765265 0.456630
vn -0.206158 0.697297 -0.686495
vn -0.027683 -0.112848 -0.993227
vn 0.004234 -0.099386 -0.995040
vn -0.064415 0.735449 -0.674511
vn -0.027683 -0.112848 -0.993227
vn 0.289840 -0.730853 -0.617937
vn 0.253901 -0.732227 -0.631963
vn 0.004234 -0.099386 -0.995040
vn 0.289840 -0.730853 -0.617937
vn 0.203037 -0.967423 -0.151221
vn 0.180391 -0.978220 -0.102683
vn 0.253901 -0.732227 -0.631963
vn 0.203037 -0.967423 -0.151221
vn -0.220386 -0.804626 0.551368
vn -0.100602 -0.789491 0.605461
vn 0.180391 -0.978220 -0.102683
vn -0.220386 -0.804626 0.551368
vn -0.321282 0.066725 0.944630
vn -0.006912 0.071404 0.997424
vn -0.100602 -0.789491 0.605461
vn -0.321282 0.066725 0.944630
vn -0.055524 0.774850 0.629702
vn 0.201205 0.721144 0.662924
vn -0.006912 0.071404 0.997424
vn -0.055524 0.774850 0.629702
vn -0.067949 0.996549 -0.047679
vn 0.128124 0.991555 -0.020083
vn 0.201205 0.721144 0.662924
vn -0.067949 0.996549 -0.047679
vn -0.206158 0.697297 -0.686495
vn -0.064415 0.735449 -0.674511
vn 0.128124 0.991555 -0.020083
vn 0.116296 -0.508801 -0.852993
vn 0.000210 -0.228874 -0.973456
vn -0.315827 0.697220 -0.643536
vn -0.315827 0.697220 -0.643536
vn -0.141633 0.480249 -0.865622
vn 0.116296 -0.508801 -0.852993
vn -0.315827 0.697220 -0.643536
vn 0.000210 -0.228874 -0.973456
vn -0.027683 -0.112848 -0.993227
vn -0.206158 0.697297 -0.686495
vn 0.000210 -0.228874 -0.973456
vn 0.450253 -0.716888 -0.532301
vn 0.289840 -0.730853 -0.617937
vn -0.027683 -0.112848 -0.993227
vn 0.450253 -0.716888 -0.532301
vn 0.299612 -0.914640 -0.271416
vn 0.203037 -0.967423 -0.151221
vn 0.289840 -0.730853 -0.617937
vn 0.299612 -0.914640 -0.271416
vn -0.453717 -0.765265 0.456630
vn -0.220386 -0.804626 0.551368
vn 0.203037 -0.967423 -0.151221
vn -0.453717 -0.765265 0.456630
vn -0.523630 0.279506 0.804791
vn -0.321282 0.066725 0.944630
vn -0.220386 -0.804626 0.551368
vn -0.523630 0.279506 0.804791
vn -0.292742 0.772951 0.562894
vn -0.055524 0.774850 0.629702
vn -0.321282 0.066725 0.944630
vn -0.292742 0.772951 0.562894
vn -0.274739 0.961462 -0.010436
vn -0.067949 0.996549 -0.047679
vn -0.055524 0.774850 0.629702
vn -0.274739 0.961462 -0.010436
vn -0.315827 0.697220 -0.643536
vn -0.206158 0.697297 -0.686495
vn -0.067949 0.996549 -0.047679
vn -0.388028 -0.905353 0.172539
vn -0.453717 -0.765265 0.456630
vn 0.356866 -0.798644 -0.484577
vn 0.350088 0.045696 0.935602
vn 0.849094 0.048375 0.526022
vn 0.833309 0.263027 0.486224
vn 0.403503 0.351770 0.844656
vn 0.403503 0.351770 0.844656
vn -0.151826 0.547017 0.823238
vn -0.248283 0.258976 0.933428
vn 0.350088 0.045696 0.935602
vn -0.792959 0.547924 0.266449
vn -0.248283 0.258976 0.933428
vn -0.151826 0.547017 0.823238
vn -0.647258 0.706078 0.287248
vn -0.539082 0.669361 -0.511221
vn -0.792959 0.547924 0.266449
vn -0.647258 0.706078 0.287248
vn -0.486042 0.750464 -0.447847
vn 0.480658 0.436890 -0.760326
vn 0.002358 0.593785 -0.804620
vn -0.010319 0.674068 -0.738597
vn 0.470473 0.580307 -0.664754
vn 0.849094 0.048375 0.526022
vn 0.936558 0.240028 -0.255432
vn 0.914930 0.361784 -0.178930
vn 0.833309 0.263027 0.486224
vn 0.470473 0.580307 -0.664754
vn 0.914930 0.361784 -0.178930
vn 0.936558 0.240028 -0.255432
vn 0.480658 0.436890 -0.760326
vn 0.404847 0.584994 0.702766
vn 0.736594 0.487691 0.468601
vn 0.599659 0.662713 0.448576
vn 0.394350 0.791020 0.467734
vn 0.599659 0.662713 0.448576
vn 0.736594 0.487691 0.468601
vn 0.800103 0.599318 -0.025552
vn 0.621471 0.758782 0.194997
vn 0.396923 0.912284 0.100946
vn 0.621471 0.758782 0.194997
vn 0.800103 0.599318 -0.025552
vn 0.447925 0.819053 -0.358491
vn 0.396923 0.912284 0.100946
vn 0.447925 0.819053 -0.358491
vn 0.087014 0.888876 -0.449809
vn 0.192649 0.980665 0.034396
vn -0.102590 0.993964 -0.038861
vn -0.318029 0.906424 -0.277946
vn -0.402098 0.867067 0.294130
vn -0.129917 0.957518 0.257453
vn -0.129917 0.957518 0.257453
vn -0.402098 0.867067 0.294130
vn 0.015032 0.743449 0.668624
vn 0.180801 0.892247 0.413771
vn 0.015032 0.743449 0.668624
vn 0.404847 0.584994 0.702766
vn 0.394350 0.791020 0.467734
vn 0.180801 0.892247 0.413771
vn 0.632871 0.606063 0.481832
vn 0.666905 0.744992 0.015004
vn 0.936558 0.240028 -0.255432
vn 0.849094 0.048375 0.526022
vn 0.480658 0.436890 -0.760326
vn 0.936558 0.240028 -0.255432
vn 0.666905 0.744992 0.015004
vn 0.402088 0.793639 -0.456576
vn 0.402088 0.793639 -0.456576
vn 0.126020 0.818346 -0.560740
vn 0.002358 0.593785 -0.804620
vn 0.480658 0.436890 -0.760326
vn -0.024271 0.914151 -0.404646
vn -0.190796 0.927321 0.321983
vn -0.792959 0.547924 0.266449
vn -0.539082 0.669361 -0.511221
vn 0.120266 0.729892 0.672900
vn -0.248283 0.258976 0.933428
vn -0.792959 0.547924 0.266449
vn -0.190796 0.927321 0.321983
vn 0.350088 0.045696 0.935602
vn -0.248283 0.258976 0.933428
vn 0.120266 0.729892 0.672900
vn 0.360796 0.585522 0.725941
vn 0.360796 0.585522 0.725941
vn 0.632871 0.606063 0.481832
vn 0.849094 0.048375 0.526022
vn 0.350088 0.045696 0.935602
vn 0.599659 0.662713 0.448576
vn 0.621471 0.758782 0.194997
vn 0.396923 0.912284 0.100946
vn 0.394350 0.791020 0.467734
vn 0.002358 0.593785 -0.804620
vn 0.126020 0.818346 -0.560740
vn -0.024271 0.914151 -0.404646
vn -0.539082 0.669361 -0.511221
vn -0.010319 0.674068 -0.738597
vn 0.002358 0.593785 -0.804620
vn -0.539082 0.669361 -0.511221
vn -0.486042 0.750464 -0.447847
vn 0.192649 0.980665 0.034396
vn 0.087014 0.888876 -0.449809
vn -0.318029 0.906424 -0.277946
vn -0.102590 0.993964 -0.038861
vn 0.180801 0.892247 0.413771
vn 0.192649 0.980665 0.034396
vn -0.102590 0.993964 -0.038861
vn -0.129917 0.957518 0.257453
vn 0.394350 0.791020 0.467734
vn 0.396923 0.912284 0.100946
vn 0.192649 0.980665 0.034396
vn 0.180801 0.892247 0.413771
vn 0.800103 0.599318 -0.025552
vn 0.736594 0.487691 0.468601
vn 0.833309 0.263027 0.486224
vn 0.914930 0.361784 -0.178930
vn 0.447925 0.819053 -0.358491
vn 0.800103 0.599318 -0.025552
vn 0.914930 0.361784 -0.178930
vn 0.470473 0.580307 -0.664754
vn 0.087014 0.888876 -0.449809
vn 0.447925 0.819053 -0.358491
vn 0.470473 0.580307 -0.664754
vn -0.010319 0.674068 -0.738597
vn -0.318029 0.906424 -0.277946
vn 0.087014 0.888876 -0.449809
vn -0.010319 0.674068 -0.738597
vn -0.486042 0.750464 -0.447847
vn -0.402098 0.867067 0.294130
vn -0.318029 0.906424 -0.277946
vn -0.486042 0.750464 -0.447847
vn -0.647258 0.706078 0.287248
vn 0.015032 0.743449 0.668624
vn -0.402098 0.867067 0.294130
vn -0.647258 0.706078 0.287248
vn -0.151826 0.547017 0.823238
vn -0.151826 0.547017 0.823238
vn 0.403503 0.351770 0.844656
vn 0.404847 0.584994 0.702766
vn 0.015032 0.743449 0.668624
vn 0.833309 0.263027 0.486224
vn 0.736594 0.487691 0.468601
vn 0.404847 0.584994 0.702766
vn 0.403503 0.351770 0.844656
vn 0.000992 -0.579656 -0.814861
vn -0.053510 -0.573374 -0.817544
vn -0.099554 0.626347 -0.773161
vn -0.025924 0.617072 -0.786480
vn -0.025924 0.617072 -0.786480
vn -0.099554 0.626347 -0.773161
vn -0.106840 0.994276 -0.000966
vn -0.031141 0.999397 0.015352
vn -0.031141 0.999397 0.015352
vn -0.106840 0.994276 -0.000966
vn -0.093835 0.556364 0.825623
vn -0.023363 0.547688 0.836356
vn -0.023363 0.547688 0.836356
vn -0.093835 0.556364 0.825623
vn -0.081345 -0.596005 0.798850
vn -0.052857 -0.571412 0.818959
vn -0.052857 -0.571412 0.818959
vn -0.081345 -0.596005 0.798850
vn -0.059355 -0.998212 0.007088
vn -0.032332 -0.999306 -0.018492
vn -0.032332 -0.999306 -0.018492
vn -0.059355 -0.998212 0.007088
vn -0.053510 -0.573374 -0.817544
vn 0.000992 -0.579656 -0.814861
vn -0.053510 -0.573374 -0.817544
vn -0.261429 -0.556580 -0.788590
vn -0.310828 0.625506 -0.715632
vn -0.099554 0.626347 -0.773161
vn -0.099554 0.626347 -0.773161
vn -0.310828 0.625506 -0.715632
vn -0.305788 0.952095 -0.003084
vn -0.106840 0.994276 -0.000966
vn -0.106840 0.994276 -0.000966
vn -0.305788 0.952095 -0.003084
vn -0.309503 0.531180 0.788705
vn -0.093835 0.556364 0.825623
vn -0.093835 0.556364 0.825623
vn -0.309503 0.531180 0.788705
vn -0.254052 -0.604288 0.755178
vn -0.081345 -0.596005 0.798850
vn -0.081345 -0.596005 0.798850
vn -0.254052 -0.604288 0.755178
vn -0.220482 -0.974858 0.032231
vn -0.059355 -0.998212 0.007088
vn -0.059355 -0.998212 0.007088
vn -0.220482 -0.974858 0.032231
vn -0.261429 -0.556580 -0.788590
vn -0.053510 -0.573374 -0.817544
vn -0.261429 -0.556580 -0.788590
vn -0.711200 -0.417158 -0.565838
vn -0.717665 0.481863 -0.502757
vn -0.310828 0.625506 -0.715632
vn -0.310828 0.625506 -0.715632
vn -0.717665 0.481863 -0.502757
vn -0.663474 0.747536 -0.031508
vn -0.305788 0.952095 -0.003084
vn -0.305788 0.952095 -0.003084
vn -0.663474 0.747536 -0.031508
vn -0.746889 0.414265 0.520136
vn -0.309503 0.531180 0.788705
vn -0.309503 0.531180 0.788705
vn -0.746889 0.414265 0.520136
vn -0.628796 -0.510589 0.586442
vn -0.254052 -0.604288 0.755178
vn -0.254052 -0.604288 0.755178
vn -0.628796 -0.510589 0.586442
vn -0.611964 -0.790432 0.026765
vn -0.220482 -0.974858 0.032231
vn -0.220482 -0.974858 0.032231
vn -0.611964 -0.790432 0.026765
vn -0.711200 -0.417158 -0.565838
vn -0.261429 -0.556580 -0.788590
vn -0.711200 -0.417158 -0.565838
vn -0.999397 0.034054 0.006820
vn -0.717665 0.481863 -0.502757
vn -0.717665 0.481863 -0.502757
vn -0.999397 0.034054 0.006820
vn -0.663474 0.747536 -0.031508
vn -0.663474 0.747536 -0.031508
vn -0.999397 0.034054 0.006820
vn -0.746889 0.414265 0.520136
vn -0.746889 0.414265 0.520136
vn -0.999397 0.034054 0.006820
vn -0.628796 -0.510589 0.586442
vn -0.628796 -0.510589 0.586442
vn -0.999397 0.034054 0.006820
vn -0.611964 -0.790432 0.026765
vn -0.611964 -0.790432 0.026765
vn -0.999397 0.034054 0.006820
vn -0.711200 -0.417158 -0.565838
vn -0.025924 0.617072 -0.786480
vn -0.098300 0.614510 -0.782761
vn -0.082079 -0.569829 -0.817654
vn 0.000992 -0.579656 -0.814861
vn -0.031141 0.999397 0.015352
vn -0.031286 0.992818 0.115471
vn -0.098300 0.614510 -0.782761
vn -0.025924 0.617072 -0.786480
vn -0.023363 0.547688 0.836356
vn 0.011361 0.506339 0.862260
vn -0.031286 0.992818 0.115471
vn -0.031141 0.999397 0.015352
vn -0.052857 -0.571412 0.818959
vn -0.128740 -0.522974 0.842570
vn 0.011361 0.506339 0.862260
vn -0.023363 0.547688 0.836356
vn -0.032332 -0.999306 -0.018492
vn -0.149774 -0.984167 -0.094780
vn -0.128740 -0.522974 0.842570
vn -0.052857 -0.571412 0.818959
vn 0.000992 -0.579656 -0.814861
vn -0.082079 -0.569829 -0.817654
vn -0.149774 -0.984167 -0.094780
vn -0.032332 -0.999306 -0.018492
vn -0.098300 0.614510 -0.782761
vn -0.053432 0.996762 0.060095
vn -0.484293 -0.868483 -0.105815
vn -0.082079 -0.569829 -0.817654
vn -0.031286 0.992818 0.115471
vn 0.097067 0.954780 0.281022
vn -0.053432 0.996762 0.060095
vn -0.098300 0.614510 -0.782761
vn 0.011361 0.506339 0.862260
vn 0.028753 0.458164 0.888402
vn 0.097067 0.954780 0.281022
vn -0.031286 0.992818 0.115471
vn -0.128740 -0.522974 0.842570
vn -0.800294 0.073574 0.595076
vn 0.028753 0.458164 0.888402
vn 0.011361 0.506339 0.862260
vn -0.149774 -0.984167 -0.094780
vn -0.593219 -0.750115 -0.292265
vn -0.800294 0.073574 0.595076
vn -0.128740 -0.522974 0.842570
vn -0.082079 -0.569829 -0.817654
vn -0.484293 -0.868483 -0.105815
vn -0.593219 -0.750115 -0.292265
vn -0.149774 -0.984167 -0.094780
vn -0.015068 -0.607748 -0.793987
vn -0.067078 -0.619112 -0.782432
vn -0.082598 0.595914 -0.798789
vn -0.022904 0.591501 -0.805979
vn -0.022904 0.591501 -0.805979
vn -0.082598 0.595914 -0.798789
vn -0.101062 0.994791 -0.013294
vn -0.031341 0.999334 -0.018709
vn -0.031341 0.999334 -0.018709
vn -0.101062 0.994791 -0.013294
vn -0.119897 0.593105 0.796148
vn -0.018778 0.589226 0.807750
vn -0.018778 0.589226 0.807750
vn -0.119897 0.593105 0.796148
vn -0.089265 -0.584304 0.806610
vn 0.014715 -0.586630 0.809721
vn 0.014715 -0.586630 0.809721
vn -0.089265 -0.584304 0.806610
vn -0.063892 -0.997721 -0.021715
vn 0.003750 -0.999887 -0.014537
vn 0.003750 -0.999887 -0.014537
vn -0.063892 -0.997721 -0.021715
vn -0.067078 -0.619112 -0.782432
vn -0.015068 -0.607748 -0.793987
vn -0.067078 -0.619112 -0.782432
vn -0.237114 -0.613620 -0.753158
vn -0.283352 0.548892 -0.786403
vn -0.082598 0.595914 -0.798789
vn -0.082598 0.595914 -0.798789
vn -0.283352 0.548892 -0.786403
vn -0.300424 0.953697 -0.014427
vn -0.101062 0.994791 -0.013294
vn -0.101062 0.994791 -0.013294
vn -0.300424 0.953697 -0.014427
vn -0.341683 0.563625 0.752051
vn -0.119897 0.593105 0.796148
vn -0.119897 0.593105 0.796148
vn -0.341683 0.563625 0.752051
vn -0.306779 -0.573969 0.759241
vn -0.089265 -0.584304 0.806610
vn -0.089265 -0.584304 0.806610
vn -0.306779 -0.573969 0.759241
vn -0.231999 -0.971635 -0.045846
vn -0.063892 -0.997721 -0.021715
vn -0.063892 -0.997721 -0.021715
vn -0.231999 -0.971635 -0.045846
vn -0.237114 -0.613620 -0.753158
vn -0.067078 -0.619112 -0.782432
vn -0.237114 -0.613620 -0.753158
vn -0.620747 -0.514711 -0.591393
vn -0.724409 0.423391 -0.544033
vn -0.283352 0.548892 -0.786403
vn -0.283352 0.548892 -0.786403
vn -0.724409 0.423391 -0.544033
vn -0.691946 0.721949 0.000000
vn -0.300424 0.953697 -0.014427
vn -0.300424 0.953697 -0.014427
vn -0.691946 0.721949 0.000000
vn -0.738707 0.428461 0.520320
vn -0.341683 0.563625 0.752051
vn -0.341683 0.563625 0.752051
vn -0.738707 0.428461 0.520320
vn -0.715024 -0.454745 0.530988
vn -0.306779 -0.573969 0.759241
vn -0.306779 -0.573969 0.759241
vn -0.715024 -0.454745 0.530988
vn -0.610435 -0.791449 -0.031264
vn -0.231999 -0.971635 -0.045846
vn -0.231999 -0.971635 -0.045846
vn -0.610435 -0.791449 -0.031264
vn -0.620747 -0.514711 -0.591393
vn -0.237114 -0.613620 -0.753158
vn -0.620747 -0.514711 -0.591393
vn -1.000000 0.000000 0.000000
vn -0.724409 0.423391 -0.544033
vn -0.724409 0.423391 -0.544033
vn -1.000000 0.000000 0.000000
vn -0.691946 0.721949 0.000000
vn -0.691946 0.721949 0.000000
vn -1.000000 0.000000 0.000000
vn -0.738707 0.428461 0.520320
vn -0.738707 0.428461 0.520320
vn -1.000000 0.000000 0.000000
vn -0.715024 -0.454745 0.530988
vn -0.715024 -0.454745 0.530988
vn -1.000000 0.000000 0.000000
vn -0.610435 -0.791449 -0.031264
vn -0.610435 -0.791449 -0.031264
vn -1.000000 0.000000 0.000000
vn -0.620747 -0.514711 -0.591393
vn -0.022904 0.591501 -0.805979
vn 0.004954 0.563579 -0.826047
vn -0.031259 -0.606985 -0.794098
vn -0.015068 -0.607748 -0.793987
vn -0.031341 0.999334 -0.018709
vn -0.051942 0.995348 -0.081145
vn 0.004954 0.563579 -0.826047
vn -0.022904 0.591501 -0.805979
vn -0.018778 0.589226 0.807750
vn -0.131150 0.551124 0.824052
vn -0.051942 0.995348 -0.081145
vn -0.031341 0.999334 -0.018709
vn 0.014715 -0.586630 0.809721
vn -0.072645 -0.589661 0.804377
vn -0.131150 0.551124 0.824052
vn -0.018778 0.589226 0.807750
vn 0.003750 -0.999887 -0.014537
vn -0.048686 -0.998751 0.011249
vn -0.072645 -0.589661 0.804377
vn 0.014715 -0.586630 0.809721
vn -0.015068 -0.607748 -0.793987
vn -0.031259 -0.606985 -0.794098
vn -0.048686 -0.998751 0.011249
vn 0.003750 -0.999887 -0.014537
vn 0.004954 0.563579 -0.826047
vn 0.059561 0.534733 -0.842920
vn -0.095932 -0.591518 -0.800564
vn -0.031259 -0.606985 -0.794098
vn -0.051942 0.995348 -0.081145
vn 0.016915 0.985292 -0.170037
vn 0.059561 0.534733 -0.842920
vn 0.004954 0.563579 -0.826047
vn -0.131150 0.551124 0.824052
vn -0.053432 0.996762 0.060095
vn 0.016915 0.985292 -0.170037
vn -0.051942 0.995348 -0.081145
vn -0.072645 -0.589661 0.804377
vn -0.484293 -0.868483 -0.105815
vn -0.053432 0.996762 0.060095
vn -0.131150 0.551124 0.824052
vn -0.048686 -0.998751 0.011249
vn -0.279868 -0.958653 -0.051566
vn -0.484293 -0.868483 -0.105815
vn -0.072645 -0.589661 0.804377
vn -0.031259 -0.606985 -0.794098
vn -0.095932 -0.591518 -0.800564
vn -0.279868 -0.958653 -0.051566
vn -0.048686 -0.998751 0.011249
vn -0.526172 0.781020 -0.336378
vn -0.429531 0.817665 -0.383310
vn 0.120419 0.803427 0.583099
vn 0.078489 0.767192 0.636598
vn 0.078489 0.767192 0.636598
vn 0.120419 0.803427 0.583099
vn 0.437371 0.001602 0.899280
vn 0.471430 0.010436 0.881842
vn 0.471430 0.010436 0.881842
vn 0.437371 0.001602 0.899280
vn 0.354740 -0.802700 0.479408
vn 0.399380 -0.822360 0.405241
vn 0.399380 -0.822360 0.405241
vn 0.354740 -0.802700 0.479408
vn -0.221306 -0.804101 -0.551765
vn -0.185300 -0.780892 -0.596550
vn -0.185300 -0.780892 -0.596550
vn -0.221306 -0.804101 -0.551765
vn -0.535591 -0.031334 -0.843896
vn -0.536036 -0.030909 -0.843629
vn -0.536036 -0.030909 -0.843629
vn -0.535591 -0.031334 -0.843896
vn -0.429531 0.817665 -0.383310
vn -0.526172 0.781020 -0.336378
vn -0.429531 0.817665 -0.383310
vn -0.596646 0.758707 -0.261490
vn -0.030940 0.759723 0.649511
vn 0.120419 0.803427 0.583099
vn 0.120419 0.803427 0.583099
vn -0.030940 0.759723 0.649511
vn 0.260455 -0.006744 0.965463
vn 0.437371 0.001602 0.899280
vn 0.437371 0.001602 0.899280
vn 0.260455 -0.006744 0.965463
vn 0.166645 -0.804330 0.570335
vn 0.354740 -0.802700 0.479408
vn 0.354740 -0.802700 0.479408
vn 0.166645 -0.804330 0.570335
vn -0.393744 -0.816759 -0.421748
vn -0.221306 -0.804101 -0.551765
vn -0.221306 -0.804101 -0.551765
vn -0.393744 -0.816759 -0.421748
vn -0.711508 -0.069384 -0.699245
vn -0.535591 -0.031334 -0.843896
vn -0.535591 -0.031334 -0.843896
vn -0.711508 -0.069384 -0.699245
vn -0.596646 0.758707 -0.261490
vn -0.429531 0.817665 -0.383310
vn -0.596646 0.758707 -0.261490
vn -0.894048 0.420664 0.154013
vn -0.412431 0.464446 0.783703
vn -0.030940 0.759723 0.649511
vn -0.030940 0.759723 0.649511
vn -0.412431 0.464446 0.783703
vn -0.211456 -0.074138 0.974572
vn 0.260455 -0.006744 0.965463
vn 0.260455 -0.006744 0.965463
vn -0.211456 -0.074138 0.974572
vn -0.302801 -0.643363 0.703133
vn 0.166645 -0.804330 0.570335
vn 0.166645 -0.804330 0.570335
vn -0.302801 -0.643363 0.703133
vn -0.748944 -0.662602 0.006475
vn -0.393744 -0.816759 -0.421748
vn -0.393744 -0.816759 -0.421748
vn -0.748944 -0.662602 0.006475
vn -0.975167 -0.142392 -0.169627
vn -0.711508 -0.069384 -0.699245
vn -0.711508 -0.069384 -0.699245
vn -0.975167 -0.142392 -0.169627
vn -0.894048 0.420664 0.154013
vn -0.596646 0.758707 -0.261490
vn -0.894048 0.420664 0.154013
vn -0.825365 -0.156673 0.542426
vn -0.412431 0.464446 0.783703
vn -0.412431 0.464446 0.783703
vn -0.825365 -0.156673 0.542426
vn -0.211456 -0.074138 0.974572
vn -0.211456 -0.074138 0.974572
vn -0.825365 -0.156673 0.542426
vn -0.302801 -0.643363 0.703133
vn -0.302801 -0.643363 0.703133
vn -0.825365 -0.156673 0.542426
vn -0.748944 -0.662602 0.006475
vn -0.748944 -0.662602 0.006475
vn -0.825365 -0.156673 0.542426
vn -0.975167 -0.142392 -0.169627
vn -0.975167 -0.142392 -0.169627
vn -0.825365 -0.156673 0.542426
vn -0.894048 0.420664 0.154013
vn -0.526172 0.781020 -0.336378
vn -0.800294 0.073574 0.595076
vn -0.693710 -0.169382 -0.700054
vn -0.536036 -0.030909 -0.843629
vn -0.536036 -0.030909 -0.843629
vn -0.693710 -0.169382 -0.700054
vn -0.249806 -0.761965 -0.597500
vn -0.185300 -0.780892 -0.596550
vn -0.185300 -0.780892 -0.596550
vn -0.249806 -0.761965 -0.597500
vn 0.388587 -0.863670 0.321052
vn 0.399380 -0.822360 0.405241
vn 0.399380 -0.822360 0.405241
vn 0.388587 -0.863670 0.321052
vn 0.493080 0.014147 0.869869
vn 0.471430 0.010436 0.881842
vn 0.471430 0.010436 0.881842
vn 0.493080 0.014147 0.869869
vn 0.138397 0.579911 0.802839
vn 0.078489 0.767192 0.636598
vn 0.078489 0.767192 0.636598
vn 0.138397 0.579911 0.802839
vn -0.800294 0.073574 0.595076
vn -0.526172 0.781020 -0.336378
vn 0.270421 0.826836 0.493168
vn 0.215914 0.972496 0.087361
vn -0.053432 0.996762 0.060095
vn 0.097067 0.954780 0.281022
vn 0.016915 0.985292 -0.170037
vn -0.053432 0.996762 0.060095
vn 0.215914 0.972496 0.087361
vn 0.207194 0.948580 -0.239306
vn -0.172068 0.713211 -0.679502
vn 0.752031 0.468373 -0.463764
vn 0.738928 0.002640 -0.673779
vn -0.139532 0.011596 -0.990150
vn -0.139532 0.011596 -0.990150
vn 0.738928 0.002640 -0.673779
vn 0.732366 -0.481323 -0.481631
vn -0.199504 -0.708102 -0.677340
vn -0.199504 -0.708102 -0.677340
vn 0.732366 -0.481323 -0.481631
vn 0.737306 -0.675554 0.002365
vn -0.211445 -0.977163 -0.021039
vn -0.211445 -0.977163 -0.021039
vn 0.737306 -0.675554 0.002365
vn 0.749966 -0.465395 0.470062
vn -0.119238 -0.725267 0.678064
vn -0.119238 -0.725267 0.678064
vn 0.749966 -0.465395 0.470062
vn 0.761984 0.002299 0.647592
vn -0.057984 0.005005 0.998305
vn -0.057984 0.005005 0.998305
vn 0.761984 0.002299 0.647592
vn 0.767155 0.453708 0.453456
vn -0.085564 0.705191 0.703836
vn -0.085564 0.705191 0.703836
vn 0.767155 0.453708 0.453456
vn 0.763308 0.646032 0.002023
vn -0.151126 0.988326 -0.019308
vn -0.151126 0.988326 -0.019308
vn 0.763308 0.646032 0.002023
vn 0.752031 0.468373 -0.463764
vn -0.172068 0.713211 -0.679502
vn -0.719798 0.468837 -0.511940
vn -0.172068 0.713211 -0.679502
vn -0.139532 0.011596 -0.990150
vn -0.703680 -0.023262 -0.710136
vn -0.703680 -0.023262 -0.710136
vn -0.139532 0.011596 -0.990150
vn -0.199504 -0.708102 -0.677340
vn -0.746584 -0.468416 -0.472439
vn -0.746584 -0.468416 -0.472439
vn -0.199504 -0.708102 -0.677340
vn -0.211445 -0.977163 -0.021039
vn -0.751756 -0.659188 0.018294
vn -0.751756 -0.659188 0.018294
vn -0.211445 -0.977163 -0.021039
vn -0.119238 -0.725267 0.678064
vn -0.654663 -0.509454 0.558456
vn -0.654663 -0.509454 0.558456
vn -0.119238 -0.725267 0.678064
vn -0.057984 0.005005 0.998305
vn -0.602293 0.005271 0.798258
vn -0.602293 0.005271 0.798258
vn -0.057984 0.005005 0.998305
vn -0.085564 0.705191 0.703836
vn -0.636129 0.547145 0.544033
vn -0.636129 0.547145 0.544033
vn -0.085564 0.705191 0.703836
vn -0.151126 0.988326 -0.019308
vn -0.698926 0.715180 0.004449
vn -0.698926 0.715180 0.004449
vn -0.151126 0.988326 -0.019308
vn -0.172068 0.713211 -0.679502
vn -0.719798 0.468837 -0.511940
vn 0.752031 0.468373 -0.463764
vn 0.972080 0.163200 -0.168601
vn 0.968761 -0.003201 -0.247977
vn 0.738928 0.002640 -0.673779
vn 0.738928 0.002640 -0.673779
vn 0.968761 -0.003201 -0.247977
vn 0.967065 -0.180170 -0.179790
vn 0.732366 -0.481323 -0.481631
vn 0.732366 -0.481323 -0.481631
vn 0.967065 -0.180170 -0.179790
vn 0.968344 -0.249604 -0.002879
vn 0.737306 -0.675554 0.002365
vn 0.737306 -0.675554 0.002365
vn 0.968344 -0.249604 -0.002879
vn 0.971564 -0.170152 0.164654
vn 0.749966 -0.465395 0.470062
vn 0.749966 -0.465395 0.470062
vn 0.971564 -0.170152 0.164654
vn 0.974522 -0.002618 0.224279
vn 0.761984 0.002299 0.647592
vn 0.761984 0.002299 0.647592
vn 0.974522 -0.002618 0.224279
vn 0.975757 0.154615 0.154896
vn 0.767155 0.453708 0.453456
vn 0.767155 0.453708 0.453456
vn 0.975757 0.154615 0.154896
vn 0.974840 0.222893 -0.002296
vn 0.763308 0.646032 0.002023
vn 0.763308 0.646032 0.002023
vn 0.974840 0.222893 -0.002296
vn 0.972080 0.163200 -0.168601
vn 0.752031 0.468373 -0.463764
vn 0.274739 0.961462 -0.010436
vn 0.215914 0.972496 0.087361
vn 0.270421 0.826836 0.493168
vn 0.292742 0.772951 0.562894
vn 0.215914 0.972496 0.087361
vn 0.274739 0.961462 -0.010436
vn 0.315827 0.697220 -0.643536
vn 0.207194 0.948580 -0.239306
vn 0.109640 0.528858 0.841599
vn 0.270421 0.826836 0.493168
vn 0.097067 0.954780 0.281022
vn 0.028753 0.458164 0.888402
vn 0.028753 0.458164 0.888402
vn -0.800294 0.073574 0.595076
vn -0.039840 0.448318 0.892986
vn 0.109640 0.528858 0.841599
vn 0.292742 0.772951 0.562894
vn 0.270421 0.826836 0.493168
vn 0.398921 0.406633 0.821895
vn 0.523630 0.279506 0.804791
vn -0.039840 0.448318 0.892986
vn 0.398921 0.406633 0.821895
vn 0.270421 0.826836 0.493168
vn 0.109640 0.528858 0.841599
vn -0.800294 0.073574 0.595076
vn 0.138397 0.579911 0.802839
vn 0.398921 0.406633 0.821895
vn -0.039840 0.448318 0.892986
vn 0.138397 0.579911 0.802839
vn 0.493080 0.014147 0.869869
vn 0.611618 -0.006990 0.791123
vn 0.398921 0.406633 0.821895
vn 0.453717 -0.765265 0.456630
vn 0.523630 0.279506 0.804791
vn 0.398921 0.406633 0.821895
vn 0.611618 -0.006990 0.791123
vn 0.493080 0.014147 0.869869
vn 0.388587 -0.863670 0.321052
vn 0.388028 -0.905353 0.172539
vn 0.611618 -0.006990 0.791123
vn -0.593219 -0.750115 -0.292265
vn -0.484293 -0.868483 -0.105815
vn -0.707178 -0.656672 -0.262069
vn -0.756700 -0.438972 -0.484467
vn -0.800294 0.073574 0.595076
vn -0.593219 -0.750115 -0.292265
vn -0.756700 -0.438972 -0.484467
vn -0.693710 -0.169382 -0.700054
vn -0.484293 -0.868483 -0.105815
vn -0.279868 -0.958653 -0.051566
vn -0.526318 -0.833125 -0.169979
vn -0.707178 -0.656672 -0.262069
vn -0.279868 -0.958653 -0.051566
vn -0.095932 -0.591518 -0.800564
vn -0.116296 -0.508801 -0.852993
vn -0.526318 -0.833125 -0.169979
vn -0.095932 -0.591518 -0.800564
vn 0.059561 0.534733 -0.842920
vn 0.141633 0.480249 -0.865622
vn -0.116296 -0.508801 -0.852993
vn 0.059561 0.534733 -0.842920
vn 0.016915 0.985292 -0.170037
vn 0.207194 0.948580 -0.239306
vn 0.141633 0.480249 -0.865622
vn -0.000210 -0.228874 -0.973456
vn -0.450253 -0.716888 -0.532301
vn -0.655412 -0.669898 -0.348814
vn -0.522951 -0.737889 -0.426664
vn 0.207194 0.948580 -0.239306
vn 0.315827 0.697220 -0.643536
vn 0.141633 0.480249 -0.865622
vn -0.693710 -0.169382 -0.700054
vn -0.756700 -0.438972 -0.484467
vn -0.356866 -0.798644 -0.484577
vn -0.249806 -0.761965 -0.597500
vn -0.707178 -0.656672 -0.262069
vn -0.619702 -0.690044 -0.373911
vn -0.356866 -0.798644 -0.484577
vn -0.756700 -0.438972 -0.484467
vn -0.655412 -0.669898 -0.348814
vn -0.526318 -0.833125 -0.169979
vn -0.116296 -0.508801 -0.852993
vn -0.522951 -0.737889 -0.426664
vn -0.116296 -0.508801 -0.852993
vn -0.000210 -0.228874 -0.973456
vn -0.522951 -0.737889 -0.426664
vn -0.526318 -0.833125 -0.169979
vn -0.655412 -0.669898 -0.348814
vn -0.619702 -0.690044 -0.373911
vn -0.707178 -0.656672 -0.262069
vn -0.299612 -0.914640 -0.271416
vn -0.619702 -0.690044 -0.373911
vn -0.655412 -0.669898 -0.348814
vn -0.450253 -0.716888 -0.532301
vn -0.619702 -0.690044 -0.373911
vn -0.299612 -0.914640 -0.271416
vn 0.453717 -0.765265 0.456630
vn -0.356866 -0.798644 -0.484577
vn 0.388587 -0.863670 0.321052
vn -0.249806 -0.761965 -0.597500
vn -0.356866 -0.798644 -0.484577
vn 0.388028 -0.905353 0.172539
vn 0.388028 -0.905353 0.172539
vn 0.453717 -0.765265 0.456630
vn 0.611618 -0.006990 0.791123
vn 0.206158 0.697297 -0.686495
vn 0.064415 0.735449 -0.674511
vn -0.004234 -0.099386 -0.995040
vn 0.027683 -0.112848 -0.993227
vn 0.027683 -0.112848 -0.993227
vn -0.004234 -0.099386 -0.995040
vn -0.253901 -0.732227 -0.631963
vn -0.289840 -0.730853 -0.617937
vn -0.289840 -0.730853 -0.617937
vn -0.253901 -0.732227 -0.631963
vn -0.180391 -0.978220 -0.102683
vn -0.203037 -0.967423 -0.151221
vn -0.203037 -0.967423 -0.151221
vn -0.180391 -0.978220 -0.102683
vn 0.100602 -0.789491 0.605461
vn 0.220386 -0.804626 0.551368
vn 0.220386 -0.804626 0.551368
vn 0.100602 -0.789491 0.605461
vn 0.006912 0.071404 0.997424
vn 0.321282 0.066725 0.944630
vn 0.321282 0.066725 0.944630
vn 0.006912 0.071404 0.997424
vn -0.201205 0.721144 0.662924
vn 0.055524 0.774850 0.629702
vn 0.055524 0.774850 0.629702
vn -0.201205 0.721144 0.662924
vn -0.128124 0.991555 -0.020083
vn 0.067949 0.996549 -0.047679
vn 0.067949 0.996549 -0.047679
vn -0.128124 0.991555 -0.020083
vn 0.064415 0.735449 -0.674511
vn 0.206158 0.697297 -0.686495
vn -0.116296 -0.508801 -0.852993
vn 0.315827 0.697220 -0.643536
vn -0.000210 -0.228874 -0.973456
vn 0.315827 0.697220 -0.643536
vn -0.116296 -0.508801 -0.852993
vn 0.141633 0.480249 -0.865622
vn 0.315827 0.697220 -0.643536
vn 0.206158 0.697297 -0.686495
vn 0.027683 -0.112848 -0.993227
vn -0.000210 -0.228874 -0.973456
vn -0.000210 -0.228874 -0.973456
vn 0.027683 -0.112848 -0.993227
vn -0.289840 -0.730853 -0.617937
vn -0.450253 -0.716888 -0.532301
vn -0.450253 -0.716888 -0.532301
vn -0.289840 -0.730853 -0.617937
vn -0.203037 -0.967423 -0.151221
vn -0.299612 -0.914640 -0.271416
vn -0.299612 -0.914640 -0.271416
vn -0.203037 -0.967423 -0.151221
vn 0.220386 -0.804626 0.551368
vn 0.453717 -0.765265 0.456630
vn 0.453717 -0.765265 0.456630
vn 0.220386 -0.804626 0.551368
vn 0.321282 0.066725 0.944630
vn 0.523630 0.279506 0.804791
vn 0.523630 0.279506 0.804791
vn 0.321282 0.066725 0.944630
vn 0.055524 0.774850 0.629702
vn 0.292742 0.772951 0.562894
vn 0.292742 0.772951 0.562894
vn 0.055524 0.774850 0.629702
vn 0.067949 0.996549 -0.047679
vn 0.274739 0.961462 -0.010436
vn 0.274739 0.961462 -0.010436
vn 0.067949 0.996549 -0.047679
vn 0.206158 0.697297 -0.686495
vn 0.315827 0.697220 -0.643536
vn 0.388028 -0.905353 0.172539
vn -0.356866 -0.798644 -0.484577
vn 0.453717 -0.765265 0.456630
vn -0.761135 0.143843 -0.632442
vn -0.759351 -0.024922 -0.650204
vn 0.009586 0.005367 -0.999940
vn -0.028877 0.159782 -0.986730
vn -0.028877 0.159782 -0.986730
vn 0.009586 0.005367 -0.999940
vn 0.799342 -0.040248 -0.599527
vn 0.752795 0.094230 -0.651476
vn 0.752795 0.094230 -0.651476
vn 0.799342 -0.040248 -0.599527
vn 0.989696 -0.088923 0.112226
vn 0.986666 0.126699 0.102161
vn 0.986666 0.126699 0.102161
vn 0.989696 -0.088923 0.112226
vn 0.704015 -0.044515 0.708789
vn 0.669805 0.505011 0.544357
vn 0.669805 0.505011 0.544357
vn 0.704015 -0.044515 0.708789
vn -0.018635 0.039165 0.999059
vn -0.052254 0.717941 0.694140
vn -0.052254 0.717941 0.694140
vn -0.018635 0.039165 0.999059
vn -0.716395 0.000950 0.697695
vn -0.670653 0.542300 0.506098
vn -0.670653 0.542300 0.506098
vn -0.716395 0.000950 0.697695
vn -0.994461 -0.041886 0.096396
vn -0.978193 0.177033 0.108617
vn -0.978193 0.177033 0.108617
vn -0.994461 -0.041886 0.096396
vn -0.759351 -0.024922 -0.650204
vn -0.761135 0.143843 -0.632442
vn -0.759351 -0.024922 -0.650204
vn -0.724678 -0.064929 -0.686022
vn 0.014441 -0.063752 -0.997861
vn 0.009586 0.005367 -0.999940
vn 0.009586 0.005367 -0.999940
vn 0.014441 -0.063752 -0.997861
vn 0.768232 -0.071310 -0.636187
vn 0.799342 -0.040248 -0.599527
vn 0.799342 -0.040248 -0.599527
vn 0.768232 -0.071310 -0.636187
vn 0.991596 -0.090690 0.092267
vn 0.989696 -0.088923 0.112226
vn 0.989696 -0.088923 0.112226
vn 0.991596 -0.090690 0.092267
vn 0.657550 -0.084101 0.748702
vn 0.704015 -0.044515 0.708789
vn 0.704015 -0.044515 0.708789
vn 0.657550 -0.084101 0.748702
vn -0.018234 -0.067237 0.997570
vn -0.018635 0.039165 0.999059
vn -0.018635 0.039165 0.999059
vn -0.018234 -0.067237 0.997570
vn -0.712633 -0.068527 0.698182
vn -0.716395 0.000950 0.697695
vn -0.716395 0.000950 0.697695
vn -0.712633 -0.068527 0.698182
vn -0.997088 -0.069635 0.031077
vn -0.994461 -0.041886 0.096396
vn -0.994461 -0.041886 0.096396
vn -0.997088 -0.069635 0.031077
vn -0.724678 -0.064929 -0.686022
vn -0.759351 -0.024922 -0.650204
vn -0.724678 -0.064929 -0.686022
vn -0.705742 -0.081644 -0.703749
vn 0.001495 -0.108770 -0.994066
vn 0.014441 -0.063752 -0.997861
vn 0.014441 -0.063752 -0.997861
vn 0.001495 -0.108770 -0.994066
vn 0.745551 -0.115371 -0.656386
vn 0.768232 -0.071310 -0.636187
vn 0.768232 -0.071310 -0.636187
vn 0.745551 -0.115371 -0.656386
vn 0.989740 -0.126604 0.066225
vn 0.991596 -0.090690 0.092267
vn 0.991596 -0.090690 0.092267
vn 0.989740 -0.126604 0.066225
vn 0.633079 -0.148876 0.759636
vn 0.657550 -0.084101 0.748702
vn 0.657550 -0.084101 0.748702
vn 0.633079 -0.148876 0.759636
vn -0.058419 -0.133118 0.989377
vn -0.018234 -0.067237 0.997570
vn -0.018234 -0.067237 0.997570
vn -0.058419 -0.133118 0.989377
vn -0.729370 -0.106022 0.675854
vn -0.712633 -0.068527 0.698182
vn -0.712633 -0.068527 0.698182
vn -0.729370 -0.106022 0.675854
vn -0.996519 -0.082521 -0.011810
vn -0.997088 -0.069635 0.031077
vn -0.997088 -0.069635 0.031077
vn -0.996519 -0.082521 -0.011810
vn -0.705742 -0.081644 -0.703749
vn -0.724678 -0.064929 -0.686022
vn -0.719226 -0.291721 -0.630565
vn -0.686924 -0.557372 -0.466339
vn -0.271046 -0.720373 -0.638434
vn -0.151040 -0.465138 -0.872258
vn -0.151040 -0.465138 -0.872258
vn -0.271046 -0.720373 -0.638434
vn 0.001913 -0.884273 -0.466966
vn 0.510231 -0.595175 -0.620831
vn 0.510231 -0.595175 -0.620831
vn 0.001913 -0.884273 -0.466966
vn 0.064255 -0.996016 0.061835
vn 0.809498 -0.587039 -0.009891
vn 0.809498 -0.587039 -0.009891
vn 0.064255 -0.996016 0.061835
vn 0.165974 -0.828760 0.534424
vn 0.514680 -0.421984 0.746347
vn 0.514680 -0.421984 0.746347
vn 0.165974 -0.828760 0.534424
vn -0.297704 -0.700607 0.648477
vn -0.163625 -0.291941 0.942336
vn -0.163625 -0.291941 0.942336
vn -0.297704 -0.700607 0.648477
vn -0.696742 -0.511146 0.503269
vn -0.736914 -0.202868 0.644827
vn -0.736914 -0.202868 0.644827
vn -0.696742 -0.511146 0.503269
vn -0.888600 -0.458482 -0.013591
vn -0.982044 -0.185116 -0.036363
vn -0.982044 -0.185116 -0.036363
vn -0.888600 -0.458482 -0.013591
vn -0.686924 -0.557372 -0.466339
vn -0.719226 -0.291721 -0.630565
vn -0.705742 -0.081644 -0.703749
vn -0.719226 -0.291721 -0.630565
vn -0.151040 -0.465138 -0.872258
vn 0.001495 -0.108770 -0.994066
vn 0.001495 -0.108770 -0.994066
vn -0.151040 -0.465138 -0.872258
vn 0.510231 -0.595175 -0.620831
vn 0.745551 -0.115371 -0.656386
vn 0.745551 -0.115371 -0.656386
vn 0.510231 -0.595175 -0.620831
vn 0.809498 -0.587039 -0.009891
vn 0.989740 -0.126604 0.066225
vn 0.989740 -0.126604 0.066225
vn 0.809498 -0.587039 -0.009891
vn 0.514680 -0.421984 0.746347
vn 0.633079 -0.148876 0.759636
vn 0.633079 -0.148876 0.759636
vn 0.514680 -0.421984 0.746347
vn -0.163625 -0.291941 0.942336
vn -0.058419 -0.133118 0.989377
vn -0.058419 -0.133118 0.989377
vn -0.163625 -0.291941 0.942336
vn -0.736914 -0.202868 0.644827
vn -0.729370 -0.106022 0.675854
vn -0.729370 -0.106022 0.675854
vn -0.736914 -0.202868 0.644827
vn -0.982044 -0.185116 -0.036363
vn -0.996519 -0.082521 -0.011810
vn -0.996519 -0.082521 -0.011810
vn -0.982044 -0.185116 -0.036363
vn -0.719226 -0.291721 -0.630565
vn -0.705742 -0.081644 -0.703749
vn 0.004420 0.956720 0.290975
vn 0.217062 0.933881 0.284166
vn 0.285814 0.942422 0.173642
vn 0.002952 0.982958 0.183805
vn -0.220849 0.938232 0.266358
vn 0.004420 0.956720 0.290975
vn 0.002952 0.982958 0.183805
vn -0.277353 0.945413 0.171086
vn -0.888007 0.458914 0.029001
vn -0.897799 0.427992 -0.103827
vn -0.818882 0.572596 0.039580
vn -0.698858 0.696251 0.163808
vn -0.674267 0.663142 0.324973
vn -0.480342 0.837595 0.260204
vn -0.510009 0.845776 0.156694
vn -0.726732 0.662662 0.180941
vn -0.783053 0.367275 -0.501933
vn -0.763534 0.401372 -0.505881
vn -0.897799 0.427992 -0.103827
vn -0.888007 0.458914 0.029001
vn -0.032161 0.398982 -0.916395
vn -0.111152 0.485817 -0.866964
vn -0.763534 0.401372 -0.505881
vn -0.783053 0.367275 -0.501933
vn -0.111152 0.485817 -0.866964
vn -0.032161 0.398982 -0.916395
vn 0.782050 0.310359 -0.540439
vn 0.717960 0.410277 -0.562323
vn 0.902235 0.431053 0.012891
vn 0.896345 0.426374 -0.121532
vn 0.717960 0.410277 -0.562323
vn 0.782050 0.310359 -0.540439
vn 0.713622 0.678789 0.173172
vn 0.823482 0.566066 0.038027
vn 0.896345 0.426374 -0.121532
vn 0.902235 0.431053 0.012891
vn 0.485375 0.825063 0.289278
vn 0.657843 0.651214 0.378369
vn 0.733397 0.649185 0.201715
vn 0.520129 0.837391 0.168055
vn 0.667352 -0.251103 -0.701133
vn 0.408624 -0.857243 -0.313306
vn -0.058626 -0.847188 -0.528048
vn -0.111126 -0.249791 -0.961902
vn -0.111126 -0.249791 -0.961902
vn -0.058626 -0.847188 -0.528048
vn -0.534237 -0.765394 -0.358836
vn -0.770323 -0.227731 -0.595601
vn -0.695001 -0.681531 0.229106
vn -0.931164 0.056365 0.360217
vn -0.983068 -0.066224 0.170856
vn -0.678816 -0.725324 0.114511
vn -0.697877 -0.715672 -0.027964
vn -0.975191 -0.218648 -0.034581
vn -0.951470 -0.237458 -0.195749
vn -0.708052 -0.695234 -0.123742
vn -0.708052 -0.695234 -0.123742
vn -0.951470 -0.237458 -0.195749
vn -0.770323 -0.227731 -0.595601
vn -0.534237 -0.765394 -0.358836
vn 0.408624 -0.857243 -0.313306
vn 0.667352 -0.251103 -0.701133
vn 0.940301 -0.257917 -0.222065
vn 0.460554 -0.882806 -0.092433
vn 0.963170 -0.266202 -0.037961
vn 0.408746 -0.912406 -0.021028
vn 0.460554 -0.882806 -0.092433
vn 0.940301 -0.257917 -0.222065
vn 0.892136 0.008617 0.451684
vn 0.437652 -0.872722 0.216373
vn 0.405939 -0.910192 0.082245
vn 0.972376 -0.125913 0.196546
vn -0.016432 -0.996483 -0.082167
vn -0.002250 -0.999995 -0.002137
vn -0.119247 -0.992616 -0.022202
vn -0.126605 -0.987998 -0.088497
vn -0.016432 -0.996483 -0.082167
vn 0.092006 -0.992211 -0.083984
vn 0.099064 -0.994955 -0.015863
vn -0.002250 -0.999995 -0.002137
vn -0.002250 -0.999995 -0.002137
vn 0.099064 -0.994955 -0.015863
vn 0.087164 -0.996184 -0.004561
vn 0.000000 -1.000000 0.000000
vn -0.108946 -0.994039 -0.004139
vn -0.119247 -0.992616 -0.022202
vn -0.002250 -0.999995 -0.002137
vn 0.000000 -1.000000 0.000000
vn 0.000000 -1.000000 0.000000
vn 0.000000 -1.000000 0.000000
vn -0.118940 -0.992519 0.027543
vn -0.115235 -0.993186 0.017392
vn 0.089365 -0.995329 0.036534
vn 0.000000 -1.000000 0.000000
vn 0.000000 -1.000000 0.000000
vn 0.083257 -0.996402 0.015880
vn 0.437652 -0.872722 0.216373
vn 0.892136 0.008617 0.451684
vn 0.488842 0.097843 0.866868
vn 0.346668 -0.818590 0.457964
vn 0.329238 0.816046 0.475049
vn 0.385322 0.698242 0.603312
vn 0.657843 0.651214 0.378369
vn 0.485375 0.825063 0.289278
vn 0.127617 0.900355 0.416022
vn 0.217062 0.933881 0.284166
vn 0.004420 0.956720 0.290975
vn 0.006416 0.906967 0.421152
vn -0.480342 0.837595 0.260204
vn -0.674267 0.663142 0.324973
vn -0.461687 0.685315 0.563195
vn -0.358592 0.819922 0.446251
vn 0.006416 0.906967 0.421152
vn 0.004420 0.956720 0.290975
vn -0.220849 0.938232 0.266358
vn -0.135516 0.908585 0.395105
vn -0.931164 0.056365 0.360217
vn -0.695001 -0.681531 0.229106
vn -0.522764 -0.693010 0.496442
vn -0.648701 0.079034 0.756928
vn -0.129920 -0.988332 0.079499
vn -0.118940 -0.992519 0.027543
vn 0.000000 -1.000000 0.000000
vn -0.007953 -0.998022 0.062362
vn -0.007953 -0.998022 0.062362
vn 0.000000 -1.000000 0.000000
vn 0.089365 -0.995329 0.036534
vn 0.092559 -0.993646 0.064037
vn -0.149743 0.063611 0.986677
vn -0.067674 -0.809469 0.583250
vn 0.346668 -0.818590 0.457964
vn 0.488842 0.097843 0.866868
vn -0.067674 -0.809469 0.583250
vn -0.149743 0.063611 0.986677
vn -0.648701 0.079034 0.756928
vn -0.522764 -0.693010 0.496442
vn -0.059668 0.711187 0.700467
vn -0.036960 0.792918 0.608207
vn -0.358592 0.819922 0.446251
vn -0.461687 0.685315 0.563195
vn 0.385322 0.698242 0.603312
vn 0.329238 0.816046 0.475049
vn -0.036960 0.792918 0.608207
vn -0.059668 0.711187 0.700467
vn 0.285814 0.942422 0.173642
vn 0.353065 0.915817 0.191375
vn -0.024818 0.979754 0.198659
vn 0.002952 0.982958 0.183805
vn 0.520129 0.837391 0.168055
vn 0.733397 0.649185 0.201715
vn 0.763013 0.638797 0.098738
vn 0.575650 0.806366 0.135652
vn 0.972376 -0.125913 0.196546
vn 0.405939 -0.910192 0.082245
vn 0.402578 -0.915277 0.014095
vn 0.974051 -0.217051 0.064146
vn 0.000000 -1.000000 0.000000
vn 0.000000 -1.000000 0.000000
vn 0.087239 -0.996186 0.001543
vn 0.083257 -0.996402 0.015880
vn 0.000000 -1.000000 0.000000
vn 0.000000 -1.000000 0.000000
vn -0.115235 -0.993186 0.017392
vn -0.115356 -0.993296 0.007485
vn -0.985686 -0.155926 0.064104
vn -0.690736 -0.722189 0.036435
vn -0.678816 -0.725324 0.114511
vn -0.983068 -0.066224 0.170856
vn -0.563478 0.816588 0.125208
vn -0.759624 0.643429 0.094713
vn -0.726732 0.662662 0.180941
vn -0.510009 0.845776 0.156694
vn 0.002952 0.982958 0.183805
vn -0.024818 0.979754 0.198659
vn -0.344834 0.922990 0.170818
vn -0.277353 0.945413 0.171086
vn 0.823482 0.566066 0.038027
vn 0.713622 0.678789 0.173172
vn 0.575650 0.806366 0.135652
vn 0.763013 0.638797 0.098738
vn 0.408746 -0.912406 -0.021028
vn 0.963170 -0.266202 -0.037961
vn 0.974051 -0.217051 0.064146
vn 0.402578 -0.915277 0.014095
vn 0.000000 -1.000000 0.000000
vn 0.000000 -1.000000 0.000000
vn 0.087164 -0.996184 -0.004561
vn 0.087239 -0.996186 0.001543
vn -0.108946 -0.994039 -0.004139
vn 0.000000 -1.000000 0.000000
vn 0.000000 -1.000000 0.000000
vn -0.115356 -0.993296 0.007485
vn -0.975191 -0.218648 -0.034581
vn -0.697877 -0.715672 -0.027964
vn -0.690736 -0.722189 0.036435
vn -0.985686 -0.155926 0.064104
vn -0.698858 0.696251 0.163808
vn -0.818882 0.572596 0.039580
vn -0.759624 0.643429 0.094713
vn -0.563478 0.816588 0.125208
vn -0.024818 0.979754 0.198659
vn -0.052254 0.717941 0.694140
vn -0.670653 0.542300 0.506098
vn -0.344834 0.922990 0.170818
vn 0.353065 0.915817 0.191375
vn 0.669805 0.505011 0.544357
vn -0.052254 0.717941 0.694140
vn -0.024818 0.979754 0.198659
vn -0.111152 0.485817 -0.866964
vn -0.064383 0.202044 -0.977258
vn -0.772192 0.119704 -0.624011
vn -0.763534 0.401372 -0.505881
vn -0.971714 0.130295 -0.196965
vn -0.897799 0.427992 -0.103827
vn -0.763534 0.401372 -0.505881
vn -0.772192 0.119704 -0.624011
vn -0.974696 0.222819 -0.017874
vn -0.818882 0.572596 0.039580
vn -0.897799 0.427992 -0.103827
vn -0.971714 0.130295 -0.196965
vn -0.759624 0.643429 0.094713
vn -0.818882 0.572596 0.039580
vn -0.974696 0.222819 -0.017874
vn -0.952335 0.292903 0.085236
vn -0.726732 0.662662 0.180941
vn -0.759624 0.643429 0.094713
vn -0.952335 0.292903 0.085236
vn -0.913824 0.355178 0.196914
vn -0.818102 0.432114 0.379457
vn -0.674267 0.663142 0.324973
vn -0.726732 0.662662 0.180941
vn -0.913824 0.355178 0.196914
vn -0.674267 0.663142 0.324973
vn -0.818102 0.432114 0.379457
vn -0.537756 0.472548 0.698224
vn -0.461687 0.685315 0.563195
vn -0.093078 0.486531 0.868691
vn -0.059668 0.711187 0.700467
vn -0.461687 0.685315 0.563195
vn -0.537756 0.472548 0.698224
vn -0.059668 0.711187 0.700467
vn -0.093078 0.486531 0.868691
vn 0.466144 0.459090 0.756271
vn 0.385322 0.698242 0.603312
vn 0.817244 0.358088 0.451537
vn 0.657843 0.651214 0.378369
vn 0.385322 0.698242 0.603312
vn 0.466144 0.459090 0.756271
vn 0.733397 0.649185 0.201715
vn 0.657843 0.651214 0.378369
vn 0.817244 0.358088 0.451537
vn 0.933328 0.278859 0.226133
vn 0.763013 0.638797 0.098738
vn 0.733397 0.649185 0.201715
vn 0.933328 0.278859 0.226133
vn 0.973669 0.211166 0.085899
vn 0.989264 0.144593 -0.021230
vn 0.823482 0.566066 0.038027
vn 0.763013 0.638797 0.098738
vn 0.973669 0.211166 0.085899
vn 0.823482 0.566066 0.038027
vn 0.989264 0.144593 -0.021230
vn 0.970324 0.091223 -0.223942
vn 0.896345 0.426374 -0.121532
vn 0.703577 0.169223 -0.690176
vn 0.717960 0.410277 -0.562323
vn 0.896345 0.426374 -0.121532
vn 0.970324 0.091223 -0.223942
vn 0.717960 0.410277 -0.562323
vn 0.703577 0.169223 -0.690176
vn -0.064383 0.202044 -0.977258
vn -0.111152 0.485817 -0.866964
vn 0.092006 -0.992211 -0.083984
vn 0.408624 -0.857243 -0.313306
vn 0.460554 -0.882806 -0.092433
vn 0.099064 -0.994955 -0.015863
vn 0.408746 -0.912406 -0.021028
vn 0.087164 -0.996184 -0.004561
vn 0.099064 -0.994955 -0.015863
vn 0.460554 -0.882806 -0.092433
vn 0.087164 -0.996184 -0.004561
vn 0.408746 -0.912406 -0.021028
vn 0.402578 -0.915277 0.014095
vn 0.087239 -0.996186 0.001543
vn 0.405939 -0.910192 0.082245
vn 0.083257 -0.996402 0.015880
vn 0.087239 -0.996186 0.001543
vn 0.402578 -0.915277 0.014095
vn 0.437652 -0.872722 0.216373
vn 0.089365 -0.995329 0.036534
vn 0.083257 -0.996402 0.015880
vn 0.405939 -0.910192 0.082245
vn 0.089365 -0.995329 0.036534
vn 0.437652 -0.872722 0.216373
vn 0.346668 -0.818590 0.457964
vn 0.092559 -0.993646 0.064037
vn -0.067674 -0.809469 0.583250
vn -0.007953 -0.998022 0.062362
vn 0.092559 -0.993646 0.064037
vn 0.346668 -0.818590 0.457964
vn -0.007953 -0.998022 0.062362
vn -0.067674 -0.809469 0.583250
vn -0.522764 -0.693010 0.496442
vn -0.129920 -0.988332 0.079499
vn -0.695001 -0.681531 0.229106
vn -0.118940 -0.992519 0.027543
vn -0.129920 -0.988332 0.079499
vn -0.522764 -0.693010 0.496442
vn -0.118940 -0.992519 0.027543
vn -0.695001 -0.681531 0.229106
vn -0.678816 -0.725324 0.114511
vn -0.115235 -0.993186 0.017392
vn -0.690736 -0.722189 0.036435
vn -0.115356 -0.993296 0.007485
vn -0.115235 -0.993186 0.017392
vn -0.678816 -0.725324 0.114511
vn -0.697877 -0.715672 -0.027964
vn -0.108946 -0.994039 -0.004139
vn -0.115356 -0.993296 0.007485
vn -0.690736 -0.722189 0.036435
vn -0.108946 -0.994039 -0.004139
vn -0.697877 -0.715672 -0.027964
vn -0.708052 -0.695234 -0.123742
vn -0.119247 -0.992616 -0.022202
vn -0.119247 -0.992616 -0.022202
vn -0.708052 -0.695234 -0.123742
vn -0.534237 -0.765394 -0.358836
vn -0.126605 -0.987998 -0.088497
vn -0.058626 -0.847188 -0.528048
vn -0.016432 -0.996483 -0.082167
vn -0.126605 -0.987998 -0.088497
vn -0.534237 -0.765394 -0.358836
vn 0.408624 -0.857243 -0.313306
vn 0.092006 -0.992211 -0.083984
vn -0.016432 -0.996483 -0.082167
vn -0.058626 -0.847188 -0.528048
vn -0.344834 0.922990 0.170818
vn -0.670653 0.542300 0.506098
vn -0.698858 0.696251 0.163808
vn -0.563478 0.816588 0.125208
vn -0.277353 0.945413 0.171086
vn -0.344834 0.922990 0.170818
vn -0.563478 0.816588 0.125208
vn -0.510009 0.845776 0.156694
vn -0.480342 0.837595 0.260204
vn -0.220849 0.938232 0.266358
vn -0.277353 0.945413 0.171086
vn -0.510009 0.845776 0.156694
vn -0.220849 0.938232 0.266358
vn -0.480342 0.837595 0.260204
vn -0.358592 0.819922 0.446251
vn -0.135516 0.908585 0.395105
vn -0.036960 0.792918 0.608207
vn 0.006416 0.906967 0.421152
vn -0.135516 0.908585 0.395105
vn -0.358592 0.819922 0.446251
vn 0.329238 0.816046 0.475049
vn 0.127617 0.900355 0.416022
vn 0.006416 0.906967 0.421152
vn -0.036960 0.792918 0.608207
vn 0.127617 0.900355 0.416022
vn 0.329238 0.816046 0.475049
vn 0.485375 0.825063 0.289278
vn 0.217062 0.933881 0.284166
vn 0.285814 0.942422 0.173642
vn 0.217062 0.933881 0.284166
vn 0.485375 0.825063 0.289278
vn 0.520129 0.837391 0.168055
vn 0.353065 0.915817 0.191375
vn 0.285814 0.942422 0.173642
vn 0.520129 0.837391 0.168055
vn 0.575650 0.806366 0.135652
vn 0.713622 0.678789 0.173172
vn 0.669805 0.505011 0.544357
vn 0.353065 0.915817 0.191375
vn 0.575650 0.806366 0.135652
vn 0.669805 0.505011 0.544357
vn 0.713622 0.678789 0.173172
vn 0.902235 0.431053 0.012891
vn 0.986666 0.126699 0.102161
vn 0.986666 0.126699 0.102161
vn 0.902235 0.431053 0.012891
vn 0.782050 0.310359 -0.540439
vn 0.752795 0.094230 -0.651476
vn -0.032161 0.398982 -0.916395
vn -0.028877 0.159782 -0.986730
vn 0.752795 0.094230 -0.651476
vn 0.782050 0.310359 -0.540439
vn -0.028877 0.159782 -0.986730
vn -0.032161 0.398982 -0.916395
vn -0.783053 0.367275 -0.501933
vn -0.761135 0.143843 -0.632442
vn -0.761135 0.143843 -0.632442
vn -0.783053 0.367275 -0.501933
vn -0.888007 0.458914 0.029001
vn -0.978193 0.177033 0.108617
vn -0.670653 0.542300 0.506098
vn -0.978193 0.177033 0.108617
vn -0.888007 0.458914 0.029001
vn -0.698858 0.696251 0.163808
vn -0.064383 0.202044 -0.977258
vn -0.111126 -0.249791 -0.961902
vn -0.770323 -0.227731 -0.595601
vn -0.772192 0.119704 -0.624011
vn -0.951470 -0.237458 -0.195749
vn -0.971714 0.130295 -0.196965
vn -0.772192 0.119704 -0.624011
vn -0.770323 -0.227731 -0.595601
vn -0.975191 -0.218648 -0.034581
vn -0.974696 0.222819 -0.017874
vn -0.971714 0.130295 -0.196965
vn -0.951470 -0.237458 -0.195749
vn -0.974696 0.222819 -0.017874
vn -0.975191 -0.218648 -0.034581
vn -0.985686 -0.155926 0.064104
vn -0.952335 0.292903 0.085236
vn -0.952335 0.292903 0.085236
vn -0.985686 -0.155926 0.064104
vn -0.983068 -0.066224 0.170856
vn -0.913824 0.355178 0.196914
vn -0.931164 0.056365 0.360217
vn -0.818102 0.432114 0.379457
vn -0.913824 0.355178 0.196914
vn -0.983068 -0.066224 0.170856
vn -0.818102 0.432114 0.379457
vn -0.931164 0.056365 0.360217
vn -0.648701 0.079034 0.756928
vn -0.537756 0.472548 0.698224
vn -0.149743 0.063611 0.986677
vn -0.093078 0.486531 0.868691
vn -0.537756 0.472548 0.698224
vn -0.648701 0.079034 0.756928
vn -0.093078 0.486531 0.868691
vn -0.149743 0.063611 0.986677
vn 0.488842 0.097843 0.866868
vn 0.466144 0.459090 0.756271
vn 0.892136 0.008617 0.451684
vn 0.817244 0.358088 0.451537
vn 0.466144 0.459090 0.756271
vn 0.488842 0.097843 0.866868
vn 0.817244 0.358088 0.451537
vn 0.892136 0.008617 0.451684
vn 0.972376 -0.125913 0.196546
vn 0.933328 0.278859 0.226133
vn 0.933328 0.278859 0.226133
vn 0.972376 -0.125913 0.196546
vn 0.974051 -0.217051 0.064146
vn 0.973669 0.211166 0.085899
vn 0.963170 -0.266202 -0.037961
vn 0.989264 0.144593 -0.021230
vn 0.973669 0.211166 0.085899
vn 0.974051 -0.217051 0.064146
vn 0.989264 0.144593 -0.021230
vn 0.963170 -0.266202 -0.037961
vn 0.940301 -0.257917 -0.222065
vn 0.970324 0.091223 -0.223942
vn 0.667352 -0.251103 -0.701133
vn 0.703577 0.169223 -0.690176
vn 0.970324 0.091223 -0.223942
vn 0.940301 -0.257917 -0.222065
vn 0.703577 0.169223 -0.690176
vn 0.667352 -0.251103 -0.701133
vn -0.111126 -0.249791 -0.961902
vn -0.064383 0.202044 -0.977258
vn 0.010431 0.699857 -0.714207
vn 0.007071 0.686114 -0.727460
vn 0.004768 -0.026226 -0.999645
vn 0.022692 -0.008326 -0.999708
vn 0.022692 -0.008326 -0.999708
vn 0.004768 -0.026226 -0.999645
vn -0.010972 -0.716675 -0.697321
vn 0.018542 -0.702577 -0.711366
vn 0.018542 -0.702577 -0.711366
vn -0.010972 -0.716675 -0.697321
vn -0.026874 -0.999512 0.015925
vn -0.002162 -0.999981 -0.005809
vn -0.002162 -0.999981 -0.005809
vn -0.026874 -0.999512 0.015925
vn -0.035174 -0.693739 0.719367
vn -0.027758 -0.709130 0.704531
vn -0.027758 -0.709130 0.704531
vn -0.035174 -0.693739 0.719367
vn -0.037276 0.017554 0.999151
vn -0.044998 0.004844 0.998975
vn -0.044998 0.004844 0.998975
vn -0.037276 0.017554 0.999151
vn -0.027840 0.720801 0.692583
vn -0.041135 0.715240 0.697668
vn -0.041135 0.715240 0.697668
vn -0.027840 0.720801 0.692583
vn -0.007629 0.999579 -0.028004
vn -0.015398 0.999649 -0.021539
vn -0.015398 0.999649 -0.021539
vn -0.007629 0.999579 -0.028004
vn 0.007071 0.686114 -0.727460
vn 0.010431 0.699857 -0.714207
vn 0.007071 0.686114 -0.727460
vn -0.016950 0.671718 -0.740613
vn -0.054191 -0.048109 -0.997371
vn 0.004768 -0.026226 -0.999645
vn 0.004768 -0.026226 -0.999645
vn -0.054191 -0.048109 -0.997371
vn -0.106215 -0.729023 -0.676198
vn -0.010972 -0.716675 -0.697321
vn -0.010972 -0.716675 -0.697321
vn -0.106215 -0.729023 -0.676198
vn -0.129960 -0.989859 0.057351
vn -0.026874 -0.999512 0.015925
vn -0.026874 -0.999512 0.015925
vn -0.129960 -0.989859 0.057351
vn -0.105667 -0.661219 0.742714
vn -0.035174 -0.693739 0.719367
vn -0.035174 -0.693739 0.719367
vn -0.105667 -0.661219 0.742714
vn -0.060645 0.038148 0.997430
vn -0.037276 0.017554 0.999151
vn -0.037276 0.017554 0.999151
vn -0.060645 0.038148 0.997430
vn -0.016371 0.733177 0.679841
vn -0.027840 0.720801 0.692583
vn -0.027840 0.720801 0.692583
vn -0.016371 0.733177 0.679841
vn -0.000036 0.999435 -0.033602
vn -0.007629 0.999579 -0.028004
vn -0.007629 0.999579 -0.028004
vn -0.000036 0.999435 -0.033602
vn -0.016950 0.671718 -0.740613
vn 0.007071 0.686114 -0.727460
vn -0.091442 0.679296 -0.728145
vn -0.368212 0.592131 -0.716799
vn -0.544564 -0.087948 -0.834096
vn -0.186263 -0.057582 -0.980811
vn -0.186263 -0.057582 -0.980811
vn -0.544564 -0.087948 -0.834096
vn -0.674850 -0.508974 -0.534344
vn -0.264356 -0.709180 -0.653590
vn -0.264356 -0.709180 -0.653590
vn -0.674850 -0.508974 -0.534344
vn -0.792976 -0.591155 0.147391
vn -0.333349 -0.936964 0.104775
vn -0.333349 -0.936964 0.104775
vn -0.792976 -0.591155 0.147391
vn -0.757891 -0.169131 0.630076
vn -0.316061 -0.547338 0.774937
vn -0.316061 -0.547338 0.774937
vn -0.757891 -0.169131 0.630076
vn -0.530663 0.316425 0.786303
vn -0.164460 0.123225 0.978657
vn -0.164460 0.123225 0.978657
vn -0.530663 0.316425 0.786303
vn -0.282057 0.792910 0.540127
vn -0.022665 0.759123 0.650553
vn -0.022665 0.759123 0.650553
vn -0.282057 0.792910 0.540127
vn -0.223605 0.974668 -0.004827
vn -0.008791 0.999931 -0.007844
vn -0.008791 0.999931 -0.007844
vn -0.223605 0.974668 -0.004827
vn -0.368212 0.592131 -0.716799
vn -0.091442 0.679296 -0.728145
vn -0.016950 0.671718 -0.740613
vn -0.091442 0.679296 -0.728145
vn -0.186263 -0.057582 -0.980811
vn -0.054191 -0.048109 -0.997371
vn -0.054191 -0.048109 -0.997371
vn -0.186263 -0.057582 -0.980811
vn -0.264356 -0.709180 -0.653590
vn -0.106215 -0.729023 -0.676198
vn -0.106215 -0.729023 -0.676198
vn -0.264356 -0.709180 -0.653590
vn -0.333349 -0.936964 0.104775
vn -0.129960 -0.989859 0.057351
vn -0.129960 -0.989859 0.057351
vn -0.333349 -0.936964 0.104775
vn -0.316061 -0.547338 0.774937
vn -0.105667 -0.661219 0.742714
vn -0.105667 -0.661219 0.742714
vn -0.316061 -0.547338 0.774937
vn -0.164460 0.123225 0.978657
vn -0.060645 0.038148 0.997430
vn -0.060645 0.038148 0.997430
vn -0.164460 0.123225 0.978657
vn -0.022665 0.759123 0.650553
vn -0.016371 0.733177 0.679841
vn -0.016371 0.733177 0.679841
vn -0.022665 0.759123 0.650553
vn -0.008791 0.999931 -0.007844
vn -0.000036 0.999435 -0.033602
vn -0.000036 0.999435 -0.033602
vn -0.008791 0.999931 -0.007844
vn -0.091442 0.679296 -0.728145
vn -0.016950 0.671718 -0.740613
vn 0.761135 0.143843 -0.632442
vn 0.028877 0.159782 -0.986730
vn -0.009586 0.005367 -0.999940
vn 0.759351 -0.024922 -0.650204
vn 0.028877 0.159782 -0.986730
vn -0.752795 0.094230 -0.651476
vn -0.799342 -0.040248 -0.599527
vn -0.009586 0.005367 -0.999940
vn -0.752795 0.094230 -0.651476
vn -0.986666 0.126699 0.102161
vn -0.989696 -0.088923 0.112226
vn -0.799342 -0.040248 -0.599527
vn -0.986666 0.126699 0.102161
vn -0.669805 0.505011 0.544357
vn -0.704015 -0.044515 0.708789
vn -0.989696 -0.088923 0.112226
vn -0.669805 0.505011 0.544357
vn 0.052254 0.717941 0.694140
vn 0.018635 0.039165 0.999059
vn -0.704015 -0.044515 0.708789
vn 0.052254 0.717941 0.694140
vn 0.670653 0.542300 0.506098
vn 0.716395 0.000950 0.697695
vn 0.018635 0.039165 0.999059
vn 0.670653 0.542300 0.506098
vn 0.978193 0.177033 0.108617
vn 0.994461 -0.041886 0.096396
vn 0.716395 0.000950 0.697695
vn 0.978193 0.177033 0.108617
vn 0.761135 0.143843 -0.632442
vn 0.759351 -0.024922 -0.650204
vn 0.994461 -0.041886 0.096396
vn 0.759351 -0.024922 -0.650204
vn -0.009586 0.005367 -0.999940
vn -0.014441 -0.063752 -0.997861
vn 0.724678 -0.064929 -0.686022
vn -0.009586 0.005367 -0.999940
vn -0.799342 -0.040248 -0.599527
vn -0.768232 -0.071310 -0.636187
vn -0.014441 -0.063752 -0.997861
vn -0.799342 -0.040248 -0.599527
vn -0.989696 -0.088923 0.112226
vn -0.991596 -0.090690 0.092267
vn -0.768232 -0.071310 -0.636187
vn -0.989696 -0.088923 0.112226
vn -0.704015 -0.044515 0.708789
vn -0.657550 -0.084101 0.748702
vn -0.991596 -0.090690 0.092267
vn -0.704015 -0.044515 0.708789
vn 0.018635 0.039165 0.999059
vn 0.018234 -0.067237 0.997570
vn -0.657550 -0.084101 0.748702
vn 0.018635 0.039165 0.999059
vn 0.716395 0.000950 0.697695
vn 0.712633 -0.068527 0.698182
vn 0.018234 -0.067237 0.997570
vn 0.716395 0.000950 0.697695
vn 0.994461 -0.041886 0.096396
vn 0.997088 -0.069635 0.031077
vn 0.712633 -0.068527 0.698182
vn 0.994461 -0.041886 0.096396
vn 0.759351 -0.024922 -0.650204
vn 0.724678 -0.064929 -0.686022
vn 0.997088 -0.069635 0.031077
vn 0.724678 -0.064929 -0.686022
vn -0.014441 -0.063752 -0.997861
vn -0.001495 -0.108770 -0.994066
vn 0.705742 -0.081644 -0.703749
vn -0.014441 -0.063752 -0.997861
vn -0.768232 -0.071310 -0.636187
vn -0.745551 -0.115371 -0.656386
vn -0.001495 -0.108770 -0.994066
vn -0.768232 -0.071310 -0.636187
vn -0.991596 -0.090690 0.092267
vn -0.989740 -0.126604 0.066225
vn -0.745551 -0.115371 -0.656386
vn -0.991596 -0.090690 0.092267
vn -0.657550 -0.084101 0.748702
vn -0.633079 -0.148876 0.759636
vn -0.989740 -0.126604 0.066225
vn -0.657550 -0.084101 0.748702
vn 0.018234 -0.067237 0.997570
vn 0.058419 -0.133118 0.989377
vn -0.633079 -0.148876 0.759636
vn 0.018234 -0.067237 0.997570
vn 0.712633 -0.068527 0.698182
vn 0.729370 -0.106022 0.675854
vn 0.058419 -0.133118 0.989377
vn 0.712633 -0.068527 0.698182
vn 0.997088 -0.069635 0.031077
vn 0.996519 -0.082521 -0.011810
vn 0.729370 -0.106022 0.675854
vn 0.997088 -0.069635 0.031077
vn 0.724678 -0.064929 -0.686022
vn 0.705742 -0.081644 -0.703749
vn 0.996519 -0.082521 -0.011810
vn 0.719226 -0.291721 -0.630565
vn 0.151040 -0.465138 -0.872258
vn 0.271046 -0.720373 -0.638434
vn 0.686924 -0.557372 -0.466339
vn 0.151040 -0.465138 -0.872258
vn -0.510231 -0.595175 -0.620831
vn -0.001913 -0.884273 -0.466966
vn 0.271046 -0.720373 -0.638434
vn -0.510231 -0.595175 -0.620831
vn -0.809498 -0.587039 -0.009891
vn -0.064255 -0.996016 0.061835
vn -0.001913 -0.884273 -0.466966
vn -0.809498 -0.587039 -0.009891
vn -0.514680 -0.421984 0.746347
vn -0.165974 -0.828760 0.534424
vn -0.064255 -0.996016 0.061835
vn -0.514680 -0.421984 0.746347
vn 0.163625 -0.291941 0.942336
vn 0.297704 -0.700607 0.648477
vn -0.165974 -0.828760 0.534424
vn 0.163625 -0.291941 0.942336
vn 0.736914 -0.202868 0.644827
vn 0.696742 -0.511146 0.503269
vn 0.297704 -0.700607 0.648477
vn 0.736914 -0.202868 0.644827
vn 0.982044 -0.185116 -0.036363
vn 0.888600 -0.458482 -0.013591
vn 0.696742 -0.511146 0.503269
vn 0.982044 -0.185116 -0.036363
vn 0.719226 -0.291721 -0.630565
vn 0.686924 -0.557372 -0.466339
vn 0.888600 -0.458482 -0.013591
vn 0.705742 -0.081644 -0.703749
vn -0.001495 -0.108770 -0.994066
vn 0.151040 -0.465138 -0.872258
vn 0.719226 -0.291721 -0.630565
vn -0.001495 -0.108770 -0.994066
vn -0.745551 -0.115371 -0.656386
vn -0.510231 -0.595175 -0.620831
vn 0.151040 -0.465138 -0.872258
vn -0.745551 -0.115371 -0.656386
vn -0.989740 -0.126604 0.066225
vn -0.809498 -0.587039 -0.009891
vn -0.510231 -0.595175 -0.620831
vn -0.989740 -0.126604 0.066225
vn -0.633079 -0.148876 0.759636
vn -0.514680 -0.421984 0.746347
vn -0.809498 -0.587039 -0.009891
vn -0.633079 -0.148876 0.759636
vn 0.058419 -0.133118 0.989377
vn 0.163625 -0.291941 0.942336
vn -0.514680 -0.421984 0.746347
vn 0.058419 -0.133118 0.989377
vn 0.729370 -0.106022 0.675854
vn 0.736914 -0.202868 0.644827
vn 0.163625 -0.291941 0.942336
vn 0.729370 -0.106022 0.675854
vn 0.996519 -0.082521 -0.011810
vn 0.982044 -0.185116 -0.036363
vn 0.736914 -0.202868 0.644827
vn 0.996519 -0.082521 -0.011810
vn 0.705742 -0.081644 -0.703749
vn 0.719226 -0.291721 -0.630565
vn 0.982044 -0.185116 -0.036363
vn -0.004420 0.956720 0.290975
vn -0.002952 0.982958 0.183805
vn -0.285814 0.942422 0.173642
vn -0.217062 0.933881 0.284166
vn 0.220849 0.938232 0.266358
vn 0.277353 0.945413 0.171086
vn -0.002952 0.982958 0.183805
vn -0.004420 0.956720 0.290975
vn 0.888007 0.458914 0.029001
vn 0.698858 0.696251 0.163808
vn 0.818882 0.572596 0.039580
vn 0.897799 0.427992 -0.103827
vn 0.674267 0.663142 0.324973
vn 0.726732 0.662662 0.180941
vn 0.510009 0.845776 0.156694
vn 0.480342 0.837595 0.260204
vn 0.783053 0.367275 -0.501933
vn 0.888007 0.458914 0.029001
vn 0.897799 0.427992 -0.103827
vn 0.763534 0.401372 -0.505881
vn 0.032161 0.398982 -0.916395
vn 0.783053 0.367275 -0.501933
vn 0.763534 0.401372 -0.505881
vn 0.111152 0.485817 -0.866964
vn 0.111152 0.485817 -0.866964
vn -0.717960 0.410277 -0.562323
vn -0.782050 0.310359 -0.540439
vn 0.032161 0.398982 -0.916395
vn -0.902235 0.431053 0.012891
vn -0.782050 0.310359 -0.540439
vn -0.717960 0.410277 -0.562323
vn -0.896345 0.426374 -0.121532
vn -0.713622 0.678789 0.173172
vn -0.902235 0.431053 0.012891
vn -0.896345 0.426374 -0.121532
vn -0.823482 0.566066 0.038027
vn -0.485375 0.825063 0.289278
vn -0.520129 0.837391 0.168055
vn -0.733397 0.649185 0.201715
vn -0.657843 0.651214 0.378369
vn -0.667352 -0.251103 -0.701133
vn 0.111126 -0.249791 -0.961902
vn 0.058626 -0.847188 -0.528048
vn -0.408624 -0.857243 -0.313306
vn 0.111126 -0.249791 -0.961902
vn 0.770323 -0.227731 -0.595601
vn 0.534237 -0.765394 -0.358836
vn 0.058626 -0.847188 -0.528048
vn 0.695001 -0.681531 0.229106
vn 0.678816 -0.725324 0.114511
vn 0.983068 -0.066224 0.170856
vn 0.931164 0.056365 0.360217
vn 0.697877 -0.715672 -0.027964
vn 0.708052 -0.695234 -0.123742
vn 0.951470 -0.237458 -0.195749
vn 0.975191 -0.218648 -0.034581
vn 0.708052 -0.695234 -0.123742
vn 0.534237 -0.765394 -0.358836
vn 0.770323 -0.227731 -0.595601
vn 0.951470 -0.237458 -0.195749
vn -0.408624 -0.857243 -0.313306
vn -0.460554 -0.882806 -0.092433
vn -0.940301 -0.257917 -0.222065
vn -0.667352 -0.251103 -0.701133
vn -0.963170 -0.266202 -0.037961
vn -0.940301 -0.257917 -0.222065
vn -0.460554 -0.882806 -0.092433
vn -0.408746 -0.912406 -0.021028
vn -0.892136 0.008617 0.451684
vn -0.972376 -0.125913 0.196546
vn -0.405939 -0.910192 0.082245
vn -0.437652 -0.872722 0.216373
vn 0.016432 -0.996483 -0.082167
vn 0.126605 -0.987998 -0.088497
vn 0.119247 -0.992616 -0.022202
vn 0.002250 -0.999995 -0.002137
vn 0.016432 -0.996483 -0.082167
vn 0.002250 -0.999995 -0.002137
vn -0.099064 -0.994955 -0.015863
vn -0.092006 -0.992211 -0.083984
vn 0.002250 -0.999995 -0.002137
vn 0.000000 -1.000000 0.000000
vn -0.087164 -0.996184 -0.004561
vn -0.099064 -0.994955 -0.015863
vn 0.108946 -0.994039 -0.004139
vn 0.000000 -1.000000 0.000000
vn 0.002250 -0.999995 -0.002137
vn 0.119247 -0.992616 -0.022202
vn 0.000000 -1.000000 0.000000
vn 0.115235 -0.993186 0.017392
vn 0.118940 -0.992519 0.027543
vn 0.000000 -1.000000 0.000000
vn -0.089365 -0.995329 0.036534
vn -0.083257 -0.996402 0.015880
vn 0.000000 -1.000000 0.000000
vn 0.000000 -1.000000 0.000000
vn -0.437652 -0.872722 0.216373
vn -0.346668 -0.818590 0.457964
vn -0.488842 0.097843 0.866868
vn -0.892136 0.008617 0.451684
vn -0.329238 0.816046 0.475049
vn -0.485375 0.825063 0.289278
vn -0.657843 0.651214 0.378369
vn -0.385322 0.698242 0.603312
vn -0.127617 0.900355 0.416022
vn -0.006416 0.906967 0.421152
vn -0.004420 0.956720 0.290975
vn -0.217062 0.933881 0.284166
vn 0.480342 0.837595 0.260204
vn 0.358592 0.819922 0.446251
vn 0.461687 0.685315 0.563195
vn 0.674267 0.663142 0.324973
vn -0.006416 0.906967 0.421152
vn 0.135516 0.908585 0.395105
vn 0.220849 0.938232 0.266358
vn -0.004420 0.956720 0.290975
vn 0.931164 0.056365 0.360217
vn 0.648701 0.079034 0.756928
vn 0.522764 -0.693010 0.496442
vn 0.695001 -0.681531 0.229106
vn 0.129920 -0.988332 0.079499
vn 0.007953 -0.998022 0.062362
vn 0.000000 -1.000000 0.000000
vn 0.118940 -0.992519 0.027543
vn 0.007953 -0.998022 0.062362
vn -0.092559 -0.993646 0.064037
vn -0.089365 -0.995329 0.036534
vn 0.000000 -1.000000 0.000000
vn 0.149743 0.063611 0.986677
vn -0.488842 0.097843 0.866868
vn -0.346668 -0.818590 0.457964
vn 0.067674 -0.809469 0.583250
vn 0.067674 -0.809469 0.583250
vn 0.522764 -0.693010 0.496442
vn 0.648701 0.079034 0.756928
vn 0.149743 0.063611 0.986677
vn 0.059668 0.711187 0.700467
vn 0.461687 0.685315 0.563195
vn 0.358592 0.819922 0.446251
vn 0.036960 0.792918 0.608207
vn -0.385322 0.698242 0.603312
vn 0.059668 0.711187 0.700467
vn 0.036960 0.792918 0.608207
vn -0.329238 0.816046 0.475049
vn -0.285814 0.942422 0.173642
vn -0.002952 0.982958 0.183805
vn 0.024818 0.979754 0.198659
vn -0.353065 0.915817 0.191375
vn -0.520129 0.837391 0.168055
vn -0.575650 0.806366 0.135652
vn -0.763013 0.638797 0.098738
vn -0.733397 0.649185 0.201715
vn -0.972376 -0.125913 0.196546
vn -0.974051 -0.217051 0.064146
vn -0.402578 -0.915277 0.014095
vn -0.405939 -0.910192 0.082245
vn 0.000000 -1.000000 0.000000
vn -0.083257 -0.996402 0.015880
vn -0.087239 -0.996186 0.001543
vn 0.000000 -1.000000 0.000000
vn 0.000000 -1.000000 0.000000
vn 0.115356 -0.993296 0.007485
vn 0.115235 -0.993186 0.017392
vn 0.000000 -1.000000 0.000000
vn 0.985686 -0.155926 0.064104
vn 0.983068 -0.066224 0.170856
vn 0.678816 -0.725324 0.114511
vn 0.690736 -0.722189 0.036435
vn 0.563478 0.816588 0.125208
vn 0.510009 0.845776 0.156694
vn 0.726732 0.662662 0.180941
vn 0.759624 0.643429 0.094713
vn -0.002952 0.982958 0.183805
vn 0.277353 0.945413 0.171086
vn 0.344834 0.922990 0.170818
vn 0.024818 0.979754 0.198659
vn -0.823482 0.566066 0.038027
vn -0.763013 0.638797 0.098738
vn -0.575650 0.806366 0.135652
vn -0.713622 0.678789 0.173172
vn -0.408746 -0.912406 -0.021028
vn -0.402578 -0.915277 0.014095
vn -0.974051 -0.217051 0.064146
vn -0.963170 -0.266202 -0.037961
vn 0.000000 -1.000000 0.000000
vn -0.087239 -0.996186 0.001543
vn -0.087164 -0.996184 -0.004561
vn 0.000000 -1.000000 0.000000
vn 0.108946 -0.994039 -0.004139
vn 0.115356 -0.993296 0.007485
vn 0.000000 -1.000000 0.000000
vn 0.000000 -1.000000 0.000000
vn 0.975191 -0.218648 -0.034581
vn 0.985686 -0.155926 0.064104
vn 0.690736 -0.722189 0.036435
vn 0.697877 -0.715672 -0.027964
vn 0.698858 0.696251 0.163808
vn 0.563478 0.816588 0.125208
vn 0.759624 0.643429 0.094713
vn 0.818882 0.572596 0.039580
vn 0.024818 0.979754 0.198659
vn 0.344834 0.922990 0.170818
vn 0.670653 0.542300 0.506098
vn 0.052254 0.717941 0.694140
vn -0.353065 0.915817 0.191375
vn 0.024818 0.979754 0.198659
vn 0.052254 0.717941 0.694140
vn -0.669805 0.505011 0.544357
vn 0.111152 0.485817 -0.866964
vn 0.763534 0.401372 -0.505881
vn 0.772192 0.119704 -0.624011
vn 0.064383 0.202044 -0.977258
vn 0.971714 0.130295 -0.196965
vn 0.772192 0.119704 -0.624011
vn 0.763534 0.401372 -0.505881
vn 0.897799 0.427992 -0.103827
vn 0.974696 0.222819 -0.017874
vn 0.971714 0.130295 -0.196965
vn 0.897799 0.427992 -0.103827
vn 0.818882 0.572596 0.039580
vn 0.759624 0.643429 0.094713
vn 0.952335 0.292903 0.085236
vn 0.974696 0.222819 -0.017874
vn 0.818882 0.572596 0.039580
vn 0.726732 0.662662 0.180941
vn 0.913824 0.355178 0.196914
vn 0.952335 0.292903 0.085236
vn 0.759624 0.643429 0.094713
vn 0.818102 0.432114 0.379457
vn 0.913824 0.355178 0.196914
vn 0.726732 0.662662 0.180941
vn 0.674267 0.663142 0.324973
vn 0.674267 0.663142 0.324973
vn 0.461687 0.685315 0.563195
vn 0.537756 0.472548 0.698224
vn 0.818102 0.432114 0.379457
vn 0.093078 0.486531 0.868691
vn 0.537756 0.472548 0.698224
vn 0.461687 0.685315 0.563195
vn 0.059668 0.711187 0.700467
vn 0.059668 0.711187 0.700467
vn -0.385322 0.698242 0.603312
vn -0.466144 0.459090 0.756271
vn 0.093078 0.486531 0.868691
vn -0.817244 0.358088 0.451537
vn -0.466144 0.459090 0.756271
vn -0.385322 0.698242 0.603312
vn -0.657843 0.651214 0.378369
vn -0.733397 0.649185 0.201715
vn -0.933328 0.278859 0.226133
vn -0.817244 0.358088 0.451537
vn -0.657843 0.651214 0.378369
vn -0.763013 0.638797 0.098738
vn -0.973669 0.211166 0.085899
vn -0.933328 0.278859 0.226133
vn -0.733397 0.649185 0.201715
vn -0.989264 0.144593 -0.021230
vn -0.973669 0.211166 0.085899
vn -0.763013 0.638797 0.098738
vn -0.823482 0.566066 0.038027
vn -0.823482 0.566066 0.038027
vn -0.896345 0.426374 -0.121532
vn -0.970324 0.091223 -0.223942
vn -0.989264 0.144593 -0.021230
vn -0.703577 0.169223 -0.690176
vn -0.970324 0.091223 -0.223942
vn -0.896345 0.426374 -0.121532
vn -0.717960 0.410277 -0.562323
vn -0.717960 0.410277 -0.562323
vn 0.111152 0.485817 -0.866964
vn 0.064383 0.202044 -0.977258
vn -0.703577 0.169223 -0.690176
vn -0.092006 -0.992211 -0.083984
vn -0.099064 -0.994955 -0.015863
vn -0.460554 -0.882806 -0.092433
vn -0.408624 -0.857243 -0.313306
vn -0.408746 -0.912406 -0.021028
vn -0.460554 -0.882806 -0.092433
vn -0.099064 -0.994955 -0.015863
vn -0.087164 -0.996184 -0.004561
vn -0.087164 -0.996184 -0.004561
vn -0.087239 -0.996186 0.001543
vn -0.402578 -0.915277 0.014095
vn -0.408746 -0.912406 -0.021028
vn -0.405939 -0.910192 0.082245
vn -0.402578 -0.915277 0.014095
vn -0.087239 -0.996186 0.001543
vn -0.083257 -0.996402 0.015880
vn -0.437652 -0.872722 0.216373
vn -0.405939 -0.910192 0.082245
vn -0.083257 -0.996402 0.015880
vn -0.089365 -0.995329 0.036534
vn -0.089365 -0.995329 0.036534
vn -0.092559 -0.993646 0.064037
vn -0.346668 -0.818590 0.457964
vn -0.437652 -0.872722 0.216373
vn 0.067674 -0.809469 0.583250
vn -0.346668 -0.818590 0.457964
vn -0.092559 -0.993646 0.064037
vn 0.007953 -0.998022 0.062362
vn 0.007953 -0.998022 0.062362
vn 0.129920 -0.988332 0.079499
vn 0.522764 -0.693010 0.496442
vn 0.067674 -0.809469 0.583250
vn 0.695001 -0.681531 0.229106
vn 0.522764 -0.693010 0.496442
vn 0.129920 -0.988332 0.079499
vn 0.118940 -0.992519 0.027543
vn 0.118940 -0.992519 0.027543
vn 0.115235 -0.993186 0.017392
vn 0.678816 -0.725324 0.114511
vn 0.695001 -0.681531 0.229106
vn 0.690736 -0.722189 0.036435
vn 0.678816 -0.725324 0.114511
vn 0.115235 -0.993186 0.017392
vn 0.115356 -0.993296 0.007485
vn 0.697877 -0.715672 -0.027964
vn 0.690736 -0.722189 0.036435
vn 0.115356 -0.993296 0.007485
vn 0.108946 -0.994039 -0.004139
vn 0.108946 -0.994039 -0.004139
vn 0.119247 -0.992616 -0.022202
vn 0.708052 -0.695234 -0.123742
vn 0.697877 -0.715672 -0.027964
vn 0.119247 -0.992616 -0.022202
vn 0.126605 -0.987998 -0.088497
vn 0.534237 -0.765394 -0.358836
vn 0.708052 -0.695234 -0.123742
vn 0.058626 -0.847188 -0.528048
vn 0.534237 -0.765394 -0.358836
vn 0.126605 -0.987998 -0.088497
vn 0.016432 -0.996483 -0.082167
vn -0.408624 -0.857243 -0.313306
vn 0.058626 -0.847188 -0.528048
vn 0.016432 -0.996483 -0.082167
vn -0.092006 -0.992211 -0.083984
vn 0.344834 0.922990 0.170818
vn 0.563478 0.816588 0.125208
vn 0.698858 0.696251 0.163808
vn 0.670653 0.542300 0.506098
vn 0.277353 0.945413 0.171086
vn 0.510009 0.845776 0.156694
vn 0.563478 0.816588 0.125208
vn 0.344834 0.922990 0.170818
vn 0.480342 0.837595 0.260204
vn 0.510009 0.845776 0.156694
vn 0.277353 0.945413 0.171086
vn 0.220849 0.938232 0.266358
vn 0.220849 0.938232 0.266358
vn 0.135516 0.908585 0.395105
vn 0.358592 0.819922 0.446251
vn 0.480342 0.837595 0.260204
vn 0.036960 0.792918 0.608207
vn 0.358592 0.819922 0.446251
vn 0.135516 0.908585 0.395105
vn -0.006416 0.906967 0.421152
vn -0.329238 0.816046 0.475049
vn 0.036960 0.792918 0.608207
vn -0.006416 0.906967 0.421152
vn -0.127617 0.900355 0.416022
vn -0.127617 0.900355 0.416022
vn -0.217062 0.933881 0.284166
vn -0.485375 0.825063 0.289278
vn -0.329238 0.816046 0.475049
vn -0.285814 0.942422 0.173642
vn -0.520129 0.837391 0.168055
vn -0.485375 0.825063 0.289278
vn -0.217062 0.933881 0.284166
vn -0.353065 0.915817 0.191375
vn -0.575650 0.806366 0.135652
vn -0.520129 0.837391 0.168055
vn -0.285814 0.942422 0.173642
vn -0.713622 0.678789 0.173172
vn -0.575650 0.806366 0.135652
vn -0.353065 0.915817 0.191375
vn -0.669805 0.505011 0.544357
vn -0.669805 0.505011 0.544357
vn -0.986666 0.126699 0.102161
vn -0.902235 0.431053 0.012891
vn -0.713622 0.678789 0.173172
vn -0.986666 0.126699 0.102161
vn -0.752795 0.094230 -0.651476
vn -0.782050 0.310359 -0.540439
vn -0.902235 0.431053 0.012891
vn 0.032161 0.398982 -0.916395
vn -0.782050 0.310359 -0.540439
vn -0.752795 0.094230 -0.651476
vn 0.028877 0.159782 -0.986730
vn 0.028877 0.159782 -0.986730
vn 0.761135 0.143843 -0.632442
vn 0.783053 0.367275 -0.501933
vn 0.032161 0.398982 -0.916395
vn 0.761135 0.143843 -0.632442
vn 0.978193 0.177033 0.108617
vn 0.888007 0.458914 0.029001
vn 0.783053 0.367275 -0.501933
vn 0.670653 0.542300 0.506098
vn 0.698858 0.696251 0.163808
vn 0.888007 0.458914 0.029001
vn 0.978193 0.177033 0.108617
vn 0.064383 0.202044 -0.977258
vn 0.772192 0.119704 -0.624011
vn 0.770323 -0.227731 -0.595601
vn 0.111126 -0.249791 -0.961902
vn 0.951470 -0.237458 -0.195749
vn 0.770323 -0.227731 -0.595601
vn 0.772192 0.119704 -0.624011
vn 0.971714 0.130295 -0.196965
vn 0.975191 -0.218648 -0.034581
vn 0.951470 -0.237458 -0.195749
vn 0.971714 0.130295 -0.196965
vn 0.974696 0.222819 -0.017874
vn 0.974696 0.222819 -0.017874
vn 0.952335 0.292903 0.085236
vn 0.985686 -0.155926 0.064104
vn 0.975191 -0.218648 -0.034581
vn 0.952335 0.292903 0.085236
vn 0.913824 0.355178 0.196914
vn 0.983068 -0.066224 0.170856
vn 0.985686 -0.155926 0.064104
vn 0.931164 0.056365 0.360217
vn 0.983068 -0.066224 0.170856
vn 0.913824 0.355178 0.196914
vn 0.818102 0.432114 0.379457
vn 0.818102 0.432114 0.379457
vn 0.537756 0.472548 0.698224
vn 0.648701 0.079034 0.756928
vn 0.931164 0.056365 0.360217
vn 0.149743 0.063611 0.986677
vn 0.648701 0.079034 0.756928
vn 0.537756 0.472548 0.698224
vn 0.093078 0.486531 0.868691
vn 0.093078 0.486531 0.868691
vn -0.466144 0.459090 0.756271
vn -0.488842 0.097843 0.866868
vn 0.149743 0.063611 0.986677
vn -0.892136 0.008617 0.451684
vn -0.488842 0.097843 0.866868
vn -0.466144 0.459090 0.756271
vn -0.817244 0.358088 0.451537
vn -0.817244 0.358088 0.451537
vn -0.933328 0.278859 0.226133
vn -0.972376 -0.125913 0.196546
vn -0.892136 0.008617 0.451684
vn -0.933328 0.278859 0.226133
vn -0.973669 0.211166 0.085899
vn -0.974051 -0.217051 0.064146
vn -0.972376 -0.125913 0.196546
vn -0.963170 -0.266202 -0.037961
vn -0.974051 -0.217051 0.064146
vn -0.973669 0.211166 0.085899
vn -0.989264 0.144593 -0.021230
vn -0.989264 0.144593 -0.021230
vn -0.970324 0.091223 -0.223942
vn -0.940301 -0.257917 -0.222065
vn -0.963170 -0.266202 -0.037961
vn -0.667352 -0.251103 -0.701133
vn -0.940301 -0.257917 -0.222065
vn -0.970324 0.091223 -0.223942
vn -0.703577 0.169223 -0.690176
vn -0.703577 0.169223 -0.690176
vn 0.064383 0.202044 -0.977258
vn 0.111126 -0.249791 -0.961902
vn -0.667352 -0.251103 -0.701133
vn -0.350088 0.045696 0.935602
vn -0.403503 0.351770 0.844656
vn -0.833309 0.263027 0.486224
vn -0.849094 0.048375 0.526022
vn -0.403503 0.351770 0.844656
vn -0.350088 0.045696 0.935602
vn 0.248283 0.258976 0.933428
vn 0.151826 0.547017 0.823238
vn 0.792959 0.547924 0.266449
vn 0.647258 0.706078 0.287248
vn 0.151826 0.547017 0.823238
vn 0.248283 0.258976 0.933428
vn 0.539082 0.669361 -0.511221
vn 0.486042 0.750464 -0.447847
vn 0.647258 0.706078 0.287248
vn 0.792959 0.547924 0.266449
vn -0.480658 0.436890 -0.760326
vn -0.470473 0.580307 -0.664754
vn 0.010319 0.674068 -0.738597
vn -0.002358 0.593785 -0.804620
vn -0.849094 0.048375 0.526022
vn -0.833309 0.263027 0.486224
vn -0.914930 0.361784 -0.178930
vn -0.936558 0.240028 -0.255432
vn -0.470473 0.580307 -0.664754
vn -0.480658 0.436890 -0.760326
vn -0.936558 0.240028 -0.255432
vn -0.914930 0.361784 -0.178930
vn -0.404847 0.584994 0.702766
vn -0.394350 0.791020 0.467734
vn -0.599659 0.662713 0.448576
vn -0.736594 0.487691 0.468601
vn -0.599659 0.662713 0.448576
vn -0.621471 0.758782 0.194997
vn -0.800103 0.599318 -0.025552
vn -0.736594 0.487691 0.468601
vn -0.396923 0.912284 0.100946
vn -0.447925 0.819053 -0.358491
vn -0.800103 0.599318 -0.025552
vn -0.621471 0.758782 0.194997
vn -0.396923 0.912284 0.100946
vn -0.192649 0.980665 0.034396
vn -0.087014 0.888876 -0.449809
vn -0.447925 0.819053 -0.358491
vn 0.102590 0.993964 -0.038861
vn 0.129917 0.957518 0.257453
vn 0.402098 0.867067 0.294130
vn 0.318029 0.906424 -0.277946
vn 0.129917 0.957518 0.257453
vn -0.180801 0.892247 0.413771
vn -0.015032 0.743449 0.668624
vn 0.402098 0.867067 0.294130
vn -0.015032 0.743449 0.668624
vn -0.180801 0.892247 0.413771
vn -0.394350 0.791020 0.467734
vn -0.404847 0.584994 0.702766
vn -0.632871 0.606063 0.481832
vn -0.849094 0.048375 0.526022
vn -0.936558 0.240028 -0.255432
vn -0.666905 0.744992 0.015004
vn -0.480658 0.436890 -0.760326
vn -0.402088 0.793639 -0.456576
vn -0.666905 0.744992 0.015004
vn -0.936558 0.240028 -0.255432
vn -0.402088 0.793639 -0.456576
vn -0.480658 0.436890 -0.760326
vn -0.002358 0.593785 -0.804620
vn -0.126020 0.818346 -0.560740
vn 0.024271 0.914151 -0.404646
vn 0.539082 0.669361 -0.511221
vn 0.792959 0.547924 0.266449
vn 0.190796 0.927321 0.321983
vn -0.120266 0.729892 0.672900
vn 0.190796 0.927321 0.321983
vn 0.792959 0.547924 0.266449
vn 0.248283 0.258976 0.933428
vn -0.350088 0.045696 0.935602
vn -0.360796 0.585522 0.725941
vn -0.120266 0.729892 0.672900
vn 0.248283 0.258976 0.933428
vn -0.360796 0.585522 0.725941
vn -0.350088 0.045696 0.935602
vn -0.849094 0.048375 0.526022
vn -0.632871 0.606063 0.481832
vn -0.599659 0.662713 0.448576
vn -0.394350 0.791020 0.467734
vn -0.396923 0.912284 0.100946
vn -0.621471 0.758782 0.194997
vn -0.002358 0.593785 -0.804620
vn 0.539082 0.669361 -0.511221
vn 0.024271 0.914151 -0.404646
vn -0.126020 0.818346 -0.560740
vn 0.010319 0.674068 -0.738597
vn 0.486042 0.750464 -0.447847
vn 0.539082 0.669361 -0.511221
vn -0.002358 0.593785 -0.804620
vn -0.192649 0.980665 0.034396
vn 0.102590 0.993964 -0.038861
vn 0.318029 0.906424 -0.277946
vn -0.087014 0.888876 -0.449809
vn -0.180801 0.892247 0.413771
vn 0.129917 0.957518 0.257453
vn 0.102590 0.993964 -0.038861
vn -0.192649 0.980665 0.034396
vn -0.394350 0.791020 0.467734
vn -0.180801 0.892247 0.413771
vn -0.192649 0.980665 0.034396
vn -0.396923 0.912284 0.100946
vn -0.800103 0.599318 -0.025552
vn -0.914930 0.361784 -0.178930
vn -0.833309 0.263027 0.486224
vn -0.736594 0.487691 0.468601
vn -0.447925 0.819053 -0.358491
vn -0.470473 0.580307 -0.664754
vn -0.914930 0.361784 -0.178930
vn -0.800103 0.599318 -0.025552
vn -0.087014 0.888876 -0.449809
vn 0.010319 0.674068 -0.738597
vn -0.470473 0.580307 -0.664754
vn -0.447925 0.819053 -0.358491
vn 0.318029 0.906424 -0.277946
vn 0.486042 0.750464 -0.447847
vn 0.010319 0.674068 -0.738597
vn -0.087014 0.888876 -0.449809
vn 0.402098 0.867067 0.294130
vn 0.647258 0.706078 0.287248
vn 0.486042 0.750464 -0.447847
vn 0.318029 0.906424 -0.277946
vn -0.015032 0.743449 0.668624
vn 0.151826 0.547017 0.823238
vn 0.647258 0.706078 0.287248
vn 0.402098 0.867067 0.294130
vn 0.151826 0.547017 0.823238
vn -0.015032 0.743449 0.668624
vn -0.404847 0.584994 0.702766
vn -0.403503 0.351770 0.844656
vn -0.833309 0.263027 0.486224
vn -0.403503 0.351770 0.844656
vn -0.404847 0.584994 0.702766
vn -0.736594 0.487691 0.468601
vn -0.010431 0.699857 -0.714207
vn -0.022692 -0.008326 -0.999708
vn -0.004768 -0.026226 -0.999645
vn -0.007071 0.686114 -0.727460
vn -0.022692 -0.008326 -0.999708
vn -0.018542 -0.702577 -0.711366
vn 0.010972 -0.716675 -0.697321
vn -0.004768 -0.026226 -0.999645
vn -0.018542 -0.702577 -0.711366
vn 0.002162 -0.999981 -0.005809
vn 0.026874 -0.999512 0.015925
vn 0.010972 -0.716675 -0.697321
vn 0.002162 -0.999981 -0.005809
vn 0.027758 -0.709130 0.704531
vn 0.035174 -0.693739 0.719367
vn 0.026874 -0.999512 0.015925
vn 0.027758 -0.709130 0.704531
vn 0.044998 0.004844 0.998975
vn 0.037276 0.017554 0.999151
vn 0.035174 -0.693739 0.719367
vn 0.044998 0.004844 0.998975
vn 0.041135 0.715240 0.697668
vn 0.027840 0.720801 0.692583
vn 0.037276 0.017554 0.999151
vn 0.041135 0.715240 0.697668
vn 0.015398 0.999649 -0.021539
vn 0.007629 0.999579 -0.028004
vn 0.027840 0.720801 0.692583
vn 0.015398 0.999649 -0.021539
vn -0.010431 0.699857 -0.714207
vn -0.007071 0.686114 -0.727460
vn 0.007629 0.999579 -0.028004
vn -0.007071 0.686114 -0.727460
vn -0.004768 -0.026226 -0.999645
vn 0.054191 -0.048109 -0.997371
vn 0.016950 0.671718 -0.740613
vn -0.004768 -0.026226 -0.999645
vn 0.010972 -0.716675 -0.697321
vn 0.106215 -0.729023 -0.676198
vn 0.054191 -0.048109 -0.997371
vn 0.010972 -0.716675 -0.697321
vn 0.026874 -0.999512 0.015925
vn 0.129960 -0.989859 0.057351
vn 0.106215 -0.729023 -0.676198
vn 0.026874 -0.999512 0.015925
vn 0.035174 -0.693739 0.719367
vn 0.105667 -0.661219 0.742714
vn 0.129960 -0.989859 0.057351
vn 0.035174 -0.693739 0.719367
vn 0.037276 0.017554 0.999151
vn 0.060645 0.038148 0.997430
vn 0.105667 -0.661219 0.742714
vn 0.037276 0.017554 0.999151
vn 0.027840 0.720801 0.692583
vn 0.016371 0.733177 0.679841
vn 0.060645 0.038148 0.997430
vn 0.027840 0.720801 0.692583
vn 0.007629 0.999579 -0.028004
vn 0.000036 0.999435 -0.033602
vn 0.016371 0.733177 0.679841
vn 0.007629 0.999579 -0.028004
vn -0.007071 0.686114 -0.727460
vn 0.016950 0.671718 -0.740613
vn 0.000036 0.999435 -0.033602
vn 0.091442 0.679296 -0.728145
vn 0.186263 -0.057582 -0.980811
vn 0.544564 -0.087948 -0.834096
vn 0.368212 0.592131 -0.716799
vn 0.186263 -0.057582 -0.980811
vn 0.264356 -0.709180 -0.653590
vn 0.674850 -0.508974 -0.534344
vn 0.544564 -0.087948 -0.834096
vn 0.264356 -0.709180 -0.653590
vn 0.333349 -0.936964 0.104775
vn 0.792976 -0.591155 0.147391
vn 0.674850 -0.508974 -0.534344
vn 0.333349 -0.936964 0.104775
vn 0.316061 -0.547338 0.774937
vn 0.757891 -0.169131 0.630076
vn 0.792976 -0.591155 0.147391
vn 0.316061 -0.547338 0.774937
vn 0.164460 0.123225 0.978657
vn 0.530663 0.316425 0.786303
vn 0.757891 -0.169131 0.630076
vn 0.164460 0.123225 0.978657
vn 0.022665 0.759123 0.650553
vn 0.282057 0.792910 0.540127
vn 0.530663 0.316425 0.786303
vn 0.022665 0.759123 0.650553
vn 0.008791 0.999931 -0.007844
vn 0.223605 0.974668 -0.004827
vn 0.282057 0.792910 0.540127
vn 0.008791 0.999931 -0.007844
vn 0.091442 0.679296 -0.728145
vn 0.368212 0.592131 -0.716799
vn 0.223605 0.974668 -0.004827
vn 0.016950 0.671718 -0.740613
vn 0.054191 -0.048109 -0.997371
vn 0.186263 -0.057582 -0.980811
vn 0.091442 0.679296 -0.728145
vn 0.054191 -0.048109 -0.997371
vn 0.106215 -0.729023 -0.676198
vn 0.264356 -0.709180 -0.653590
vn 0.186263 -0.057582 -0.980811
vn 0.106215 -0.729023 -0.676198
vn 0.129960 -0.989859 0.057351
vn 0.333349 -0.936964 0.104775
vn 0.264356 -0.709180 -0.653590
vn 0.129960 -0.989859 0.057351
vn 0.105667 -0.661219 0.742714
vn 0.316061 -0.547338 0.774937
vn 0.333349 -0.936964 0.104775
vn 0.105667 -0.661219 0.742714
vn 0.060645 0.038148 0.997430
vn 0.164460 0.123225 0.978657
vn 0.316061 -0.547338 0.774937
vn 0.060645 0.038148 0.997430
vn 0.016371 0.733177 0.679841
vn 0.022665 0.759123 0.650553
vn 0.164460 0.123225 0.978657
vn 0.016371 0.733177 0.679841
vn 0.000036 0.999435 -0.033602
vn 0.008791 0.999931 -0.007844
vn 0.022665 0.759123 0.650553
vn 0.000036 0.999435 -0.033602
vn 0.016950 0.671718 -0.740613
vn 0.091442 0.679296 -0.728145
vn 0.008791 0.999931 -0.007844
s off
g polySurface7
usemtl Poliwrath:Lambert
f 1/1/1 12/2/2 52/195/3 33/4/4
f 1/1/5 33/4/6 35/5/7 3/6/8
f 16/7/9 3/6/10 35/5/11 84/8/12
f 15/9/13 5/10/14 37/11/15 75/12/16
f 37/11/17 5/10/18 4/13/19 36/14/20
f 6/15/21 38/16/22 39/17/23 7/18/24
f 8/19/25 40/20/26 34/21/27 2/22/28
f 13/23/29 9/24/30 41/25/31 64/26/32
f 41/25/33 9/24/34 10/27/35 42/28/36
f 83/29/37 42/28/38 10/27/39 14/30/40
f 44/31/41 19/194/42 43/33/43 11/34/44
f 45/35/45 20/36/46 19/32/47 44/193/48
f 20/36/49 45/35/50 7/18/51 39/17/52
f 35/5/53 33/4/54 47/37/55 46/38/56
f 48/39/57 31/187/58 46/38/59 47/37/60
f 31/40/61 48/192/62 49/41/63 32/42/64
f 32/42/65 49/41/66 51/43/67 50/44/68
f 50/44/69 51/43/70 74/45/71 73/46/72
f 12/183/73 2/22/74 34/21/75 52/3/76
f 35/5/77 46/38/78 85/47/79 84/8/80
f 31/187/81 30/48/82 85/47/83 46/38/84
f 36/14/85 53/49/86 54/50/87 37/11/88
f 54/50/89 53/49/90 29/51/91 55/52/92
f 75/12/93 37/11/94 54/50/95 76/53/96
f 55/52/97 77/54/98 76/53/99 54/50/100
f 38/16/101 56/55/102 22/56/103 39/17/104
f 22/56/105 56/55/106 57/57/107 23/58/108
f 21/59/109 20/36/110 39/17/111 22/56/112
f 18/60/113 58/61/114 69/62/115
f 23/58/116 57/57/117 61/63/118 24/191/119
f 59/65/120 68/66/121 17/67/122
f 77/54/123 55/52/124 62/190/125 78/188/126
f 55/52/127 29/51/128 28/70/129 62/190/130
f 61/189/131 59/65/132 17/67/133 24/64/134
f 62/68/135 60/71/136 79/72/137 78/69/138
f 28/185/139 27/73/140 60/71/141 62/68/142
f 25/74/143 32/42/144 50/44/145 63/75/146
f 40/20/147 8/19/148 13/23/149 64/26/150
f 72/76/151 63/75/152 50/44/153 73/46/154
f 71/77/155 65/78/156 63/75/157 72/76/158
f 70/79/159 66/80/160 65/78/161 71/77/162
f 63/75/163 65/78/164 26/81/165 25/74/166
f 66/80/167 67/82/168 26/81/169 65/78/170
f 27/73/171 26/81/172 67/82/173 60/71/174
f 81/83/175 66/80/176 70/79/177 82/84/178
f 68/66/179 58/61/180 18/60/181 17/67/182
f 67/82/183 66/80/184 81/83/185 80/85/186
f 60/71/187 67/82/188 80/85/189 79/72/190
f 19/194/191 18/60/192 69/62/193 43/33/194
f 82/84/195 70/79/196 42/28/197 83/29/198
f 42/28/199 70/79/200 71/77/201 41/25/202
f 64/26/203 41/25/204 71/77/205 72/76/206
f 40/20/207 64/26/208 72/76/209 73/46/210
f 74/45/211 34/21/212 40/20/213 73/46/214
f 56/55/215 38/16/216 75/12/217 76/53/218
f 77/54/219 57/57/220 56/55/221 76/53/222
f 57/57/223 77/54/224 78/188/225 61/63/226
f 79/72/227 59/65/228 61/189/229 78/69/230
f 80/85/231 68/66/232 59/65/233 79/72/234
f 81/83/235 58/61/236 68/66/237 80/85/238
f 69/62/239 58/61/240 81/83/241 82/84/242
f 43/33/243 69/62/244 82/84/245 83/29/246
f 11/34/247 43/33/248 83/29/249 14/30/250
f 38/16/251 6/15/252 15/9/253 75/12/254
f 36/14/255 4/13/256 16/7/257 84/8/258
f 85/47/259 53/49/260 36/14/261 84/8/262
f 30/48/263 29/51/264 53/49/265 85/47/266
f 87/86/267 32/42/268 25/74/269 86/87/270
f 88/88/271 31/40/272 32/42/273 87/86/274
f 89/89/275 30/48/276 31/187/277 88/186/278
f 90/90/279 29/51/280 30/48/281 89/89/282
f 91/91/283 28/70/284 29/51/285 90/90/286
f 92/92/287 27/73/288 28/185/289 91/184/290
f 93/93/291 26/81/292 27/73/293 92/92/294
f 86/87/295 25/74/296 26/81/297 93/93/298
f 1/1/299 110/94/300 129/95/301 12/2/302
f 1/1/303 3/6/304 112/96/305 110/94/306
f 16/7/307 161/97/308 112/96/309 3/6/310
f 15/9/311 152/98/312 114/99/313 5/10/314
f 114/99/315 113/100/316 4/13/317 5/10/318
f 6/15/319 7/18/320 116/101/321 115/102/322
f 8/19/323 2/22/324 111/103/325 117/104/326
f 13/23/327 141/105/328 118/106/329 9/24/330
f 118/106/331 119/107/332 10/27/333 9/24/334
f 160/108/335 14/30/336 10/27/337 119/107/338
f 121/181/339 11/34/340 120/110/341 96/111/342
f 122/112/343 121/109/344 96/180/345 97/113/346
f 97/113/347 116/101/348 7/18/349 122/112/350
f 112/96/351 123/114/352 124/115/353 110/94/354
f 125/179/355 124/115/356 123/114/357 108/117/358
f 108/173/359 109/118/360 126/119/361 125/116/362
f 109/118/363 127/120/364 128/121/365 126/119/366
f 127/120/367 150/122/368 151/123/369 128/121/370
f 12/183/371 129/182/372 111/103/373 2/22/374
f 112/96/375 161/97/376 162/124/377 123/114/378
f 108/117/379 123/114/380 162/124/381 107/125/382
f 113/100/383 114/99/384 131/126/385 130/127/386
f 131/126/387 132/128/388 106/129/389 130/127/390
f 152/98/391 153/130/392 131/126/393 114/99/394
f 132/128/395 131/126/396 153/130/397 154/131/398
f 115/102/399 116/101/400 99/132/401 133/133/402
f 99/132/403 100/134/404 134/135/405 133/133/406
f 98/136/407 99/132/408 116/101/409 97/113/410
f 95/137/411 146/138/412 135/139/413
f 100/134/414 101/140/415 138/175/416 134/135/417
f 136/142/418 94/143/419 145/144/420
f 154/131/421 155/145/422 139/177/423 132/128/424
f 132/128/425 139/177/426 105/171/427 106/129/428
f 138/141/429 101/178/430 94/143/431 136/142/432
f 139/146/433 155/176/434 156/148/435 137/149/436
f 105/147/437 139/146/438 137/149/439 104/150/440
f 102/151/441 140/152/442 127/120/443 109/118/444
f 117/104/445 141/105/446 13/23/447 8/19/448
f 149/153/449 150/122/450 127/120/451 140/152/452
f 148/154/453 149/153/454 140/152/455 142/155/456
f 147/156/457 148/154/458 142/155/459 143/157/460
f 140/152/461 102/151/462 103/158/463 142/155/464
f 143/157/465 142/155/466 103/158/467 144/159/468
f 104/150/469 137/149/470 144/159/471 103/158/472
f 158/160/473 159/161/474 147/156/475 143/157/476
f 145/144/477 94/143/478 95/137/479 135/139/480
f 144/159/481 157/162/482 158/160/483 143/157/484
f 137/149/485 156/148/486 157/162/487 144/159/488
f 96/111/489 120/110/490 146/138/491 95/137/492
f 159/161/493 160/108/494 119/107/495 147/156/496
f 119/107/497 118/106/498 148/154/499 147/156/500
f 141/105/501 149/153/502 148/154/503 118/106/504
f 117/104/505 150/122/506 149/153/507 141/105/508
f 151/123/509 150/122/510 117/104/511 111/103/512
f 133/133/513 153/130/514 152/98/515 115/102/516
f 154/131/517 153/130/518 133/133/519 134/135/520
f 134/135/521 138/175/522 155/145/523 154/131/524
f 156/148/525 155/176/526 138/141/527 136/142/528
f 157/162/529 156/148/530 136/142/531 145/144/532
f 158/160/533 157/162/534 145/144/535 135/139/536
f 146/138/537 159/161/538 158/160/539 135/139/540
f 120/110/541 160/108/542 159/161/543 146/138/544
f 11/34/545 14/30/546 160/108/547 120/110/548
f 115/102/549 152/98/550 15/9/551 6/15/552
f 113/100/553 161/97/554 16/7/555 4/13/556
f 162/124/557 161/97/558 113/100/559 130/127/560
f 107/125/561 162/124/562 130/127/563 106/129/564
f 164/163/565 163/164/566 102/151/567 109/118/568
f 165/174/569 164/163/570 109/118/571 108/173/572
f 166/166/573 165/165/574 108/117/575 107/125/576
f 167/167/577 166/166/578 107/125/579 106/129/580
f 168/172/581 167/167/582 106/129/583 105/171/584
f 169/169/585 168/168/586 105/147/587 104/150/588
f 170/170/589 169/169/590 104/150/591 103/158/592
f 163/164/593 170/170/594 103/158/595 102/151/596
f 171/196/597 172/197/598 178/198/599 177/199/600
f 172/197/601 173/200/602 179/201/603 178/198/604
f 173/200/605 174/202/606 180/203/607 179/201/608
f 174/202/609 175/204/610 181/205/611 180/203/612
f 175/204/613 176/206/614 182/207/615 181/205/616
f 176/208/617 171/196/618 177/199/619 182/209/620
f 177/199/621 178/198/622 184/210/623 183/211/624
f 178/198/625 179/201/626 185/212/627 184/210/628
f 179/201/629 180/203/630 186/213/631 185/212/632
f 180/203/633 181/205/634 187/214/635 186/213/636
f 181/205/637 182/207/638 188/215/639 187/214/640
f 182/209/641 177/199/642 183/211/643 188/216/644
f 183/211/645 184/210/646 190/217/647 189/218/648
f 184/210/649 185/212/650 191/219/651 190/217/652
f 185/212/653 186/213/654 192/220/655 191/219/656
f 186/213/657 187/214/658 193/221/659 192/220/660
f 187/214/661 188/215/662 194/222/663 193/221/664
f 188/216/665 183/211/666 189/218/667 194/223/668
f 189/218/669 190/217/670 195/224/671
f 190/217/672 191/219/673 195/224/674
f 191/219/675 192/220/676 195/224/677
f 192/220/678 193/221/679 195/224/680
f 193/221/681 194/222/682 195/224/683
f 194/223/684 189/218/685 195/224/686
f 172/197/687 171/196/688 196/225/689 197/226/690
f 173/200/691 172/197/692 197/226/693 198/227/694
f 174/202/695 173/200/696 198/227/697 199/228/698
f 175/204/699 174/202/700 199/228/701 200/229/702
f 176/206/703 175/204/704 200/229/705 201/230/706
f 171/196/707 176/208/708 201/231/709 196/225/710
f 197/226/711 196/225/712 202/232/713 203/233/714
f 198/227/715 197/226/716 203/233/717 204/234/718
f 199/228/719 198/227/720 204/234/721 205/235/722
f 200/229/723 199/228/724 205/235/725 206/236/726
f 201/230/727 200/229/728 206/236/729 207/237/730
f 196/225/731 201/231/732 207/238/733 202/232/734
f 208/239/735 209/240/736 215/241/737 214/242/738
f 209/240/739 210/243/740 216/244/741 215/241/742
f 210/243/743 211/245/744 217/246/745 216/244/746
f 211/245/747 212/247/748 218/248/749 217/246/750
f 212/247/751 213/249/752 219/250/753 218/248/754
f 213/251/755 208/239/756 214/242/757 219/252/758
f 214/242/759 215/241/760 221/253/761 220/254/762
f 215/241/763 216/244/764 222/255/765 221/253/766
f 216/244/767 217/246/768 223/256/769 222/255/770
f 217/246/771 218/248/772 224/257/773 223/256/774
f 218/248/775 219/250/776 225/258/777 224/257/778
f 219/252/779 214/242/780 220/254/781 225/259/782
f 220/254/783 221/253/784 227/260/785 226/261/786
f 221/253/787 222/255/788 228/262/789 227/260/790
f 222/255/791 223/256/792 229/263/793 228/262/794
f 223/256/795 224/257/796 230/264/797 229/263/798
f 224/257/799 225/258/800 231/265/801 230/264/802
f 225/259/803 220/254/804 226/261/805 231/266/806
f 226/261/807 227/260/808 232/267/809
f 227/260/810 228/262/811 232/267/812
f 228/262/813 229/263/814 232/267/815
f 229/263/816 230/264/817 232/267/818
f 230/264/819 231/265/820 232/267/821
f 231/266/822 226/261/823 232/267/824
f 209/240/825 208/239/826 233/268/827 234/269/828
f 210/243/829 209/240/830 234/269/831 235/270/832
f 211/245/833 210/243/834 235/270/835 236/271/836
f 212/247/837 211/245/838 236/271/839 237/272/840
f 213/249/841 212/247/842 237/272/843 238/273/844
f 208/239/845 213/251/846 238/274/847 233/268/848
f 234/269/849 233/268/850 239/275/851 240/276/852
f 235/270/853 234/269/854 240/276/855 241/277/856
f 236/271/857 235/270/858 241/277/859 203/278/860
f 237/272/861 236/271/862 203/278/863 202/279/864
f 238/273/865 237/272/866 202/279/867 242/280/868
f 233/268/869 238/274/870 242/281/871 239/275/872
f 243/282/873 244/283/874 250/284/875 249/285/876
f 244/283/877 245/286/878 251/287/879 250/284/880
f 245/286/881 246/288/882 252/289/883 251/287/884
f 246/288/885 247/290/886 253/291/887 252/289/888
f 247/292/889 248/293/890 254/294/891 253/295/892
f 248/293/893 243/282/894 249/285/895 254/294/896
f 249/285/897 250/284/898 256/296/899 255/297/900
f 250/284/901 251/287/902 257/298/903 256/296/904
f 251/287/905 252/289/906 258/299/907 257/298/908
f 252/289/909 253/291/910 259/300/911 258/299/912
f 253/295/913 254/294/914 260/301/915 259/302/916
f 254/294/917 249/285/918 255/297/919 260/301/920
f 255/297/921 256/296/922 262/303/923 261/304/924
f 256/296/925 257/298/926 263/305/927 262/303/928
f 257/298/929 258/299/930 264/306/931 263/305/932
f 258/299/933 259/300/934 265/307/935 264/306/936
f 259/302/937 260/301/938 266/308/939 265/309/940
f 260/301/941 255/297/942 261/304/943 266/308/944
f 261/304/945 262/303/946 267/310/947
f 262/303/948 263/305/949 267/310/950
f 263/305/951 264/306/952 267/310/953
f 264/306/954 265/307/955 267/310/956
f 265/309/957 266/308/958 267/310/959
f 266/308/960 261/304/961 267/310/962
f 243/282/963 248/293/964 268/311/965 206/312/966
f 248/293/967 247/292/968 269/313/969 268/311/970
f 247/290/971 246/288/972 270/314/973 269/315/974
f 246/288/975 245/286/976 271/316/977 270/314/978
f 245/286/979 244/283/980 272/317/981 271/316/982
f 244/283/983 243/282/984 206/312/985 272/317/986
f 274/318/987 204/319/988 203/320/989 273/321/990
f 241/322/991 275/323/992 273/321/993 203/320/994
f 292/324/995 293/325/996 285/326/997 284/327/998
f 293/325/999 294/328/1000 286/329/1001 285/326/1002
f 294/328/1003 295/330/1004 287/331/1005 286/329/1006
f 295/332/1007 296/333/1008 288/334/1009 287/335/1010
f 296/333/1011 297/336/1012 289/337/1013 288/334/1014
f 297/336/1015 298/338/1016 290/339/1017 289/337/1018
f 298/338/1019 299/340/1020 291/341/1021 290/339/1022
f 299/340/1023 292/324/1024 284/327/1025 291/341/1026
f 314/342/1027 315/343/1028 293/325/1029 292/324/1030
f 315/343/1031 316/344/1032 294/328/1033 293/325/1034
f 316/344/1035 317/345/1036 295/330/1037 294/328/1038
f 317/346/1039 318/347/1040 296/333/1041 295/332/1042
f 318/347/1043 319/348/1044 297/336/1045 296/333/1046
f 319/348/1047 320/349/1048 298/338/1049 297/336/1050
f 320/349/1051 321/350/1052 299/340/1053 298/338/1054
f 321/350/1055 314/342/1056 292/324/1057 299/340/1058
f 284/327/1059 285/326/1060 330/351/1061 331/352/1062
f 285/326/1063 286/329/1064 332/353/1065 330/351/1066
f 286/329/1067 287/331/1068 333/354/1069 332/353/1070
f 287/335/1071 288/334/1072 334/355/1073 333/356/1074
f 288/334/1075 289/337/1076 335/357/1077 334/355/1078
f 289/337/1079 290/339/1080 336/358/1081 335/357/1082
f 290/339/1083 291/341/1084 337/359/1085 336/358/1086
f 291/341/1087 284/327/1088 331/352/1089 337/359/1090
f 283/360/1091 282/361/1092 274/318/1093 273/321/1094
f 273/321/1095 275/323/1096 276/362/1097 283/360/1098
f 300/363/1099 205/364/1100 204/319/1101 274/318/1102
f 205/364/1103 300/363/1104 301/365/1105 206/366/1106
f 282/361/1107 281/367/1108 302/368/1109 274/318/1110
f 301/365/1111 300/363/1112 274/318/1113 302/368/1114
f 206/366/1115 301/365/1116 302/368/1117 272/369/1118
f 272/369/1119 302/368/1120 303/370/1121 271/371/1122
f 280/372/1123 303/370/1124 302/368/1125 281/367/1126
f 271/371/1127 303/370/1128 304/373/1129 270/374/1130
f 207/375/1131 305/376/1132 306/377/1133 202/378/1134
f 206/379/1135 268/380/1136 305/376/1137 207/375/1138
f 202/378/1139 306/377/1140 307/381/1141 242/382/1142
f 242/382/1143 307/381/1144 308/383/1145 239/384/1146
f 239/385/1147 308/386/1148 309/387/1149 240/388/1150
f 240/388/1151 309/387/1152 275/323/1153 241/322/1154
f 277/389/1155 312/390/1156 313/391/1157 278/392/1158
f 275/323/1159 309/387/1160 276/362/1161
f 268/380/1162 269/393/1163 310/394/1164 305/376/1165
f 306/377/1166 305/376/1167 310/394/1168 311/395/1169
f 313/391/1170 312/390/1171 308/383/1172 307/381/1173
f 308/383/1174 312/390/1175 277/389/1176
f 307/381/1177 306/377/1178 311/395/1179 313/391/1180
f 279/396/1181 278/392/1182 313/391/1183 311/395/1184
f 311/395/1185 310/394/1186 280/372/1187 279/396/1188
f 270/374/1189 304/373/1190 310/394/1191 269/393/1192
f 304/373/1193 303/370/1194 280/372/1195
f 322/397/1196 323/398/1197 315/399/1198 314/400/1199
f 323/401/1200 324/402/1201 316/403/1202 315/404/1203
f 324/402/1204 325/405/1205 317/406/1206 316/403/1207
f 325/405/1208 326/407/1209 318/408/1210 317/406/1211
f 326/407/1212 327/409/1213 319/410/1214 318/408/1215
f 327/409/1216 328/411/1217 320/412/1218 319/410/1219
f 328/411/1220 329/413/1221 321/414/1222 320/412/1223
f 329/413/1224 322/397/1225 314/400/1226 321/414/1227
f 308/386/1228 277/415/1229 276/362/1230
f 276/362/1231 309/387/1232 308/386/1233
f 276/362/1234 277/415/1235 323/398/1236 322/397/1237
f 277/389/1238 278/392/1239 324/402/1240 323/401/1241
f 278/392/1242 279/396/1243 325/405/1244 324/402/1245
f 279/396/1246 280/372/1247 326/407/1248 325/405/1249
f 280/372/1250 281/367/1251 327/409/1252 326/407/1253
f 281/367/1254 282/361/1255 328/411/1256 327/409/1257
f 282/361/1258 283/360/1259 329/413/1260 328/411/1261
f 283/360/1262 276/362/1263 322/397/1264 329/413/1265
f 304/373/1266 280/372/1267 310/394/1268
f 358/416/1269 352/417/1270 338/418/1271 339/419/1272
f 339/419/1273 340/420/1274 357/421/1275 358/416/1276
f 356/422/1277 357/421/1278 340/420/1279 341/423/1280
f 355/424/1281 356/425/1282 341/426/1283 342/427/1284
f 354/428/1285 359/429/1286 360/430/1287 343/431/1288
f 352/432/1289 353/433/1290 344/434/1291 338/435/1292
f 343/431/1293 344/434/1294 353/433/1295 354/428/1296
f 369/436/1297 362/437/1298 345/438/1299 346/439/1300
f 345/440/1301 362/441/1302 363/442/1303 347/443/1304
f 348/444/1305 347/443/1306 363/442/1307 364/445/1308
f 348/444/1309 364/445/1310 365/446/1311 361/447/1312
f 349/448/1313 366/449/1314 367/450/1315 350/451/1316
f 350/452/1317 367/453/1318 368/454/1319 351/455/1320
f 368/454/1321 369/436/1322 346/439/1323 351/455/1324
f 125/456/1325 126/457/1326 353/433/1327 352/432/1328
f 354/428/1329 353/433/1330 126/457/1331 128/458/1332
f 128/458/1333 151/459/1334 359/429/1335 354/428/1336
f 111/460/1337 129/461/1338 356/425/1339 355/424/1340
f 110/462/1341 357/421/1342 356/422/1343 129/463/1344
f 358/416/1345 357/421/1346 110/462/1347 124/464/1348
f 124/464/1349 125/465/1350 352/417/1351 358/416/1352
f 345/440/1353 347/443/1354 348/444/1355 346/466/1356
f 359/429/1357 151/459/1358 111/460/1359 355/424/1360
f 360/430/1361 359/429/1362 355/424/1363 342/427/1364
f 361/447/1365 365/446/1366 366/449/1367 349/448/1368
f 351/467/1369 361/447/1370 349/448/1371 350/451/1372
f 346/466/1373 348/444/1374 361/447/1375 351/467/1376
f 363/442/1377 362/441/1378 338/435/1379 344/434/1380
f 364/445/1381 363/442/1382 344/434/1383 343/431/1384
f 365/446/1385 364/445/1386 343/431/1387 360/430/1388
f 366/449/1389 365/446/1390 360/430/1391 342/427/1392
f 367/450/1393 366/449/1394 342/427/1395 341/426/1396
f 368/454/1397 367/453/1398 341/423/1399 340/420/1400
f 340/420/1401 339/419/1402 369/436/1403 368/454/1404
f 338/418/1405 362/437/1406 369/436/1407 339/419/1408
f 370/468/1409 376/471/1410 377/470/1411 371/469/1412
f 371/469/1413 377/470/1414 378/473/1415 372/472/1416
f 372/472/1417 378/473/1418 379/475/1419 373/474/1420
f 373/474/1421 379/475/1422 380/477/1423 374/476/1424
f 374/476/1425 380/477/1426 381/479/1427 375/478/1428
f 375/480/1429 381/481/1430 376/471/1431 370/468/1432
f 376/471/1433 382/483/1434 383/482/1435 377/470/1436
f 377/470/1437 383/482/1438 384/484/1439 378/473/1440
f 378/473/1441 384/484/1442 385/485/1443 379/475/1444
f 379/475/1445 385/485/1446 386/486/1447 380/477/1448
f 380/477/1449 386/486/1450 387/487/1451 381/479/1452
f 381/481/1453 387/488/1454 382/483/1455 376/471/1456
f 382/483/1457 388/490/1458 389/489/1459 383/482/1460
f 383/482/1461 389/489/1462 390/491/1463 384/484/1464
f 384/484/1465 390/491/1466 391/492/1467 385/485/1468
f 385/485/1469 391/492/1470 392/493/1471 386/486/1472
f 386/486/1473 392/493/1474 393/494/1475 387/487/1476
f 387/488/1477 393/495/1478 388/490/1479 382/483/1480
f 388/490/1481 394/496/1482 389/489/1483
f 389/489/1484 394/496/1485 390/491/1486
f 390/491/1487 394/496/1488 391/492/1489
f 391/492/1490 394/496/1491 392/493/1492
f 392/493/1493 394/496/1494 393/494/1495
f 393/495/1496 394/496/1497 388/490/1498
f 371/469/1499 396/498/1500 395/497/1501 370/468/1502
f 372/472/1503 397/499/1504 396/498/1505 371/469/1506
f 373/474/1507 398/500/1508 397/499/1509 372/472/1510
f 374/476/1511 399/501/1512 398/500/1513 373/474/1514
f 375/478/1515 400/502/1516 399/501/1517 374/476/1518
f 370/468/1519 395/497/1520 400/503/1521 375/480/1522
f 396/498/1523 402/505/1524 401/504/1525 395/497/1526
f 397/499/1527 403/506/1528 402/505/1529 396/498/1530
f 398/500/1531 404/507/1532 403/506/1533 397/499/1534
f 399/501/1535 405/508/1536 404/507/1537 398/500/1538
f 400/502/1539 406/509/1540 405/508/1541 399/501/1542
f 395/497/1543 401/504/1544 406/510/1545 400/503/1546
f 407/511/1547 413/514/1548 414/513/1549 408/512/1550
f 408/512/1551 414/513/1552 415/516/1553 409/515/1554
f 409/515/1555 415/516/1556 416/518/1557 410/517/1558
f 410/517/1559 416/518/1560 417/520/1561 411/519/1562
f 411/519/1563 417/520/1564 418/522/1565 412/521/1566
f 412/523/1567 418/524/1568 413/514/1569 407/511/1570
f 413/514/1571 419/526/1572 420/525/1573 414/513/1574
f 414/513/1575 420/525/1576 421/527/1577 415/516/1578
f 415/516/1579 421/527/1580 422/528/1581 416/518/1582
f 416/518/1583 422/528/1584 423/529/1585 417/520/1586
f 417/520/1587 423/529/1588 424/530/1589 418/522/1590
f 418/524/1591 424/531/1592 419/526/1593 413/514/1594
f 419/526/1595 425/533/1596 426/532/1597 420/525/1598
f 420/525/1599 426/532/1600 427/534/1601 421/527/1602
f 421/527/1603 427/534/1604 428/535/1605 422/528/1606
f 422/528/1607 428/535/1608 429/536/1609 423/529/1610
f 423/529/1611 429/536/1612 430/537/1613 424/530/1614
f 424/531/1615 430/538/1616 425/533/1617 419/526/1618
f 425/533/1619 431/539/1620 426/532/1621
f 426/532/1622 431/539/1623 427/534/1624
f 427/534/1625 431/539/1626 428/535/1627
f 428/535/1628 431/539/1629 429/536/1630
f 429/536/1631 431/539/1632 430/537/1633
f 430/538/1634 431/539/1635 425/533/1636
f 408/512/1637 433/541/1638 432/540/1639 407/511/1640
f 409/515/1641 434/542/1642 433/541/1643 408/512/1644
f 410/517/1645 435/543/1646 434/542/1647 409/515/1648
f 411/519/1649 436/544/1650 435/543/1651 410/517/1652
f 412/521/1653 437/545/1654 436/544/1655 411/519/1656
f 407/511/1657 432/540/1658 437/546/1659 412/523/1660
f 433/541/1661 439/548/1662 438/547/1663 432/540/1664
f 434/542/1665 440/549/1666 439/548/1667 433/541/1668
f 435/543/1669 402/550/1670 440/549/1671 434/542/1672
f 436/544/1673 401/551/1674 402/550/1675 435/543/1676
f 437/545/1677 441/552/1678 401/551/1679 436/544/1680
f 432/540/1681 438/547/1682 441/553/1683 437/546/1684
f 442/554/1685 448/557/1686 449/556/1687 443/555/1688
f 443/555/1689 449/556/1690 450/559/1691 444/558/1692
f 444/558/1693 450/559/1694 451/561/1695 445/560/1696
f 445/560/1697 451/561/1698 452/563/1699 446/562/1700
f 446/564/1701 452/567/1702 453/566/1703 447/565/1704
f 447/565/1705 453/566/1706 448/557/1707 442/554/1708
f 448/557/1709 454/569/1710 455/568/1711 449/556/1712
f 449/556/1713 455/568/1714 456/570/1715 450/559/1716
f 450/559/1717 456/570/1718 457/571/1719 451/561/1720
f 451/561/1721 457/571/1722 458/572/1723 452/563/1724
f 452/567/1725 458/574/1726 459/573/1727 453/566/1728
f 453/566/1729 459/573/1730 454/569/1731 448/557/1732
f 454/569/1733 460/576/1734 461/575/1735 455/568/1736
f 455/568/1737 461/575/1738 462/577/1739 456/570/1740
f 456/570/1741 462/577/1742 463/578/1743 457/571/1744
f 457/571/1745 463/578/1746 464/579/1747 458/572/1748
f 458/574/1749 464/581/1750 465/580/1751 459/573/1752
f 459/573/1753 465/580/1754 460/576/1755 454/569/1756
f 460/576/1757 466/582/1758 461/575/1759
f 461/575/1760 466/582/1761 462/577/1762
f 462/577/1763 466/582/1764 463/578/1765
f 463/578/1766 466/582/1767 464/579/1768
f 464/581/1769 466/582/1770 465/580/1771
f 465/580/1772 466/582/1773 460/576/1774
f 442/554/1775 405/584/1776 467/583/1777 447/565/1778
f 447/565/1779 467/583/1780 468/585/1781 446/564/1782
f 446/562/1783 468/587/1784 469/586/1785 445/560/1786
f 445/560/1787 469/586/1788 470/588/1789 444/558/1790
f 444/558/1791 470/588/1792 471/589/1793 443/555/1794
f 443/555/1795 471/589/1796 405/584/1797 442/554/1798
f 473/590/1799 472/593/1800 402/592/1801 403/591/1802
f 440/594/1803 402/592/1804 472/593/1805 474/595/1806
f 491/596/1807 483/599/1808 484/598/1809 492/597/1810
f 492/597/1811 484/598/1812 485/601/1813 493/600/1814
f 493/600/1815 485/601/1816 486/603/1817 494/602/1818
f 494/604/1819 486/607/1820 487/606/1821 495/605/1822
f 495/605/1823 487/606/1824 488/609/1825 496/608/1826
f 496/608/1827 488/609/1828 489/611/1829 497/610/1830
f 497/610/1831 489/611/1832 490/613/1833 498/612/1834
f 498/612/1835 490/613/1836 483/599/1837 491/596/1838
f 513/614/1839 491/596/1840 492/597/1841 514/615/1842
f 514/615/1843 492/597/1844 493/600/1845 515/616/1846
f 515/616/1847 493/600/1848 494/602/1849 516/617/1850
f 516/618/1851 494/604/1852 495/605/1853 517/619/1854
f 517/619/1855 495/605/1856 496/608/1857 518/620/1858
f 518/620/1859 496/608/1860 497/610/1861 519/621/1862
f 519/621/1863 497/610/1864 498/612/1865 520/622/1866
f 520/622/1867 498/612/1868 491/596/1869 513/614/1870
f 483/599/1871 530/624/1872 529/623/1873 484/598/1874
f 484/598/1875 529/623/1876 531/625/1877 485/601/1878
f 485/601/1879 531/625/1880 532/626/1881 486/603/1882
f 486/607/1883 532/628/1884 533/627/1885 487/606/1886
f 487/606/1887 533/627/1888 534/629/1889 488/609/1890
f 488/609/1891 534/629/1892 535/630/1893 489/611/1894
f 489/611/1895 535/630/1896 536/631/1897 490/613/1898
f 490/613/1899 536/631/1900 530/624/1901 483/599/1902
f 482/632/1903 472/593/1904 473/590/1905 481/633/1906
f 472/593/1907 482/632/1908 475/634/1909 474/595/1910
f 499/635/1911 473/590/1912 403/591/1913 404/636/1914
f 404/636/1915 405/638/1916 500/637/1917 499/635/1918
f 481/633/1919 473/590/1920 501/640/1921 480/639/1922
f 500/637/1923 501/640/1924 473/590/1925 499/635/1926
f 405/638/1927 471/641/1928 501/640/1929 500/637/1930
f 471/641/1931 470/643/1932 502/642/1933 501/640/1934
f 479/644/1935 480/639/1936 501/640/1937 502/642/1938
f 470/643/1939 469/646/1940 503/645/1941 502/642/1942
f 406/647/1943 401/650/1944 505/649/1945 504/648/1946
f 405/651/1947 406/647/1948 504/648/1949 467/652/1950
f 401/650/1951 441/654/1952 506/653/1953 505/649/1954
f 441/654/1955 438/656/1956 507/655/1957 506/653/1958
f 438/657/1959 439/660/1960 508/659/1961 507/658/1962
f 439/660/1963 440/594/1964 474/595/1965 508/659/1966
f 476/661/1967 477/664/1968 512/663/1969 511/662/1970
f 474/595/1971 475/634/1972 508/659/1973
f 467/652/1974 504/648/1975 509/666/1976 468/665/1977
f 505/649/1978 510/667/1979 509/666/1980 504/648/1981
f 512/663/1982 506/653/1983 507/655/1984 511/662/1985
f 507/655/1986 476/661/1987 511/662/1988
f 506/653/1989 512/663/1990 510/667/1991 505/649/1992
f 478/668/1993 510/667/1994 512/663/1995 477/664/1996
f 510/667/1997 478/668/1998 479/644/1999 509/666/2000
f 469/646/2001 468/665/2002 509/666/2003 503/645/2004
f 503/645/2005 479/644/2006 502/642/2007
f 521/669/2008 513/672/2009 514/671/2010 522/670/2011
f 522/673/2012 514/676/2013 515/675/2014 523/674/2015
f 523/674/2016 515/675/2017 516/678/2018 524/677/2019
f 524/677/2020 516/678/2021 517/680/2022 525/679/2023
f 525/679/2024 517/680/2025 518/682/2026 526/681/2027
f 526/681/2028 518/682/2029 519/684/2030 527/683/2031
f 527/683/2032 519/684/2033 520/686/2034 528/685/2035
f 528/685/2036 520/686/2037 513/672/2038 521/669/2039
f 507/658/2040 475/634/2041 476/687/2042
f 475/634/2043 507/658/2044 508/659/2045
f 475/634/2046 521/669/2047 522/670/2048 476/687/2049
f 476/661/2050 522/673/2051 523/674/2052 477/664/2053
f 477/664/2054 523/674/2055 524/677/2056 478/668/2057
f 478/668/2058 524/677/2059 525/679/2060 479/644/2061
f 479/644/2062 525/679/2063 526/681/2064 480/639/2065
f 480/639/2066 526/681/2067 527/683/2068 481/633/2069
f 481/633/2070 527/683/2071 528/685/2072 482/632/2073
f 482/632/2074 528/685/2075 521/669/2076 475/634/2077
f 503/645/2078 509/666/2079 479/644/2080
f 537/688/2081 545/691/2082 546/690/2083 538/689/2084
f 538/692/2085 546/695/2086 547/694/2087 539/693/2088
f 539/693/2089 547/694/2090 548/697/2091 540/696/2092
f 540/696/2093 548/697/2094 549/699/2095 541/698/2096
f 541/698/2097 549/699/2098 550/701/2099 542/700/2100
f 542/700/2101 550/701/2102 551/703/2103 543/702/2104
f 543/702/2105 551/703/2106 552/705/2107 544/704/2108
f 544/704/2109 552/705/2110 545/691/2111 537/688/2112
f 545/691/2113 553/707/2114 554/706/2115 546/690/2116
f 546/695/2117 554/709/2118 555/708/2119 547/694/2120
f 547/694/2121 555/708/2122 556/710/2123 548/697/2124
f 548/697/2125 556/710/2126 557/711/2127 549/699/2128
f 549/699/2129 557/711/2130 558/712/2131 550/701/2132
f 550/701/2133 558/712/2134 559/713/2135 551/703/2136
f 551/703/2137 559/713/2138 560/714/2139 552/705/2140
f 552/705/2141 560/714/2142 553/707/2143 545/691/2144
f 553/707/2145 561/716/2146 562/715/2147 554/706/2148
f 554/709/2149 562/718/2150 563/717/2151 555/708/2152
f 555/708/2153 563/717/2154 564/719/2155 556/710/2156
f 556/710/2157 564/719/2158 565/720/2159 557/711/2160
f 557/711/2161 565/720/2162 566/721/2163 558/712/2164
f 558/712/2165 566/721/2166 567/722/2167 559/713/2168
f 559/713/2169 567/722/2170 568/723/2171 560/714/2172
f 560/714/2173 568/723/2174 561/716/2175 553/707/2176
f 569/724/2177 17/727/2178 18/726/2179 570/725/2180
f 570/728/2181 18/731/2182 19/730/2183 571/729/2184
f 571/729/2185 19/730/2186 20/733/2187 572/732/2188
f 572/732/2189 20/733/2190 21/735/2191 573/734/2192
f 573/734/2193 21/735/2194 22/737/2195 574/736/2196
f 574/736/2197 22/737/2198 23/739/2199 575/738/2200
f 575/738/2201 23/739/2202 24/741/2203 576/740/2204
f 576/740/2205 24/741/2206 17/727/2207 569/724/2208
f 561/716/2209 569/724/2210 570/725/2211 562/715/2212
f 562/718/2213 570/728/2214 571/729/2215 563/717/2216
f 563/717/2217 571/729/2218 572/732/2219 564/719/2220
f 564/719/2221 572/732/2222 573/734/2223 565/720/2224
f 565/720/2225 573/734/2226 574/736/2227 566/721/2228
f 566/721/2229 574/736/2230 575/738/2231 567/722/2232
f 567/722/2233 575/738/2234 576/740/2235 568/723/2236
f 568/723/2237 576/740/2238 569/724/2239 561/716/2240
f 578/742/2241 577/745/2242 611/744/2243 610/743/2244
f 579/746/2245 578/742/2246 610/743/2247 617/747/2248
f 673/748/2249 581/751/2250 580/750/2251 658/749/2252
f 582/752/2253 661/755/2254 660/754/2255 616/753/2256
f 672/756/2257 583/757/2258 581/751/2259 673/748/2260
f 671/758/2261 584/759/2262 583/757/2263 672/756/2264
f 584/760/2265 671/763/2266 670/762/2267 585/761/2268
f 669/764/2269 586/765/2270 585/761/2271 670/762/2272
f 668/766/2273 587/767/2274 586/765/2275 669/764/2276
f 665/768/2277 588/771/2278 612/770/2279 666/769/2280
f 689/772/2281 642/775/2282 657/774/2283 674/773/2284
f 674/776/2285 657/779/2286 656/778/2287 675/777/2288
f 651/780/2289 680/783/2290 679/782/2291 652/781/2292
f 654/784/2293 677/787/2294 676/786/2295 655/785/2296
f 655/785/2297 676/786/2298 675/777/2299 656/778/2300
f 642/775/2301 689/772/2302 688/789/2303 643/788/2304
f 687/790/2305 644/791/2306 643/788/2307 688/789/2308
f 684/792/2309 647/795/2310 646/794/2311 685/793/2312
f 589/796/2313 598/799/2314 594/798/2315 591/797/2316
f 589/796/2317 590/801/2318 595/800/2319 598/799/2320
f 598/799/2321 595/800/2322 596/803/2323 599/802/2324
f 592/804/2325 594/798/2326 598/799/2327 599/802/2328
f 614/805/2329 600/808/2330 593/807/2331 615/806/2332
f 597/809/2333 600/808/2334 614/805/2335 613/810/2336
f 647/795/2337 684/792/2338 683/812/2339 648/811/2340
f 664/813/2341 602/814/2342 588/771/2343 665/768/2344
f 603/815/2345 577/745/2346 578/742/2347 604/816/2348
f 661/755/2349 582/752/2350 606/818/2351 662/817/2352
f 604/816/2353 578/742/2354 579/746/2355 605/819/2356
f 680/783/2357 651/780/2358 650/821/2359 681/820/2360
f 607/822/2361 593/807/2362 600/808/2363 608/823/2364
f 608/823/2365 600/808/2366 597/809/2367 601/824/2368
f 682/825/2369 649/826/2370 648/811/2371 683/812/2372
f 649/826/2373 682/825/2374 681/820/2375 650/821/2376
f 609/827/2377 663/828/2378 662/817/2379 606/818/2380
f 602/814/2381 664/813/2382 663/828/2383 609/827/2384
f 611/744/2385 618/830/2386 625/829/2387 610/743/2388
f 666/769/2389 612/770/2390 619/832/2391 667/831/2392
f 685/793/2393 646/794/2394 645/834/2395 686/833/2396
f 614/805/2397 621/836/2398 620/835/2399 613/810/2400
f 621/836/2401 614/805/2402 615/806/2403 622/837/2404
f 678/838/2405 653/839/2406 652/781/2407 679/782/2408
f 659/840/2409 623/841/2410 616/753/2411 660/754/2412
f 610/743/2413 625/829/2414 624/842/2415 617/747/2416
f 587/767/2417 668/766/2418 667/831/2419 619/832/2420
f 644/791/2421 687/790/2422 686/833/2423 645/834/2424
f 621/836/2425 599/802/2426 596/803/2427 620/835/2428
f 592/804/2429 599/802/2430 621/836/2431 622/837/2432
f 677/787/2433 654/784/2434 653/839/2435 678/838/2436
f 658/749/2437 580/750/2438 623/841/2439 659/840/2440
f 625/829/2441 542/844/2442 543/843/2443 624/842/2444
f 618/830/2445 541/845/2446 542/844/2447 625/829/2448
f 584/759/2449 626/847/2450 627/846/2451 583/757/2452
f 628/848/2453 581/751/2454 583/757/2455 627/846/2456
f 629/849/2457 580/750/2458 581/751/2459 628/848/2460
f 623/841/2461 580/750/2462 629/849/2463 630/850/2464
f 616/753/2465 623/841/2466 630/850/2467 631/851/2468
f 632/852/2469 582/752/2470 616/753/2471 631/851/2472
f 582/752/2473 632/852/2474 633/853/2475 606/818/2476
f 634/854/2477 609/827/2478 606/818/2479 633/853/2480
f 609/827/2481 634/854/2482 635/855/2483 602/814/2484
f 636/856/2485 588/771/2486 602/814/2487 635/855/2488
f 612/770/2489 588/771/2490 636/856/2491 637/857/2492
f 619/832/2493 612/770/2494 637/857/2495 638/858/2496
f 639/859/2497 587/767/2498 619/832/2499 638/858/2500
f 587/767/2501 639/859/2502 640/860/2503 586/765/2504
f 641/861/2505 585/761/2506 586/765/2507 640/860/2508
f 585/761/2509 641/861/2510 626/862/2511 584/760/2512
f 590/801/2513 642/864/2514 643/863/2515 595/800/2516
f 644/865/2517 596/803/2518 595/800/2519 643/863/2520
f 596/803/2521 644/865/2522 645/866/2523 620/835/2524
f 646/867/2525 613/810/2526 620/835/2527 645/866/2528
f 647/868/2529 597/809/2530 613/810/2531 646/867/2532
f 597/809/2533 647/868/2534 648/869/2535 601/824/2536
f 649/870/2537 608/823/2538 601/824/2539 648/869/2540
f 608/823/2541 649/870/2542 650/871/2543 607/822/2544
f 651/872/2545 593/807/2546 607/822/2547 650/871/2548
f 593/807/2549 651/872/2550 652/873/2551 615/806/2552
f 653/874/2553 622/837/2554 615/806/2555 652/873/2556
f 654/875/2557 592/804/2558 622/837/2559 653/874/2560
f 592/804/2561 654/875/2562 655/876/2563 594/798/2564
f 594/798/2565 655/876/2566 656/877/2567 591/797/2568
f 657/878/2569 589/796/2570 591/797/2571 656/877/2572
f 642/864/2573 590/801/2574 589/796/2575 657/878/2576
f 624/842/2577 543/843/2578 658/749/2579 659/840/2580
f 617/747/2581 624/842/2582 659/840/2583 660/754/2584
f 661/755/2585 579/746/2586 617/747/2587 660/754/2588
f 579/746/2589 661/755/2590 662/817/2591 605/819/2592
f 663/828/2593 604/816/2594 605/819/2595 662/817/2596
f 664/813/2597 603/815/2598 604/816/2599 663/828/2600
f 603/815/2601 664/813/2602 665/768/2603 577/745/2604
f 611/744/2605 577/745/2606 665/768/2607 666/769/2608
f 618/830/2609 611/744/2610 666/769/2611 667/831/2612
f 668/766/2613 541/845/2614 618/830/2615 667/831/2616
f 541/845/2617 668/766/2618 669/764/2619 540/879/2620
f 540/879/2621 669/764/2622 670/762/2623 539/880/2624
f 671/763/2625 538/881/2626 539/880/2627 670/762/2628
f 538/882/2629 671/758/2630 672/756/2631 537/883/2632
f 537/883/2633 672/756/2634 673/748/2635 544/884/2636
f 543/843/2637 544/884/2638 673/748/2639 658/749/2640
f 626/847/2641 674/776/2642 675/777/2643 627/846/2644
f 676/786/2645 628/848/2646 627/846/2647 675/777/2648
f 677/787/2649 629/849/2650 628/848/2651 676/786/2652
f 629/849/2653 677/787/2654 678/838/2655 630/850/2656
f 630/850/2657 678/838/2658 679/782/2659 631/851/2660
f 680/783/2661 632/852/2662 631/851/2663 679/782/2664
f 632/852/2665 680/783/2666 681/820/2667 633/853/2668
f 682/825/2669 634/854/2670 633/853/2671 681/820/2672
f 634/854/2673 682/825/2674 683/812/2675 635/855/2676
f 684/792/2677 636/856/2678 635/855/2679 683/812/2680
f 636/856/2681 684/792/2682 685/793/2683 637/857/2684
f 637/857/2685 685/793/2686 686/833/2687 638/858/2688
f 687/790/2689 639/859/2690 638/858/2691 686/833/2692
f 639/859/2693 687/790/2694 688/789/2695 640/860/2696
f 689/772/2697 641/861/2698 640/860/2699 688/789/2700
f 641/861/2701 689/772/2702 674/773/2703 626/862/2704
f 530/885/2705 690/888/2706 691/887/2707 529/886/2708
f 529/886/2709 691/887/2710 692/890/2711 531/889/2712
f 531/889/2713 692/890/2714 693/892/2715 532/891/2716
f 532/893/2717 693/896/2718 694/895/2719 533/894/2720
f 533/894/2721 694/895/2722 695/898/2723 534/897/2724
f 534/897/2725 695/898/2726 696/900/2727 535/899/2728
f 535/899/2729 696/900/2730 697/902/2731 536/901/2732
f 536/901/2733 697/902/2734 690/888/2735 530/885/2736
f 690/888/2737 698/904/2738 699/903/2739 691/887/2740
f 691/887/2741 699/903/2742 700/905/2743 692/890/2744
f 692/890/2745 700/905/2746 701/906/2747 693/892/2748
f 693/896/2749 701/908/2750 702/907/2751 694/895/2752
f 694/895/2753 702/907/2754 703/909/2755 695/898/2756
f 695/898/2757 703/909/2758 704/910/2759 696/900/2760
f 696/900/2761 704/910/2762 705/911/2763 697/902/2764
f 697/902/2765 705/911/2766 698/904/2767 690/888/2768
f 706/912/2769 86/915/2770 93/914/2771 707/913/2772
f 707/913/2773 93/914/2774 92/917/2775 708/916/2776
f 708/916/2777 92/917/2778 91/919/2779 709/918/2780
f 709/920/2781 91/923/2782 90/922/2783 710/921/2784
f 710/921/2785 90/922/2786 89/925/2787 711/924/2788
f 711/924/2789 89/925/2790 88/927/2791 712/926/2792
f 712/926/2793 88/927/2794 87/929/2795 713/928/2796
f 713/928/2797 87/929/2798 86/915/2799 706/912/2800
f 698/904/2801 706/912/2802 707/913/2803 699/903/2804
f 699/903/2805 707/913/2806 708/916/2807 700/905/2808
f 700/905/2809 708/916/2810 709/918/2811 701/906/2812
f 701/908/2813 709/920/2814 710/921/2815 702/907/2816
f 702/907/2817 710/921/2818 711/924/2819 703/909/2820
f 703/909/2821 711/924/2822 712/926/2823 704/910/2824
f 704/910/2825 712/926/2826 713/928/2827 705/911/2828
f 705/911/2829 713/928/2830 706/912/2831 698/904/2832
f 714/930/2833 715/931/2834 723/932/2835 722/933/2836
f 715/934/2837 716/935/2838 724/936/2839 723/937/2840
f 716/935/2841 717/938/2842 725/939/2843 724/936/2844
f 717/938/2845 718/940/2846 726/941/2847 725/939/2848
f 718/940/2849 719/942/2850 727/943/2851 726/941/2852
f 719/942/2853 720/944/2854 728/945/2855 727/943/2856
f 720/944/2857 721/946/2858 729/947/2859 728/945/2860
f 721/946/2861 714/930/2862 722/933/2863 729/947/2864
f 722/933/2865 723/932/2866 731/948/2867 730/949/2868
f 723/937/2869 724/936/2870 732/950/2871 731/951/2872
f 724/936/2873 725/939/2874 733/952/2875 732/950/2876
f 725/939/2877 726/941/2878 734/953/2879 733/952/2880
f 726/941/2881 727/943/2882 735/954/2883 734/953/2884
f 727/943/2885 728/945/2886 736/955/2887 735/954/2888
f 728/945/2889 729/947/2890 737/956/2891 736/955/2892
f 729/947/2893 722/933/2894 730/949/2895 737/956/2896
f 730/949/2897 731/948/2898 739/957/2899 738/958/2900
f 731/951/2901 732/950/2902 740/959/2903 739/960/2904
f 732/950/2905 733/952/2906 741/961/2907 740/959/2908
f 733/952/2909 734/953/2910 742/962/2911 741/961/2912
f 734/953/2913 735/954/2914 743/963/2915 742/962/2916
f 735/954/2917 736/955/2918 744/964/2919 743/963/2920
f 736/955/2921 737/956/2922 745/965/2923 744/964/2924
f 737/956/2925 730/949/2926 738/958/2927 745/965/2928
f 746/966/2929 747/967/2930 95/968/2931 94/969/2932
f 747/970/2933 748/971/2934 96/972/2935 95/973/2936
f 748/971/2937 749/974/2938 97/975/2939 96/972/2940
f 749/974/2941 750/976/2942 98/977/2943 97/975/2944
f 750/976/2945 751/978/2946 99/979/2947 98/977/2948
f 751/978/2949 752/980/2950 100/981/2951 99/979/2952
f 752/980/2953 753/982/2954 101/983/2955 100/981/2956
f 753/982/2957 746/966/2958 94/969/2959 101/983/2960
f 738/958/2961 739/957/2962 747/967/2963 746/966/2964
f 739/960/2965 740/959/2966 748/971/2967 747/970/2968
f 740/959/2969 741/961/2970 749/974/2971 748/971/2972
f 741/961/2973 742/962/2974 750/976/2975 749/974/2976
f 742/962/2977 743/963/2978 751/978/2979 750/976/2980
f 743/963/2981 744/964/2982 752/980/2983 751/978/2984
f 744/964/2985 745/965/2986 753/982/2987 752/980/2988
f 745/965/2989 738/958/2990 746/966/2991 753/982/2992
f 755/984/2993 787/985/2994 788/986/2995 754/987/2996
f 756/988/2997 794/989/2998 787/985/2999 755/984/3000
f 850/990/3001 835/991/3002 757/992/3003 758/993/3004
f 759/994/3005 793/995/3006 837/996/3007 838/997/3008
f 849/998/3009 850/990/3010 758/993/3011 760/999/3012
f 848/1000/3013 849/998/3014 760/999/3015 761/1001/3016
f 761/1002/3017 762/1003/3018 847/1004/3019 848/1005/3020
f 846/1006/3021 847/1004/3022 762/1003/3023 763/1007/3024
f 845/1008/3025 846/1006/3026 763/1007/3027 764/1009/3028
f 842/1010/3029 843/1011/3030 789/1012/3031 765/1013/3032
f 866/1014/3033 851/1015/3034 834/1016/3035 819/1017/3036
f 851/1018/3037 852/1019/3038 833/1020/3039 834/1021/3040
f 828/1022/3041 829/1023/3042 856/1024/3043 857/1025/3044
f 831/1026/3045 832/1027/3046 853/1028/3047 854/1029/3048
f 832/1027/3049 833/1020/3050 852/1019/3051 853/1028/3052
f 819/1017/3053 820/1030/3054 865/1031/3055 866/1014/3056
f 864/1032/3057 865/1031/3058 820/1030/3059 821/1033/3060
f 861/1034/3061 862/1035/3062 823/1036/3063 824/1037/3064
f 766/1038/3065 768/1039/3066 771/1040/3067 775/1041/3068
f 766/1038/3069 775/1041/3070 772/1042/3071 767/1043/3072
f 775/1041/3073 776/1044/3074 773/1045/3075 772/1042/3076
f 769/1046/3077 776/1044/3078 775/1041/3079 771/1040/3080
f 791/1047/3081 792/1048/3082 770/1049/3083 777/1050/3084
f 774/1051/3085 790/1052/3086 791/1047/3087 777/1050/3088
f 824/1037/3089 825/1053/3090 860/1054/3091 861/1034/3092
f 841/1055/3093 842/1010/3094 765/1013/3095 779/1056/3096
f 780/1057/3097 781/1058/3098 755/984/3099 754/987/3100
f 838/997/3101 839/1059/3102 783/1060/3103 759/994/3104
f 781/1058/3105 782/1061/3106 756/988/3107 755/984/3108
f 857/1025/3109 858/1062/3110 827/1063/3111 828/1022/3112
f 784/1064/3113 785/1065/3114 777/1050/3115 770/1049/3116
f 785/1065/3117 778/1066/3118 774/1051/3119 777/1050/3120
f 859/1067/3121 860/1054/3122 825/1053/3123 826/1068/3124
f 826/1068/3125 827/1063/3126 858/1062/3127 859/1067/3128
f 786/1069/3129 783/1060/3130 839/1059/3131 840/1070/3132
f 779/1056/3133 786/1069/3134 840/1070/3135 841/1055/3136
f 788/986/3137 787/985/3138 802/1071/3139 795/1072/3140
f 843/1011/3141 844/1073/3142 796/1074/3143 789/1012/3144
f 862/1035/3145 863/1075/3146 822/1076/3147 823/1036/3148
f 791/1047/3149 790/1052/3150 797/1077/3151 798/1078/3152
f 798/1078/3153 799/1079/3154 792/1048/3155 791/1047/3156
f 855/1080/3157 856/1024/3158 829/1023/3159 830/1081/3160
f 836/1082/3161 837/996/3162 793/995/3163 800/1083/3164
f 787/985/3165 794/989/3166 801/1084/3167 802/1071/3168
f 764/1009/3169 796/1074/3170 844/1073/3171 845/1008/3172
f 821/1033/3173 822/1076/3174 863/1075/3175 864/1032/3176
f 798/1078/3177 797/1077/3178 773/1045/3179 776/1044/3180
f 769/1046/3181 799/1079/3182 798/1078/3183 776/1044/3184
f 854/1029/3185 855/1080/3186 830/1081/3187 831/1026/3188
f 835/991/3189 836/1082/3190 800/1083/3191 757/992/3192
f 802/1071/3193 801/1084/3194 720/1085/3195 719/1086/3196
f 795/1072/3197 802/1071/3198 719/1086/3199 718/1087/3200
f 761/1001/3201 760/999/3202 804/1088/3203 803/1089/3204
f 805/1090/3205 804/1088/3206 760/999/3207 758/993/3208
f 806/1091/3209 805/1090/3210 758/993/3211 757/992/3212
f 800/1083/3213 807/1092/3214 806/1091/3215 757/992/3216
f 793/995/3217 808/1093/3218 807/1092/3219 800/1083/3220
f 809/1094/3221 808/1093/3222 793/995/3223 759/994/3224
f 759/994/3225 783/1060/3226 810/1095/3227 809/1094/3228
f 811/1096/3229 810/1095/3230 783/1060/3231 786/1069/3232
f 786/1069/3233 779/1056/3234 812/1097/3235 811/1096/3236
f 813/1098/3237 812/1097/3238 779/1056/3239 765/1013/3240
f 789/1012/3241 814/1099/3242 813/1098/3243 765/1013/3244
f 796/1074/3245 815/1100/3246 814/1099/3247 789/1012/3248
f 816/1101/3249 815/1100/3250 796/1074/3251 764/1009/3252
f 764/1009/3253 763/1007/3254 817/1102/3255 816/1101/3256
f 818/1103/3257 817/1102/3258 763/1007/3259 762/1003/3260
f 762/1003/3261 761/1002/3262 803/1104/3263 818/1103/3264
f 767/1043/3265 772/1042/3266 820/1105/3267 819/1106/3268
f 821/1107/3269 820/1105/3270 772/1042/3271 773/1045/3272
f 773/1045/3273 797/1077/3274 822/1108/3275 821/1107/3276
f 823/1109/3277 822/1108/3278 797/1077/3279 790/1052/3280
f 824/1110/3281 823/1109/3282 790/1052/3283 774/1051/3284
f 774/1051/3285 778/1066/3286 825/1111/3287 824/1110/3288
f 826/1112/3289 825/1111/3290 778/1066/3291 785/1065/3292
f 785/1065/3293 784/1064/3294 827/1113/3295 826/1112/3296
f 828/1114/3297 827/1113/3298 784/1064/3299 770/1049/3300
f 770/1049/3301 792/1048/3302 829/1115/3303 828/1114/3304
f 830/1116/3305 829/1115/3306 792/1048/3307 799/1079/3308
f 831/1117/3309 830/1116/3310 799/1079/3311 769/1046/3312
f 769/1046/3313 771/1040/3314 832/1118/3315 831/1117/3316
f 771/1040/3317 768/1039/3318 833/1119/3319 832/1118/3320
f 834/1120/3321 833/1119/3322 768/1039/3323 766/1038/3324
f 819/1106/3325 834/1120/3326 766/1038/3327 767/1043/3328
f 801/1084/3329 836/1082/3330 835/991/3331 720/1085/3332
f 794/989/3333 837/996/3334 836/1082/3335 801/1084/3336
f 838/997/3337 837/996/3338 794/989/3339 756/988/3340
f 756/988/3341 782/1061/3342 839/1059/3343 838/997/3344
f 840/1070/3345 839/1059/3346 782/1061/3347 781/1058/3348
f 841/1055/3349 840/1070/3350 781/1058/3351 780/1057/3352
f 780/1057/3353 754/987/3354 842/1010/3355 841/1055/3356
f 788/986/3357 843/1011/3358 842/1010/3359 754/987/3360
f 795/1072/3361 844/1073/3362 843/1011/3363 788/986/3364
f 845/1008/3365 844/1073/3366 795/1072/3367 718/1087/3368
f 718/1087/3369 717/1121/3370 846/1006/3371 845/1008/3372
f 717/1121/3373 716/1122/3374 847/1004/3375 846/1006/3376
f 848/1005/3377 847/1004/3378 716/1122/3379 715/1123/3380
f 715/1124/3381 714/1125/3382 849/998/3383 848/1000/3384
f 714/1125/3385 721/1126/3386 850/990/3387 849/998/3388
f 720/1085/3389 835/991/3390 850/990/3391 721/1126/3392
f 803/1089/3393 804/1088/3394 852/1019/3395 851/1018/3396
f 853/1028/3397 852/1019/3398 804/1088/3399 805/1090/3400
f 854/1029/3401 853/1028/3402 805/1090/3403 806/1091/3404
f 806/1091/3405 807/1092/3406 855/1080/3407 854/1029/3408
f 807/1092/3409 808/1093/3410 856/1024/3411 855/1080/3412
f 857/1025/3413 856/1024/3414 808/1093/3415 809/1094/3416
f 809/1094/3417 810/1095/3418 858/1062/3419 857/1025/3420
f 859/1067/3421 858/1062/3422 810/1095/3423 811/1096/3424
f 811/1096/3425 812/1097/3426 860/1054/3427 859/1067/3428
f 861/1034/3429 860/1054/3430 812/1097/3431 813/1098/3432
f 813/1098/3433 814/1099/3434 862/1035/3435 861/1034/3436
f 814/1099/3437 815/1100/3438 863/1075/3439 862/1035/3440
f 864/1032/3441 863/1075/3442 815/1100/3443 816/1101/3444
f 816/1101/3445 817/1102/3446 865/1031/3447 864/1032/3448
f 866/1014/3449 865/1031/3450 817/1102/3451 818/1103/3452
f 818/1103/3453 803/1104/3454 851/1015/3455 866/1014/3456
f 887/1127/3457 868/1130/3458 867/1129/3459 881/1128/3460
f 868/1130/3461 887/1127/3462 886/1132/3463 869/1131/3464
f 885/1133/3465 870/1134/3466 869/1131/3467 886/1132/3468
f 884/1135/3469 871/1138/3470 870/1137/3471 885/1136/3472
f 883/1139/3473 872/1142/3474 889/1141/3475 888/1140/3476
f 881/1143/3477 867/1146/3478 873/1145/3479 882/1144/3480
f 872/1142/3481 883/1139/3482 882/1144/3483 873/1145/3484
f 898/1147/3485 875/1150/3486 874/1149/3487 891/1148/3488
f 874/1151/3489 876/1154/3490 892/1153/3491 891/1152/3492
f 877/1155/3493 893/1156/3494 892/1153/3495 876/1154/3496
f 877/1155/3497 890/1158/3498 894/1157/3499 893/1156/3500
f 878/1159/3501 879/1162/3502 896/1161/3503 895/1160/3504
f 879/1163/3505 880/1166/3506 897/1165/3507 896/1164/3508
f 897/1165/3509 880/1166/3510 875/1150/3511 898/1147/3512
f 48/1167/3513 881/1143/3514 882/1144/3515 49/1168/3516
f 883/1139/3517 51/1169/3518 49/1168/3519 882/1144/3520
f 51/1169/3521 883/1139/3522 888/1140/3523 74/1170/3524
f 34/1171/3525 884/1135/3526 885/1136/3527 52/1172/3528
f 33/1173/3529 52/1174/3530 885/1133/3531 886/1132/3532
f 887/1127/3533 47/1175/3534 33/1173/3535 886/1132/3536
f 47/1175/3537 887/1127/3538 881/1128/3539 48/1176/3540
f 874/1151/3541 875/1177/3542 877/1155/3543 876/1154/3544
f 888/1140/3545 884/1135/3546 34/1171/3547 74/1170/3548
f 889/1141/3549 871/1138/3550 884/1135/3551 888/1140/3552
f 890/1158/3553 878/1159/3554 895/1160/3555 894/1157/3556
f 880/1178/3557 879/1162/3558 878/1159/3559 890/1158/3560
f 875/1177/3561 880/1178/3562 890/1158/3563 877/1155/3564
f 892/1153/3565 873/1145/3566 867/1146/3567 891/1152/3568
f 893/1156/3569 872/1142/3570 873/1145/3571 892/1153/3572
f 894/1157/3573 889/1141/3574 872/1142/3575 893/1156/3576
f 895/1160/3577 871/1138/3578 889/1141/3579 894/1157/3580
f 896/1161/3581 870/1137/3582 871/1138/3583 895/1160/3584
f 897/1165/3585 869/1131/3586 870/1134/3587 896/1164/3588
f 869/1131/3589 897/1165/3590 898/1147/3591 868/1130/3592
f 867/1129/3593 868/1130/3594 898/1147/3595 891/1148/3596
f 331/1179/3597 330/1180/3598 900/1181/3599 899/1182/3600
f 330/1180/3601 332/1183/3602 901/1184/3603 900/1181/3604
f 332/1183/3605 333/1185/3606 902/1186/3607 901/1184/3608
f 333/1187/3609 334/1188/3610 903/1189/3611 902/1190/3612
f 334/1188/3613 335/1191/3614 904/1192/3615 903/1189/3616
f 335/1191/3617 336/1193/3618 905/1194/3619 904/1192/3620
f 336/1193/3621 337/1195/3622 906/1196/3623 905/1194/3624
f 337/1195/3625 331/1179/3626 899/1182/3627 906/1196/3628
f 899/1182/3629 900/1181/3630 908/1197/3631 907/1198/3632
f 900/1181/3633 901/1184/3634 909/1199/3635 908/1197/3636
f 901/1184/3637 902/1186/3638 910/1200/3639 909/1199/3640
f 902/1190/3641 903/1189/3642 911/1201/3643 910/1202/3644
f 903/1189/3645 904/1192/3646 912/1203/3647 911/1201/3648
f 904/1192/3649 905/1194/3650 913/1204/3651 912/1203/3652
f 905/1194/3653 906/1196/3654 914/1205/3655 913/1204/3656
f 906/1196/3657 899/1182/3658 907/1198/3659 914/1205/3660
f 915/1206/3661 916/1207/3662 170/1208/3663 163/1209/3664
f 916/1207/3665 917/1210/3666 169/1211/3667 170/1208/3668
f 917/1210/3669 918/1212/3670 168/1213/3671 169/1211/3672
f 918/1214/3673 919/1215/3674 167/1216/3675 168/1217/3676
f 919/1215/3677 920/1218/3678 166/1219/3679 167/1216/3680
f 920/1218/3681 921/1220/3682 165/1221/3683 166/1219/3684
f 921/1220/3685 922/1222/3686 164/1223/3687 165/1221/3688
f 922/1222/3689 915/1206/3690 163/1209/3691 164/1223/3692
f 907/1198/3693 908/1197/3694 916/1207/3695 915/1206/3696
f 908/1197/3697 909/1199/3698 917/1210/3699 916/1207/3700
f 909/1199/3701 910/1200/3702 918/1212/3703 917/1210/3704
f 910/1202/3705 911/1201/3706 919/1215/3707 918/1214/3708
f 911/1201/3709 912/1203/3710 920/1218/3711 919/1215/3712
f 912/1203/3713 913/1204/3714 921/1220/3715 920/1218/3716
f 913/1204/3717 914/1205/3718 922/1222/3719 921/1220/3720
f 914/1205/3721 907/1198/3722 915/1206/3723 922/1222/3724
