version 1
nodes
  0 "NotABone0"  -1
  1 "NotABone1"  -1
  2 "Pelipper"  -1
  3 "Origin"  2
  4 "Waist"  3
  5 "LFoot"  4
  6 "LToe"  5
  7 "RFoot"  4
  8 "RToe"  7
  9 "Spine"  4
  10 "Head"  9
  11 "Feeler"  10
  12 "LowerBeak"  10
  13 "UpperBeak"  10
  14 "LArm"  9
  15 "LForeArm"  14
  16 "LHand"  15
  17 "RArm"  9
  18 "RForeArm"  17
  19 "RHand"  18
  20 "Tail"  4
  21 "PelipperSkin"  2
end
skeleton
time 0
  0 0.000000 0.000000 0.000000 0.000000 0.000000 0.000000
  1 0.000000 0.000000 0.000000 0.000000 0.000000 0.000000
  2 0.000000 0.000000 0.000000 0.000000 -0.000000 0.000000
  3 0.000000 0.000000 0.000000 0.000000 -0.000000 0.000000
  4 0.000000 0.000000 3.723689 0.000000 -0.000000 0.000000
  5 -0.336644 1.186034 -3.114251 3.141593 1.074700 -3.141593
  6 -0.000000 0.000000 1.055088 0.000000 -0.496096 0.000000
  7 -0.336644 -1.186030 -3.114251 3.141593 1.074701 -3.141593
  8 0.000000 0.000000 1.055088 0.000000 -0.496096 0.000000
  9 0.307324 0.000000 1.844025 0.000000 0.054454 0.000000
  10 0.000000 0.000000 2.914685 0.000000 -0.054454 0.000000
  11 1.260848 0.000000 -3.601105 3.141593 1.299462 -3.141593
  12 0.719483 0.000000 -0.466974 -0.000000 1.570796 -0.000000
  13 2.356579 0.000000 0.433787 3.141593 1.474034 -3.141593
  14 -0.369818 2.531004 1.014300 -1.570796 -0.054454 0.000000
  15 0.000000 0.000000 3.800000 0.000000 -0.000000 0.000000
  16 0.000000 0.000000 2.900000 0.000000 -0.000000 0.000000
  17 -0.369817 -2.531000 1.014295 1.570796 -0.054454 0.000000
  18 0.000000 -0.000000 3.800000 -0.000000 -0.000000 -0.000000
  19 0.000000 -0.000000 2.900000 -0.000000 -0.000000 -0.000000
  20 -3.362465 0.000000 1.151694 0.000000 -1.133286 0.000000
  21 0.000000 0.000000 0.000000 0.000000 -0.000000 0.000000
end
triangles
PelipperEyeDh.png
  0 2.815694 1.046265 9.884329 0.912400 0.398411 -0.093779 0.197845 -0.119568 1 10 1.000000
  0 3.024312 0.553223 9.819387 0.912400 0.398411 -0.093779 0.023590 -0.134491 1 10 1.000000
  0 2.705953 1.172363 9.352346 0.912400 0.398411 -0.093779 0.259613 -0.200104 1 10 1.000000
PelipperEyeDh.png
  0 2.705953 1.172363 9.352346 0.889584 0.456770 -0.000862 0.259613 -0.200104 1 10 1.000000
  0 3.024312 0.553223 9.819387 0.889584 0.456770 -0.000862 0.023590 -0.134491 1 10 1.000000
  0 3.033345 0.534668 9.309622 0.889584 0.456770 -0.000862 0.018829 -0.212067 1 10 1.000000
PelipperEyeDh.png
  0 2.815694 -1.046265 9.884329 0.912400 -0.398411 -0.093779 0.197845 -0.119568 1 10 1.000000
  0 2.705953 -1.172363 9.352346 0.912400 -0.398411 -0.093779 0.259613 -0.200104 1 10 1.000000
  0 3.024312 -0.553223 9.819387 0.912400 -0.398411 -0.093779 0.023590 -0.134491 1 10 1.000000
PelipperEyeDh.png
  0 3.024312 -0.553223 9.819387 0.889584 -0.456770 -0.000862 0.023590 -0.134491 1 10 1.000000
  0 2.705953 -1.172363 9.352346 0.889584 -0.456770 -0.000862 0.259613 -0.200104 1 10 1.000000
  0 3.033345 -0.534668 9.309622 0.889584 -0.456770 -0.000862 0.018829 -0.212067 1 10 1.000000
PelipperEyeDh.png
  0 2.928365 0.711182 10.350882 0.922144 0.383258 0.052565 0.081512 -0.050690 1 10 1.000000
  0 3.024312 0.553223 9.819387 0.922144 0.383258 0.052565 0.023590 -0.134491 1 10 1.000000
  0 2.815694 1.046265 9.884329 0.922144 0.383258 0.052565 0.197845 -0.119568 1 10 1.000000
PelipperEyeDh.png
  0 2.705953 1.172363 9.352346 0.885802 0.459241 -0.066722 0.259613 -0.200104 1 10 1.000000
  0 3.033345 0.534668 9.309622 0.885802 0.459241 -0.066722 0.018829 -0.212067 1 10 1.000000
  0 2.789327 0.976929 9.114065 0.885802 0.459241 -0.066722 0.198334 -0.237732 1 10 1.000000
PelipperEyeDh.png
  0 2.789327 0.976929 9.114065 0.698757 0.653335 -0.291362 0.198334 -0.237732 1 10 1.000000
  0 2.313375 1.419556 8.965139 0.698757 0.653335 -0.291362 0.410431 -0.248413 1 10 1.000000
  0 2.705953 1.172363 9.352346 0.698757 0.653335 -0.291362 0.259613 -0.200104 1 10 1.000000
PelipperEyeDh.png
  0 2.086568 1.563599 9.300100 0.534148 0.845389 -0.001863 0.478821 -0.196594 1 10 1.000000
  0 2.705953 1.172363 9.352346 0.534148 0.845389 -0.001863 0.259613 -0.200104 1 10 1.000000
  0 2.313375 1.419556 8.965139 0.534148 0.845389 -0.001863 0.410431 -0.248413 1 10 1.000000
PelipperEyeDh.png
  0 2.681295 1.105469 10.617605 0.876256 0.465885 0.122990 0.214783 -0.005035 1 10 1.000000
  0 2.928365 0.711182 10.350882 0.876256 0.465885 0.122990 0.081512 -0.050690 1 10 1.000000
  0 2.815694 1.046265 9.884329 0.876256 0.465885 0.122990 0.197845 -0.119568 1 10 1.000000
PelipperEyeDh.png
  0 2.022725 1.655640 10.082083 0.472068 0.880920 -0.033638 0.476318 -0.067535 1 10 1.000000
  0 2.333272 1.514282 10.738333 0.472068 0.880920 -0.033638 0.359802 0.019958 1 10 1.000000
  0 2.411763 1.441895 9.944143 0.472068 0.880920 -0.033638 0.375061 -0.101166 1 10 1.000000
PelipperEyeDh.png
  0 2.681295 1.105469 10.617605 0.703329 0.707229 0.071809 0.214783 -0.005035 1 10 1.000000
  0 2.815694 1.046265 9.884329 0.703329 0.707229 0.071809 0.197845 -0.119568 1 10 1.000000
  0 2.411763 1.441895 9.944143 0.703329 0.707229 0.071809 0.375061 -0.101166 1 10 1.000000
PelipperEyeDh.png
  0 2.022725 1.655640 10.082083 0.462299 0.884240 -0.066334 0.476318 -0.067535 1 10 1.000000
  0 2.411763 1.441895 9.944143 0.462299 0.884240 -0.066334 0.375061 -0.101166 1 10 1.000000
  0 2.086568 1.563599 9.300100 0.462299 0.884240 -0.066334 0.478821 -0.196594 1 10 1.000000
PelipperEyeDh.png
  0 2.681295 1.105469 10.617605 0.763770 0.645274 0.016670 0.214783 -0.005035 1 10 1.000000
  0 2.411763 1.441895 9.944143 0.763770 0.645274 0.016670 0.375061 -0.101166 1 10 1.000000
  0 2.333272 1.514282 10.738333 0.763770 0.645274 0.016670 0.359802 0.019958 1 10 1.000000
PelipperEyeDh.png
  0 2.705953 1.172363 9.352346 0.537412 0.835655 -0.113441 0.259613 -0.200104 1 10 1.000000
  0 2.086568 1.563599 9.300100 0.537412 0.835655 -0.113441 0.478821 -0.196594 1 10 1.000000
  0 2.411763 1.441895 9.944143 0.537412 0.835655 -0.113441 0.375061 -0.101166 1 10 1.000000
PelipperEyeDh.png
  0 2.815694 1.046265 9.884329 0.701349 0.712408 0.024186 0.197845 -0.119568 1 10 1.000000
  0 2.705953 1.172363 9.352346 0.701349 0.712408 0.024186 0.259613 -0.200104 1 10 1.000000
  0 2.411763 1.441895 9.944143 0.701349 0.712408 0.024186 0.375061 -0.101166 1 10 1.000000
PelipperEyeDh.png
  0 3.024312 -0.553223 9.819387 0.922144 -0.383258 0.052565 0.023590 -0.134491 1 10 1.000000
  0 2.928365 -0.711182 10.350882 0.922144 -0.383258 0.052565 0.081512 -0.050690 1 10 1.000000
  0 2.815694 -1.046265 9.884329 0.922144 -0.383258 0.052565 0.197845 -0.119568 1 10 1.000000
PelipperEyeDh.png
  0 3.033345 -0.534668 9.309622 0.885802 -0.459241 -0.066722 0.018829 -0.212067 1 10 1.000000
  0 2.705953 -1.172363 9.352346 0.885802 -0.459241 -0.066722 0.259613 -0.200104 1 10 1.000000
  0 2.789327 -0.976929 9.114065 0.885802 -0.459241 -0.066722 0.198334 -0.237732 1 10 1.000000
PelipperEyeDh.png
  0 2.313375 -1.419556 8.965139 0.698757 -0.653335 -0.291362 0.410431 -0.248413 1 10 1.000000
  0 2.789327 -0.976929 9.114065 0.698757 -0.653335 -0.291362 0.198334 -0.237732 1 10 1.000000
  0 2.705953 -1.172363 9.352346 0.698757 -0.653335 -0.291362 0.259613 -0.200104 1 10 1.000000
PelipperEyeDh.png
  0 2.705953 -1.172363 9.352346 0.534148 -0.845389 -0.001863 0.259613 -0.200104 1 10 1.000000
  0 2.086568 -1.563599 9.300100 0.534148 -0.845389 -0.001863 0.478821 -0.196594 1 10 1.000000
  0 2.313375 -1.419556 8.965139 0.534148 -0.845389 -0.001863 0.410431 -0.248413 1 10 1.000000
PelipperEyeDh.png
  0 2.928365 -0.711182 10.350882 0.876256 -0.465885 0.122990 0.081512 -0.050690 1 10 1.000000
  0 2.681295 -1.105469 10.617605 0.876256 -0.465885 0.122990 0.214783 -0.005035 1 10 1.000000
  0 2.815694 -1.046265 9.884329 0.876256 -0.465885 0.122990 0.197845 -0.119568 1 10 1.000000
PelipperEyeDh.png
  0 2.333272 -1.514282 10.738333 0.472068 -0.880920 -0.033638 0.359802 0.019958 1 10 1.000000
  0 2.022725 -1.655640 10.082083 0.472068 -0.880920 -0.033638 0.476318 -0.067535 1 10 1.000000
  0 2.411763 -1.441895 9.944143 0.472068 -0.880920 -0.033638 0.375061 -0.101166 1 10 1.000000
PelipperEyeDh.png
  0 2.815694 -1.046265 9.884329 0.703329 -0.707229 0.071809 0.197845 -0.119568 1 10 1.000000
  0 2.681295 -1.105469 10.617605 0.703329 -0.707229 0.071809 0.214783 -0.005035 1 10 1.000000
  0 2.411763 -1.441895 9.944143 0.703329 -0.707229 0.071809 0.375061 -0.101166 1 10 1.000000
PelipperEyeDh.png
  0 2.411763 -1.441895 9.944143 0.462299 -0.884240 -0.066334 0.375061 -0.101166 1 10 1.000000
  0 2.022725 -1.655640 10.082083 0.462299 -0.884240 -0.066334 0.476318 -0.067535 1 10 1.000000
  0 2.086568 -1.563599 9.300100 0.462299 -0.884240 -0.066334 0.478821 -0.196594 1 10 1.000000
PelipperEyeDh.png
  0 2.411763 -1.441895 9.944143 0.763770 -0.645274 0.016670 0.375061 -0.101166 1 10 1.000000
  0 2.681295 -1.105469 10.617605 0.763770 -0.645274 0.016670 0.214783 -0.005035 1 10 1.000000
  0 2.333272 -1.514282 10.738333 0.763770 -0.645274 0.016670 0.359802 0.019958 1 10 1.000000
PelipperEyeDh.png
  0 2.086568 -1.563599 9.300100 0.537412 -0.835655 -0.113441 0.478821 -0.196594 1 10 1.000000
  0 2.705953 -1.172363 9.352346 0.537412 -0.835655 -0.113441 0.259613 -0.200104 1 10 1.000000
  0 2.411763 -1.441895 9.944143 0.537412 -0.835655 -0.113441 0.375061 -0.101166 1 10 1.000000
PelipperEyeDh.png
  0 2.705953 -1.172363 9.352346 0.701349 -0.712408 0.024186 0.259613 -0.200104 1 10 1.000000
  0 2.815694 -1.046265 9.884329 0.701349 -0.712408 0.024186 0.197845 -0.119568 1 10 1.000000
  0 2.411763 -1.441895 9.944143 0.701349 -0.712408 0.024186 0.375061 -0.101166 1 10 1.000000
PelipperDh.png
  1 7.001363 2.109863 2.403065 0.851440 0.254081 -0.458794 0.181427 -0.822784 1 11 1.000000
  1 7.948730 2.308105 4.270996 0.851440 0.254081 -0.458794 0.139587 -0.731903 2 12 0.500000 11 0.500000
  1 7.611834 0.000000 2.367543 0.851440 0.254081 -0.458794 0.125885 -0.832947 1 11 1.000000
PelipperDh.png
  1 4.412433 1.764160 8.724182 0.077692 0.146234 0.986195 0.273682 -0.420044 1 13 1.000000
  1 6.492565 3.072754 8.366270 0.077692 0.146234 0.986195 0.165039 -0.415497 1 13 1.000000
  1 4.690283 3.614746 8.427887 0.077692 0.146234 0.986195 0.278320 -0.434998 1 13 1.000000
PelipperDh.png
  1 6.492565 3.072754 8.366270 0.092838 0.093642 0.991268 0.165039 -0.415497 1 13 1.000000
  1 6.348054 0.678711 8.605962 0.092838 0.093642 0.991268 0.164978 -0.400879 1 13 1.000000
  1 7.979261 1.999512 8.328419 0.092838 0.093642 0.991268 0.088409 -0.438141 1 13 1.000000
PelipperDh.png
  1 8.229073 0.723633 8.551911 0.423816 0.295150 0.856310 0.080902 -0.417572 1 13 1.000000
  1 8.650048 0.000000 8.592976 0.423816 0.295150 0.856310 0.040253 -0.416138 1 13 1.000000
  1 9.560013 0.000000 8.142604 0.423816 0.295150 0.856310 0.008362 -0.461334 1 13 1.000000
PelipperDh.png
  1 8.972501 1.673828 7.912153 0.446784 0.274072 0.851627 0.037659 -0.480316 1 13 1.000000
  1 7.979261 1.999512 8.328419 0.446784 0.274072 0.851627 0.088409 -0.438141 1 13 1.000000
  1 9.560013 0.000000 8.142604 0.446784 0.274072 0.851627 0.008362 -0.461334 1 13 1.000000
PelipperDh.png
  1 8.972501 1.673828 7.912153 0.460640 0.378968 0.802617 0.037659 -0.480316 1 13 1.000000
  1 7.748137 2.988281 7.994204 0.460640 0.378968 0.802617 0.087585 -0.483826 1 13 1.000000
  1 7.979261 1.999512 8.328419 0.460640 0.378968 0.802617 0.088409 -0.438141 1 13 1.000000
PelipperDh.png
  1 8.229073 0.723633 8.551911 0.248314 0.198264 0.948173 0.080902 -0.417572 1 13 1.000000
  1 7.843441 0.000000 8.804215 0.248314 0.198264 0.948173 0.088318 -0.401794 1 13 1.000000
  1 8.650048 0.000000 8.592976 0.248314 0.198264 0.948173 0.040253 -0.416138 1 13 1.000000
PelipperDh.png
  1 4.690283 3.614746 8.427887 0.163995 0.445257 0.880257 0.278320 -0.434998 1 13 1.000000
  1 6.492565 3.072754 8.366270 0.163995 0.445257 0.880257 0.165039 -0.415497 1 13 1.000000
  1 4.793602 4.419922 8.001359 0.163995 0.445257 0.880257 0.235870 -0.482574 1 13 1.000000
PelipperDh.png
  1 7.611834 0.000000 2.367543 0.603121 0.187561 -0.775284 0.125885 -0.832947 1 11 1.000000
  1 6.131348 0.000000 1.215820 0.603121 0.187561 -0.775284 0.203827 -0.897614 2 4 0.100000 11 0.900000
  1 7.001363 2.109863 2.403065 0.603121 0.187561 -0.775284 0.181427 -0.822784 1 11 1.000000
PelipperDh.png
  1 7.979261 1.999512 8.328419 0.286944 0.366267 0.885162 0.088409 -0.438141 1 13 1.000000
  1 7.748137 2.988281 7.994204 0.286944 0.366267 0.885162 0.087585 -0.483826 1 13 1.000000
  1 6.492565 3.072754 8.366270 0.286944 0.366267 0.885162 0.165039 -0.415497 1 13 1.000000
PelipperDh.png
  1 8.229073 0.723633 8.551911 0.399577 0.233514 0.886459 0.080902 -0.417572 1 13 1.000000
  1 9.560013 0.000000 8.142604 0.399577 0.233514 0.886459 0.008362 -0.461334 1 13 1.000000
  1 7.979261 1.999512 8.328419 0.399577 0.233514 0.886459 0.088409 -0.438141 1 13 1.000000
PelipperDh.png
  1 6.465999 3.772949 7.794384 0.324256 0.605745 0.726589 0.157501 -0.489594 1 13 1.000000
  1 4.793602 4.419922 8.001359 0.324256 0.605745 0.726589 0.235870 -0.482574 1 13 1.000000
  1 6.492565 3.072754 8.366270 0.324256 0.605745 0.726589 0.165039 -0.415497 1 13 1.000000
PelipperDh.png
  1 2.838867 -3.479492 2.844238 -0.312659 -0.706268 -0.635162 0.433411 -0.806671 2 4 0.300000 11 0.700000
  1 3.904297 -2.690430 1.442383 -0.312659 -0.706268 -0.635162 0.373169 -0.898407 2 11 0.500000 4 0.500000
  1 4.483408 -4.026855 2.643353 -0.312659 -0.706268 -0.635162 0.356262 -0.826599 1 11 1.000000
PelipperDh.png
  1 3.904297 2.690430 1.442383 -0.312659 0.706268 -0.635162 0.373169 -0.898407 2 11 0.500000 4 0.500000
  1 2.838867 3.479492 2.844238 -0.312659 0.706268 -0.635162 0.433411 -0.806671 2 4 0.300000 11 0.700000
  1 4.483408 4.026855 2.643353 -0.312659 0.706268 -0.635162 0.356262 -0.826599 1 11 1.000000
PelipperDh.png
  1 4.793602 4.419922 8.001359 -0.181987 0.478426 0.859063 0.235870 -0.482574 1 13 1.000000
  1 3.396829 4.235352 7.808251 -0.181987 0.478426 0.859063 0.319366 -0.485870 1 13 1.000000
  1 4.690283 3.614746 8.427887 -0.181987 0.478426 0.859063 0.278320 -0.434998 1 13 1.000000
PelipperDh.png
  1 6.465999 3.772949 7.794384 0.261549 0.616488 0.742654 0.157501 -0.489594 1 13 1.000000
  1 6.492565 3.072754 8.366270 0.261549 0.616488 0.742654 0.165039 -0.415497 1 13 1.000000
  1 7.748137 2.988281 7.994204 0.261549 0.616488 0.742654 0.087585 -0.483826 1 13 1.000000
PelipperDh.png
  1 6.348054 0.678711 8.605962 0.024044 0.177056 0.983907 0.164978 -0.400879 1 13 1.000000
  1 8.229073 0.723633 8.551911 0.024044 0.177056 0.983907 0.080902 -0.417572 1 13 1.000000
  1 7.979261 1.999512 8.328419 0.024044 0.177056 0.983907 0.088409 -0.438141 1 13 1.000000
PelipperDh.png
  1 6.348054 0.678711 8.605962 0.112180 0.092287 0.989393 0.164978 -0.400879 1 13 1.000000
  1 6.492565 3.072754 8.366270 0.112180 0.092287 0.989393 0.165039 -0.415497 1 13 1.000000
  1 4.412433 1.764160 8.724182 0.112180 0.092287 0.989393 0.273682 -0.420044 1 13 1.000000
PelipperDh.png
  1 6.529297 3.826660 4.368652 0.656331 0.639260 -0.400719 0.223480 -0.725983 2 12 0.500000 11 0.500000
  1 7.948730 2.308105 4.270996 0.656331 0.639260 -0.400719 0.139587 -0.731903 2 12 0.500000 11 0.500000
  1 7.001363 2.109863 2.403065 0.656331 0.639260 -0.400719 0.181427 -0.822784 1 11 1.000000
PelipperDh.png
  1 2.672542 0.000000 8.983823 -0.123979 -0.158247 -0.979585 0.024445 -0.069275 1 13 1.000000
  1 4.793602 4.419922 8.001359 -0.123979 -0.158247 -0.979585 0.179535 -0.161133 1 13 1.000000
  1 7.844919 0.000000 8.329194 -0.123979 -0.158247 -0.979585 0.024445 -0.264679 1 13 1.000000
PelipperDh.png
  1 5.704827 3.376465 2.523015 0.608719 0.664199 -0.433937 0.250671 -0.821564 1 11 1.000000
  1 6.529297 3.826660 4.368652 0.608719 0.664199 -0.433937 0.223480 -0.725983 2 12 0.500000 11 0.500000
  1 7.001363 2.109863 2.403065 0.608719 0.664199 -0.433937 0.181427 -0.822784 1 11 1.000000
PelipperDh.png
  1 7.844919 0.000000 8.329194 -0.106539 -0.172221 -0.979280 0.024445 -0.264679 1 13 1.000000
  1 8.972501 1.673828 7.912153 -0.106539 -0.172221 -0.979280 0.067200 -0.302277 1 13 1.000000
  1 9.560013 0.000000 8.142604 -0.106539 -0.172221 -0.979280 0.024445 -0.321289 1 13 1.000000
PelipperDh.png
  1 7.748137 2.988281 7.994204 -0.189283 -0.115442 -0.975113 0.121277 -0.265533 1 13 1.000000
  1 8.972501 1.673828 7.912153 -0.189283 -0.115442 -0.975113 0.067200 -0.302277 1 13 1.000000
  1 7.844919 0.000000 8.329194 -0.189283 -0.115442 -0.975113 0.024445 -0.264679 1 13 1.000000
PelipperDh.png
  1 7.948730 -2.308105 4.270996 0.656331 -0.639260 -0.400719 0.139587 -0.731903 2 12 0.500000 11 0.500000
  1 6.529297 -3.826660 4.368652 0.656331 -0.639260 -0.400719 0.223480 -0.725983 2 12 0.500000 11 0.500000
  1 7.001363 -2.109863 2.403065 0.656331 -0.639260 -0.400719 0.181427 -0.822784 1 11 1.000000
PelipperDh.png
  1 7.748137 2.988281 7.994204 0.088136 -0.108151 -0.990220 0.121277 -0.265533 1 13 1.000000
  1 7.844919 0.000000 8.329194 0.088136 -0.108151 -0.990220 0.024445 -0.264679 1 13 1.000000
  1 6.465999 3.772949 7.794384 0.088136 -0.108151 -0.990220 0.159180 -0.216309 1 13 1.000000
PelipperDh.png
  1 4.793602 4.419922 8.001359 -0.199168 -0.208519 -0.957524 0.179535 -0.161133 1 13 1.000000
  1 6.465999 3.772949 7.794384 -0.199168 -0.208519 -0.957524 0.159180 -0.216309 1 13 1.000000
  1 7.844919 0.000000 8.329194 -0.199168 -0.208519 -0.957524 0.024445 -0.264679 1 13 1.000000
PelipperDh.png
  1 6.529297 -3.826660 4.368652 0.608719 -0.664199 -0.433937 0.223480 -0.725983 2 12 0.500000 11 0.500000
  1 5.704827 -3.376465 2.523015 0.608719 -0.664199 -0.433937 0.250671 -0.821564 1 11 1.000000
  1 7.001363 -2.109863 2.403065 0.608719 -0.664199 -0.433937 0.181427 -0.822784 1 11 1.000000
PelipperDh.png
  1 2.672542 0.000000 8.983823 0.168589 -0.290286 -0.941972 0.024445 -0.069275 1 13 1.000000
  1 3.396829 4.235352 7.808251 0.168589 -0.290286 -0.941972 0.170563 -0.102356 1 13 1.000000
  1 4.793602 4.419922 8.001359 0.168589 -0.290286 -0.941972 0.179535 -0.161133 1 13 1.000000
PelipperDh.png
  1 3.904297 -2.690430 1.442383 0.225114 -0.608199 -0.761195 0.373169 -0.898407 2 11 0.500000 4 0.500000
  1 5.851563 -2.003906 1.469727 0.225114 -0.608199 -0.761195 0.243561 -0.878662 2 4 0.100000 11 0.900000
  1 5.704827 -3.376465 2.523015 0.225114 -0.608199 -0.761195 0.250671 -0.821564 1 11 1.000000
PelipperDh.png
  1 5.851563 2.003906 1.469727 0.225114 0.608199 -0.761195 0.243561 -0.878662 2 4 0.100000 11 0.900000
  1 3.904297 2.690430 1.442383 0.225114 0.608199 -0.761195 0.373169 -0.898407 2 11 0.500000 4 0.500000
  1 5.704827 3.376465 2.523015 0.225114 0.608199 -0.761195 0.250671 -0.821564 1 11 1.000000
PelipperDh.png
  1 4.412433 -1.764160 8.724182 0.104678 -0.078691 0.991388 0.273682 -0.420044 1 13 1.000000
  1 6.348054 -0.678711 8.605962 0.104678 -0.078691 0.991388 0.164978 -0.400879 1 13 1.000000
  1 4.346901 -0.423828 8.837489 0.104678 -0.078691 0.991388 0.268890 -0.398010 1 13 1.000000
PelipperDh.png
  1 6.492565 -3.072754 8.366270 0.077692 -0.146234 0.986195 0.165039 -0.415497 1 13 1.000000
  1 4.412433 -1.764160 8.724182 0.077692 -0.146234 0.986195 0.273682 -0.420044 1 13 1.000000
  1 4.690283 -3.614746 8.427887 0.077692 -0.146234 0.986195 0.278320 -0.434998 1 13 1.000000
PelipperDh.png
  1 5.851563 2.003906 1.469727 0.488773 0.563404 -0.666091 0.243561 -0.878662 2 4 0.100000 11 0.900000
  1 5.704827 3.376465 2.523015 0.488773 0.563404 -0.666091 0.250671 -0.821564 1 11 1.000000
  1 7.001363 2.109863 2.403065 0.488773 0.563404 -0.666091 0.181427 -0.822784 1 11 1.000000
PelipperDh.png
  1 5.704827 -3.376465 2.523015 0.488773 -0.563404 -0.666091 0.250671 -0.821564 1 11 1.000000
  1 5.851563 -2.003906 1.469727 0.488773 -0.563404 -0.666091 0.243561 -0.878662 2 4 0.100000 11 0.900000
  1 7.001363 -2.109863 2.403065 0.488773 -0.563404 -0.666091 0.181427 -0.822784 1 11 1.000000
PelipperDh.png
  1 6.348054 -0.678711 8.605962 0.092838 -0.093642 0.991268 0.164978 -0.400879 1 13 1.000000
  1 6.492565 -3.072754 8.366270 0.092838 -0.093642 0.991268 0.165039 -0.415497 1 13 1.000000
  1 7.979261 -1.999512 8.328419 0.092838 -0.093642 0.991268 0.088409 -0.438141 1 13 1.000000
PelipperDh.png
  1 8.650048 0.000000 8.592976 0.423816 -0.295150 0.856310 0.040253 -0.416138 1 13 1.000000
  1 8.229073 -0.723633 8.551911 0.423816 -0.295150 0.856310 0.080902 -0.417572 1 13 1.000000
  1 9.560013 0.000000 8.142604 0.423816 -0.295150 0.856310 0.008362 -0.461334 1 13 1.000000
PelipperDh.png
  1 7.979261 -1.999512 8.328419 0.446784 -0.274072 0.851627 0.088409 -0.438141 1 13 1.000000
  1 8.972501 -1.673828 7.912153 0.446784 -0.274072 0.851627 0.037659 -0.480316 1 13 1.000000
  1 9.560013 0.000000 8.142604 0.446784 -0.274072 0.851627 0.008362 -0.461334 1 13 1.000000
PelipperDh.png
  1 7.748137 -2.988281 7.994204 0.460640 -0.378968 0.802617 0.087585 -0.483826 1 13 1.000000
  1 8.972501 -1.673828 7.912153 0.460640 -0.378968 0.802617 0.037659 -0.480316 1 13 1.000000
  1 7.979261 -1.999512 8.328419 0.460640 -0.378968 0.802617 0.088409 -0.438141 1 13 1.000000
PelipperDh.png
  1 -0.130371 -0.833496 8.937012 -0.527812 -0.723000 0.445741 0.636688 -0.446136 2 9 0.200000 10 0.800000
  1 -0.330386 -1.089355 8.285162 -0.527812 -0.723000 0.445741 0.622498 -0.489014 1 9 1.000000
  1 0.403463 -1.265625 8.868216 -0.527812 -0.723000 0.445741 0.593384 -0.439148 1 10 1.000000
PelipperDh.png
  1 7.843441 0.000000 8.804215 0.248314 -0.198264 0.948173 0.088318 -0.401794 1 13 1.000000
  1 8.229073 -0.723633 8.551911 0.248314 -0.198264 0.948173 0.080902 -0.417572 1 13 1.000000
  1 8.650048 0.000000 8.592976 0.248314 -0.198264 0.948173 0.040253 -0.416138 1 13 1.000000
PelipperDh.png
  1 2.054342 -2.609375 6.402884 0.397403 0.828573 0.394384 0.258148 -0.072571 1 10 1.000000
  1 2.374410 -3.582520 8.124874 0.397403 0.828573 0.394384 0.350037 -0.058075 1 12 1.000000
  1 4.637106 -3.831543 6.368038 0.397403 0.828573 0.394384 0.292664 -0.146942 1 12 1.000000
PelipperDh.png
  1 4.637106 -3.831543 6.368038 0.535328 0.588293 0.606082 0.292664 -0.146942 1 12 1.000000
  1 2.374410 -3.582520 8.124874 0.535328 0.588293 0.606082 0.350037 -0.058075 1 12 1.000000
  1 3.396383 -4.187012 7.808956 0.535328 0.588293 0.606082 0.368927 -0.106628 1 12 1.000000
PelipperDh.png
  1 -0.130371 0.833496 8.937012 -0.527873 0.722955 0.445742 0.636688 -0.446136 2 9 0.200000 10 0.800000
  1 0.403320 1.265625 8.868164 -0.527873 0.722955 0.445742 0.593384 -0.439148 2 9 0.200000 10 0.800000
  1 -0.330386 1.089355 8.285162 -0.527873 0.722955 0.445742 0.622498 -0.489014 1 9 1.000000
PelipperDh.png
  1 6.492565 -3.072754 8.366270 0.163995 -0.445257 0.880257 0.165039 -0.415497 1 13 1.000000
  1 4.690283 -3.614746 8.427887 0.163995 -0.445257 0.880257 0.278320 -0.434998 1 13 1.000000
  1 4.793602 -4.419922 8.001359 0.163995 -0.445257 0.880257 0.235870 -0.482574 1 13 1.000000
PelipperDh.png
  1 7.748137 -2.988281 7.994204 0.286944 -0.366267 0.885162 0.087585 -0.483826 1 13 1.000000
  1 7.979261 -1.999512 8.328419 0.286944 -0.366267 0.885162 0.088409 -0.438141 1 13 1.000000
  1 6.492565 -3.072754 8.366270 0.286944 -0.366267 0.885162 0.165039 -0.415497 1 13 1.000000
PelipperDh.png
  1 4.626465 -3.678711 4.541504 0.427395 0.901120 0.072910 0.281067 -0.147217 2 12 0.500000 11 0.500000
  1 2.054342 -2.609375 6.402884 0.427395 0.901120 0.072910 0.258148 -0.072571 1 10 1.000000
  1 4.637106 -3.831543 6.368038 0.427395 0.901120 0.072910 0.292664 -0.146942 1 12 1.000000
PelipperDh.png
  1 1.832170 0.000000 4.608950 0.832832 -0.467163 0.296900 0.206116 -0.073822 1 11 1.000000
  1 3.145020 2.319336 4.575684 0.832832 -0.467163 0.296900 0.251526 -0.082825 2 12 0.500000 11 0.500000
  1 1.180806 0.000000 6.436087 0.832832 -0.467163 0.296900 0.206451 -0.052429 1 10 1.000000
PelipperDh.png
  1 1.180806 0.000000 6.436087 0.809120 -0.264188 0.524909 0.206451 -0.052429 1 10 1.000000
  1 3.145020 2.319336 4.575684 0.809120 -0.264188 0.524909 0.251526 -0.082825 2 12 0.500000 11 0.500000
  1 2.054342 2.609375 6.402884 0.809120 -0.264188 0.524909 0.258148 -0.072571 1 10 1.000000
PelipperDh.png
  1 -0.044322 2.208008 7.307205 -0.052652 0.805412 0.590372 0.611969 -0.547455 1 9 1.000000
  1 0.418945 1.514648 8.294434 -0.052652 0.805412 0.590372 0.590363 -0.491211 2 10 0.500000 9 0.500000
  1 0.776337 2.345703 7.192545 -0.052652 0.805412 0.590372 0.569489 -0.554413 1 9 1.000000
PelipperDh.png
  1 0.776337 2.345703 7.192545 -0.469979 0.771268 0.429262 0.569489 -0.554413 1 9 1.000000
  1 0.418945 1.514648 8.294434 -0.469979 0.771268 0.429262 0.590363 -0.491211 2 10 0.500000 9 0.500000
  1 0.906392 1.771973 8.365774 -0.469979 0.771268 0.429262 0.557434 -0.490387 1 10 1.000000
PelipperDh.png
  1 9.560013 0.000000 8.142604 0.399577 -0.233514 0.886459 0.008362 -0.461334 1 13 1.000000
  1 8.229073 -0.723633 8.551911 0.399577 -0.233514 0.886459 0.080902 -0.417572 1 13 1.000000
  1 7.979261 -1.999512 8.328419 0.399577 -0.233514 0.886459 0.088409 -0.438141 1 13 1.000000
PelipperDh.png
  1 0.418945 -1.514648 8.294434 -0.469979 -0.771268 0.429262 0.590363 -0.491211 2 10 0.500000 9 0.500000
  1 0.776337 -2.345703 7.192545 -0.469979 -0.771268 0.429262 0.569489 -0.554413 1 9 1.000000
  1 0.906392 -1.771973 8.365774 -0.469979 -0.771268 0.429262 0.557434 -0.490387 1 10 1.000000
PelipperDh.png
  1 4.793602 -4.419922 8.001359 0.324256 -0.605745 0.726589 0.235870 -0.482574 1 13 1.000000
  1 6.465999 -3.772949 7.794384 0.324256 -0.605745 0.726589 0.157501 -0.489594 1 13 1.000000
  1 6.492565 -3.072754 8.366270 0.324256 -0.605745 0.726589 0.165039 -0.415497 1 13 1.000000
PelipperDh.png
  1 3.145020 -2.319336 4.575684 0.809120 0.264188 0.524909 0.251526 -0.082825 2 12 0.500000 11 0.500000
  1 1.180806 0.000000 6.436087 0.809120 0.264188 0.524909 0.206451 -0.052429 1 10 1.000000
  1 2.054342 -2.609375 6.402884 0.809120 0.264188 0.524909 0.258148 -0.072571 1 10 1.000000
PelipperDh.png
  1 3.396829 -4.235352 7.808251 -0.181987 -0.478426 0.859063 0.319366 -0.485870 1 13 1.000000
  1 4.793602 -4.419922 8.001359 -0.181987 -0.478426 0.859063 0.235870 -0.482574 1 13 1.000000
  1 4.690283 -3.614746 8.427887 -0.181987 -0.478426 0.859063 0.278320 -0.434998 1 13 1.000000
PelipperDh.png
  1 1.111328 2.257324 7.406250 0.014469 0.931805 0.362672 0.550232 -0.541443 2 10 0.500000 9 0.500000
  1 1.157515 2.676758 6.326765 0.014469 0.931805 0.362672 0.547424 -0.597809 1 9 1.000000
  1 0.776337 2.345703 7.192545 0.014469 0.931805 0.362672 0.569489 -0.554413 1 9 1.000000
PelipperDh.png
  1 1.441406 -2.509277 6.446289 0.361716 -0.863668 0.351054 0.525604 -0.597626 2 10 0.300000 9 0.700000
  1 1.111328 -2.257324 7.406250 0.361716 -0.863668 0.351054 0.550232 -0.541443 2 10 0.500000 9 0.500000
  1 1.157515 -2.676758 6.326765 0.361716 -0.863668 0.351054 0.547424 -0.597809 1 9 1.000000
PelipperDh.png
  1 1.157515 -2.676758 6.326765 0.014469 -0.931805 0.362672 0.547424 -0.597809 1 9 1.000000
  1 1.111328 -2.257324 7.406250 0.014469 -0.931805 0.362672 0.550232 -0.541443 2 10 0.500000 9 0.500000
  1 0.776337 -2.345703 7.192545 0.014469 -0.931805 0.362672 0.569489 -0.554413 1 9 1.000000
PelipperDh.png
  1 -1.111923 0.766113 7.870542 -0.606274 0.502483 0.616395 0.672546 -0.521790 1 9 1.000000
  1 -0.741211 0.426270 8.512207 -0.606274 0.502483 0.616395 0.643677 -0.486542 2 10 0.300000 9 0.700000
  1 -0.947018 1.424805 7.495776 -0.606274 0.502483 0.616395 0.661438 -0.534088 1 9 1.000000
PelipperDh.png
  1 -0.947018 1.424805 7.495776 -0.529137 0.549289 0.646758 0.661438 -0.534088 1 9 1.000000
  1 -0.741211 0.426270 8.512207 -0.529137 0.549289 0.646758 0.643677 -0.486542 2 10 0.300000 9 0.700000
  1 -0.330386 1.089355 8.285162 -0.529137 0.549289 0.646758 0.622498 -0.489014 1 9 1.000000
PelipperDh.png
  1 1.258577 3.069824 5.462562 0.618131 0.685786 0.384203 0.539642 -0.659515 1 9 1.000000
  1 1.157515 2.676758 6.326765 0.618131 0.685786 0.384203 0.547424 -0.597809 1 9 1.000000
  1 2.083464 2.915039 4.411713 0.618131 0.685786 0.384203 0.489319 -0.713562 1 9 1.000000
PelipperDh.png
  1 6.492565 -3.072754 8.366270 0.261549 -0.616488 0.742654 0.165039 -0.415497 1 13 1.000000
  1 6.465999 -3.772949 7.794384 0.261549 -0.616488 0.742654 0.157501 -0.489594 1 13 1.000000
  1 7.748137 -2.988281 7.994204 0.261549 -0.616488 0.742654 0.087585 -0.483826 1 13 1.000000
PelipperDh.png
  1 8.229073 -0.723633 8.551911 0.024044 -0.177056 0.983907 0.080902 -0.417572 1 13 1.000000
  1 6.348054 -0.678711 8.605962 0.024044 -0.177056 0.983907 0.164978 -0.400879 1 13 1.000000
  1 7.979261 -1.999512 8.328419 0.024044 -0.177056 0.983907 0.088409 -0.438141 1 13 1.000000
PelipperDh.png
  1 6.492565 -3.072754 8.366270 0.112180 -0.092287 0.989393 0.165039 -0.415497 1 13 1.000000
  1 6.348054 -0.678711 8.605962 0.112180 -0.092287 0.989393 0.164978 -0.400879 1 13 1.000000
  1 4.412433 -1.764160 8.724182 0.112180 -0.092287 0.989393 0.273682 -0.420044 1 13 1.000000
PelipperDh.png
  1 1.182271 1.611328 9.024466 -0.388100 0.916842 -0.093691 0.545807 -0.431580 1 10 1.000000
  1 0.403320 1.265625 8.868164 -0.388100 0.916842 -0.093691 0.593384 -0.439148 2 9 0.200000 10 0.800000
  1 1.169576 1.690430 9.851126 -0.388100 0.916842 -0.093691 0.544220 -0.376038 1 10 1.000000
PelipperDh.png
  1 1.169576 1.690430 9.851126 -0.289743 0.939958 -0.180355 0.544220 -0.376038 1 10 1.000000
  1 0.403320 1.265625 8.868164 -0.289743 0.939958 -0.180355 0.593384 -0.439148 2 9 0.200000 10 0.800000
  1 0.491353 1.463379 9.757376 -0.289743 0.939958 -0.180355 0.594910 -0.393738 1 10 1.000000
PelipperDh.png
  1 0.491353 1.463379 9.757376 -0.601722 0.790213 -0.116166 0.594910 -0.393738 1 10 1.000000
  1 0.403320 1.265625 8.868164 -0.601722 0.790213 -0.116166 0.593384 -0.439148 2 9 0.200000 10 0.800000
  1 -0.110698 0.993164 9.677298 -0.601722 0.790213 -0.116166 0.602631 -0.394775 1 10 1.000000
PelipperDh.png
  1 4.793602 -4.419922 8.001359 -0.123979 0.158247 -0.979585 0.179535 -0.161133 1 13 1.000000
  1 2.672542 0.000000 8.983823 -0.123979 0.158247 -0.979585 0.024445 -0.069275 1 13 1.000000
  1 7.844919 0.000000 8.329194 -0.123979 0.158247 -0.979585 0.024445 -0.264679 1 13 1.000000
PelipperDh.png
  1 -0.368510 -0.405762 9.622122 -0.903524 -0.377509 0.202809 0.642487 -0.400208 1 10 1.000000
  1 -0.507813 -0.370117 9.067871 -0.903524 -0.377509 0.202809 0.651428 -0.439972 2 9 0.200000 10 0.800000
  1 -0.110698 -0.993164 9.677298 -0.903524 -0.377509 0.202809 0.602631 -0.394775 1 10 1.000000
PelipperDh.png
  1 8.972501 -1.673828 7.912153 -0.106539 0.172221 -0.979280 0.067200 -0.302277 1 13 1.000000
  1 7.844919 0.000000 8.329194 -0.106539 0.172221 -0.979280 0.024445 -0.264679 1 13 1.000000
  1 9.560013 0.000000 8.142604 -0.106539 0.172221 -0.979280 0.024445 -0.321289 1 13 1.000000
PelipperDh.png
  1 0.491353 -1.463379 9.757376 -0.601706 -0.790210 -0.116270 0.594910 -0.393738 1 10 1.000000
  1 -0.110698 -0.993164 9.677298 -0.601706 -0.790210 -0.116270 0.602631 -0.394775 1 10 1.000000
  1 0.403463 -1.265625 8.868216 -0.601706 -0.790210 -0.116270 0.593384 -0.439148 1 10 1.000000
PelipperDh.png
  1 8.972501 -1.673828 7.912153 -0.189283 0.115442 -0.975113 0.067200 -0.302277 1 13 1.000000
  1 7.748137 -2.988281 7.994204 -0.189283 0.115442 -0.975113 0.121277 -0.265533 1 13 1.000000
  1 7.844919 0.000000 8.329194 -0.189283 0.115442 -0.975113 0.024445 -0.264679 1 13 1.000000
PelipperDh.png
  1 -1.366056 0.000000 8.357752 -0.618198 0.557467 0.554131 0.703033 -0.506805 1 9 1.000000
  1 -0.991699 0.000000 8.775391 -0.618198 0.557467 0.554131 0.677002 -0.477356 2 10 0.300000 9 0.700000
  1 -1.111923 0.766113 7.870542 -0.618198 0.557467 0.554131 0.672546 -0.521790 1 9 1.000000
PelipperDh.png
  1 7.844919 0.000000 8.329194 0.088136 0.108151 -0.990220 0.024445 -0.264679 1 13 1.000000
  1 7.748137 -2.988281 7.994204 0.088136 0.108151 -0.990220 0.121277 -0.265533 1 13 1.000000
  1 6.465999 -3.772949 7.794384 0.088136 0.108151 -0.990220 0.159180 -0.216309 1 13 1.000000
PelipperDh.png
  1 6.465999 -3.772949 7.794384 -0.199168 0.208519 -0.957524 0.159180 -0.216309 1 13 1.000000
  1 4.793602 -4.419922 8.001359 -0.199168 0.208519 -0.957524 0.179535 -0.161133 1 13 1.000000
  1 7.844919 0.000000 8.329194 -0.199168 0.208519 -0.957524 0.024445 -0.264679 1 13 1.000000
PelipperDh.png
  1 3.396829 -4.235352 7.808251 0.168589 0.290286 -0.941972 0.170563 -0.102356 1 13 1.000000
  1 2.672542 0.000000 8.983823 0.168589 0.290286 -0.941972 0.024445 -0.069275 1 13 1.000000
  1 4.793602 -4.419922 8.001359 0.168589 0.290286 -0.941972 0.179535 -0.161133 1 13 1.000000
PelipperDh.png
  1 1.890567 -0.980464 -0.084185 0.000000 0.000000 -1.000000 0.850830 -0.408539 1 8 1.000000
  1 2.297306 -1.197749 -0.084185 0.000000 0.000000 -1.000000 0.868164 -0.387390 1 8 1.000000
  1 1.890567 -1.414546 -0.084185 0.000000 0.000000 -1.000000 0.885498 -0.408539 1 8 1.000000
PelipperDh.png
  1 -0.741211 -0.426270 8.512207 -0.529137 -0.549289 0.646758 0.643677 -0.486542 2 10 0.300000 9 0.700000
  1 -0.947018 -1.424805 7.495776 -0.529137 -0.549289 0.646758 0.661438 -0.534088 1 9 1.000000
  1 -0.330386 -1.089355 8.285162 -0.529137 -0.549289 0.646758 0.622498 -0.489014 1 9 1.000000
PelipperDh.png
  1 1.258577 -3.069824 5.462562 0.618131 -0.685786 0.384203 0.539642 -0.659515 1 9 1.000000
  1 2.083464 -2.915039 4.411713 0.618131 -0.685786 0.384203 0.489319 -0.713562 1 9 1.000000
  1 1.157515 -2.676758 6.326765 0.618131 -0.685786 0.384203 0.547424 -0.597809 1 9 1.000000
PelipperDh.png
  1 1.676212 -0.970210 0.174116 0.484756 0.577231 0.657127 0.842407 -0.378662 1 8 1.000000
  1 1.751895 -1.197749 0.318159 0.484756 0.577231 0.657127 0.868164 -0.355530 1 8 1.000000
  1 2.297306 -1.197749 -0.084185 0.484756 0.577231 0.657127 0.868164 -0.387390 1 8 1.000000
PelipperDh.png
  1 7.948730 2.308105 4.270996 0.720896 0.681827 -0.124183 0.139587 -0.731903 2 12 0.500000 11 0.500000
  1 6.529297 3.826660 4.368652 0.720896 0.681827 -0.124183 0.223480 -0.725983 2 12 0.500000 11 0.500000
  1 8.252340 2.376953 6.411495 0.720896 0.681827 -0.124183 0.130493 -0.601898 1 12 1.000000
PelipperDh.png
  1 8.252340 2.376953 6.411495 0.659521 0.751332 -0.023092 0.130493 -0.601898 1 12 1.000000
  1 6.529297 3.826660 4.368652 0.659521 0.751332 -0.023092 0.223480 -0.725983 2 12 0.500000 11 0.500000
  1 6.510153 3.906250 6.411495 0.659521 0.751332 -0.023092 0.217499 -0.601898 1 12 1.000000
PelipperDh.png
  1 -0.124369 0.000000 11.574270 -0.235439 0.119126 0.964561 0.610168 -0.252502 1 10 1.000000
  1 0.639791 0.000000 11.760794 -0.235439 0.119126 0.964561 0.559662 -0.249695 1 10 1.000000
  1 -0.069194 1.073730 11.455130 -0.235439 0.119126 0.964561 0.611511 -0.263245 1 10 1.000000
PelipperDh.png
  1 -0.069194 1.073730 11.455130 -0.256255 0.104356 0.960960 0.611511 -0.263245 1 10 1.000000
  1 0.639791 0.000000 11.760794 -0.256255 0.104356 0.960960 0.559662 -0.249695 1 10 1.000000
  1 0.756978 1.164551 11.665579 -0.256255 0.104356 0.960960 0.559998 -0.260803 1 10 1.000000
PelipperDh.png
  1 1.627095 0.000000 11.893606 0.057036 0.083352 0.994887 0.502563 -0.250732 1 10 1.000000
  1 2.376607 0.000000 11.850637 0.057036 0.083352 0.994887 0.462280 -0.252686 1 10 1.000000
  1 1.642232 1.062012 11.803762 0.057036 0.083352 0.994887 0.504883 -0.262390 1 10 1.000000
PelipperDh.png
  1 1.642232 1.062012 11.803762 0.144779 0.143326 0.979029 0.504883 -0.262390 1 10 1.000000
  1 2.376607 0.000000 11.850637 0.144779 0.143326 0.979029 0.462280 -0.252686 1 10 1.000000
  1 2.374654 0.929199 11.714895 0.144779 0.143326 0.979029 0.466949 -0.264801 1 10 1.000000
PelipperDh.png
  1 2.986959 1.197754 11.294485 0.866231 0.453526 0.209660 0.444916 -0.283844 1 10 1.000000
  1 3.325338 0.739258 10.888235 0.866231 0.453526 0.209660 0.417816 -0.292450 1 10 1.000000
  1 2.858052 1.604004 10.948294 0.866231 0.453526 0.209660 0.462158 -0.302643 1 10 1.000000
PelipperDh.png
  1 2.858052 1.604004 10.948294 0.832934 0.425525 0.353764 0.462158 -0.302643 1 10 1.000000
  1 3.325338 0.739258 10.888235 0.832934 0.425525 0.353764 0.417816 -0.292450 1 10 1.000000
  1 3.191549 1.172852 10.681692 0.832934 0.425525 0.353764 0.430328 -0.302643 1 10 1.000000
PelipperDh.png
  1 2.342916 1.665527 11.429739 0.226114 0.679252 0.698204 0.476715 -0.285645 1 10 1.000000
  1 2.300924 2.063965 11.055716 0.226114 0.679252 0.698204 0.498718 -0.302643 1 10 1.000000
  1 1.006490 2.108398 11.431692 0.226114 0.679252 0.698204 0.542847 -0.287354 1 10 1.000000
PelipperDh.png
  1 1.006490 2.108398 11.431692 0.258304 0.492497 0.831099 0.542847 -0.287354 1 10 1.000000
  1 2.300924 2.063965 11.055716 0.258304 0.492497 0.831099 0.498718 -0.302643 1 10 1.000000
  1 1.203756 2.566895 11.098684 0.258304 0.492497 0.831099 0.542847 -0.302643 1 10 1.000000
PelipperDh.png
  1 0.078267 2.385742 10.993216 -0.158171 0.480473 0.862628 0.609009 -0.302643 1 10 1.000000
  1 0.016256 1.984863 11.205130 -0.158171 0.480473 0.862628 0.611420 -0.288086 1 10 1.000000
  1 1.203756 2.566895 11.098684 -0.158171 0.480473 0.862628 0.542847 -0.302643 1 10 1.000000
PelipperDh.png
  1 1.203756 2.566895 11.098684 -0.246592 0.636729 0.730595 0.542847 -0.302643 1 10 1.000000
  1 0.016256 1.984863 11.205130 -0.246592 0.636729 0.730595 0.611420 -0.288086 1 10 1.000000
  1 1.006490 2.108398 11.431692 -0.246592 0.636729 0.730595 0.542847 -0.287354 1 10 1.000000
PelipperDh.png
  1 -0.069194 1.073730 11.455130 -0.386418 0.121308 0.914312 0.611511 -0.263245 1 10 1.000000
  1 -1.056987 0.764648 11.078665 -0.386418 0.121308 0.914312 0.680908 -0.280670 1 10 1.000000
  1 -0.124369 0.000000 11.574270 -0.386418 0.121308 0.914312 0.610168 -0.252502 1 10 1.000000
PelipperDh.png
  1 -0.124369 0.000000 11.574270 -0.367177 0.147421 0.918394 0.610168 -0.252502 1 10 1.000000
  1 -1.056987 0.764648 11.078665 -0.367177 0.147421 0.918394 0.680908 -0.280670 1 10 1.000000
  1 -1.118510 0.000000 11.176809 -0.367177 0.147421 0.918394 0.684479 -0.273163 1 10 1.000000
PelipperDh.png
  1 2.986959 1.197754 11.294485 0.568846 0.630511 0.528081 0.444916 -0.283844 1 10 1.000000
  1 2.858052 1.604004 10.948294 0.568846 0.630511 0.528081 0.462158 -0.302643 1 10 1.000000
  1 2.342916 1.665527 11.429739 0.568846 0.630511 0.528081 0.476715 -0.285645 1 10 1.000000
PelipperDh.png
  1 2.342916 1.665527 11.429739 0.590090 0.584742 0.556660 0.476715 -0.285645 1 10 1.000000
  1 2.858052 1.604004 10.948294 0.590090 0.584742 0.556660 0.462158 -0.302643 1 10 1.000000
  1 2.300924 2.063965 11.055716 0.590090 0.584742 0.556660 0.498718 -0.302643 1 10 1.000000
PelipperDh.png
  1 3.325338 0.739258 10.888235 0.958729 0.283056 -0.026804 0.417816 -0.292450 1 10 1.000000
  1 3.396138 0.456543 10.435110 0.958729 0.283056 -0.026804 0.413849 -0.312622 1 10 1.000000
  1 3.191549 1.172852 10.681692 0.958729 0.283056 -0.026804 0.430328 -0.302643 1 10 1.000000
PelipperDh.png
  1 3.191549 1.172852 10.681692 0.932119 0.322768 -0.164242 0.430328 -0.302643 1 10 1.000000
  1 3.396138 0.456543 10.435110 0.932119 0.322768 -0.164242 0.413849 -0.312622 1 10 1.000000
  1 3.274068 0.781738 10.381399 0.932119 0.322768 -0.164242 0.430328 -0.324982 1 10 1.000000
PelipperDh.png
  1 1.627095 0.000000 11.893606 -0.132832 0.085429 0.987450 0.502563 -0.250732 1 10 1.000000
  1 1.642232 1.062012 11.803762 -0.132832 0.085429 0.987450 0.504883 -0.262390 1 10 1.000000
  1 0.639791 0.000000 11.760794 -0.132832 0.085429 0.987450 0.559662 -0.249695 1 10 1.000000
PelipperDh.png
  1 0.639791 0.000000 11.760794 -0.142789 0.094919 0.985191 0.559662 -0.249695 1 10 1.000000
  1 1.642232 1.062012 11.803762 -0.142789 0.094919 0.985191 0.504883 -0.262390 1 10 1.000000
  1 0.756978 1.164551 11.665579 -0.142789 0.094919 0.985191 0.559998 -0.260803 1 10 1.000000
PelipperDh.png
  1 2.376607 0.000000 11.850637 0.392480 0.133760 0.909982 0.462280 -0.252686 1 10 1.000000
  1 3.090963 0.000000 11.542532 0.392480 0.133760 0.909982 0.425018 -0.258301 1 10 1.000000
  1 2.374654 0.929199 11.714895 0.392480 0.133760 0.909982 0.466949 -0.264801 1 10 1.000000
PelipperDh.png
  1 2.374654 0.929199 11.714895 0.467537 0.200728 0.860882 0.466949 -0.264801 1 10 1.000000
  1 3.090963 0.000000 11.542532 0.467537 0.200728 0.860882 0.425018 -0.258301 1 10 1.000000
  1 3.038228 0.619141 11.426809 0.467537 0.200728 0.860882 0.433868 -0.271942 1 10 1.000000
PelipperDh.png
  1 3.325338 0.739258 10.888235 0.980290 0.195039 0.031481 0.417816 -0.292450 1 10 1.000000
  1 3.468892 0.000000 10.998098 0.980290 0.195039 0.031481 0.403320 -0.285278 1 10 1.000000
  1 3.396138 0.456543 10.435110 0.980290 0.195039 0.031481 0.413849 -0.312622 1 10 1.000000
PelipperDh.png
  1 3.396138 0.456543 10.435110 0.990858 0.133442 -0.019835 0.413849 -0.312622 1 10 1.000000
  1 3.468892 0.000000 10.998098 0.990858 0.133442 -0.019835 0.403320 -0.285278 1 10 1.000000
  1 3.458150 0.000000 10.461477 0.990858 0.133442 -0.019835 0.401733 -0.312622 1 10 1.000000
PelipperDh.png
  1 0.016256 1.984863 11.205130 -0.247059 0.277881 0.928302 0.611420 -0.288086 1 10 1.000000
  1 -0.069194 1.073730 11.455130 -0.247059 0.277881 0.928302 0.611511 -0.263245 1 10 1.000000
  1 1.006490 2.108398 11.431692 -0.247059 0.277881 0.928302 0.542847 -0.287354 1 10 1.000000
PelipperDh.png
  1 1.006490 2.108398 11.431692 -0.266252 0.297575 0.916820 0.542847 -0.287354 1 10 1.000000
  1 -0.069194 1.073730 11.455130 -0.266252 0.297575 0.916820 0.611511 -0.263245 1 10 1.000000
  1 0.756978 1.164551 11.665579 -0.266252 0.297575 0.916820 0.559998 -0.260803 1 10 1.000000
PelipperDh.png
  1 2.986959 -1.197754 11.294485 0.866231 -0.453526 0.209660 0.444916 -0.283844 1 10 1.000000
  1 2.858052 -1.604004 10.948294 0.866231 -0.453526 0.209660 0.462158 -0.302643 1 10 1.000000
  1 3.325338 -0.739258 10.888235 0.866231 -0.453526 0.209660 0.417816 -0.292450 1 10 1.000000
PelipperDh.png
  1 3.325338 -0.739258 10.888235 0.832934 -0.425525 0.353764 0.417816 -0.292450 1 10 1.000000
  1 2.858052 -1.604004 10.948294 0.832934 -0.425525 0.353764 0.462158 -0.302643 1 10 1.000000
  1 3.191549 -1.172852 10.681692 0.832934 -0.425525 0.353764 0.430328 -0.302643 1 10 1.000000
PelipperDh.png
  1 2.342916 -1.665527 11.429739 0.226114 -0.679252 0.698204 0.476715 -0.285645 1 10 1.000000
  1 1.006490 -2.108398 11.431692 0.226114 -0.679252 0.698204 0.542847 -0.287354 1 10 1.000000
  1 2.300924 -2.063965 11.055716 0.226114 -0.679252 0.698204 0.498718 -0.302643 1 10 1.000000
PelipperDh.png
  1 2.300924 -2.063965 11.055716 0.258304 -0.492497 0.831099 0.498718 -0.302643 1 10 1.000000
  1 1.006490 -2.108398 11.431692 0.258304 -0.492497 0.831099 0.542847 -0.287354 1 10 1.000000
  1 1.203756 -2.566895 11.098684 0.258304 -0.492497 0.831099 0.542847 -0.302643 1 10 1.000000
PelipperDh.png
  1 0.078267 -2.385742 10.993216 -0.158171 -0.480473 0.862628 0.609009 -0.302643 1 10 1.000000
  1 1.203756 -2.566895 11.098684 -0.158171 -0.480473 0.862628 0.542847 -0.302643 1 10 1.000000
  1 0.016256 -1.984863 11.205130 -0.158171 -0.480473 0.862628 0.611420 -0.288086 1 10 1.000000
PelipperDh.png
  1 0.016256 -1.984863 11.205130 -0.246592 -0.636729 0.730595 0.611420 -0.288086 1 10 1.000000
  1 1.203756 -2.566895 11.098684 -0.246592 -0.636729 0.730595 0.542847 -0.302643 1 10 1.000000
  1 1.006490 -2.108398 11.431692 -0.246592 -0.636729 0.730595 0.542847 -0.287354 1 10 1.000000
PelipperDh.png
  1 -0.069194 -1.073730 11.455130 -0.386418 -0.121308 0.914312 0.611511 -0.263245 1 10 1.000000
  1 -0.124369 0.000000 11.574270 -0.386418 -0.121308 0.914312 0.610168 -0.252502 1 10 1.000000
  1 -1.056987 -0.764648 11.078665 -0.386418 -0.121308 0.914312 0.680908 -0.280670 1 10 1.000000
PelipperDh.png
  1 -1.056987 -0.764648 11.078665 -0.367177 -0.147421 0.918394 0.680908 -0.280670 1 10 1.000000
  1 -0.124369 0.000000 11.574270 -0.367177 -0.147421 0.918394 0.610168 -0.252502 1 10 1.000000
  1 -1.118510 0.000000 11.176809 -0.367177 -0.147421 0.918394 0.684479 -0.273163 1 10 1.000000
PelipperDh.png
  1 2.986959 -1.197754 11.294485 0.568846 -0.630511 0.528081 0.444916 -0.283844 1 10 1.000000
  1 2.342916 -1.665527 11.429739 0.568846 -0.630511 0.528081 0.476715 -0.285645 1 10 1.000000
  1 2.858052 -1.604004 10.948294 0.568846 -0.630511 0.528081 0.462158 -0.302643 1 10 1.000000
PelipperDh.png
  1 2.858052 -1.604004 10.948294 0.590090 -0.584742 0.556660 0.462158 -0.302643 1 10 1.000000
  1 2.342916 -1.665527 11.429739 0.590090 -0.584742 0.556660 0.476715 -0.285645 1 10 1.000000
  1 2.300924 -2.063965 11.055716 0.590090 -0.584742 0.556660 0.498718 -0.302643 1 10 1.000000
PelipperDh.png
  1 3.325338 -0.739258 10.888235 0.958729 -0.283056 -0.026804 0.417816 -0.292450 1 10 1.000000
  1 3.191549 -1.172852 10.681692 0.958729 -0.283056 -0.026804 0.430328 -0.302643 1 10 1.000000
  1 3.396138 -0.456543 10.435110 0.958729 -0.283056 -0.026804 0.413849 -0.312622 1 10 1.000000
PelipperDh.png
  1 3.396138 -0.456543 10.435110 0.932119 -0.322768 -0.164242 0.413849 -0.312622 1 10 1.000000
  1 3.191549 -1.172852 10.681692 0.932119 -0.322768 -0.164242 0.430328 -0.302643 1 10 1.000000
  1 3.274068 -0.781738 10.381399 0.932119 -0.322768 -0.164242 0.430328 -0.324982 1 10 1.000000
PelipperDh.png
  1 1.182271 -1.611328 9.024466 -0.388166 -0.916815 -0.093690 0.545807 -0.431580 1 10 1.000000
  1 1.169576 -1.690430 9.851126 -0.388166 -0.916815 -0.093690 0.544220 -0.376038 1 10 1.000000
  1 0.403463 -1.265625 8.868216 -0.388166 -0.916815 -0.093690 0.593384 -0.439148 1 10 1.000000
PelipperDh.png
  1 0.403463 -1.265625 8.868216 -0.289732 -0.939951 -0.180411 0.593384 -0.439148 1 10 1.000000
  1 1.169576 -1.690430 9.851126 -0.289732 -0.939951 -0.180411 0.544220 -0.376038 1 10 1.000000
  1 0.491353 -1.463379 9.757376 -0.289732 -0.939951 -0.180411 0.594910 -0.393738 1 10 1.000000
PelipperDh.png
  1 1.627095 0.000000 11.893606 -0.132832 -0.085429 0.987450 0.502563 -0.250732 1 10 1.000000
  1 0.639791 0.000000 11.760794 -0.132832 -0.085429 0.987450 0.559662 -0.249695 1 10 1.000000
  1 1.642232 -1.062012 11.803762 -0.132832 -0.085429 0.987450 0.504883 -0.262390 1 10 1.000000
PelipperDh.png
  1 1.642232 -1.062012 11.803762 -0.142789 -0.094919 0.985191 0.504883 -0.262390 1 10 1.000000
  1 0.639791 0.000000 11.760794 -0.142789 -0.094919 0.985191 0.559662 -0.249695 1 10 1.000000
  1 0.756978 -1.164551 11.665579 -0.142789 -0.094919 0.985191 0.559998 -0.260803 1 10 1.000000
PelipperDh.png
  1 2.376607 0.000000 11.850637 0.392480 -0.133760 0.909982 0.462280 -0.252686 1 10 1.000000
  1 2.374654 -0.929199 11.714895 0.392480 -0.133760 0.909982 0.466949 -0.264801 1 10 1.000000
  1 3.090963 0.000000 11.542532 0.392480 -0.133760 0.909982 0.425018 -0.258301 1 10 1.000000
PelipperDh.png
  1 3.090963 0.000000 11.542532 0.467537 -0.200728 0.860882 0.425018 -0.258301 1 10 1.000000
  1 2.374654 -0.929199 11.714895 0.467537 -0.200728 0.860882 0.466949 -0.264801 1 10 1.000000
  1 3.038228 -0.619141 11.426809 0.467537 -0.200728 0.860882 0.433868 -0.271942 1 10 1.000000
PelipperDh.png
  1 3.325338 -0.739258 10.888235 0.980290 -0.195039 0.031481 0.417816 -0.292450 1 10 1.000000
  1 3.396138 -0.456543 10.435110 0.980290 -0.195039 0.031481 0.413849 -0.312622 1 10 1.000000
  1 3.468892 0.000000 10.998098 0.980290 -0.195039 0.031481 0.403320 -0.285278 1 10 1.000000
PelipperDh.png
  1 3.468892 0.000000 10.998098 0.990858 -0.133442 -0.019835 0.403320 -0.285278 1 10 1.000000
  1 3.396138 -0.456543 10.435110 0.990858 -0.133442 -0.019835 0.413849 -0.312622 1 10 1.000000
  1 3.458150 0.000000 10.461477 0.990858 -0.133442 -0.019835 0.401733 -0.312622 1 10 1.000000
PelipperDh.png
  1 0.016256 -1.984863 11.205130 -0.247059 -0.277881 0.928302 0.611420 -0.288086 1 10 1.000000
  1 1.006490 -2.108398 11.431692 -0.247059 -0.277881 0.928302 0.542847 -0.287354 1 10 1.000000
  1 -0.069194 -1.073730 11.455130 -0.247059 -0.277881 0.928302 0.611511 -0.263245 1 10 1.000000
PelipperDh.png
  1 -0.069194 -1.073730 11.455130 -0.266252 -0.297575 0.916820 0.611511 -0.263245 1 10 1.000000
  1 1.006490 -2.108398 11.431692 -0.266252 -0.297575 0.916820 0.542847 -0.287354 1 10 1.000000
  1 0.756978 -1.164551 11.665579 -0.266252 -0.297575 0.916820 0.559998 -0.260803 1 10 1.000000
PelipperDh.png
  1 -0.124369 0.000000 11.574270 -0.235439 -0.119126 0.964561 0.610168 -0.252502 1 10 1.000000
  1 -0.069194 -1.073730 11.455130 -0.235439 -0.119126 0.964561 0.611511 -0.263245 1 10 1.000000
  1 0.639791 0.000000 11.760794 -0.235439 -0.119126 0.964561 0.559662 -0.249695 1 10 1.000000
PelipperDh.png
  1 0.639791 0.000000 11.760794 -0.256255 -0.104356 0.960960 0.559662 -0.249695 1 10 1.000000
  1 -0.069194 -1.073730 11.455130 -0.256255 -0.104356 0.960960 0.611511 -0.263245 1 10 1.000000
  1 0.756978 -1.164551 11.665579 -0.256255 -0.104356 0.960960 0.559998 -0.260803 1 10 1.000000
PelipperDh.png
  1 1.627095 0.000000 11.893606 0.057036 -0.083352 0.994887 0.502563 -0.250732 1 10 1.000000
  1 1.642232 -1.062012 11.803762 0.057036 -0.083352 0.994887 0.504883 -0.262390 1 10 1.000000
  1 2.376607 0.000000 11.850637 0.057036 -0.083352 0.994887 0.462280 -0.252686 1 10 1.000000
PelipperDh.png
  1 2.376607 0.000000 11.850637 0.144779 -0.143326 0.979029 0.462280 -0.252686 1 10 1.000000
  1 1.642232 -1.062012 11.803762 0.144779 -0.143326 0.979029 0.504883 -0.262390 1 10 1.000000
  1 2.374654 -0.929199 11.714895 0.144779 -0.143326 0.979029 0.466949 -0.264801 1 10 1.000000
PelipperDh.png
  1 1.676212 -0.970210 0.174116 0.443900 0.830942 0.335392 0.842407 -0.378662 1 8 1.000000
  1 2.297306 -1.197749 -0.084185 0.443900 0.830942 0.335392 0.868164 -0.387390 1 8 1.000000
  1 1.890567 -0.980464 -0.084185 0.443900 0.830942 0.335392 0.850830 -0.408539 1 8 1.000000
PelipperDh.png
  1 1.356387 -0.532710 0.312788 0.551225 -0.352628 0.756178 0.788818 -0.366974 1 8 1.000000
  1 1.355899 -0.732417 0.220014 0.551225 -0.352628 0.756178 0.804138 -0.381958 1 8 1.000000
  1 1.950626 -0.455073 -0.084185 0.551225 -0.352628 0.756178 0.779572 -0.415039 1 8 1.000000
PelipperDh.png
  1 4.746582 4.559570 4.478027 -0.159353 0.987073 -0.017110 0.315063 -0.719330 2 12 0.500000 11 0.500000
  1 3.249512 4.320313 4.618164 -0.159353 0.987073 -0.017110 0.394470 -0.710846 2 12 0.500000 11 0.500000
  1 4.771872 4.597168 6.411495 -0.159353 0.987073 -0.017110 0.313568 -0.601898 1 12 1.000000
PelipperDh.png
  1 4.771872 4.597168 6.411495 -0.140409 0.989524 -0.033570 0.313568 -0.601898 1 12 1.000000
  1 3.249512 4.320313 4.618164 -0.140409 0.989524 -0.033570 0.394470 -0.710846 2 12 0.500000 11 0.500000
  1 3.197164 4.375000 6.449093 -0.140409 0.989524 -0.033570 0.398804 -0.599579 1 12 1.000000
PelipperDh.png
  1 1.282657 -0.329096 0.247846 0.466381 0.417597 0.779808 0.760864 -0.379456 1 8 1.000000
  1 1.356387 -0.532710 0.312788 0.466381 0.417597 0.779808 0.788818 -0.366974 1 8 1.000000
  1 1.950626 -0.455073 -0.084185 0.466381 0.417597 0.779808 0.779572 -0.415039 1 8 1.000000
PelipperDh.png
  1 1.319766 -0.812007 -0.084185 0.485532 -0.858149 0.166852 0.822174 -0.430664 1 8 1.000000
  1 1.950626 -0.455073 -0.084185 0.485532 -0.858149 0.166852 0.779572 -0.415039 1 8 1.000000
  1 1.355899 -0.732417 0.220014 0.485532 -0.858149 0.166852 0.804138 -0.381958 1 8 1.000000
PelipperDh.png
  1 7.476563 2.601563 4.532227 -0.963707 -0.228836 0.137490 0.261658 -0.218536 2 12 0.500000 11 0.500000
  1 8.097656 0.000000 4.555664 -0.963707 -0.228836 0.137490 0.206116 -0.244843 2 12 0.500000 11 0.500000
  1 7.734762 2.611328 6.358273 -0.963707 -0.228836 0.137490 0.273987 -0.227142 1 12 1.000000
PelipperDh.png
  1 7.734762 2.611328 6.358273 -0.920047 -0.301001 0.250821 0.273987 -0.227142 1 12 1.000000
  1 8.097656 0.000000 4.555664 -0.920047 -0.301001 0.250821 0.206116 -0.244843 2 12 0.500000 11 0.500000
  1 8.595602 0.000000 6.382198 -0.920047 -0.301001 0.250821 0.206451 -0.263947 1 12 1.000000
PelipperDh.png
  1 4.626465 3.678711 4.541504 -0.352165 -0.932506 0.080077 0.281067 -0.147217 2 12 0.500000 11 0.500000
  1 7.476563 2.601563 4.532227 -0.352165 -0.932506 0.080077 0.261658 -0.218536 2 12 0.500000 11 0.500000
  1 4.637106 3.831543 6.368038 -0.352165 -0.932506 0.080077 0.292664 -0.146942 1 12 1.000000
PelipperDh.png
  1 4.637106 3.831543 6.368038 -0.365761 -0.928981 0.056686 0.292664 -0.146942 1 12 1.000000
  1 7.476563 2.601563 4.532227 -0.365761 -0.928981 0.056686 0.261658 -0.218536 2 12 0.500000 11 0.500000
  1 7.734762 2.611328 6.358273 -0.365761 -0.928981 0.056686 0.273987 -0.227142 1 12 1.000000
PelipperDh.png
  1 7.734762 2.611328 6.358273 -0.830591 -0.269344 0.487414 0.273987 -0.227142 1 12 1.000000
  1 8.595602 0.000000 6.382198 -0.830591 -0.269344 0.487414 0.206451 -0.263947 1 12 1.000000
  1 8.953512 1.665527 7.912472 -0.830591 -0.269344 0.487414 0.268707 -0.320679 1 12 1.000000
PelipperDh.png
  1 8.953512 1.665527 7.912472 -0.856292 -0.237426 0.458686 0.268707 -0.320679 1 12 1.000000
  1 8.595602 0.000000 6.382198 -0.856292 -0.237426 0.458686 0.206451 -0.263947 1 12 1.000000
  1 9.537985 0.000000 8.141476 -0.856292 -0.237426 0.458686 0.206451 -0.339050 1 12 1.000000
PelipperDh.png
  1 4.637106 3.831543 6.368038 -0.344285 -0.876697 0.335961 0.292664 -0.146942 1 12 1.000000
  1 7.734762 2.611328 6.358273 -0.344285 -0.876697 0.335961 0.273987 -0.227142 1 12 1.000000
  1 4.794821 4.395508 8.001339 -0.344285 -0.876697 0.335961 0.378510 -0.174561 1 12 1.000000
PelipperDh.png
  1 4.794821 4.395508 8.001339 -0.278155 -0.857293 0.433218 0.378510 -0.174561 1 12 1.000000
  1 7.734762 2.611328 6.358273 -0.278155 -0.857293 0.433218 0.273987 -0.227142 1 12 1.000000
  1 6.458883 3.751465 7.795284 -0.278155 -0.857293 0.433218 0.357208 -0.228119 1 12 1.000000
PelipperDh.png
  1 7.734762 -2.611328 6.358273 -0.830591 0.269344 0.487414 0.273987 -0.227142 1 12 1.000000
  1 8.953512 -1.665527 7.912472 -0.830591 0.269344 0.487414 0.268707 -0.320679 1 12 1.000000
  1 8.595602 0.000000 6.382198 -0.830591 0.269344 0.487414 0.206451 -0.263947 1 12 1.000000
PelipperDh.png
  1 8.595602 0.000000 6.382198 -0.856292 0.237426 0.458686 0.206451 -0.263947 1 12 1.000000
  1 8.953512 -1.665527 7.912472 -0.856292 0.237426 0.458686 0.268707 -0.320679 1 12 1.000000
  1 9.537985 0.000000 8.141476 -0.856292 0.237426 0.458686 0.206451 -0.339050 1 12 1.000000
PelipperDh.png
  1 4.637106 -3.831543 6.368038 -0.344285 0.876697 0.335961 0.292664 -0.146942 1 12 1.000000
  1 4.794821 -4.395508 8.001339 -0.344285 0.876697 0.335961 0.378510 -0.174561 1 12 1.000000
  1 7.734762 -2.611328 6.358273 -0.344285 0.876697 0.335961 0.273987 -0.227142 1 12 1.000000
PelipperDh.png
  1 7.734762 -2.611328 6.358273 -0.278155 0.857293 0.433218 0.273987 -0.227142 1 12 1.000000
  1 4.794821 -4.395508 8.001339 -0.278155 0.857293 0.433218 0.378510 -0.174561 1 12 1.000000
  1 6.458883 -3.751465 7.795284 -0.278155 0.857293 0.433218 0.357208 -0.228119 1 12 1.000000
PelipperDh.png
  1 1.950626 -0.455073 -0.084185 0.255769 0.954660 0.152338 0.779572 -0.415039 1 8 1.000000
  1 1.271915 -0.279780 -0.043169 0.255769 0.954660 0.152338 0.754761 -0.426697 1 8 1.000000
  1 1.282657 -0.329096 0.247846 0.255769 0.954660 0.152338 0.760864 -0.379456 1 8 1.000000
PelipperDh.png
  1 6.529297 -3.826660 4.368652 0.659521 -0.751332 -0.023092 0.223480 -0.725983 2 12 0.500000 11 0.500000
  1 8.252340 -2.376953 6.411495 0.659521 -0.751332 -0.023092 0.130493 -0.601898 1 12 1.000000
  1 6.510153 -3.906250 6.411495 0.659521 -0.751332 -0.023092 0.217499 -0.601898 1 12 1.000000
PelipperDh.png
  1 8.252340 -2.376953 6.411495 0.941388 -0.305352 -0.143349 0.130493 -0.601898 1 12 1.000000
  1 7.948730 -2.308105 4.270996 0.941388 -0.305352 -0.143349 0.139587 -0.731903 2 12 0.500000 11 0.500000
  1 9.023336 0.000000 6.411495 0.941388 -0.305352 -0.143349 0.045837 -0.601898 1 12 1.000000
PelipperDh.png
  1 1.890567 -0.980464 -0.084185 0.277726 0.941049 0.193119 0.850830 -0.408539 1 8 1.000000
  1 1.319766 -0.812007 -0.084185 0.277726 0.941049 0.193119 0.822174 -0.430664 1 8 1.000000
  1 1.676212 -0.970210 0.174116 0.277726 0.941049 0.193119 0.842407 -0.378662 1 8 1.000000
PelipperDh.png
  1 1.271915 -0.279780 -0.043169 -0.041345 0.073075 -0.996469 0.754761 -0.426697 1 8 1.000000
  1 1.950626 -0.455073 -0.084185 -0.041345 0.073075 -0.996469 0.779572 -0.415039 1 8 1.000000
  1 1.319766 -0.812007 -0.084185 -0.041345 0.073075 -0.996469 0.822174 -0.430664 1 8 1.000000
PelipperDh.png
  1 3.249512 -4.320313 4.618164 -0.140409 -0.989524 -0.033570 0.394470 -0.710846 2 12 0.500000 11 0.500000
  1 4.771872 -4.597168 6.411495 -0.140409 -0.989524 -0.033570 0.313568 -0.601898 1 12 1.000000
  1 3.197164 -4.375000 6.449093 -0.140409 -0.989524 -0.033570 0.398804 -0.599579 1 12 1.000000
PelipperDh.png
  1 4.771872 -4.597168 6.411495 0.369268 -0.929041 -0.022896 0.313568 -0.601898 1 12 1.000000
  1 4.746582 -4.559570 4.478027 0.369268 -0.929041 -0.022896 0.315063 -0.719330 2 12 0.500000 11 0.500000
  1 6.510153 -3.906250 6.411495 0.369268 -0.929041 -0.022896 0.217499 -0.601898 1 12 1.000000
PelipperDh.png
  1 1.751895 -1.197749 0.318159 0.484409 -0.578058 0.656656 0.868164 -0.355530 1 8 1.000000
  1 1.676212 -1.424800 0.174116 0.484409 -0.578058 0.656656 0.893890 -0.378662 1 8 1.000000
  1 2.297306 -1.197749 -0.084185 0.484409 -0.578058 0.656656 0.868164 -0.387390 1 8 1.000000
PelipperDh.png
  1 2.297306 -1.197749 -0.084185 0.443222 -0.831541 0.334805 0.868164 -0.387390 1 8 1.000000
  1 1.676212 -1.424800 0.174116 0.443222 -0.831541 0.334805 0.893890 -0.378662 1 8 1.000000
  1 1.890567 -1.414546 -0.084185 0.443222 -0.831541 0.334805 0.885498 -0.408539 1 8 1.000000
PelipperDh.png
  1 8.097656 0.000000 4.555664 -0.920047 0.301001 0.250821 0.206116 -0.244843 2 12 0.500000 11 0.500000
  1 7.734762 -2.611328 6.358273 -0.920047 0.301001 0.250821 0.273987 -0.227142 1 12 1.000000
  1 8.595602 0.000000 6.382198 -0.920047 0.301001 0.250821 0.206451 -0.263947 1 12 1.000000
PelipperDh.png
  1 1.355899 -1.662593 0.220014 0.551225 0.352628 0.756178 0.932159 -0.381958 1 8 1.000000
  1 1.356387 -1.862300 0.312788 0.551225 0.352628 0.756178 0.947510 -0.366974 1 8 1.000000
  1 1.950626 -1.939936 -0.084185 0.551225 0.352628 0.756178 0.956726 -0.415039 1 8 1.000000
PelipperDh.png
  1 7.476563 -2.601563 4.532227 -0.365761 0.928981 0.056686 0.261658 -0.218536 2 12 0.500000 11 0.500000
  1 4.637106 -3.831543 6.368038 -0.365761 0.928981 0.056686 0.292664 -0.146942 1 12 1.000000
  1 7.734762 -2.611328 6.358273 -0.365761 0.928981 0.056686 0.273987 -0.227142 1 12 1.000000
PelipperDh.png
  1 3.145020 2.319336 4.575684 0.604779 -0.647426 0.463769 0.251526 -0.082825 2 12 0.500000 11 0.500000
  1 4.626465 3.678711 4.541504 0.604779 -0.647426 0.463769 0.281067 -0.147217 2 12 0.500000 11 0.500000
  1 2.054342 2.609375 6.402884 0.604779 -0.647426 0.463769 0.258148 -0.072571 1 10 1.000000
PelipperDh.png
  1 2.054342 2.609375 6.402884 0.427395 -0.901120 0.072910 0.258148 -0.072571 1 10 1.000000
  1 4.626465 3.678711 4.541504 0.427395 -0.901120 0.072910 0.281067 -0.147217 2 12 0.500000 11 0.500000
  1 4.637106 3.831543 6.368038 0.427395 -0.901120 0.072910 0.292664 -0.146942 1 12 1.000000
PelipperDh.png
  1 2.054342 2.609375 6.402884 0.397403 -0.828573 0.394384 0.258148 -0.072571 1 10 1.000000
  1 4.637106 3.831543 6.368038 0.397403 -0.828573 0.394384 0.292664 -0.146942 1 12 1.000000
  1 2.374410 3.582520 8.124874 0.397403 -0.828573 0.394384 0.350037 -0.058075 1 12 1.000000
PelipperDh.png
  1 2.374410 3.582520 8.124874 0.535328 -0.588293 0.606082 0.350037 -0.058075 1 12 1.000000
  1 4.637106 3.831543 6.368038 0.535328 -0.588293 0.606082 0.292664 -0.146942 1 12 1.000000
  1 3.396383 4.187012 7.808956 0.535328 -0.588293 0.606082 0.368927 -0.106628 1 12 1.000000
PelipperDh.png
  1 1.356387 -1.862300 0.312788 0.466381 -0.417598 0.779808 0.947510 -0.366974 1 8 1.000000
  1 1.282657 -2.065913 0.247846 0.466381 -0.417598 0.779808 0.975433 -0.379456 1 8 1.000000
  1 1.950626 -1.939936 -0.084185 0.466381 -0.417598 0.779808 0.956726 -0.415039 1 8 1.000000
PelipperDh.png
  1 -0.507813 0.370117 9.067871 -0.629463 0.637987 0.443564 0.651428 -0.439972 2 9 0.200000 10 0.800000
  1 -0.130371 0.833496 8.937012 -0.629463 0.637987 0.443564 0.636688 -0.446136 2 9 0.200000 10 0.800000
  1 -0.330386 1.089355 8.285162 -0.629463 0.637987 0.443564 0.622498 -0.489014 1 9 1.000000
PelipperDh.png
  1 -0.130371 -0.833496 8.937012 -0.629463 -0.637987 0.443564 0.636688 -0.446136 2 9 0.200000 10 0.800000
  1 -0.507813 -0.370117 9.067871 -0.629463 -0.637987 0.443564 0.651428 -0.439972 2 9 0.200000 10 0.800000
  1 -0.330386 -1.089355 8.285162 -0.629463 -0.637987 0.443564 0.622498 -0.489014 1 9 1.000000
PelipperDh.png
  1 1.111328 2.257324 7.406250 -0.046382 0.895333 0.442976 0.550232 -0.541443 2 10 0.500000 9 0.500000
  1 0.776337 2.345703 7.192545 -0.046382 0.895333 0.442976 0.569489 -0.554413 1 9 1.000000
  1 0.906392 1.771973 8.365774 -0.046382 0.895333 0.442976 0.557434 -0.490387 1 10 1.000000
PelipperDh.png
  1 -0.330386 1.089355 8.285162 -0.383420 0.661503 0.644517 0.622498 -0.489014 1 9 1.000000
  1 0.418945 1.514648 8.294434 -0.383420 0.661503 0.644517 0.590363 -0.491211 2 10 0.500000 9 0.500000
  1 -0.044322 2.208008 7.307205 -0.383420 0.661503 0.644517 0.611969 -0.547455 1 9 1.000000
PelipperDh.png
  1 0.776337 -2.345703 7.192545 -0.046382 -0.895333 0.442976 0.569489 -0.554413 1 9 1.000000
  1 1.111328 -2.257324 7.406250 -0.046382 -0.895333 0.442976 0.550232 -0.541443 2 10 0.500000 9 0.500000
  1 0.906392 -1.771973 8.365774 -0.046382 -0.895333 0.442976 0.557434 -0.490387 1 10 1.000000
PelipperDh.png
  1 0.418945 -1.514648 8.294434 -0.477529 -0.810615 0.338924 0.591003 -0.488464 2 10 0.500000 9 0.500000
  1 0.906392 -1.771973 8.365774 -0.477529 -0.810615 0.338924 0.559998 -0.479431 1 10 1.000000
  1 0.403463 -1.265625 8.868216 -0.477529 -0.810615 0.338924 0.593384 -0.439148 1 10 1.000000
PelipperDh.png
  1 0.418945 -1.514648 8.294434 -0.383420 -0.661503 0.644517 0.590363 -0.491211 2 10 0.500000 9 0.500000
  1 -0.330386 -1.089355 8.285162 -0.383420 -0.661503 0.644517 0.622498 -0.489014 1 9 1.000000
  1 -0.044322 -2.208008 7.307205 -0.383420 -0.661503 0.644517 0.611969 -0.547455 1 9 1.000000
PelipperDh.png
  1 0.906392 1.771973 8.365774 -0.437847 0.813913 0.381884 0.559998 -0.479431 1 10 1.000000
  1 0.403320 1.265625 8.868164 -0.437847 0.813913 0.381884 0.593384 -0.439148 2 9 0.200000 10 0.800000
  1 1.182271 1.611328 9.024466 -0.437847 0.813913 0.381884 0.545807 -0.431580 1 10 1.000000
PelipperDh.png
  1 1.950626 -1.939936 -0.084185 0.485532 0.858149 0.166852 0.956726 -0.415039 1 8 1.000000
  1 1.319766 -1.583003 -0.084185 0.485532 0.858149 0.166852 0.914154 -0.430664 1 8 1.000000
  1 1.355899 -1.662593 0.220014 0.485532 0.858149 0.166852 0.932159 -0.381958 1 8 1.000000
PelipperDh.png
  1 1.271915 -2.115229 -0.043169 0.255769 -0.954660 0.152338 0.981567 -0.426697 1 8 1.000000
  1 1.950626 -1.939936 -0.084185 0.255769 -0.954660 0.152338 0.956726 -0.415039 1 8 1.000000
  1 1.282657 -2.065913 0.247846 0.255769 -0.954660 0.152338 0.975433 -0.379456 1 8 1.000000
PelipperDh.png
  1 1.319766 -1.583003 -0.084185 0.277726 -0.941049 0.193119 0.914154 -0.430664 1 8 1.000000
  1 1.890567 -1.414546 -0.084185 0.277726 -0.941049 0.193119 0.885498 -0.408539 1 8 1.000000
  1 1.676212 -1.424800 0.174116 0.277726 -0.941049 0.193119 0.893890 -0.378662 1 8 1.000000
PelipperDh.png
  1 1.950626 -1.939936 -0.084185 -0.041345 -0.073075 -0.996469 0.956726 -0.415039 1 8 1.000000
  1 1.271915 -2.115229 -0.043169 -0.041345 -0.073075 -0.996469 0.981567 -0.426697 1 8 1.000000
  1 1.319766 -1.583003 -0.084185 -0.041345 -0.073075 -0.996469 0.914154 -0.430664 1 8 1.000000
PelipperDh.png
  1 1.642232 1.062012 11.803762 0.176705 0.362064 0.915251 0.504883 -0.262390 1 10 1.000000
  1 2.374654 0.929199 11.714895 0.176705 0.362064 0.915251 0.466949 -0.264801 1 10 1.000000
  1 2.342916 1.665527 11.429739 0.176705 0.362064 0.915251 0.476715 -0.285645 1 10 1.000000
PelipperDh.png
  1 1.006490 2.108398 11.431692 0.135146 0.403833 0.904795 0.542847 -0.287354 1 10 1.000000
  1 1.642232 1.062012 11.803762 0.135146 0.403833 0.904795 0.504883 -0.262390 1 10 1.000000
  1 2.342916 1.665527 11.429739 0.135146 0.403833 0.904795 0.476715 -0.285645 1 10 1.000000
PelipperDh.png
  1 0.189107 1.720703 10.392141 -0.483287 0.706771 -0.516633 0.601837 -0.335114 1 10 1.000000
  1 0.491353 1.463379 9.757376 -0.483287 0.706771 -0.516633 0.594910 -0.393738 1 10 1.000000
  1 -0.110698 0.993164 9.677298 -0.483287 0.706771 -0.516633 0.602631 -0.394775 1 10 1.000000
PelipperDh.png
  1 -0.110698 0.993164 9.677298 -0.505954 0.701559 -0.501822 0.602631 -0.394775 1 10 1.000000
  1 -0.627299 1.020508 10.236380 -0.505954 0.701559 -0.501822 0.655914 -0.352722 1 10 1.000000
  1 0.189107 1.720703 10.392141 -0.505954 0.701559 -0.501822 0.601837 -0.335114 1 10 1.000000
PelipperDh.png
  1 -0.368510 0.405762 9.622122 -0.591444 0.431596 -0.681116 0.642487 -0.400208 1 10 1.000000
  1 -1.097026 0.000000 9.997610 -0.591444 0.431596 -0.681116 0.688568 -0.383484 1 10 1.000000
  1 -0.627299 1.020508 10.236380 -0.591444 0.431596 -0.681116 0.655914 -0.352722 1 10 1.000000
PelipperDh.png
  1 2.086568 -1.563477 9.299856 0.386434 -0.912936 -0.131211 0.493134 -0.415802 1 10 1.000000
  1 1.768209 -1.653320 8.987356 0.386434 -0.912936 -0.131211 0.511871 -0.442078 1 10 1.000000
  1 2.313131 -1.419434 8.964895 0.386434 -0.912936 -0.131211 0.473816 -0.443237 1 10 1.000000
PelipperDh.png
  1 3.033345 -0.534668 9.309622 0.899344 -0.437241 0.000452 0.444458 -0.377258 1 10 1.000000
  1 3.172994 -0.247070 9.657766 0.899344 -0.437241 0.000452 0.430328 -0.377258 1 10 1.000000
  1 3.024068 -0.553223 9.819387 0.899344 -0.437241 0.000452 0.444611 -0.356384 1 10 1.000000
PelipperDh.png
  1 2.681295 -1.105469 10.617727 0.027365 -0.571394 -0.820219 0.453339 -0.326569 1 10 1.000000
  1 2.928365 -0.710938 10.351126 0.027365 -0.571394 -0.820219 0.449280 -0.340240 1 10 1.000000
  1 3.191549 -1.172852 10.681692 0.027365 -0.571394 -0.820219 0.430328 -0.302643 1 10 1.000000
PelipperDh.png
  1 2.858052 -1.604004 10.948294 0.257696 -0.468837 -0.844858 0.462158 -0.302643 1 10 1.000000
  1 2.333150 -1.514160 10.738333 0.257696 -0.468837 -0.844858 0.470520 -0.324677 1 10 1.000000
  1 2.681295 -1.105469 10.617727 0.257696 -0.468837 -0.844858 0.453339 -0.326569 1 10 1.000000
PelipperDh.png
  1 3.024068 -0.553223 9.819387 0.548154 -0.823602 -0.145625 0.444611 -0.356384 1 10 1.000000
  1 3.221334 -0.452148 9.990286 0.548154 -0.823602 -0.145625 0.430328 -0.353973 1 10 1.000000
  1 2.928365 -0.710938 10.351126 0.548154 -0.823602 -0.145625 0.449280 -0.340240 1 10 1.000000
PelipperDh.png
  1 2.300924 -2.063965 11.055716 0.482228 -0.459004 -0.746171 0.498718 -0.302643 1 10 1.000000
  1 1.934224 -1.823730 10.670950 0.482228 -0.459004 -0.746171 0.496155 -0.326538 1 10 1.000000
  1 2.333150 -1.514160 10.738333 0.482228 -0.459004 -0.746171 0.470520 -0.324677 1 10 1.000000
PelipperDh.png
  1 3.024068 -0.553223 9.819387 0.684630 -0.571718 -0.452129 0.444611 -0.356384 1 10 1.000000
  1 3.172994 -0.247070 9.657766 0.684630 -0.571718 -0.452129 0.430328 -0.377258 1 10 1.000000
  1 3.221334 -0.452148 9.990286 0.684630 -0.571718 -0.452129 0.430328 -0.353973 1 10 1.000000
PelipperDh.png
  1 2.858052 -1.604004 10.948294 0.248274 -0.495165 -0.832569 0.462158 -0.302643 1 10 1.000000
  1 2.300924 -2.063965 11.055716 0.248274 -0.495165 -0.832569 0.498718 -0.302643 1 10 1.000000
  1 2.333150 -1.514160 10.738333 0.248274 -0.495165 -0.832569 0.470520 -0.324677 1 10 1.000000
PelipperDh.png
  1 3.221334 -0.452148 9.990286 -0.101741 -0.767438 -0.632999 0.430328 -0.353973 1 10 1.000000
  1 3.274068 -0.781738 10.381399 -0.101741 -0.767438 -0.632999 0.430328 -0.324982 1 10 1.000000
  1 2.928365 -0.710938 10.351126 -0.101741 -0.767438 -0.632999 0.449280 -0.340240 1 10 1.000000
PelipperDh.png
  1 -0.627299 -1.020508 10.236380 -0.382708 -0.602104 -0.700718 0.655914 -0.352722 1 10 1.000000
  1 0.189107 -1.720703 10.392141 -0.382708 -0.602104 -0.700718 0.601837 -0.335114 1 10 1.000000
  1 -0.990580 -1.465820 10.817434 -0.382708 -0.602104 -0.700718 0.670135 -0.304199 1 10 1.000000
PelipperDh.png
  1 -0.368510 -0.405762 9.622122 -0.677111 -0.357598 -0.643152 0.642487 -0.400208 1 10 1.000000
  1 -0.110698 -0.993164 9.677298 -0.677111 -0.357598 -0.643152 0.602631 -0.394775 1 10 1.000000
  1 -0.627299 -1.020508 10.236380 -0.677111 -0.357598 -0.643152 0.655914 -0.352722 1 10 1.000000
PelipperDh.png
  1 -0.567729 0.000000 9.588430 -0.574357 -0.343685 -0.742963 0.667816 -0.407318 1 10 1.000000
  1 -0.368510 -0.405762 9.622122 -0.574357 -0.343685 -0.742963 0.642487 -0.400208 1 10 1.000000
  1 -1.097026 0.000000 9.997610 -0.574357 -0.343685 -0.742963 0.688568 -0.383484 1 10 1.000000
PelipperDh.png
  1 1.203756 -2.566895 11.098684 0.273130 -0.667280 -0.692920 0.542847 -0.302643 1 10 1.000000
  1 1.162740 -2.024414 10.560110 0.273130 -0.667280 -0.692920 0.544250 -0.327972 1 10 1.000000
  1 1.934224 -1.823730 10.670950 0.273130 -0.667280 -0.692920 0.496155 -0.326538 1 10 1.000000
PelipperDh.png
  1 3.221334 -0.452148 9.990286 0.979244 -0.120602 -0.162902 0.430328 -0.353973 1 10 1.000000
  1 3.245260 0.000000 9.799368 0.979244 -0.120602 -0.162902 0.401733 -0.377258 1 10 1.000000
  1 3.288717 0.000000 10.060598 0.979244 -0.120602 -0.162902 0.401733 -0.363953 1 10 1.000000
PelipperDh.png
  1 -1.118510 0.000000 11.176809 -0.546976 -0.149727 0.823650 0.684479 -0.273163 1 10 1.000000
  1 -2.002299 0.000000 10.589895 -0.546976 -0.149727 0.823650 0.732941 -0.305420 1 10 1.000000
  1 -1.056987 -0.764648 11.078665 -0.546976 -0.149727 0.823650 0.680908 -0.280670 1 10 1.000000
PelipperDh.png
  1 -0.990580 -1.465820 10.817434 -0.469020 -0.442380 -0.764408 0.670135 -0.304199 1 10 1.000000
  1 -2.002299 0.000000 10.589895 -0.469020 -0.442380 -0.764408 0.732941 -0.305420 1 10 1.000000
  1 -1.649760 0.000000 10.373587 -0.469020 -0.442380 -0.764408 0.722107 -0.318848 1 10 1.000000
PelipperDh.png
  1 1.934224 -1.823730 10.670950 0.280658 -0.670912 -0.686374 0.496155 -0.326538 1 10 1.000000
  1 2.300924 -2.063965 11.055716 0.280658 -0.670912 -0.686374 0.498718 -0.302643 1 10 1.000000
  1 1.203756 -2.566895 11.098684 0.280658 -0.670912 -0.686374 0.542847 -0.302643 1 10 1.000000
PelipperDh.png
  1 3.038228 -0.619141 11.426809 0.848618 -0.188254 0.494377 0.433868 -0.271942 1 10 1.000000
  1 2.986959 -1.197754 11.294485 0.848618 -0.188254 0.494377 0.444916 -0.283844 1 10 1.000000
  1 3.325338 -0.739258 10.888235 0.848618 -0.188254 0.494377 0.417816 -0.292450 1 10 1.000000
PelipperDh.png
  1 3.038228 -0.619141 11.426809 0.477628 -0.235866 0.846309 0.433868 -0.271942 1 10 1.000000
  1 2.374654 -0.929199 11.714895 0.477628 -0.235866 0.846309 0.466949 -0.264801 1 10 1.000000
  1 2.986959 -1.197754 11.294485 0.477628 -0.235866 0.846309 0.444916 -0.283844 1 10 1.000000
PelipperDh.png
  1 3.221334 -0.452148 9.990286 0.961443 -0.148587 -0.231409 0.430328 -0.353973 1 10 1.000000
  1 3.172994 -0.247070 9.657766 0.961443 -0.148587 -0.231409 0.430328 -0.377258 1 10 1.000000
  1 3.245260 0.000000 9.799368 0.961443 -0.148587 -0.231409 0.401733 -0.377258 1 10 1.000000
PelipperDh.png
  1 3.458150 0.000000 10.461477 0.916294 -0.102092 -0.387276 0.401733 -0.312622 1 10 1.000000
  1 3.396138 -0.456543 10.435110 0.916294 -0.102092 -0.387276 0.413849 -0.312622 1 10 1.000000
  1 3.288717 0.000000 10.060598 0.916294 -0.102092 -0.387276 0.401733 -0.363953 1 10 1.000000
PelipperDh.png
  1 0.189107 -1.720703 10.392141 -0.077595 -0.661358 -0.746046 0.601837 -0.335114 1 10 1.000000
  1 1.162740 -2.024414 10.560110 -0.077595 -0.661358 -0.746046 0.544250 -0.327972 1 10 1.000000
  1 0.078267 -2.385742 10.993216 -0.077595 -0.661358 -0.746046 0.609009 -0.302643 1 10 1.000000
PelipperDh.png
  1 1.169576 -1.690430 9.851126 -0.225151 -0.860918 -0.456209 0.544220 -0.376038 1 10 1.000000
  1 0.189107 -1.720703 10.392141 -0.225151 -0.860918 -0.456209 0.601837 -0.335114 1 10 1.000000
  1 0.491353 -1.463379 9.757376 -0.225151 -0.860918 -0.456209 0.594910 -0.393738 1 10 1.000000
PelipperDh.png
  1 0.906392 -1.771973 8.365774 -0.052843 -0.964848 0.257443 0.559998 -0.479431 1 10 1.000000
  1 1.768209 -1.653320 8.987356 -0.052843 -0.964848 0.257443 0.511871 -0.442078 1 10 1.000000
  1 1.182271 -1.611328 9.024466 -0.052843 -0.964848 0.257443 0.545807 -0.431580 1 10 1.000000
PelipperDh.png
  1 3.396138 -0.456543 10.435110 0.893383 -0.276917 -0.353813 0.413849 -0.312622 1 10 1.000000
  1 3.274068 -0.781738 10.381399 0.893383 -0.276917 -0.353813 0.430328 -0.324982 1 10 1.000000
  1 3.221334 -0.452148 9.990286 0.893383 -0.276917 -0.353813 0.430328 -0.353973 1 10 1.000000
PelipperDh.png
  1 -0.627299 -1.020508 10.236380 -0.512443 -0.412135 -0.753357 0.655914 -0.352722 1 10 1.000000
  1 -1.649760 0.000000 10.373587 -0.512443 -0.412135 -0.753357 0.722107 -0.318848 1 10 1.000000
  1 -1.097026 0.000000 9.997610 -0.512443 -0.412135 -0.753357 0.688568 -0.383484 1 10 1.000000
PelipperDh.png
  1 1.162740 -2.024414 10.560110 0.150125 -0.894954 -0.420142 0.544250 -0.327972 1 10 1.000000
  1 1.169576 -1.690430 9.851126 0.150125 -0.894954 -0.420142 0.544220 -0.376038 1 10 1.000000
  1 2.022603 -1.655762 10.082083 0.150125 -0.894954 -0.420142 0.491669 -0.372162 1 10 1.000000
PelipperDh.png
  1 2.313131 -1.419434 8.964895 0.360254 -0.871333 -0.333161 0.473816 -0.443237 1 10 1.000000
  1 1.768209 -1.653320 8.987356 0.360254 -0.871333 -0.333161 0.511871 -0.442078 1 10 1.000000
  1 0.906392 -1.771973 8.365774 0.360254 -0.871333 -0.333161 0.559998 -0.479431 1 10 1.000000
PelipperDh.png
  1 -0.990580 -1.465820 10.817434 -0.551535 -0.458940 -0.696551 0.670135 -0.304199 1 10 1.000000
  1 -1.649760 0.000000 10.373587 -0.551535 -0.458940 -0.696551 0.722107 -0.318848 1 10 1.000000
  1 -0.627299 -1.020508 10.236380 -0.551535 -0.458940 -0.696551 0.655914 -0.352722 1 10 1.000000
PelipperDh.png
  1 -0.990580 -1.465820 10.817434 -0.384072 -0.583050 -0.715920 0.670135 -0.304199 1 10 1.000000
  1 0.189107 -1.720703 10.392141 -0.384072 -0.583050 -0.715920 0.601837 -0.335114 1 10 1.000000
  1 0.078267 -2.385742 10.993216 -0.384072 -0.583050 -0.715920 0.609009 -0.302643 1 10 1.000000
PelipperDh.png
  1 0.078267 -2.385742 10.993216 -0.047303 -0.705557 -0.707072 0.609009 -0.302643 1 10 1.000000
  1 1.162740 -2.024414 10.560110 -0.047303 -0.705557 -0.707072 0.544250 -0.327972 1 10 1.000000
  1 1.203756 -2.566895 11.098684 -0.047303 -0.705557 -0.707072 0.542847 -0.302643 1 10 1.000000
PelipperDh.png
  1 3.288717 0.000000 10.060598 0.927351 -0.081405 -0.365230 0.401733 -0.363953 1 10 1.000000
  1 3.396138 -0.456543 10.435110 0.927351 -0.081405 -0.365230 0.413849 -0.312622 1 10 1.000000
  1 3.221334 -0.452148 9.990286 0.927351 -0.081405 -0.365230 0.430328 -0.353973 1 10 1.000000
PelipperDh.png
  1 2.086568 -1.563477 9.299856 0.081045 -0.992296 -0.093706 0.493134 -0.415802 1 10 1.000000
  1 1.169576 -1.690430 9.851126 0.081045 -0.992296 -0.093706 0.544220 -0.376038 1 10 1.000000
  1 1.182271 -1.611328 9.024466 0.081045 -0.992296 -0.093706 0.545807 -0.431580 1 10 1.000000
PelipperDh.png
  1 2.086568 -1.563477 9.299856 -0.047511 -0.946089 0.320402 0.493134 -0.415802 1 10 1.000000
  1 1.182271 -1.611328 9.024466 -0.047511 -0.946089 0.320402 0.545807 -0.431580 1 10 1.000000
  1 1.768209 -1.653320 8.987356 -0.047511 -0.946089 0.320402 0.511871 -0.442078 1 10 1.000000
PelipperDh.png
  1 1.934224 -1.823730 10.670950 0.621412 -0.773081 -0.127251 0.496155 -0.326538 1 10 1.000000
  1 2.022603 -1.655762 10.082083 0.621412 -0.773081 -0.127251 0.491669 -0.372162 1 10 1.000000
  1 2.333150 -1.514160 10.738333 0.621412 -0.773081 -0.127251 0.470520 -0.324677 1 10 1.000000
PelipperDh.png
  1 3.038228 -0.619141 11.426809 0.834675 -0.236033 0.497600 0.433868 -0.271942 1 10 1.000000
  1 3.325338 -0.739258 10.888235 0.834675 -0.236033 0.497600 0.417816 -0.292450 1 10 1.000000
  1 3.468892 0.000000 10.998098 0.834675 -0.236033 0.497600 0.403320 -0.285278 1 10 1.000000
PelipperDh.png
  1 0.756978 -1.164551 11.665579 -0.118180 -0.268164 0.956097 0.559998 -0.260803 1 10 1.000000
  1 1.006490 -2.108398 11.431692 -0.118180 -0.268164 0.956097 0.542847 -0.287354 1 10 1.000000
  1 1.642232 -1.062012 11.803762 -0.118180 -0.268164 0.956097 0.504883 -0.262390 1 10 1.000000
PelipperDh.png
  1 0.078267 -2.385742 10.993216 -0.515808 -0.461379 0.721853 0.609009 -0.302643 1 10 1.000000
  1 0.016256 -1.984863 11.205130 -0.515808 -0.461379 0.721853 0.611420 -0.288086 1 10 1.000000
  1 -0.990580 -1.465820 10.817434 -0.515808 -0.461379 0.721853 0.670135 -0.304199 1 10 1.000000
PelipperDh.png
  1 -0.990580 -1.465820 10.817434 -0.486872 -0.345064 0.802426 0.670135 -0.304199 1 10 1.000000
  1 0.016256 -1.984863 11.205130 -0.486872 -0.345064 0.802426 0.611420 -0.288086 1 10 1.000000
  1 -1.056987 -0.764648 11.078665 -0.486872 -0.345064 0.802426 0.680908 -0.280670 1 10 1.000000
PelipperDh.png
  1 -1.056987 -0.764648 11.078665 -0.627665 -0.323287 0.708183 0.680908 -0.280670 1 10 1.000000
  1 -2.002299 0.000000 10.589895 -0.627665 -0.323287 0.708183 0.732941 -0.305420 1 10 1.000000
  1 -0.990580 -1.465820 10.817434 -0.627665 -0.323287 0.708183 0.670135 -0.304199 1 10 1.000000
PelipperDh.png
  1 3.090963 0.000000 11.542532 0.808964 -0.173863 0.561559 0.425018 -0.258301 1 10 1.000000
  1 3.038228 -0.619141 11.426809 0.808964 -0.173863 0.561559 0.433868 -0.271942 1 10 1.000000
  1 3.468892 0.000000 10.998098 0.808964 -0.173863 0.561559 0.403320 -0.285278 1 10 1.000000
PelipperDh.png
  1 2.374654 -0.929199 11.714895 0.424912 -0.342778 0.837826 0.466949 -0.264801 1 10 1.000000
  1 2.342916 -1.665527 11.429739 0.424912 -0.342778 0.837826 0.476715 -0.285645 1 10 1.000000
  1 2.986959 -1.197754 11.294485 0.424912 -0.342778 0.837826 0.444916 -0.283844 1 10 1.000000
PelipperDh.png
  1 0.016256 -1.984863 11.205130 -0.416606 -0.276677 0.865962 0.611420 -0.288086 1 10 1.000000
  1 -0.069194 -1.073730 11.455130 -0.416606 -0.276677 0.865962 0.611511 -0.263245 1 10 1.000000
  1 -1.056987 -0.764648 11.078665 -0.416606 -0.276677 0.865962 0.680908 -0.280670 1 10 1.000000
PelipperDh.png
  1 1.881002 -2.419922 8.549856 -0.439760 -0.438842 0.783600 0.413940 -0.450409 1 10 1.000000
  1 0.906392 -1.771973 8.365774 -0.439760 -0.438842 0.783600 0.472351 -0.474243 1 10 1.000000
  1 1.281392 -2.438965 8.202688 -0.439760 -0.438842 0.783600 0.439880 -0.480225 1 10 1.000000
PelipperDh.png
  1 0.906392 -1.771973 8.365774 -0.329917 -0.236612 0.913876 0.472351 -0.474243 1 10 1.000000
  1 1.881002 -2.419922 8.549856 -0.329917 -0.236612 0.913876 0.413940 -0.450409 1 10 1.000000
  1 2.313131 -1.419434 8.964895 -0.329917 -0.236612 0.913876 0.418793 -0.421906 1 10 1.000000
PelipperDh.png
  1 1.934224 -1.823730 10.670950 0.275462 -0.934555 -0.225231 0.496155 -0.326538 1 10 1.000000
  1 1.162740 -2.024414 10.560110 0.275462 -0.934555 -0.225231 0.544250 -0.327972 1 10 1.000000
  1 2.022603 -1.655762 10.082083 0.275462 -0.934555 -0.225231 0.491669 -0.372162 1 10 1.000000
PelipperDh.png
  1 1.162740 -2.024414 10.560110 -0.203780 -0.884908 -0.418822 0.544250 -0.327972 1 10 1.000000
  1 0.189107 -1.720703 10.392141 -0.203780 -0.884908 -0.418822 0.601837 -0.335114 1 10 1.000000
  1 1.169576 -1.690430 9.851126 -0.203780 -0.884908 -0.418822 0.544220 -0.376038 1 10 1.000000
PelipperDh.png
  1 2.022603 -1.655762 10.082083 0.070394 -0.991302 -0.111195 0.491669 -0.372162 1 10 1.000000
  1 1.169576 -1.690430 9.851126 0.070394 -0.991302 -0.111195 0.544220 -0.376038 1 10 1.000000
  1 2.086568 -1.563477 9.299856 0.070394 -0.991302 -0.111195 0.493134 -0.415802 1 10 1.000000
PelipperDh.png
  1 3.191549 -1.172852 10.681692 0.033242 -0.544108 -0.838357 0.430328 -0.302643 1 10 1.000000
  1 2.858052 -1.604004 10.948294 0.033242 -0.544108 -0.838357 0.462158 -0.302643 1 10 1.000000
  1 2.681295 -1.105469 10.617727 0.033242 -0.544108 -0.838357 0.453339 -0.326569 1 10 1.000000
PelipperDh.png
  1 3.191549 -1.172852 10.681692 -0.053260 -0.601034 -0.797446 0.430328 -0.302643 1 10 1.000000
  1 2.928365 -0.710938 10.351126 -0.053260 -0.601034 -0.797446 0.449280 -0.340240 1 10 1.000000
  1 3.274068 -0.781738 10.381399 -0.053260 -0.601034 -0.797446 0.430328 -0.324982 1 10 1.000000
PelipperDh.png
  1 1.180806 0.000000 6.436087 0.990039 0.000000 0.140790 0.206451 -0.052429 1 10 1.000000
  1 0.906392 0.000000 8.365774 0.990039 0.000000 0.140790 0.207031 -0.027740 1 10 1.000000
  1 0.906392 -1.771973 8.365774 0.990039 0.000000 0.140790 0.277069 -0.010651 1 10 1.000000
PelipperDh.png
  1 1.768209 1.653320 8.987356 0.386434 0.912936 -0.131211 0.511871 -0.442078 1 10 1.000000
  1 2.086568 1.563477 9.299856 0.386434 0.912936 -0.131211 0.493134 -0.415802 1 10 1.000000
  1 2.313131 1.419434 8.964895 0.386434 0.912936 -0.131211 0.473816 -0.443237 1 10 1.000000
PelipperDh.png
  1 3.172994 0.247070 9.657766 0.899344 0.437241 0.000452 0.430328 -0.377258 1 10 1.000000
  1 3.033345 0.534668 9.309622 0.899344 0.437241 0.000452 0.444458 -0.377258 1 10 1.000000
  1 3.024068 0.553223 9.819387 0.899344 0.437241 0.000452 0.444611 -0.356384 1 10 1.000000
PelipperDh.png
  1 2.928365 0.710938 10.351126 0.027365 0.571394 -0.820219 0.449280 -0.340240 1 10 1.000000
  1 2.681295 1.105469 10.617727 0.027365 0.571394 -0.820219 0.453339 -0.326569 1 10 1.000000
  1 3.191549 1.172852 10.681692 0.027365 0.571394 -0.820219 0.430328 -0.302643 1 10 1.000000
PelipperDh.png
  1 2.333150 1.514160 10.738333 0.257696 0.468837 -0.844858 0.470520 -0.324677 1 10 1.000000
  1 2.858052 1.604004 10.948294 0.257696 0.468837 -0.844858 0.462158 -0.302643 1 10 1.000000
  1 2.681295 1.105469 10.617727 0.257696 0.468837 -0.844858 0.453339 -0.326569 1 10 1.000000
PelipperDh.png
  1 3.221334 0.452148 9.990286 0.548154 0.823602 -0.145625 0.430328 -0.353973 1 10 1.000000
  1 3.024068 0.553223 9.819387 0.548154 0.823602 -0.145625 0.444611 -0.356384 1 10 1.000000
  1 2.928365 0.710938 10.351126 0.548154 0.823602 -0.145625 0.449280 -0.340240 1 10 1.000000
PelipperDh.png
  1 1.934224 1.823730 10.670950 0.482228 0.459004 -0.746171 0.496155 -0.326538 1 10 1.000000
  1 2.300924 2.063965 11.055716 0.482228 0.459004 -0.746171 0.498718 -0.302643 1 10 1.000000
  1 2.333150 1.514160 10.738333 0.482228 0.459004 -0.746171 0.470520 -0.324677 1 10 1.000000
PelipperDh.png
  1 3.172994 0.247070 9.657766 0.684630 0.571718 -0.452129 0.430328 -0.377258 1 10 1.000000
  1 3.024068 0.553223 9.819387 0.684630 0.571718 -0.452129 0.444611 -0.356384 1 10 1.000000
  1 3.221334 0.452148 9.990286 0.684630 0.571718 -0.452129 0.430328 -0.353973 1 10 1.000000
PelipperDh.png
  1 2.300924 2.063965 11.055716 0.248274 0.495165 -0.832569 0.498718 -0.302643 1 10 1.000000
  1 2.858052 1.604004 10.948294 0.248274 0.495165 -0.832569 0.462158 -0.302643 1 10 1.000000
  1 2.333150 1.514160 10.738333 0.248274 0.495165 -0.832569 0.470520 -0.324677 1 10 1.000000
PelipperDh.png
  1 3.274068 0.781738 10.381399 -0.101741 0.767438 -0.632999 0.430328 -0.324982 1 10 1.000000
  1 3.221334 0.452148 9.990286 -0.101741 0.767438 -0.632999 0.430328 -0.353973 1 10 1.000000
  1 2.928365 0.710938 10.351126 -0.101741 0.767438 -0.632999 0.449280 -0.340240 1 10 1.000000
PelipperDh.png
  1 0.189107 1.720703 10.392141 -0.382708 0.602104 -0.700718 0.601837 -0.335114 1 10 1.000000
  1 -0.627299 1.020508 10.236380 -0.382708 0.602104 -0.700718 0.655914 -0.352722 1 10 1.000000
  1 -0.990580 1.465820 10.817434 -0.382708 0.602104 -0.700718 0.670135 -0.304199 1 10 1.000000
PelipperDh.png
  1 -0.110698 0.993164 9.677298 -0.677111 0.357598 -0.643152 0.602631 -0.394775 1 10 1.000000
  1 -0.368510 0.405762 9.622122 -0.677111 0.357598 -0.643152 0.642487 -0.400208 1 10 1.000000
  1 -0.627299 1.020508 10.236380 -0.677111 0.357598 -0.643152 0.655914 -0.352722 1 10 1.000000
PelipperDh.png
  1 -0.368510 0.405762 9.622122 -0.574357 0.343685 -0.742963 0.642487 -0.400208 1 10 1.000000
  1 -0.567729 0.000000 9.588430 -0.574357 0.343685 -0.742963 0.667816 -0.407318 1 10 1.000000
  1 -1.097026 0.000000 9.997610 -0.574357 0.343685 -0.742963 0.688568 -0.383484 1 10 1.000000
PelipperDh.png
  1 1.162740 2.024414 10.560110 0.273130 0.667280 -0.692920 0.544250 -0.327972 1 10 1.000000
  1 1.203756 2.566895 11.098684 0.273130 0.667280 -0.692920 0.542847 -0.302643 1 10 1.000000
  1 1.934224 1.823730 10.670950 0.273130 0.667280 -0.692920 0.496155 -0.326538 1 10 1.000000
PelipperDh.png
  1 3.245260 0.000000 9.799368 0.979244 0.120602 -0.162902 0.401733 -0.377258 1 10 1.000000
  1 3.221334 0.452148 9.990286 0.979244 0.120602 -0.162902 0.430328 -0.353973 1 10 1.000000
  1 3.288717 0.000000 10.060598 0.979244 0.120602 -0.162902 0.401733 -0.363953 1 10 1.000000
PelipperDh.png
  1 -2.002299 0.000000 10.589895 -0.546976 0.149727 0.823650 0.732941 -0.305420 1 10 1.000000
  1 -1.118510 0.000000 11.176809 -0.546976 0.149727 0.823650 0.684479 -0.273163 1 10 1.000000
  1 -1.056987 0.764648 11.078665 -0.546976 0.149727 0.823650 0.680908 -0.280670 1 10 1.000000
PelipperDh.png
  1 -2.002299 0.000000 10.589895 -0.469020 0.442380 -0.764408 0.732941 -0.305420 1 10 1.000000
  1 -0.990580 1.465820 10.817434 -0.469020 0.442380 -0.764408 0.670135 -0.304199 1 10 1.000000
  1 -1.649760 0.000000 10.373587 -0.469020 0.442380 -0.764408 0.722107 -0.318848 1 10 1.000000
PelipperDh.png
  1 2.300924 2.063965 11.055716 0.280658 0.670912 -0.686374 0.498718 -0.302643 1 10 1.000000
  1 1.934224 1.823730 10.670950 0.280658 0.670912 -0.686374 0.496155 -0.326538 1 10 1.000000
  1 1.203756 2.566895 11.098684 0.280658 0.670912 -0.686374 0.542847 -0.302643 1 10 1.000000
PelipperDh.png
  1 2.986959 1.197754 11.294485 0.848618 0.188254 0.494377 0.444916 -0.283844 1 10 1.000000
  1 3.038228 0.619141 11.426809 0.848618 0.188254 0.494377 0.433868 -0.271942 1 10 1.000000
  1 3.325338 0.739258 10.888235 0.848618 0.188254 0.494377 0.417816 -0.292450 1 10 1.000000
PelipperDh.png
  1 2.374654 0.929199 11.714895 0.477628 0.235866 0.846309 0.466949 -0.264801 1 10 1.000000
  1 3.038228 0.619141 11.426809 0.477628 0.235866 0.846309 0.433868 -0.271942 1 10 1.000000
  1 2.986959 1.197754 11.294485 0.477628 0.235866 0.846309 0.444916 -0.283844 1 10 1.000000
PelipperDh.png
  1 3.172994 0.247070 9.657766 0.961443 0.148587 -0.231409 0.430328 -0.377258 1 10 1.000000
  1 3.221334 0.452148 9.990286 0.961443 0.148587 -0.231409 0.430328 -0.353973 1 10 1.000000
  1 3.245260 0.000000 9.799368 0.961443 0.148587 -0.231409 0.401733 -0.377258 1 10 1.000000
PelipperDh.png
  1 3.396138 0.456543 10.435110 0.916294 0.102092 -0.387276 0.413849 -0.312622 1 10 1.000000
  1 3.458150 0.000000 10.461477 0.916294 0.102092 -0.387276 0.401733 -0.312622 1 10 1.000000
  1 3.288717 0.000000 10.060598 0.916294 0.102092 -0.387276 0.401733 -0.363953 1 10 1.000000
PelipperDh.png
  1 1.162740 2.024414 10.560110 -0.077595 0.661358 -0.746046 0.544250 -0.327972 1 10 1.000000
  1 0.189107 1.720703 10.392141 -0.077595 0.661358 -0.746046 0.601837 -0.335114 1 10 1.000000
  1 0.078267 2.385742 10.993216 -0.077595 0.661358 -0.746046 0.609009 -0.302643 1 10 1.000000
PelipperDh.png
  1 0.189107 1.720703 10.392141 -0.225151 0.860918 -0.456209 0.601837 -0.335114 1 10 1.000000
  1 1.169576 1.690430 9.851126 -0.225151 0.860918 -0.456209 0.544220 -0.376038 1 10 1.000000
  1 0.491353 1.463379 9.757376 -0.225151 0.860918 -0.456209 0.594910 -0.393738 1 10 1.000000
PelipperDh.png
  1 1.768209 1.653320 8.987356 -0.052843 0.964848 0.257443 0.511871 -0.442078 1 10 1.000000
  1 0.906392 1.771973 8.365774 -0.052843 0.964848 0.257443 0.559998 -0.479431 1 10 1.000000
  1 1.182271 1.611328 9.024466 -0.052843 0.964848 0.257443 0.545807 -0.431580 1 10 1.000000
PelipperDh.png
  1 0.491353 -1.463379 9.757376 -0.483287 -0.706771 -0.516633 0.594910 -0.393738 1 10 1.000000
  1 0.189107 -1.720703 10.392141 -0.483287 -0.706771 -0.516633 0.601837 -0.335114 1 10 1.000000
  1 -0.110698 -0.993164 9.677298 -0.483287 -0.706771 -0.516633 0.602631 -0.394775 1 10 1.000000
PelipperDh.png
  1 -0.627299 -1.020508 10.236380 -0.505954 -0.701559 -0.501822 0.655914 -0.352722 1 10 1.000000
  1 -0.110698 -0.993164 9.677298 -0.505954 -0.701559 -0.501822 0.602631 -0.394775 1 10 1.000000
  1 0.189107 -1.720703 10.392141 -0.505954 -0.701559 -0.501822 0.601837 -0.335114 1 10 1.000000
PelipperDh.png
  1 -1.097026 0.000000 9.997610 -0.591444 -0.431596 -0.681116 0.688568 -0.383484 1 10 1.000000
  1 -0.368510 -0.405762 9.622122 -0.591444 -0.431596 -0.681116 0.642487 -0.400208 1 10 1.000000
  1 -0.627299 -1.020508 10.236380 -0.591444 -0.431596 -0.681116 0.655914 -0.352722 1 10 1.000000
PelipperDh.png
  1 0.906392 -1.771973 8.365774 -0.839994 -0.534885 0.091152 0.557434 -0.490387 1 10 1.000000
  1 1.111328 -2.257324 7.406250 -0.839994 -0.534885 0.091152 0.550232 -0.541443 2 10 0.500000 9 0.500000
  1 1.304586 -2.425293 8.201534 -0.839994 -0.534885 0.091152 0.536987 -0.501343 1 12 1.000000
PelipperDh.png
  1 1.111328 2.257324 7.406250 -0.839994 0.534885 0.091152 0.550232 -0.541443 2 10 0.500000 9 0.500000
  1 0.906392 1.771973 8.365774 -0.839994 0.534885 0.091152 0.557434 -0.490387 1 10 1.000000
  1 1.304586 2.425293 8.201534 -0.839994 0.534885 0.091152 0.536987 -0.501343 1 12 1.000000
PelipperDh.png
  1 1.441406 2.509277 6.446289 -0.628032 0.778099 -0.011724 0.525604 -0.597626 2 10 0.300000 9 0.700000
  1 1.111328 2.257324 7.406250 -0.628032 0.778099 -0.011724 0.550232 -0.541443 2 10 0.500000 9 0.500000
  1 1.304586 2.425293 8.201534 -0.628032 0.778099 -0.011724 0.536987 -0.501343 1 12 1.000000
PelipperDh.png
  1 1.304586 -2.425293 8.201534 -0.796502 -0.603724 -0.033200 0.536987 -0.501343 1 12 1.000000
  1 1.441406 -2.509277 6.446289 -0.796502 -0.603724 -0.033200 0.525604 -0.597626 2 10 0.300000 9 0.700000
  1 2.294332 -3.637207 6.494503 -0.796502 -0.603724 -0.033200 0.472046 -0.597290 1 12 1.000000
PelipperDh.png
  1 1.111328 -2.257324 7.406250 -0.628032 -0.778099 -0.011724 0.550232 -0.541443 2 10 0.500000 9 0.500000
  1 1.441406 -2.509277 6.446289 -0.628032 -0.778099 -0.011724 0.525604 -0.597626 2 10 0.300000 9 0.700000
  1 1.304586 -2.425293 8.201534 -0.628032 -0.778099 -0.011724 0.536987 -0.501343 1 12 1.000000
PelipperDh.png
  1 1.441406 2.509277 6.446289 -0.796502 0.603724 -0.033200 0.525604 -0.597626 2 10 0.300000 9 0.700000
  1 1.304586 2.425293 8.201534 -0.796502 0.603724 -0.033200 0.536987 -0.501343 1 12 1.000000
  1 2.294332 3.637207 6.494503 -0.796502 0.603724 -0.033200 0.472046 -0.597290 1 12 1.000000
PelipperDh.png
  1 -1.649760 0.000000 10.373587 -0.512443 0.412135 -0.753357 0.722107 -0.318848 1 10 1.000000
  1 -0.627299 1.020508 10.236380 -0.512443 0.412135 -0.753357 0.655914 -0.352722 1 10 1.000000
  1 -1.097026 0.000000 9.997610 -0.512443 0.412135 -0.753357 0.688568 -0.383484 1 10 1.000000
PelipperDh.png
  1 1.169576 1.690430 9.851126 0.150125 0.894954 -0.420142 0.544220 -0.376038 1 10 1.000000
  1 1.162740 2.024414 10.560110 0.150125 0.894954 -0.420142 0.544250 -0.327972 1 10 1.000000
  1 2.022603 1.655762 10.082083 0.150125 0.894954 -0.420142 0.491669 -0.372162 1 10 1.000000
PelipperDh.png
  1 2.460449 -3.645508 4.666992 -0.850518 -0.498029 -0.169077 0.468384 -0.703644 3 9 0.200000 12 0.400000 11 0.400000
  1 1.441406 -2.509277 6.446289 -0.850518 -0.498029 -0.169077 0.525604 -0.597626 2 10 0.300000 9 0.700000
  1 2.083464 -2.915039 4.411713 -0.850518 -0.498029 -0.169077 0.489319 -0.713562 1 9 1.000000
PelipperDh.png
  1 1.441406 2.509277 6.446289 -0.850518 0.498029 -0.169077 0.525604 -0.597626 2 10 0.300000 9 0.700000
  1 2.460449 3.645508 4.666992 -0.850518 0.498029 -0.169077 0.468384 -0.703644 3 9 0.200000 12 0.400000 11 0.400000
  1 2.083464 2.915039 4.411713 -0.850518 0.498029 -0.169077 0.489319 -0.713562 1 9 1.000000
PelipperDh.png
  1 1.768209 1.653320 8.987356 0.360254 0.871333 -0.333161 0.511871 -0.442078 1 10 1.000000
  1 2.313131 1.419434 8.964895 0.360254 0.871333 -0.333161 0.473816 -0.443237 1 10 1.000000
  1 0.906392 1.771973 8.365774 0.360254 0.871333 -0.333161 0.559998 -0.479431 1 10 1.000000
PelipperDh.png
  1 -1.649760 0.000000 10.373587 -0.551535 0.458940 -0.696551 0.722107 -0.318848 1 10 1.000000
  1 -0.990580 1.465820 10.817434 -0.551535 0.458940 -0.696551 0.670135 -0.304199 1 10 1.000000
  1 -0.627299 1.020508 10.236380 -0.551535 0.458940 -0.696551 0.655914 -0.352722 1 10 1.000000
PelipperDh.png
  1 0.189107 1.720703 10.392141 -0.384072 0.583050 -0.715920 0.601837 -0.335114 1 10 1.000000
  1 -0.990580 1.465820 10.817434 -0.384072 0.583050 -0.715920 0.670135 -0.304199 1 10 1.000000
  1 0.078267 2.385742 10.993216 -0.384072 0.583050 -0.715920 0.609009 -0.302643 1 10 1.000000
PelipperDh.png
  1 1.162740 2.024414 10.560110 -0.047303 0.705557 -0.707072 0.544250 -0.327972 1 10 1.000000
  1 0.078267 2.385742 10.993216 -0.047303 0.705557 -0.707072 0.609009 -0.302643 1 10 1.000000
  1 1.203756 2.566895 11.098684 -0.047303 0.705557 -0.707072 0.542847 -0.302643 1 10 1.000000
PelipperDh.png
  1 3.396138 0.456543 10.435110 0.927351 0.081405 -0.365230 0.413849 -0.312622 1 10 1.000000
  1 3.288717 0.000000 10.060598 0.927351 0.081405 -0.365230 0.401733 -0.363953 1 10 1.000000
  1 3.221334 0.452148 9.990286 0.927351 0.081405 -0.365230 0.430328 -0.353973 1 10 1.000000
PelipperDh.png
  1 1.169576 1.690430 9.851126 0.081045 0.992296 -0.093706 0.544220 -0.376038 1 10 1.000000
  1 2.086568 1.563477 9.299856 0.081045 0.992296 -0.093706 0.493134 -0.415802 1 10 1.000000
  1 1.182271 1.611328 9.024466 0.081045 0.992296 -0.093706 0.545807 -0.431580 1 10 1.000000
PelipperDh.png
  1 1.676212 -0.970210 0.174116 0.493118 0.576478 0.651543 0.842407 -0.378662 1 8 1.000000
  1 1.028320 -0.872070 0.577637 0.493118 0.576478 0.651543 0.822174 -0.331360 2 8 0.200000 7 0.800000
  1 1.751895 -1.197749 0.318159 0.493118 0.576478 0.651543 0.868164 -0.355530 1 8 1.000000
PelipperDh.png
  1 1.356387 -0.532710 0.312788 0.760040 -0.275325 0.588673 0.788818 -0.366974 1 8 1.000000
  1 1.028320 -0.872070 0.577637 0.760040 -0.275325 0.588673 0.822174 -0.331360 2 8 0.200000 7 0.800000
  1 1.355899 -0.732417 0.220014 0.760040 -0.275325 0.588673 0.804138 -0.381958 1 8 1.000000
PelipperDh.png
  1 1.028320 -0.872070 0.577637 0.385823 0.129429 0.913449 0.822174 -0.331360 2 8 0.200000 7 0.800000
  1 1.021973 -1.197754 0.626465 0.385823 0.129429 0.913449 0.868164 -0.335480 2 8 0.200000 7 0.800000
  1 1.751895 -1.197749 0.318159 0.385823 0.129429 0.913449 0.868164 -0.355530 1 8 1.000000
PelipperDh.png
  1 1.319766 -0.812007 -0.084185 0.269711 0.941046 0.204177 0.822174 -0.430664 1 8 1.000000
  1 1.028320 -0.872070 0.577637 0.269711 0.941046 0.204177 0.822174 -0.331360 2 8 0.200000 7 0.800000
  1 1.676212 -0.970210 0.174116 0.269711 0.941046 0.204177 0.842407 -0.378662 1 8 1.000000
PelipperDh.png
  1 1.028320 -1.522949 0.577637 0.492902 -0.577291 0.650985 0.914154 -0.331360 2 8 0.200000 7 0.800000
  1 1.676212 -1.424800 0.174116 0.492902 -0.577291 0.650985 0.893890 -0.378662 1 8 1.000000
  1 1.751895 -1.197749 0.318159 0.492902 -0.577291 0.650985 0.868164 -0.355530 1 8 1.000000
PelipperDh.png
  1 1.028320 -1.522949 0.577637 0.760036 0.275327 0.588677 0.914154 -0.331360 2 8 0.200000 7 0.800000
  1 1.356387 -1.862300 0.312788 0.760036 0.275327 0.588677 0.947510 -0.366974 1 8 1.000000
  1 1.355899 -1.662593 0.220014 0.760036 0.275327 0.588677 0.932159 -0.381958 1 8 1.000000
PelipperDh.png
  1 1.441406 -2.509277 6.446289 -0.794268 -0.603584 -0.069456 0.525604 -0.597626 2 10 0.300000 9 0.700000
  1 2.460449 -3.645508 4.666992 -0.794268 -0.603584 -0.069456 0.468384 -0.703644 3 9 0.200000 12 0.400000 11 0.400000
  1 2.294332 -3.637207 6.494503 -0.794268 -0.603584 -0.069456 0.472046 -0.597290 1 12 1.000000
PelipperDh.png
  1 2.460449 3.645508 4.666992 -0.794268 0.603584 -0.069456 0.468384 -0.703644 3 9 0.200000 12 0.400000 11 0.400000
  1 1.441406 2.509277 6.446289 -0.794268 0.603584 -0.069456 0.525604 -0.597626 2 10 0.300000 9 0.700000
  1 2.294332 3.637207 6.494503 -0.794268 0.603584 -0.069456 0.472046 -0.597290 1 12 1.000000
PelipperDh.png
  1 3.249512 4.320313 4.618164 -0.650859 0.758077 -0.041251 0.394470 -0.710846 2 12 0.500000 11 0.500000
  1 2.460449 3.645508 4.666992 -0.650859 0.758077 -0.041251 0.468384 -0.703644 3 9 0.200000 12 0.400000 11 0.400000
  1 3.197164 4.375000 6.449093 -0.650859 0.758077 -0.041251 0.398804 -0.599579 1 12 1.000000
PelipperDh.png
  1 1.021973 -1.197754 0.626465 0.385815 -0.129620 0.913425 0.868164 -0.335480 2 8 0.200000 7 0.800000
  1 1.028320 -1.522949 0.577637 0.385815 -0.129620 0.913425 0.914154 -0.331360 2 8 0.200000 7 0.800000
  1 1.751895 -1.197749 0.318159 0.385815 -0.129620 0.913425 0.868164 -0.355530 1 8 1.000000
PelipperDh.png
  1 2.460449 -3.645508 4.666992 -0.650859 -0.758077 -0.041251 0.468384 -0.703644 3 9 0.200000 12 0.400000 11 0.400000
  1 3.249512 -4.320313 4.618164 -0.650859 -0.758077 -0.041251 0.394470 -0.710846 2 12 0.500000 11 0.500000
  1 3.197164 -4.375000 6.449093 -0.650859 -0.758077 -0.041251 0.398804 -0.599579 1 12 1.000000
PelipperDh.png
  1 1.028320 -1.522949 0.577637 0.269719 -0.941046 0.204166 0.914154 -0.331360 2 8 0.200000 7 0.800000
  1 1.319766 -1.583003 -0.084185 0.269719 -0.941046 0.204166 0.914154 -0.430664 1 8 1.000000
  1 1.676212 -1.424800 0.174116 0.269719 -0.941046 0.204166 0.893890 -0.378662 1 8 1.000000
PelipperDh.png
  1 1.182271 1.611328 9.024466 -0.047511 0.946089 0.320402 0.545807 -0.431580 1 10 1.000000
  1 2.086568 1.563477 9.299856 -0.047511 0.946089 0.320402 0.493134 -0.415802 1 10 1.000000
  1 1.768209 1.653320 8.987356 -0.047511 0.946089 0.320402 0.511871 -0.442078 1 10 1.000000
PelipperDh.png
  1 2.022603 1.655762 10.082083 0.621412 0.773081 -0.127251 0.491669 -0.372162 1 10 1.000000
  1 1.934224 1.823730 10.670950 0.621412 0.773081 -0.127251 0.496155 -0.326538 1 10 1.000000
  1 2.333150 1.514160 10.738333 0.621412 0.773081 -0.127251 0.470520 -0.324677 1 10 1.000000
PelipperDh.png
  1 3.325338 0.739258 10.888235 0.834675 0.236033 0.497600 0.417816 -0.292450 1 10 1.000000
  1 3.038228 0.619141 11.426809 0.834675 0.236033 0.497600 0.433868 -0.271942 1 10 1.000000
  1 3.468892 0.000000 10.998098 0.834675 0.236033 0.497600 0.403320 -0.285278 1 10 1.000000
PelipperDh.png
  1 1.006490 2.108398 11.431692 -0.118180 0.268164 0.956097 0.542847 -0.287354 1 10 1.000000
  1 0.756978 1.164551 11.665579 -0.118180 0.268164 0.956097 0.559998 -0.260803 1 10 1.000000
  1 1.642232 1.062012 11.803762 -0.118180 0.268164 0.956097 0.504883 -0.262390 1 10 1.000000
PelipperDh.png
  1 0.016256 1.984863 11.205130 -0.515808 0.461379 0.721853 0.611420 -0.288086 1 10 1.000000
  1 0.078267 2.385742 10.993216 -0.515808 0.461379 0.721853 0.609009 -0.302643 1 10 1.000000
  1 -0.990580 1.465820 10.817434 -0.515808 0.461379 0.721853 0.670135 -0.304199 1 10 1.000000
PelipperDh.png
  1 0.016256 1.984863 11.205130 -0.486872 0.345064 0.802426 0.611420 -0.288086 1 10 1.000000
  1 -0.990580 1.465820 10.817434 -0.486872 0.345064 0.802426 0.670135 -0.304199 1 10 1.000000
  1 -1.056987 0.764648 11.078665 -0.486872 0.345064 0.802426 0.680908 -0.280670 1 10 1.000000
PelipperDh.png
  1 -2.002299 0.000000 10.589895 -0.627664 0.323287 0.708183 0.732941 -0.305420 1 10 1.000000
  1 -1.056987 0.764648 11.078665 -0.627664 0.323287 0.708183 0.680908 -0.280670 1 10 1.000000
  1 -0.990580 1.465820 10.817434 -0.627664 0.323287 0.708183 0.670135 -0.304199 1 10 1.000000
PelipperDh.png
  1 3.038228 0.619141 11.426809 0.808964 0.173863 0.561559 0.433868 -0.271942 1 10 1.000000
  1 3.090963 0.000000 11.542532 0.808964 0.173863 0.561559 0.425018 -0.258301 1 10 1.000000
  1 3.468892 0.000000 10.998098 0.808964 0.173863 0.561559 0.403320 -0.285278 1 10 1.000000
PelipperDh.png
  1 2.342916 1.665527 11.429739 0.424912 0.342778 0.837826 0.476715 -0.285645 1 10 1.000000
  1 2.374654 0.929199 11.714895 0.424912 0.342778 0.837826 0.466949 -0.264801 1 10 1.000000
  1 2.986959 1.197754 11.294485 0.424912 0.342778 0.837826 0.444916 -0.283844 1 10 1.000000
PelipperDh.png
  1 -0.069194 1.073730 11.455130 -0.416606 0.276677 0.865962 0.611511 -0.263245 1 10 1.000000
  1 0.016256 1.984863 11.205130 -0.416606 0.276677 0.865962 0.611420 -0.288086 1 10 1.000000
  1 -1.056987 0.764648 11.078665 -0.416606 0.276677 0.865962 0.680908 -0.280670 1 10 1.000000
PelipperDh.png
  1 0.906392 1.771973 8.365774 -0.439760 0.438842 0.783600 0.472351 -0.474243 1 10 1.000000
  1 1.881002 2.419922 8.549856 -0.439760 0.438842 0.783600 0.413940 -0.450409 1 10 1.000000
  1 1.281392 2.438965 8.202688 -0.439760 0.438842 0.783600 0.439880 -0.480225 1 10 1.000000
PelipperDh.png
  1 1.881002 2.419922 8.549856 -0.329917 0.236612 0.913876 0.413940 -0.450409 1 10 1.000000
  1 0.906392 1.771973 8.365774 -0.329917 0.236612 0.913876 0.472351 -0.474243 1 10 1.000000
  1 2.313131 1.419434 8.964895 -0.329917 0.236612 0.913876 0.418793 -0.421906 1 10 1.000000
PelipperDh.png
  1 1.162740 2.024414 10.560110 0.275462 0.934555 -0.225231 0.544250 -0.327972 1 10 1.000000
  1 1.934224 1.823730 10.670950 0.275462 0.934555 -0.225231 0.496155 -0.326538 1 10 1.000000
  1 2.022603 1.655762 10.082083 0.275462 0.934555 -0.225231 0.491669 -0.372162 1 10 1.000000
PelipperDh.png
  1 0.189107 1.720703 10.392141 -0.203780 0.884908 -0.418822 0.601837 -0.335114 1 10 1.000000
  1 1.162740 2.024414 10.560110 -0.203780 0.884908 -0.418822 0.544250 -0.327972 1 10 1.000000
  1 1.169576 1.690430 9.851126 -0.203780 0.884908 -0.418822 0.544220 -0.376038 1 10 1.000000
PelipperDh.png
  1 1.169576 1.690430 9.851126 0.070394 0.991302 -0.111195 0.544220 -0.376038 1 10 1.000000
  1 2.022603 1.655762 10.082083 0.070394 0.991302 -0.111195 0.491669 -0.372162 1 10 1.000000
  1 2.086568 1.563477 9.299856 0.070394 0.991302 -0.111195 0.493134 -0.415802 1 10 1.000000
PelipperDh.png
  1 2.858052 1.604004 10.948294 0.033242 0.544108 -0.838357 0.462158 -0.302643 1 10 1.000000
  1 3.191549 1.172852 10.681692 0.033242 0.544108 -0.838357 0.430328 -0.302643 1 10 1.000000
  1 2.681295 1.105469 10.617727 0.033242 0.544108 -0.838357 0.453339 -0.326569 1 10 1.000000
PelipperDh.png
  1 8.953512 1.665527 7.912472 0.730470 0.682716 -0.017644 0.094208 -0.514893 1 12 1.000000
  1 8.252340 2.376953 6.411495 0.730470 0.682716 -0.017644 0.130493 -0.601898 1 12 1.000000
  1 7.734274 2.972168 7.994503 0.730470 0.682716 -0.017644 0.151550 -0.516479 1 12 1.000000
PelipperDh.png
  1 8.953512 1.665527 7.912472 0.911568 0.295679 -0.285689 0.094208 -0.514893 1 12 1.000000
  1 9.023336 0.000000 6.411495 0.911568 0.295679 -0.285689 0.045837 -0.601898 1 12 1.000000
  1 8.252340 2.376953 6.411495 0.911568 0.295679 -0.285689 0.130493 -0.601898 1 12 1.000000
PelipperDh.png
  1 7.734762 -2.611328 6.358273 -0.718200 0.679554 0.149649 0.273987 -0.227142 1 12 1.000000
  1 7.734274 -2.972168 7.994503 -0.718200 0.679554 0.149649 0.319855 -0.281311 1 12 1.000000
  1 8.953512 -1.665527 7.912472 -0.718200 0.679554 0.149649 0.268707 -0.320679 1 12 1.000000
PelipperDh.png
  1 7.734762 -2.611328 6.358273 -0.533234 0.826151 0.182033 0.273987 -0.227142 1 12 1.000000
  1 6.458883 -3.751465 7.795284 -0.533234 0.826151 0.182033 0.357208 -0.228119 1 12 1.000000
  1 7.734274 -2.972168 7.994503 -0.533234 0.826151 0.182033 0.319855 -0.281311 1 12 1.000000
PelipperDh.png
  1 4.637106 -3.831543 6.368038 0.097154 0.943623 0.316444 0.292664 -0.146942 1 12 1.000000
  1 3.396383 -4.187012 7.808956 0.097154 0.943623 0.316444 0.368927 -0.106628 1 12 1.000000
  1 4.794821 -4.395508 8.001339 0.097154 0.943623 0.316444 0.378510 -0.174561 1 12 1.000000
PelipperDh.png
  1 9.023336 0.000000 6.411495 0.918781 -0.284840 -0.273326 0.045837 -0.601898 1 12 1.000000
  1 9.537985 0.000000 8.141476 0.918781 -0.284840 -0.273326 0.040131 -0.503082 1 12 1.000000
  1 8.953512 -1.665527 7.912472 0.918781 -0.284840 -0.273326 0.094208 -0.514893 1 12 1.000000
PelipperDh.png
  1 4.794821 -4.395508 8.001339 0.367047 -0.923455 0.111835 0.314514 -0.509979 1 12 1.000000
  1 4.771872 -4.597168 6.411495 0.367047 -0.923455 0.111835 0.313568 -0.601898 1 12 1.000000
  1 6.510153 -3.906250 6.411495 0.367047 -0.923455 0.111835 0.217499 -0.601898 1 12 1.000000
PelipperDh.png
  1 6.510153 -3.906250 6.411495 0.658235 -0.749867 -0.066533 0.217499 -0.601898 1 12 1.000000
  1 8.252340 -2.376953 6.411495 0.658235 -0.749867 -0.066533 0.130493 -0.601898 1 12 1.000000
  1 7.734274 -2.972168 7.994503 0.658235 -0.749867 -0.066533 0.151550 -0.516479 1 12 1.000000
PelipperDh.png
  1 3.197164 -4.375000 6.449093 -0.135613 -0.982640 0.126598 0.398804 -0.599579 1 12 1.000000
  1 4.771872 -4.597168 6.411495 -0.135613 -0.982640 0.126598 0.313568 -0.601898 1 12 1.000000
  1 4.794821 -4.395508 8.001339 -0.135613 -0.982640 0.126598 0.314514 -0.509979 1 12 1.000000
PelipperDh.png
  1 2.374410 -3.582520 8.124874 -0.630037 -0.774476 0.056923 0.482147 -0.503937 1 12 1.000000
  1 2.294332 -3.637207 6.494503 -0.630037 -0.774476 0.056923 0.472046 -0.597290 1 12 1.000000
  1 3.197164 -4.375000 6.449093 -0.630037 -0.774476 0.056923 0.398804 -0.599579 1 12 1.000000
PelipperDh.png
  1 2.294332 -3.637207 6.494503 -0.731084 -0.679757 0.058709 0.472046 -0.597290 1 12 1.000000
  1 2.374410 -3.582520 8.124874 -0.731084 -0.679757 0.058709 0.482147 -0.503937 1 12 1.000000
  1 1.304586 -2.425293 8.201534 -0.731084 -0.679757 0.058709 0.536987 -0.501343 1 12 1.000000
PelipperDh.png
  1 3.197164 -4.375000 6.449093 -0.456614 -0.869762 0.187130 0.398804 -0.599579 1 12 1.000000
  1 3.396383 -4.187012 7.808956 -0.456614 -0.869762 0.187130 0.406250 -0.519409 1 12 1.000000
  1 2.374410 -3.582520 8.124874 -0.456614 -0.869762 0.187130 0.482147 -0.503937 1 12 1.000000
PelipperDh.png
  1 6.510153 -3.906250 6.411495 0.371015 -0.921253 0.116794 0.217499 -0.601898 1 12 1.000000
  1 6.458883 -3.751465 7.795284 0.371015 -0.921253 0.116794 0.228394 -0.522491 1 12 1.000000
  1 4.794821 -4.395508 8.001339 0.371015 -0.921253 0.116794 0.314514 -0.509979 1 12 1.000000
PelipperDh.png
  1 7.734274 -2.972168 7.994503 0.504900 -0.855562 0.114406 0.151550 -0.516479 1 12 1.000000
  1 6.458883 -3.751465 7.795284 0.504900 -0.855562 0.114406 0.228394 -0.522491 1 12 1.000000
  1 6.510153 -3.906250 6.411495 0.504900 -0.855562 0.114406 0.217499 -0.601898 1 12 1.000000
PelipperDh.png
  1 4.794821 -4.395508 8.001339 -0.166947 -0.973065 0.158975 0.314514 -0.509979 1 12 1.000000
  1 3.396383 -4.187012 7.808956 -0.166947 -0.973065 0.158975 0.406250 -0.519409 1 12 1.000000
  1 3.197164 -4.375000 6.449093 -0.166947 -0.973065 0.158975 0.398804 -0.599579 1 12 1.000000
PelipperDh.png
  1 8.252340 -2.376953 6.411495 0.730470 -0.682716 -0.017644 0.130493 -0.601898 1 12 1.000000
  1 8.953512 -1.665527 7.912472 0.730470 -0.682716 -0.017644 0.094208 -0.514893 1 12 1.000000
  1 7.734274 -2.972168 7.994503 0.730470 -0.682716 -0.017644 0.151550 -0.516479 1 12 1.000000
PelipperDh.png
  1 9.023336 0.000000 6.411495 0.911568 -0.295679 -0.285689 0.045837 -0.601898 1 12 1.000000
  1 8.953512 -1.665527 7.912472 0.911568 -0.295679 -0.285689 0.094208 -0.514893 1 12 1.000000
  1 8.252340 -2.376953 6.411495 0.911568 -0.295679 -0.285689 0.130493 -0.601898 1 12 1.000000
PelipperDh.png
  1 7.734274 2.972168 7.994503 -0.718200 -0.679554 0.149649 0.319855 -0.281311 1 12 1.000000
  1 7.734762 2.611328 6.358273 -0.718200 -0.679554 0.149649 0.273987 -0.227142 1 12 1.000000
  1 8.953512 1.665527 7.912472 -0.718200 -0.679554 0.149649 0.268707 -0.320679 1 12 1.000000
PelipperDh.png
  1 3.274068 0.781738 10.381399 0.893383 0.276917 -0.353813 0.430328 -0.324982 1 10 1.000000
  1 3.396138 0.456543 10.435110 0.893383 0.276917 -0.353813 0.413849 -0.312622 1 10 1.000000
  1 3.221334 0.452148 9.990286 0.893383 0.276917 -0.353813 0.430328 -0.353973 1 10 1.000000
PelipperDh.png
  1 3.396383 4.187012 7.808956 0.097154 -0.943623 0.316444 0.368927 -0.106628 1 12 1.000000
  1 4.637106 3.831543 6.368038 0.097154 -0.943623 0.316444 0.292664 -0.146942 1 12 1.000000
  1 4.794821 4.395508 8.001339 0.097154 -0.943623 0.316444 0.378510 -0.174561 1 12 1.000000
PelipperDh.png
  1 9.537985 0.000000 8.141476 0.918781 0.284840 -0.273326 0.040131 -0.503082 1 12 1.000000
  1 9.023336 0.000000 6.411495 0.918781 0.284840 -0.273326 0.045837 -0.601898 1 12 1.000000
  1 8.953512 1.665527 7.912472 0.918781 0.284840 -0.273326 0.094208 -0.514893 1 12 1.000000
PelipperDh.png
  1 4.771872 4.597168 6.411495 0.367047 0.923455 0.111835 0.313568 -0.601898 1 12 1.000000
  1 4.794821 4.395508 8.001339 0.367047 0.923455 0.111835 0.314514 -0.509979 1 12 1.000000
  1 6.510153 3.906250 6.411495 0.367047 0.923455 0.111835 0.217499 -0.601898 1 12 1.000000
PelipperDh.png
  1 8.252340 2.376953 6.411495 0.658235 0.749867 -0.066533 0.130493 -0.601898 1 12 1.000000
  1 6.510153 3.906250 6.411495 0.658235 0.749867 -0.066533 0.217499 -0.601898 1 12 1.000000
  1 7.734274 2.972168 7.994503 0.658235 0.749867 -0.066533 0.151550 -0.516479 1 12 1.000000
PelipperDh.png
  1 4.771872 4.597168 6.411495 -0.135613 0.982640 0.126598 0.313568 -0.601898 1 12 1.000000
  1 3.197164 4.375000 6.449093 -0.135613 0.982640 0.126598 0.398804 -0.599579 1 12 1.000000
  1 4.794821 4.395508 8.001339 -0.135613 0.982640 0.126598 0.314514 -0.509979 1 12 1.000000
PelipperDh.png
  1 2.294332 3.637207 6.494503 -0.630037 0.774476 0.056923 0.472046 -0.597290 1 12 1.000000
  1 2.374410 3.582520 8.124874 -0.630037 0.774476 0.056923 0.482147 -0.503937 1 12 1.000000
  1 3.197164 4.375000 6.449093 -0.630037 0.774476 0.056923 0.398804 -0.599579 1 12 1.000000
PelipperDh.png
  1 2.374410 3.582520 8.124874 -0.731084 0.679757 0.058709 0.482147 -0.503937 1 12 1.000000
  1 2.294332 3.637207 6.494503 -0.731084 0.679757 0.058709 0.472046 -0.597290 1 12 1.000000
  1 1.304586 2.425293 8.201534 -0.731084 0.679757 0.058709 0.536987 -0.501343 1 12 1.000000
PelipperDh.png
  1 3.396383 4.187012 7.808956 -0.456614 0.869762 0.187130 0.406250 -0.519409 1 12 1.000000
  1 3.197164 4.375000 6.449093 -0.456614 0.869762 0.187130 0.398804 -0.599579 1 12 1.000000
  1 2.374410 3.582520 8.124874 -0.456614 0.869762 0.187130 0.482147 -0.503937 1 12 1.000000
PelipperDh.png
  1 6.458883 3.751465 7.795284 0.371015 0.921253 0.116794 0.228394 -0.522491 1 12 1.000000
  1 6.510153 3.906250 6.411495 0.371015 0.921253 0.116794 0.217499 -0.601898 1 12 1.000000
  1 4.794821 4.395508 8.001339 0.371015 0.921253 0.116794 0.314514 -0.509979 1 12 1.000000
PelipperDh.png
  1 6.458883 3.751465 7.795284 0.504900 0.855562 0.114406 0.228394 -0.522491 1 12 1.000000
  1 7.734274 2.972168 7.994503 0.504900 0.855562 0.114406 0.151550 -0.516479 1 12 1.000000
  1 6.510153 3.906250 6.411495 0.504900 0.855562 0.114406 0.217499 -0.601898 1 12 1.000000
PelipperDh.png
  1 3.396383 4.187012 7.808956 -0.166947 0.973065 0.158975 0.406250 -0.519409 1 12 1.000000
  1 4.794821 4.395508 8.001339 -0.166947 0.973065 0.158975 0.314514 -0.509979 1 12 1.000000
  1 3.197164 4.375000 6.449093 -0.166947 0.973065 0.158975 0.398804 -0.599579 1 12 1.000000
PelipperDh.png
  1 2.928365 0.710938 10.351126 -0.053260 0.601034 -0.797446 0.449280 -0.340240 1 10 1.000000
  1 3.191549 1.172852 10.681692 -0.053260 0.601034 -0.797446 0.430328 -0.302643 1 10 1.000000
  1 3.274068 0.781738 10.381399 -0.053260 0.601034 -0.797446 0.430328 -0.324982 1 10 1.000000
PelipperDh.png
  1 0.906392 0.000000 8.365774 0.990039 0.000000 0.140790 0.207031 -0.027740 1 10 1.000000
  1 1.180806 0.000000 6.436087 0.990039 0.000000 0.140790 0.206451 -0.052429 1 10 1.000000
  1 0.906392 1.771973 8.365774 0.990039 0.000000 0.140790 0.277069 -0.010651 1 10 1.000000
PelipperDh.png
  1 0.403463 -1.265625 8.868216 -0.437891 -0.813884 0.381895 0.593384 -0.439148 1 10 1.000000
  1 0.906392 -1.771973 8.365774 -0.437891 -0.813884 0.381895 0.559998 -0.479431 1 10 1.000000
  1 1.182271 -1.611328 9.024466 -0.437891 -0.813884 0.381895 0.545807 -0.431580 1 10 1.000000
PelipperDh.png
  1 2.374654 -0.929199 11.714895 0.176705 -0.362064 0.915251 0.466949 -0.264801 1 10 1.000000
  1 1.642232 -1.062012 11.803762 0.176705 -0.362064 0.915251 0.504883 -0.262390 1 10 1.000000
  1 2.342916 -1.665527 11.429739 0.176705 -0.362064 0.915251 0.476715 -0.285645 1 10 1.000000
PelipperDh.png
  1 2.054342 -2.609375 6.402884 0.721570 0.651564 0.234098 0.258148 -0.072571 1 10 1.000000
  1 1.304586 -2.425293 8.201534 0.721570 0.651564 0.234098 0.313141 -0.033020 1 12 1.000000
  1 2.374410 -3.582520 8.124874 0.721570 0.651564 0.234098 0.350037 -0.058075 1 12 1.000000
PelipperDh.png
  1 1.180806 0.000000 6.436087 0.805179 0.375324 0.459150 0.206451 -0.052429 1 10 1.000000
  1 0.906392 -1.771973 8.365774 0.805179 0.375324 0.459150 0.277069 -0.010651 1 10 1.000000
  1 1.304586 -2.425293 8.201534 0.805179 0.375324 0.459150 0.313141 -0.033020 1 12 1.000000
PelipperDh.png
  1 2.054342 -2.609375 6.402884 0.892437 0.294409 0.341875 0.258148 -0.072571 1 10 1.000000
  1 1.180806 0.000000 6.436087 0.892437 0.294409 0.341875 0.206451 -0.052429 1 10 1.000000
  1 1.304586 -2.425293 8.201534 0.892437 0.294409 0.341875 0.313141 -0.033020 1 12 1.000000
PelipperDh.png
  1 1.304586 2.425293 8.201534 0.721570 -0.651564 0.234098 0.313141 -0.033020 1 12 1.000000
  1 2.054342 2.609375 6.402884 0.721570 -0.651564 0.234098 0.258148 -0.072571 1 10 1.000000
  1 2.374410 3.582520 8.124874 0.721570 -0.651564 0.234098 0.350037 -0.058075 1 12 1.000000
PelipperDh.png
  1 0.906392 1.771973 8.365774 0.805179 -0.375324 0.459150 0.277069 -0.010651 1 10 1.000000
  1 1.180806 0.000000 6.436087 0.805179 -0.375324 0.459150 0.206451 -0.052429 1 10 1.000000
  1 1.304586 2.425293 8.201534 0.805179 -0.375324 0.459150 0.313141 -0.033020 1 12 1.000000
PelipperDh.png
  1 1.180806 0.000000 6.436087 0.892437 -0.294409 0.341875 0.206451 -0.052429 1 10 1.000000
  1 2.054342 2.609375 6.402884 0.892437 -0.294409 0.341875 0.258148 -0.072571 1 10 1.000000
  1 1.304586 2.425293 8.201534 0.892437 -0.294409 0.341875 0.313141 -0.033020 1 12 1.000000
PelipperDh.png
  1 1.028320 -1.522949 0.577637 0.121444 -0.145068 0.981940 0.914154 -0.331360 2 8 0.200000 7 0.800000
  1 1.021973 -1.197754 0.626465 0.121444 -0.145068 0.981940 0.868164 -0.335480 2 8 0.200000 7 0.800000
  1 -0.212048 -1.558589 0.725777 0.121444 -0.145068 0.981940 0.896301 -0.296631 1 7 1.000000
PelipperDh.png
  1 1.021973 -1.197754 0.626465 0.080219 0.000000 0.996777 0.868164 -0.335480 2 8 0.200000 7 0.800000
  1 -0.212048 -0.836421 0.725777 0.080219 0.000000 0.996777 0.840027 -0.296631 1 7 1.000000
  1 -0.212048 -1.558589 0.725777 0.080219 0.000000 0.996777 0.896301 -0.296631 1 7 1.000000
PelipperDh.png
  1 1.028320 -0.872070 0.577637 0.121925 0.229800 0.965570 0.822174 -0.331360 2 8 0.200000 7 0.800000
  1 0.706543 -0.524902 0.535645 0.121925 0.229800 0.965570 0.805115 -0.306366 2 8 0.300000 7 0.700000
  1 -0.212048 -0.836421 0.725777 0.121925 0.229800 0.965570 0.840027 -0.296631 1 7 1.000000
PelipperDh.png
  1 0.706543 -1.870117 0.535645 0.121923 -0.229798 0.965571 0.931183 -0.306366 2 8 0.300000 7 0.700000
  1 1.028320 -1.522949 0.577637 0.121923 -0.229798 0.965571 0.914154 -0.331360 2 8 0.200000 7 0.800000
  1 -0.212048 -1.558589 0.725777 0.121923 -0.229798 0.965571 0.896301 -0.296631 1 7 1.000000
PelipperDh.png
  1 -0.212048 -1.558589 0.725777 -0.133657 -0.562249 0.816095 0.896301 -0.296631 1 7 1.000000
  1 -0.883416 -1.466303 0.679403 -0.133657 -0.562249 0.816095 0.899384 -0.242096 1 7 1.000000
  1 -0.382338 -1.903315 0.460388 -0.133657 -0.562249 0.816095 0.936676 -0.269897 1 7 1.000000
PelipperDh.png
  1 -0.212048 -0.836421 0.725777 -0.133657 0.562249 0.816095 0.840027 -0.296631 1 7 1.000000
  1 -0.382338 -0.491694 0.460388 -0.133657 0.562249 0.816095 0.799622 -0.269897 1 7 1.000000
  1 -0.883416 -0.928706 0.679403 -0.133657 0.562249 0.816095 0.836945 -0.242096 1 7 1.000000
PelipperDh.png
  1 -1.090867 -0.746089 0.373053 -0.466019 0.884558 -0.019614 0.815704 -0.225494 1 7 1.000000
  1 -0.465236 -0.424311 0.019999 -0.466019 0.884558 -0.019614 0.778290 -0.256927 1 7 1.000000
  1 -1.108725 -0.763667 0.004619 -0.466019 0.884558 -0.019614 0.817719 -0.213135 1 7 1.000000
PelipperDh.png
  1 -0.382338 -1.903315 0.460388 -0.353074 -0.912613 0.206099 0.936676 -0.269897 1 7 1.000000
  1 -1.090867 -1.648921 0.373053 -0.353074 -0.912613 0.206099 0.920593 -0.225494 1 7 1.000000
  1 -0.465236 -1.970698 0.019999 -0.353074 -0.912613 0.206099 0.958008 -0.256927 1 7 1.000000
PelipperDh.png
  1 1.642232 -1.062012 11.803762 0.135146 -0.403833 0.904795 0.504883 -0.262390 1 10 1.000000
  1 1.006490 -2.108398 11.431692 0.135146 -0.403833 0.904795 0.542847 -0.287354 1 10 1.000000
  1 2.342916 -1.665527 11.429739 0.135146 -0.403833 0.904795 0.476715 -0.285645 1 10 1.000000
PelipperDh.png
  1 6.458883 3.751465 7.795284 -0.533234 -0.826151 0.182033 0.357208 -0.228119 1 12 1.000000
  1 7.734762 2.611328 6.358273 -0.533234 -0.826151 0.182033 0.273987 -0.227142 1 12 1.000000
  1 7.734274 2.972168 7.994503 -0.533234 -0.826151 0.182033 0.319855 -0.281311 1 12 1.000000
PelipperDh.png
  1 -0.382338 -0.491694 0.460388 -0.148977 0.972888 0.176902 0.799622 -0.269897 1 7 1.000000
  1 0.553711 -0.305664 0.225586 -0.148977 0.972888 0.176902 0.756714 -0.362305 2 8 0.300000 7 0.700000
  1 -0.465236 -0.424311 0.019999 -0.148977 0.972888 0.176902 0.778290 -0.256927 1 7 1.000000
PelipperDh.png
  1 0.527838 -2.140131 0.002184 -0.159301 -0.958531 0.236310 0.993195 -0.320923 1 7 1.000000
  1 0.553711 -2.089355 0.225586 -0.159301 -0.958531 0.236310 0.979614 -0.362305 2 8 0.300000 7 0.700000
  1 -0.465236 -1.970698 0.019999 -0.159301 -0.958531 0.236310 0.958008 -0.256927 1 7 1.000000
PelipperDh.png
  1 -1.108725 -1.631343 0.004619 -0.935722 0.000000 -0.352737 0.918579 -0.213135 1 7 1.000000
  1 -1.259393 -1.197749 0.404305 -0.935722 0.000000 -0.352737 0.868164 -0.223633 1 7 1.000000
  1 -1.108725 -0.763667 0.004619 -0.935722 0.000000 -0.352737 0.817719 -0.213135 1 7 1.000000
PelipperDh.png
  1 -1.090867 -1.648921 0.373053 -0.935747 -0.351511 0.028585 0.920593 -0.225494 1 7 1.000000
  1 -1.259393 -1.197749 0.404305 -0.935747 -0.351511 0.028585 0.868164 -0.223633 1 7 1.000000
  1 -1.108725 -1.631343 0.004619 -0.935747 -0.351511 0.028585 0.918579 -0.213135 1 7 1.000000
PelipperDh.png
  1 -0.465236 -0.424311 0.019999 -0.253618 0.517940 -0.816955 0.783173 -0.498962 1 7 1.000000
  1 -0.523467 -0.617671 -0.084511 -0.253618 0.517940 -0.816955 0.804535 -0.502716 1 7 1.000000
  1 -1.108725 -0.763667 0.004619 -0.253618 0.517940 -0.816955 0.820648 -0.540680 1 7 1.000000
PelipperDh.png
  1 0.527838 -0.254878 0.002184 0.092410 0.279512 -0.955685 0.743103 -0.448669 1 7 1.000000
  1 1.319766 -0.812007 -0.084185 0.092410 0.279512 -0.955685 0.822174 -0.430664 1 8 1.000000
  1 0.528034 -0.625483 -0.106189 0.092410 0.279512 -0.955685 0.798126 -0.457367 1 7 1.000000
PelipperDh.png
  1 -0.465236 -1.970698 0.019999 -0.253618 -0.517940 -0.816955 0.953949 -0.498962 1 7 1.000000
  1 -1.108725 -1.631343 0.004619 -0.253618 -0.517940 -0.816955 0.916473 -0.540680 1 7 1.000000
  1 -0.523467 -1.777339 -0.084511 -0.253618 -0.517940 -0.816955 0.932587 -0.502716 1 7 1.000000
PelipperDh.png
  1 -0.883416 -0.928706 0.679403 -0.590500 0.000000 0.807038 0.836945 -0.242096 1 7 1.000000
  1 -1.259393 -1.197749 0.404305 -0.590500 0.000000 0.807038 0.868164 -0.223633 1 7 1.000000
  1 -0.883416 -1.466303 0.679403 -0.590500 0.000000 0.807038 0.899384 -0.242096 1 7 1.000000
PelipperDh.png
  1 -1.433105 2.434570 1.594295 -0.589966 0.437401 -0.678691 0.689270 -0.899353 1 4 1.000000
  1 -1.470703 1.442871 0.987849 -0.589966 0.437401 -0.678691 0.697418 -0.951630 1 4 1.000000
  1 -2.791992 2.079102 2.546443 -0.589966 0.437401 -0.678691 0.770966 -0.853241 1 4 1.000000
PelipperDh.png
  1 -2.791992 2.079102 2.546443 -0.550262 0.498399 -0.669932 0.770966 -0.853241 1 4 1.000000
  1 -1.470703 1.442871 0.987849 -0.550262 0.498399 -0.669932 0.697418 -0.951630 1 4 1.000000
  1 -2.964355 1.125488 1.978572 -0.550262 0.498399 -0.669932 0.784637 -0.892670 1 4 1.000000
PelipperDh.png
  1 -2.713379 0.978516 6.163630 -0.262422 0.100772 0.959677 0.772003 -0.603455 1 4 1.000000
  1 -3.286133 0.994141 6.005371 -0.262422 0.100772 0.959677 0.805756 -0.618652 2 20 0.200000 4 0.800000
  1 -2.821289 0.000000 6.236873 -0.262422 0.100772 0.959677 0.780334 -0.578247 1 4 1.000000
PelipperDh.png
  1 0.553711 -0.305664 0.225586 -0.159298 0.958521 0.236352 0.756714 -0.362305 2 8 0.300000 7 0.700000
  1 0.527838 -0.254878 0.002184 -0.159298 0.958521 0.236352 0.743103 -0.320923 1 7 1.000000
  1 -0.465236 -0.424311 0.019999 -0.159298 0.958521 0.236352 0.778290 -0.256927 1 7 1.000000
PelipperDh.png
  1 1.271915 -0.279780 -0.043169 -0.058301 0.071494 -0.995736 0.754761 -0.426697 1 8 1.000000
  1 1.319766 -0.812007 -0.084185 -0.058301 0.071494 -0.995736 0.822174 -0.430664 1 8 1.000000
  1 0.527838 -0.254878 0.002184 -0.058301 0.071494 -0.995736 0.743103 -0.448669 1 7 1.000000
PelipperDh.png
  1 -3.644531 1.820801 4.031738 -0.629726 0.776063 0.034213 0.836182 -0.757690 2 20 0.200000 4 0.800000
  1 -2.300293 2.891113 4.495662 -0.629726 0.776063 0.034213 0.752319 -0.719971 1 4 1.000000
  1 -2.570801 2.726074 3.260310 -0.629726 0.776063 0.034213 0.765503 -0.795776 1 4 1.000000
PelipperDh.png
  1 -0.382338 -0.491694 0.460388 -0.353074 0.912613 0.206099 0.799622 -0.269897 1 7 1.000000
  1 -0.465236 -0.424311 0.019999 -0.353074 0.912613 0.206099 0.778290 -0.256927 1 7 1.000000
  1 -1.090867 -0.746089 0.373053 -0.353074 0.912613 0.206099 0.815704 -0.225494 1 7 1.000000
PelipperDh.png
  1 -3.284180 1.695801 5.659180 -0.368930 0.320093 0.872600 0.803986 -0.652435 2 20 0.200000 4 0.800000
  1 -2.713379 0.978516 6.163630 -0.368930 0.320093 0.872600 0.772003 -0.603455 1 4 1.000000
  1 -2.478516 1.882813 5.931209 -0.368930 0.320093 0.872600 0.744659 -0.622406 1 4 1.000000
PelipperDh.png
  1 -3.412109 -2.194824 4.846191 -0.565171 -0.798939 -0.205615 0.812469 -0.696655 2 20 0.200000 4 0.800000
  1 -3.644531 -1.820801 4.031738 -0.565171 -0.798939 -0.205615 0.836182 -0.757690 2 20 0.200000 4 0.800000
  1 -2.300293 -2.891113 4.495662 -0.565171 -0.798939 -0.205615 0.752319 -0.719971 1 4 1.000000
PelipperDh.png
  1 -2.300293 -2.891113 4.495662 -0.629726 -0.776063 0.034213 0.752319 -0.719971 1 4 1.000000
  1 -3.644531 -1.820801 4.031738 -0.629726 -0.776063 0.034213 0.836182 -0.757690 2 20 0.200000 4 0.800000
  1 -2.570801 -2.726074 3.260310 -0.629726 -0.776063 0.034213 0.765503 -0.795776 1 4 1.000000
PelipperDh.png
  1 -1.433105 2.434570 1.594295 -0.190023 0.517433 -0.834359 0.689270 -0.899353 1 4 1.000000
  1 0.374023 2.659668 1.322322 -0.190023 0.517433 -0.834359 0.588470 -0.919037 1 4 1.000000
  1 -1.470703 1.442871 0.987849 -0.190023 0.517433 -0.834359 0.697418 -0.951630 1 4 1.000000
PelipperDh.png
  1 -1.470703 1.442871 0.987849 -0.209121 0.540964 -0.814633 0.697418 -0.951630 1 4 1.000000
  1 0.374023 2.659668 1.322322 -0.209121 0.540964 -0.814633 0.588470 -0.919037 1 4 1.000000
  1 0.503906 1.545898 0.549373 -0.209121 0.540964 -0.814633 0.583282 -0.962921 1 4 1.000000
PelipperDh.png
  1 -0.883416 -0.928706 0.679403 -0.328705 0.696537 0.637800 0.836945 -0.242096 1 7 1.000000
  1 -0.382338 -0.491694 0.460388 -0.328705 0.696537 0.637800 0.799622 -0.269897 1 7 1.000000
  1 -1.090867 -0.746089 0.373053 -0.328705 0.696537 0.637800 0.815704 -0.225494 1 7 1.000000
PelipperDh.png
  1 1.282657 -0.329096 0.247846 0.303215 0.387468 0.870591 0.760864 -0.379456 1 8 1.000000
  1 0.706543 -0.524902 0.535645 0.303215 0.387468 0.870591 0.805115 -0.306366 2 8 0.300000 7 0.700000
  1 1.356387 -0.532710 0.312788 0.303215 0.387468 0.870591 0.788818 -0.366974 1 8 1.000000
PelipperDh.png
  1 -3.286133 -0.994141 6.005371 -0.229355 -0.431183 0.872627 0.805756 -0.618652 2 20 0.200000 4 0.800000
  1 -3.284180 -1.695801 5.659180 -0.229355 -0.431183 0.872627 0.803986 -0.652435 2 20 0.200000 4 0.800000
  1 -2.713379 -0.978516 6.163630 -0.229355 -0.431183 0.872627 0.772003 -0.603455 1 4 1.000000
PelipperDh.png
  1 -2.713379 -0.978516 6.163630 -0.368930 -0.320093 0.872600 0.772003 -0.603455 1 4 1.000000
  1 -3.284180 -1.695801 5.659180 -0.368930 -0.320093 0.872600 0.803986 -0.652435 2 20 0.200000 4 0.800000
  1 -2.478516 -1.882813 5.931209 -0.368930 -0.320093 0.872600 0.744659 -0.622406 1 4 1.000000
PelipperDh.png
  1 -2.570801 2.726074 3.260310 -0.419766 0.733446 -0.534652 0.765503 -0.795776 1 4 1.000000
  1 -1.316895 3.176758 2.894099 -0.419766 0.733446 -0.534652 0.697388 -0.815857 1 4 1.000000
  1 -2.791992 2.079102 2.546443 -0.419766 0.733446 -0.534652 0.770966 -0.853241 1 4 1.000000
PelipperDh.png
  1 -2.791992 2.079102 2.546443 -0.484267 0.777726 -0.400784 0.770966 -0.853241 1 4 1.000000
  1 -1.316895 3.176758 2.894099 -0.484267 0.777726 -0.400784 0.697388 -0.815857 1 4 1.000000
  1 -1.433105 2.434570 1.594295 -0.484267 0.777726 -0.400784 0.689270 -0.899353 1 4 1.000000
PelipperDh.png
  1 -1.470703 1.442871 0.987849 -0.222095 0.172381 -0.959666 0.697418 -0.951630 1 4 1.000000
  1 0.503906 1.545898 0.549373 -0.222095 0.172381 -0.959666 0.583282 -0.962921 1 4 1.000000
  1 -1.489258 0.000000 0.732966 -0.222095 0.172381 -0.959666 0.709290 -0.990570 1 4 1.000000
PelipperDh.png
  1 -1.489258 0.000000 0.732966 -0.227502 0.179661 -0.957061 0.709290 -0.990570 1 4 1.000000
  1 0.503906 1.545898 0.549373 -0.227502 0.179661 -0.957061 0.583282 -0.962921 1 4 1.000000
  1 0.556641 0.000000 0.246638 -0.227502 0.179661 -0.957061 0.582031 -0.988831 1 4 1.000000
PelipperDh.png
  1 -2.964355 1.125488 1.978572 -0.571231 0.281002 -0.771190 0.784637 -0.892670 1 4 1.000000
  1 -1.470703 1.442871 0.987849 -0.571231 0.281002 -0.771190 0.697418 -0.951630 1 4 1.000000
  1 -3.075684 0.000000 1.650935 -0.571231 0.281002 -0.771190 0.816284 -0.950287 1 4 1.000000
PelipperDh.png
  1 -3.075684 0.000000 1.650935 -0.494598 0.157353 -0.854759 0.816284 -0.950287 1 4 1.000000
  1 -1.470703 1.442871 0.987849 -0.494598 0.157353 -0.854759 0.697418 -0.951630 1 4 1.000000
  1 -1.489258 0.000000 0.732966 -0.494598 0.157353 -0.854759 0.709290 -0.990570 1 4 1.000000
PelipperDh.png
  1 -2.964355 -1.125488 1.978572 -0.571231 -0.281002 -0.771190 0.784637 -0.892670 1 4 1.000000
  1 -3.075684 0.000000 1.650935 -0.571231 -0.281002 -0.771190 0.816284 -0.950287 1 4 1.000000
  1 -1.470703 -1.442871 0.987849 -0.571231 -0.281002 -0.771190 0.697418 -0.951630 1 4 1.000000
PelipperDh.png
  1 -1.470703 -1.442871 0.987849 -0.494598 -0.157353 -0.854759 0.697418 -0.951630 1 4 1.000000
  1 -3.075684 0.000000 1.650935 -0.494598 -0.157353 -0.854759 0.816284 -0.950287 1 4 1.000000
  1 -1.489258 0.000000 0.732966 -0.494598 -0.157353 -0.854759 0.709290 -0.990570 1 4 1.000000
PelipperDh.png
  1 -1.433105 -2.434570 1.594295 -0.589966 -0.437401 -0.678691 0.689270 -0.899353 1 4 1.000000
  1 -2.791992 -2.079102 2.546443 -0.589966 -0.437401 -0.678691 0.770966 -0.853241 1 4 1.000000
  1 -1.470703 -1.442871 0.987849 -0.589966 -0.437401 -0.678691 0.697418 -0.951630 1 4 1.000000
PelipperDh.png
  1 -1.470703 -1.442871 0.987849 -0.550262 -0.498399 -0.669932 0.697418 -0.951630 1 4 1.000000
  1 -2.791992 -2.079102 2.546443 -0.550262 -0.498399 -0.669932 0.770966 -0.853241 1 4 1.000000
  1 -2.964355 -1.125488 1.978572 -0.550262 -0.498399 -0.669932 0.784637 -0.892670 1 4 1.000000
PelipperDh.png
  1 -1.433105 -2.434570 1.594295 -0.190023 -0.517433 -0.834359 0.689270 -0.899353 1 4 1.000000
  1 -1.470703 -1.442871 0.987849 -0.190023 -0.517433 -0.834359 0.697418 -0.951630 1 4 1.000000
  1 0.374023 -2.659668 1.322322 -0.190023 -0.517433 -0.834359 0.588470 -0.919037 1 4 1.000000
PelipperDh.png
  1 0.374023 -2.659668 1.322322 -0.209121 -0.540964 -0.814633 0.588470 -0.919037 1 4 1.000000
  1 -1.470703 -1.442871 0.987849 -0.209121 -0.540964 -0.814633 0.697418 -0.951630 1 4 1.000000
  1 0.503906 -1.545898 0.549373 -0.209121 -0.540964 -0.814633 0.583282 -0.962921 1 4 1.000000
PelipperDh.png
  1 -1.470703 -1.442871 0.987849 -0.222095 -0.172381 -0.959666 0.697418 -0.951630 1 4 1.000000
  1 -1.489258 0.000000 0.732966 -0.222095 -0.172381 -0.959666 0.709290 -0.990570 1 4 1.000000
  1 0.503906 -1.545898 0.549373 -0.222095 -0.172381 -0.959666 0.583282 -0.962921 1 4 1.000000
PelipperDh.png
  1 0.503906 -1.545898 0.549373 -0.227502 -0.179661 -0.957061 0.583282 -0.962921 1 4 1.000000
  1 -1.489258 0.000000 0.732966 -0.227502 -0.179661 -0.957061 0.709290 -0.990570 1 4 1.000000
  1 0.556641 0.000000 0.246638 -0.227502 -0.179661 -0.957061 0.582031 -0.988831 1 4 1.000000
PelipperDh.png
  1 -2.570801 -2.726074 3.260310 -0.419766 -0.733446 -0.534652 0.765503 -0.795776 1 4 1.000000
  1 -2.791992 -2.079102 2.546443 -0.419766 -0.733446 -0.534652 0.770966 -0.853241 1 4 1.000000
  1 -1.316895 -3.176758 2.894099 -0.419766 -0.733446 -0.534652 0.697388 -0.815857 1 4 1.000000
PelipperDh.png
  1 -1.316895 -3.176758 2.894099 -0.484267 -0.777726 -0.400784 0.697388 -0.815857 1 4 1.000000
  1 -2.791992 -2.079102 2.546443 -0.484267 -0.777726 -0.400784 0.770966 -0.853241 1 4 1.000000
  1 -1.433105 -2.434570 1.594295 -0.484267 -0.777726 -0.400784 0.689270 -0.899353 1 4 1.000000
PelipperDh.png
  1 -1.090867 -0.746089 0.373053 -0.694665 0.304298 0.651800 0.815704 -0.225494 1 7 1.000000
  1 -1.259393 -1.197749 0.404305 -0.694665 0.304298 0.651800 0.868164 -0.223633 1 7 1.000000
  1 -0.883416 -0.928706 0.679403 -0.694665 0.304298 0.651800 0.836945 -0.242096 1 7 1.000000
PelipperDh.png
  1 -0.212048 -0.836421 0.725777 -0.037095 0.598031 0.800614 0.840027 -0.296631 1 7 1.000000
  1 0.706543 -0.524902 0.535645 -0.037095 0.598031 0.800614 0.805115 -0.306366 2 8 0.300000 7 0.700000
  1 -0.382338 -0.491694 0.460388 -0.037095 0.598031 0.800614 0.799622 -0.269897 1 7 1.000000
PelipperDh.png
  1 0.553711 -2.089355 0.225586 -0.148987 -0.972886 0.176904 0.979614 -0.362305 2 8 0.300000 7 0.700000
  1 -0.382338 -1.903315 0.460388 -0.148987 -0.972886 0.176904 0.936676 -0.269897 1 7 1.000000
  1 -0.465236 -1.970698 0.019999 -0.148987 -0.972886 0.176904 0.958008 -0.256927 1 7 1.000000
PelipperDh.png
  1 1.319766 -1.583003 -0.084185 -0.058301 -0.071494 -0.995736 0.914154 -0.430664 1 8 1.000000
  1 1.271915 -2.115229 -0.043169 -0.058301 -0.071494 -0.995736 0.981567 -0.426697 1 8 1.000000
  1 0.527838 -2.140131 0.002184 -0.058301 -0.071494 -0.995736 0.993195 -0.448669 1 7 1.000000
PelipperDh.png
  1 -1.259393 -1.197749 0.404305 -0.935871 0.351179 0.028607 0.868164 -0.223633 1 7 1.000000
  1 -1.090867 -0.746089 0.373053 -0.935871 0.351179 0.028607 0.815704 -0.225494 1 7 1.000000
  1 -1.108725 -0.763667 0.004619 -0.935871 0.351179 0.028607 0.817719 -0.213135 1 7 1.000000
PelipperDh.png
  1 -0.465236 -1.970698 0.019999 -0.466019 -0.884558 -0.019614 0.958008 -0.256927 1 7 1.000000
  1 -1.090867 -1.648921 0.373053 -0.466019 -0.884558 -0.019614 0.920593 -0.225494 1 7 1.000000
  1 -1.108725 -1.631343 0.004619 -0.466019 -0.884558 -0.019614 0.918579 -0.213135 1 7 1.000000
PelipperDh.png
  1 -0.382338 -1.903315 0.460388 -0.328705 -0.696537 0.637800 0.936676 -0.269897 1 7 1.000000
  1 -0.883416 -1.466303 0.679403 -0.328705 -0.696537 0.637800 0.899384 -0.242096 1 7 1.000000
  1 -1.090867 -1.648921 0.373053 -0.328705 -0.696537 0.637800 0.920593 -0.225494 1 7 1.000000
PelipperDh.png
  1 0.706543 -1.870117 0.535645 0.303220 -0.387469 0.870589 0.931183 -0.306366 2 8 0.300000 7 0.700000
  1 1.282657 -2.065913 0.247846 0.303220 -0.387469 0.870589 0.975433 -0.379456 1 8 1.000000
  1 1.356387 -1.862300 0.312788 0.303220 -0.387469 0.870589 0.947510 -0.366974 1 8 1.000000
PelipperDh.png
  1 -1.090867 -1.648921 0.373053 -0.694500 -0.304569 0.651850 0.920593 -0.225494 1 7 1.000000
  1 -0.883416 -1.466303 0.679403 -0.694500 -0.304569 0.651850 0.899384 -0.242096 1 7 1.000000
  1 -1.259393 -1.197749 0.404305 -0.694500 -0.304569 0.651850 0.868164 -0.223633 1 7 1.000000
PelipperDh.png
  1 0.528034 -1.769526 -0.106189 0.092410 -0.279512 -0.955685 0.938599 -0.457367 1 7 1.000000
  1 1.319766 -1.583003 -0.084185 0.092410 -0.279512 -0.955685 0.914154 -0.430664 1 8 1.000000
  1 0.527838 -2.140131 0.002184 0.092410 -0.279512 -0.955685 0.993195 -0.448669 1 7 1.000000
PelipperDh.png
  1 0.706543 -1.870117 0.535645 -0.037101 -0.598029 0.800615 0.931183 -0.306366 2 8 0.300000 7 0.700000
  1 -0.212048 -1.558589 0.725777 -0.037101 -0.598029 0.800615 0.896301 -0.296631 1 7 1.000000
  1 -0.382338 -1.903315 0.460388 -0.037101 -0.598029 0.800615 0.936676 -0.269897 1 7 1.000000
PelipperDh.png
  1 -3.284180 1.695801 5.659180 -0.370871 0.683995 0.628177 0.803986 -0.652435 2 20 0.200000 4 0.800000
  1 -2.478516 1.882813 5.931209 -0.370871 0.683995 0.628177 0.744659 -0.622406 1 4 1.000000
  1 -1.675293 2.636719 5.584529 -0.370871 0.683995 0.628177 0.725616 -0.650085 1 4 1.000000
PelipperDh.png
  1 2.672542 0.000000 8.983823 0.163608 0.215040 -0.962803 0.024445 -0.069275 1 13 1.000000
  1 2.356445 -3.602539 8.125488 0.163608 0.215040 -0.962803 0.149567 -0.053741 2 13 0.100000 10 0.900000
  1 1.281392 -2.438965 8.202688 0.163608 0.215040 -0.962803 0.103668 -0.018616 1 10 1.000000
PelipperDh.png
  1 -4.050293 0.000000 2.937500 -0.795596 0.340992 -0.500752 0.871124 -0.840912 2 20 0.200000 4 0.800000
  1 -3.841797 1.312500 3.500000 -0.795596 0.340992 -0.500752 0.849548 -0.796600 2 20 0.200000 4 0.800000
  1 -2.964355 1.125488 1.978572 -0.795596 0.340992 -0.500752 0.784637 -0.892670 1 4 1.000000
PelipperDh.png
  1 -3.412109 2.194824 4.846191 -0.322869 0.783116 0.531493 0.812469 -0.696655 2 20 0.200000 4 0.800000
  1 -3.284180 1.695801 5.659180 -0.322869 0.783116 0.531493 0.803986 -0.652435 2 20 0.200000 4 0.800000
  1 -2.300293 2.891113 4.495662 -0.322869 0.783116 0.531493 0.752319 -0.719971 1 4 1.000000
PelipperDh.png
  1 3.396829 4.235352 7.808251 -0.101393 0.589100 0.801674 0.319366 -0.485870 1 13 1.000000
  1 2.972656 3.118652 8.575195 -0.101393 0.589100 0.801674 0.348328 -0.438873 2 10 0.300000 13 0.700000
  1 4.690283 3.614746 8.427887 -0.101393 0.589100 0.801674 0.278320 -0.434998 1 13 1.000000
PelipperDh.png
  1 -3.284180 -1.695801 5.659180 -0.439252 -0.785647 0.435679 0.803986 -0.652435 2 20 0.200000 4 0.800000
  1 -2.300293 -2.891113 4.495662 -0.439252 -0.785647 0.435679 0.752319 -0.719971 1 4 1.000000
  1 -1.675293 -2.636719 5.584529 -0.439252 -0.785647 0.435679 0.725616 -0.650085 1 4 1.000000
PelipperDh.png
  1 -4.050293 0.000000 2.937500 -0.772463 -0.246753 -0.585162 0.871124 -0.840912 2 20 0.200000 4 0.800000
  1 -3.075684 0.000000 1.650935 -0.772463 -0.246753 -0.585162 0.816284 -0.950287 1 4 1.000000
  1 -2.964355 -1.125488 1.978572 -0.772463 -0.246753 -0.585162 0.784637 -0.892670 1 4 1.000000
PelipperDh.png
  1 2.972656 3.118652 8.575195 0.040796 0.151989 0.987540 0.348328 -0.438873 2 10 0.300000 13 0.700000
  1 4.412433 1.764160 8.724182 0.040796 0.151989 0.987540 0.273682 -0.420044 1 13 1.000000
  1 4.690283 3.614746 8.427887 0.040796 0.151989 0.987540 0.278320 -0.434998 1 13 1.000000
PelipperDh.png
  1 -2.478516 -1.882813 5.931209 -0.370871 -0.683995 0.628177 0.744659 -0.622406 1 4 1.000000
  1 -3.284180 -1.695801 5.659180 -0.370871 -0.683995 0.628177 0.803986 -0.652435 2 20 0.200000 4 0.800000
  1 -1.675293 -2.636719 5.584529 -0.370871 -0.683995 0.628177 0.725616 -0.650085 1 4 1.000000
PelipperDh.png
  1 2.972656 -3.118652 8.575195 -0.101393 -0.589100 0.801674 0.348328 -0.438873 2 10 0.300000 13 0.700000
  1 3.396829 -4.235352 7.808251 -0.101393 -0.589100 0.801674 0.319366 -0.485870 1 13 1.000000
  1 4.690283 -3.614746 8.427887 -0.101393 -0.589100 0.801674 0.278320 -0.434998 1 13 1.000000
PelipperDh.png
  1 4.412433 -1.764160 8.724182 0.040796 -0.151989 0.987540 0.273682 -0.420044 1 13 1.000000
  1 2.972656 -3.118652 8.575195 0.040796 -0.151989 0.987540 0.348328 -0.438873 2 10 0.300000 13 0.700000
  1 4.690283 -3.614746 8.427887 0.040796 -0.151989 0.987540 0.278320 -0.434998 1 13 1.000000
PelipperDh.png
  1 -2.300293 2.891113 4.495662 -0.439252 0.785647 0.435679 0.752319 -0.719971 1 4 1.000000
  1 -3.284180 1.695801 5.659180 -0.439252 0.785647 0.435679 0.803986 -0.652435 2 20 0.200000 4 0.800000
  1 -1.675293 2.636719 5.584529 -0.439252 0.785647 0.435679 0.725616 -0.650085 1 4 1.000000
PelipperDh.png
  1 -3.075684 0.000000 1.650935 -0.772463 0.246753 -0.585162 0.816284 -0.950287 1 4 1.000000
  1 -4.050293 0.000000 2.937500 -0.772463 0.246753 -0.585162 0.871124 -0.840912 2 20 0.200000 4 0.800000
  1 -2.964355 1.125488 1.978572 -0.772463 0.246753 -0.585162 0.784637 -0.892670 1 4 1.000000
PelipperDh.png
  1 0.906392 0.000000 8.365774 0.574667 0.000000 -0.818388 0.207031 -0.027740 1 10 1.000000
  1 0.906392 1.771973 8.365774 0.574667 0.000000 -0.818388 0.277069 -0.010651 1 10 1.000000
  1 1.537547 0.000000 8.808967 0.574667 0.000000 -0.818388 0.207703 -0.005249 1 13 1.000000
PelipperDh.png
  1 -3.284180 -1.695801 5.659180 -0.322869 -0.783116 0.531493 0.803986 -0.652435 2 20 0.200000 4 0.800000
  1 -3.412109 -2.194824 4.846191 -0.322869 -0.783116 0.531493 0.812469 -0.696655 2 20 0.200000 4 0.800000
  1 -2.300293 -2.891113 4.495662 -0.322869 -0.783116 0.531493 0.752319 -0.719971 1 4 1.000000
PelipperDh.png
  1 -3.841797 -1.312500 3.500000 -0.795596 -0.340992 -0.500752 0.849548 -0.796600 2 20 0.200000 4 0.800000
  1 -4.050293 0.000000 2.937500 -0.795596 -0.340992 -0.500752 0.871124 -0.840912 2 20 0.200000 4 0.800000
  1 -2.964355 -1.125488 1.978572 -0.795596 -0.340992 -0.500752 0.784637 -0.892670 1 4 1.000000
PelipperDh.png
  1 0.906392 -1.771973 8.365774 0.574667 0.000000 -0.818388 0.277069 -0.010651 1 10 1.000000
  1 0.906392 0.000000 8.365774 0.574667 0.000000 -0.818388 0.207031 -0.027740 1 10 1.000000
  1 1.537547 0.000000 8.808967 0.574667 0.000000 -0.818388 0.207703 -0.005249 1 13 1.000000
PelipperDh.png
  1 2.356445 3.602539 8.125488 -0.145733 -0.241378 -0.959426 0.149567 -0.053741 2 13 0.100000 10 0.900000
  1 3.396829 4.235352 7.808251 -0.145733 -0.241378 -0.959426 0.170563 -0.102356 1 13 1.000000
  1 2.672542 0.000000 8.983823 -0.145733 -0.241378 -0.959426 0.024445 -0.069275 1 13 1.000000
PelipperDh.png
  1 2.356445 3.602539 8.125488 0.163608 -0.215040 -0.962803 0.149567 -0.053741 2 13 0.100000 10 0.900000
  1 2.672542 0.000000 8.983823 0.163608 -0.215040 -0.962803 0.024445 -0.069275 1 13 1.000000
  1 1.281392 2.438965 8.202688 0.163608 -0.215040 -0.962803 0.103668 -0.018616 1 10 1.000000
PelipperDh.png
  1 3.396829 -4.235352 7.808251 -0.145733 0.241378 -0.959426 0.170563 -0.102356 1 13 1.000000
  1 2.356445 -3.602539 8.125488 -0.145733 0.241378 -0.959426 0.149567 -0.053741 2 13 0.100000 10 0.900000
  1 2.672542 0.000000 8.983823 -0.145733 0.241378 -0.959426 0.024445 -0.069275 1 13 1.000000
PelipperDh.png
  1 3.170410 1.315430 8.931641 0.051499 0.427825 0.902393 0.344513 -0.426331 2 10 0.300000 13 0.700000
  1 2.789205 0.977051 9.113821 0.051499 0.427825 0.902393 0.395020 -0.402313 1 10 1.000000
  1 3.033345 0.534668 9.309622 0.051499 0.427825 0.902393 0.365570 -0.380249 1 10 1.000000
PelipperDh.png
  1 -1.433105 2.434570 1.594295 -0.178872 0.861200 -0.475752 0.689270 -0.899353 1 4 1.000000
  1 -1.316895 3.176758 2.894099 -0.178872 0.861200 -0.475752 0.697388 -0.815857 1 4 1.000000
  1 0.374023 2.659668 1.322322 -0.178872 0.861200 -0.475752 0.588470 -0.919037 1 4 1.000000
PelipperDh.png
  1 -1.316895 3.176758 2.894099 -0.158734 0.874434 -0.458441 0.697388 -0.815857 1 4 1.000000
  1 0.125488 3.441406 2.899470 -0.158734 0.874434 -0.458441 0.613617 -0.826813 1 4 1.000000
  1 0.374023 2.659668 1.322322 -0.158734 0.874434 -0.458441 0.588470 -0.919037 1 4 1.000000
PelipperDh.png
  1 -1.035156 3.292969 4.382380 -0.253829 0.899420 0.355829 0.672211 -0.737915 1 4 1.000000
  1 -2.300293 2.891113 4.495662 -0.253829 0.899420 0.355829 0.752319 -0.719971 1 4 1.000000
  1 -1.675293 2.636719 5.584529 -0.253829 0.899420 0.355829 0.725616 -0.650085 1 4 1.000000
PelipperDh.png
  1 -2.300293 2.891113 4.495662 -0.304058 0.952505 -0.016816 0.752319 -0.719971 1 4 1.000000
  1 -1.035156 3.292969 4.382380 -0.304058 0.952505 -0.016816 0.672211 -0.737915 1 4 1.000000
  1 -1.316895 3.176758 2.894099 -0.304058 0.952505 -0.016816 0.697388 -0.815857 1 4 1.000000
PelipperDh.png
  1 -2.300293 -2.891113 4.495662 -0.350298 -0.935394 -0.048260 0.752319 -0.719971 1 4 1.000000
  1 -2.570801 -2.726074 3.260310 -0.350298 -0.935394 -0.048260 0.765503 -0.795776 1 4 1.000000
  1 -1.316895 -3.176758 2.894099 -0.350298 -0.935394 -0.048260 0.697388 -0.815857 1 4 1.000000
PelipperDh.png
  1 -1.035156 -3.292969 4.382380 -0.180150 -0.982715 -0.042631 0.672211 -0.737915 1 4 1.000000
  1 -1.316895 -3.176758 2.894099 -0.180150 -0.982715 -0.042631 0.697388 -0.815857 1 4 1.000000
  1 0.125488 -3.441406 2.899470 -0.180150 -0.982715 -0.042631 0.613617 -0.826813 1 4 1.000000
PelipperDh.png
  1 -1.675293 -2.636719 5.584529 -0.219754 -0.900731 0.374689 0.725616 -0.650085 1 4 1.000000
  1 -1.035156 -3.292969 4.382380 -0.219754 -0.900731 0.374689 0.672211 -0.737915 1 4 1.000000
  1 -0.193848 -3.086914 5.371150 -0.219754 -0.900731 0.374689 0.635925 -0.677887 1 4 1.000000
PelipperDh.png
  1 -1.316895 -3.176758 2.894099 -0.178872 -0.861200 -0.475752 0.697388 -0.815857 1 4 1.000000
  1 -1.433105 -2.434570 1.594295 -0.178872 -0.861200 -0.475752 0.689270 -0.899353 1 4 1.000000
  1 0.374023 -2.659668 1.322322 -0.178872 -0.861200 -0.475752 0.588470 -0.919037 1 4 1.000000
PelipperDh.png
  1 -2.570801 2.726074 3.260310 -0.350298 0.935394 -0.048260 0.765503 -0.795776 1 4 1.000000
  1 -2.300293 2.891113 4.495662 -0.350298 0.935394 -0.048260 0.752319 -0.719971 1 4 1.000000
  1 -1.316895 3.176758 2.894099 -0.350298 0.935394 -0.048260 0.697388 -0.815857 1 4 1.000000
PelipperDh.png
  1 -1.316895 3.176758 2.894099 -0.180150 0.982715 -0.042631 0.697388 -0.815857 1 4 1.000000
  1 -1.035156 3.292969 4.382380 -0.180150 0.982715 -0.042631 0.672211 -0.737915 1 4 1.000000
  1 0.125488 3.441406 2.899470 -0.180150 0.982715 -0.042631 0.613617 -0.826813 1 4 1.000000
PelipperDh.png
  1 -1.035156 3.292969 4.382380 -0.219754 0.900731 0.374689 0.672211 -0.737915 1 4 1.000000
  1 -1.675293 2.636719 5.584529 -0.219754 0.900731 0.374689 0.725616 -0.650085 1 4 1.000000
  1 -0.193848 3.086914 5.371150 -0.219754 0.900731 0.374689 0.635925 -0.677887 1 4 1.000000
PelipperDh.png
  1 0.125488 -3.441406 2.899470 -0.158734 -0.874434 -0.458441 0.613617 -0.826813 1 4 1.000000
  1 -1.316895 -3.176758 2.894099 -0.158734 -0.874434 -0.458441 0.697388 -0.815857 1 4 1.000000
  1 0.374023 -2.659668 1.322322 -0.158734 -0.874434 -0.458441 0.588470 -0.919037 1 4 1.000000
PelipperDh.png
  1 -2.300293 -2.891113 4.495662 -0.253829 -0.899420 0.355829 0.752319 -0.719971 1 4 1.000000
  1 -1.035156 -3.292969 4.382380 -0.253829 -0.899420 0.355829 0.672211 -0.737915 1 4 1.000000
  1 -1.675293 -2.636719 5.584529 -0.253829 -0.899420 0.355829 0.725616 -0.650085 1 4 1.000000
PelipperDh.png
  1 -1.035156 -3.292969 4.382380 -0.304058 -0.952505 -0.016816 0.672211 -0.737915 1 4 1.000000
  1 -2.300293 -2.891113 4.495662 -0.304058 -0.952505 -0.016816 0.752319 -0.719971 1 4 1.000000
  1 -1.316895 -3.176758 2.894099 -0.304058 -0.952505 -0.016816 0.697388 -0.815857 1 4 1.000000
PelipperDh.png
  1 3.172994 0.247070 9.657766 0.377054 0.782640 0.495284 0.346069 -0.331177 1 10 1.000000
  1 3.660645 0.355469 9.115234 0.377054 0.782640 0.495284 0.317322 -0.377930 2 10 0.300000 13 0.700000
  1 3.033345 0.534668 9.309622 0.377054 0.782640 0.495284 0.365570 -0.380249 1 10 1.000000
PelipperDh.png
  1 2.789205 -0.977051 9.113821 0.051499 -0.427825 0.902393 0.395020 -0.402313 1 10 1.000000
  1 3.170410 -1.315430 8.931641 0.051499 -0.427825 0.902393 0.344513 -0.426331 2 10 0.300000 13 0.700000
  1 3.033345 -0.534668 9.309622 0.051499 -0.427825 0.902393 0.365570 -0.380249 1 10 1.000000
PelipperDh.png
  1 3.660645 -0.355469 9.115234 0.377054 -0.782640 0.495284 0.317322 -0.377930 2 10 0.300000 13 0.700000
  1 3.172994 -0.247070 9.657766 0.377054 -0.782640 0.495284 0.346069 -0.331177 1 10 1.000000
  1 3.033345 -0.534668 9.309622 0.377054 -0.782640 0.495284 0.365570 -0.380249 1 10 1.000000
PelipperDh.png
  1 7.843441 0.000000 8.804215 0.019581 -0.319843 0.947268 0.088318 -0.401794 1 13 1.000000
  1 6.348054 -0.678711 8.605962 0.019581 -0.319843 0.947268 0.164978 -0.400879 1 13 1.000000
  1 8.229073 -0.723633 8.551911 0.019581 -0.319843 0.947268 0.080902 -0.417572 1 13 1.000000
PelipperDh.png
  1 6.290519 0.000000 8.776381 -0.017376 -0.244881 0.969398 0.165283 -0.382965 1 13 1.000000
  1 6.348054 -0.678711 8.605962 -0.017376 -0.244881 0.969398 0.164978 -0.400879 1 13 1.000000
  1 7.843441 0.000000 8.804215 -0.017376 -0.244881 0.969398 0.088318 -0.401794 1 13 1.000000
PelipperDh.png
  1 4.373196 0.000000 9.067960 0.146345 -0.229222 0.962310 0.260101 -0.370117 1 13 1.000000
  1 6.348054 -0.678711 8.605962 0.146345 -0.229222 0.962310 0.164978 -0.400879 1 13 1.000000
  1 6.290519 0.000000 8.776381 0.146345 -0.229222 0.962310 0.165283 -0.382965 1 13 1.000000
PelipperDh.png
  1 4.346901 -0.423828 8.837489 0.040393 -0.479263 0.876741 0.268890 -0.398010 1 13 1.000000
  1 6.348054 -0.678711 8.605962 0.040393 -0.479263 0.876741 0.164978 -0.400879 1 13 1.000000
  1 4.373196 0.000000 9.067960 0.040393 -0.479263 0.876741 0.260101 -0.370117 1 13 1.000000
PelipperDh.png
  1 6.348054 0.678711 8.605962 0.019581 0.319843 0.947268 0.164978 -0.400879 1 13 1.000000
  1 7.843441 0.000000 8.804215 0.019581 0.319843 0.947268 0.088318 -0.401794 1 13 1.000000
  1 8.229073 0.723633 8.551911 0.019581 0.319843 0.947268 0.080902 -0.417572 1 13 1.000000
PelipperDh.png
  1 6.290519 0.000000 8.776381 -0.017376 0.244881 0.969398 0.165283 -0.382965 1 13 1.000000
  1 7.843441 0.000000 8.804215 -0.017376 0.244881 0.969398 0.088318 -0.401794 1 13 1.000000
  1 6.348054 0.678711 8.605962 -0.017376 0.244881 0.969398 0.164978 -0.400879 1 13 1.000000
PelipperDh.png
  1 6.348054 0.678711 8.605962 0.146345 0.229222 0.962310 0.164978 -0.400879 1 13 1.000000
  1 4.373196 0.000000 9.067960 0.146345 0.229222 0.962310 0.260101 -0.370117 1 13 1.000000
  1 6.290519 0.000000 8.776381 0.146345 0.229222 0.962310 0.165283 -0.382965 1 13 1.000000
PelipperDh.png
  1 4.346901 0.423828 8.837489 0.040393 0.479263 0.876741 0.268890 -0.398010 1 13 1.000000
  1 4.373196 0.000000 9.067960 0.040393 0.479263 0.876741 0.260101 -0.370117 1 13 1.000000
  1 6.348054 0.678711 8.605962 0.040393 0.479263 0.876741 0.164978 -0.400879 1 13 1.000000
PelipperDh.png
  1 1.890567 -0.980464 -0.084185 0.000000 0.000000 -1.000000 0.850830 -0.408539 1 8 1.000000
  1 1.319766 -1.583003 -0.084185 0.000000 0.000000 -1.000000 0.914154 -0.430664 1 8 1.000000
  1 1.319766 -0.812007 -0.084185 0.000000 0.000000 -1.000000 0.822174 -0.430664 1 8 1.000000
PelipperDh.png
  1 1.890567 -1.414546 -0.084185 0.000000 0.000000 -1.000000 0.885498 -0.408539 1 8 1.000000
  1 1.319766 -1.583003 -0.084185 0.000000 0.000000 -1.000000 0.914154 -0.430664 1 8 1.000000
  1 1.890567 -0.980464 -0.084185 0.000000 0.000000 -1.000000 0.850830 -0.408539 1 8 1.000000
PelipperDh.png
  1 -5.123535 0.579590 5.474609 -0.844003 0.376036 -0.382434 0.914917 -0.673767 2 4 0.200000 20 0.800000
  1 -5.218262 0.000000 5.113770 -0.844003 0.376036 -0.382434 0.938324 -0.707581 2 4 0.200000 20 0.800000
  1 -5.507771 0.000000 5.752694 -0.844003 0.376036 -0.382434 0.952332 -0.648438 1 20 1.000000
PelipperDh.png
  1 3.170410 1.315430 8.931641 0.137217 0.076776 0.987561 0.344513 -0.426331 2 10 0.300000 13 0.700000
  1 4.346901 0.423828 8.837489 0.137217 0.076776 0.987561 0.268890 -0.398010 1 13 1.000000
  1 4.412433 1.764160 8.724182 0.137217 0.076776 0.987561 0.273682 -0.420044 1 13 1.000000
PelipperDh.png
  1 -4.929688 0.508789 6.151855 -0.515020 0.693172 0.504250 0.896088 -0.635864 2 4 0.200000 20 0.800000
  1 -5.023926 0.684570 5.813965 -0.515020 0.693172 0.504250 0.914703 -0.645660 2 4 0.200000 20 0.800000
  1 -5.532624 0.000000 6.235453 -0.515020 0.693172 0.504250 0.948883 -0.612152 1 20 1.000000
PelipperDh.png
  1 4.346901 0.423828 8.837489 0.321569 0.467667 0.823335 0.268890 -0.398010 1 13 1.000000
  1 3.798340 0.000000 9.292480 0.321569 0.467667 0.823335 0.295258 -0.358246 2 10 0.300000 13 0.700000
  1 4.373196 0.000000 9.067960 0.321569 0.467667 0.823335 0.260101 -0.370117 1 13 1.000000
PelipperDh.png
  1 3.660645 0.355469 9.115234 0.277737 0.512678 0.812418 0.317322 -0.377930 2 10 0.300000 13 0.700000
  1 3.798340 0.000000 9.292480 0.277737 0.512678 0.812418 0.295258 -0.358246 2 10 0.300000 13 0.700000
  1 4.346901 0.423828 8.837489 0.277737 0.512678 0.812418 0.268890 -0.398010 1 13 1.000000
PelipperDh.png
  1 -5.218262 0.000000 5.113770 -0.844003 -0.376036 -0.382434 0.938324 -0.707581 2 4 0.200000 20 0.800000
  1 -5.123535 -0.579590 5.474609 -0.844003 -0.376036 -0.382434 0.914917 -0.673767 2 4 0.200000 20 0.800000
  1 -5.507771 0.000000 5.752694 -0.844003 -0.376036 -0.382434 0.952332 -0.648438 1 20 1.000000
PelipperDh.png
  1 0.527838 -0.254878 0.002184 -0.100141 0.496268 -0.862374 0.743103 -0.448669 1 7 1.000000
  1 -0.523467 -0.617671 -0.084511 -0.100141 0.496268 -0.862374 0.804535 -0.502716 1 7 1.000000
  1 -0.465236 -0.424311 0.019999 -0.100141 0.496268 -0.862374 0.783173 -0.498962 1 7 1.000000
PelipperDh.png
  1 -5.023926 -0.684570 5.813965 -0.515020 -0.693172 0.504250 0.914703 -0.645660 2 4 0.200000 20 0.800000
  1 -4.929688 -0.508789 6.151855 -0.515020 -0.693172 0.504250 0.896088 -0.635864 2 4 0.200000 20 0.800000
  1 -5.532624 0.000000 6.235453 -0.515020 -0.693172 0.504250 0.948883 -0.612152 1 20 1.000000
PelipperDh.png
  1 0.528034 -0.625483 -0.106189 -0.017699 0.280615 -0.959657 0.798126 -0.457367 1 7 1.000000
  1 -0.523467 -0.617671 -0.084511 -0.017699 0.280615 -0.959657 0.804535 -0.502716 1 7 1.000000
  1 0.527838 -0.254878 0.002184 -0.017699 0.280615 -0.959657 0.743103 -0.448669 1 7 1.000000
PelipperDh.png
  1 -0.947018 1.424805 7.495776 -0.614408 0.500729 0.609733 0.661438 -0.534088 1 9 1.000000
  1 -1.588379 1.548340 6.748047 -0.614408 0.500729 0.609733 0.710602 -0.589264 2 4 0.400000 9 0.600000
  1 -1.111923 0.766113 7.870542 -0.614408 0.500729 0.609733 0.672546 -0.521790 1 9 1.000000
PelipperDh.png
  1 -1.108725 -0.763667 0.004619 -0.150555 0.000000 -0.988602 0.820648 -0.540680 1 7 1.000000
  1 -0.523467 -1.777339 -0.084511 -0.150555 0.000000 -0.988602 0.932587 -0.502716 1 7 1.000000
  1 -1.108725 -1.631343 0.004619 -0.150555 0.000000 -0.988602 0.916473 -0.540680 1 7 1.000000
PelipperDh.png
  1 -0.837703 2.144531 7.132843 -0.723059 0.395439 0.566404 0.652100 -0.552246 1 9 1.000000
  1 -1.311105 2.230957 6.468171 -0.723059 0.395439 0.566404 0.692871 -0.593872 1 9 1.000000
  1 -0.947018 1.424805 7.495776 -0.723059 0.395439 0.566404 0.661438 -0.534088 1 9 1.000000
PelipperDh.png
  1 -0.523467 -0.617671 -0.084511 -0.150555 0.000000 -0.988602 0.804535 -0.502716 1 7 1.000000
  1 -0.523467 -1.777339 -0.084511 -0.150555 0.000000 -0.988602 0.932587 -0.502716 1 7 1.000000
  1 -1.108725 -0.763667 0.004619 -0.150555 0.000000 -0.988602 0.820648 -0.540680 1 7 1.000000
PelipperDh.png
  1 -0.051583 2.910645 5.909044 -0.145256 0.928189 0.342588 0.605286 -0.619598 1 9 1.000000
  1 -0.193848 3.086914 5.371150 -0.145256 0.928189 0.342588 0.635925 -0.677887 1 4 1.000000
  1 -1.072464 2.666992 6.136331 -0.145256 0.928189 0.342588 0.666534 -0.601471 1 9 1.000000
PelipperDh.png
  1 -1.072464 2.666992 6.136331 -0.253440 0.940757 0.225264 0.666534 -0.601471 1 9 1.000000
  1 -0.193848 3.086914 5.371150 -0.253440 0.940757 0.225264 0.635925 -0.677887 1 4 1.000000
  1 -1.675293 2.636719 5.584529 -0.253440 0.940757 0.225264 0.725616 -0.650085 1 4 1.000000
PelipperDh.png
  1 -0.051583 2.910645 5.909044 -0.014089 0.949073 0.314741 0.605286 -0.619598 1 9 1.000000
  1 0.830010 2.864746 6.086910 -0.014089 0.949073 0.314741 0.561890 -0.603271 1 9 1.000000
  1 -0.193848 3.086914 5.371150 -0.014089 0.949073 0.314741 0.635925 -0.677887 1 4 1.000000
PelipperDh.png
  1 -0.193848 3.086914 5.371150 -0.008125 0.951670 0.307015 0.635925 -0.677887 1 4 1.000000
  1 0.830010 2.864746 6.086910 -0.008125 0.951670 0.307015 0.561890 -0.603271 1 9 1.000000
  1 1.258577 3.069824 5.462562 -0.008125 0.951670 0.307015 0.539642 -0.659515 1 9 1.000000
PelipperDh.png
  1 -0.044322 2.208008 7.307205 -0.209678 0.673387 0.708932 0.611969 -0.547455 1 9 1.000000
  1 -0.837703 2.144531 7.132843 -0.209678 0.673387 0.708932 0.652100 -0.552246 1 9 1.000000
  1 -0.330386 1.089355 8.285162 -0.209678 0.673387 0.708932 0.622498 -0.489014 1 9 1.000000
PelipperDh.png
  1 -0.330386 1.089355 8.285162 -0.615335 0.427440 0.662312 0.622498 -0.489014 1 9 1.000000
  1 -0.837703 2.144531 7.132843 -0.615335 0.427440 0.662312 0.652100 -0.552246 1 9 1.000000
  1 -0.947018 1.424805 7.495776 -0.615335 0.427440 0.662312 0.661438 -0.534088 1 9 1.000000
PelipperDh.png
  1 -0.051583 -2.910645 5.909044 -0.014089 -0.949073 0.314741 0.605286 -0.619598 1 9 1.000000
  1 -0.193848 -3.086914 5.371150 -0.014089 -0.949073 0.314741 0.635925 -0.677887 1 4 1.000000
  1 0.830010 -2.864746 6.086910 -0.014089 -0.949073 0.314741 0.561890 -0.603271 1 9 1.000000
PelipperDh.png
  1 0.830010 -2.864746 6.086910 -0.008125 -0.951670 0.307015 0.561890 -0.603271 1 9 1.000000
  1 -0.193848 -3.086914 5.371150 -0.008125 -0.951670 0.307015 0.635925 -0.677887 1 4 1.000000
  1 1.258577 -3.069824 5.462562 -0.008125 -0.951670 0.307015 0.539642 -0.659515 1 9 1.000000
PelipperDh.png
  1 -0.044322 -2.208008 7.307205 -0.209678 -0.673387 0.708932 0.611969 -0.547455 1 9 1.000000
  1 -0.330386 -1.089355 8.285162 -0.209678 -0.673387 0.708932 0.622498 -0.489014 1 9 1.000000
  1 -0.837703 -2.144531 7.132843 -0.209678 -0.673387 0.708932 0.652100 -0.552246 1 9 1.000000
PelipperDh.png
  1 -0.837703 -2.144531 7.132843 -0.615335 -0.427440 0.662312 0.652100 -0.552246 1 9 1.000000
  1 -0.330386 -1.089355 8.285162 -0.615335 -0.427440 0.662312 0.622498 -0.489014 1 9 1.000000
  1 -0.947018 -1.424805 7.495776 -0.615335 -0.427440 0.662312 0.661438 -0.534088 1 9 1.000000
PelipperDh.png
  1 -0.051583 -2.910645 5.909044 -0.145256 -0.928189 0.342588 0.605286 -0.619598 1 9 1.000000
  1 -1.072464 -2.666992 6.136331 -0.145256 -0.928189 0.342588 0.666534 -0.601471 1 9 1.000000
  1 -0.193848 -3.086914 5.371150 -0.145256 -0.928189 0.342588 0.635925 -0.677887 1 4 1.000000
PelipperDh.png
  1 -0.193848 -3.086914 5.371150 -0.253440 -0.940757 0.225264 0.635925 -0.677887 1 4 1.000000
  1 -1.072464 -2.666992 6.136331 -0.253440 -0.940757 0.225264 0.666534 -0.601471 1 9 1.000000
  1 -1.675293 -2.636719 5.584529 -0.253440 -0.940757 0.225264 0.725616 -0.650085 1 4 1.000000
PelipperDh.png
  1 0.528034 -0.625483 -0.106189 -0.020612 0.000000 -0.999788 0.798126 -0.457367 1 7 1.000000
  1 -0.523467 -1.777339 -0.084511 -0.020612 0.000000 -0.999788 0.932587 -0.502716 1 7 1.000000
  1 -0.523467 -0.617671 -0.084511 -0.020612 0.000000 -0.999788 0.804535 -0.502716 1 7 1.000000
PelipperDh.png
  1 0.528034 -1.769526 -0.106189 -0.020612 0.000000 -0.999788 0.938599 -0.457367 1 7 1.000000
  1 -0.523467 -1.777339 -0.084511 -0.020612 0.000000 -0.999788 0.932587 -0.502716 1 7 1.000000
  1 0.528034 -0.625483 -0.106189 -0.020612 0.000000 -0.999788 0.798126 -0.457367 1 7 1.000000
PelipperDh.png
  1 -1.764160 0.880859 6.972168 -0.572677 0.392478 0.719724 0.725128 -0.578064 2 4 0.300000 9 0.700000
  1 -1.588379 1.548340 6.748047 -0.572677 0.392478 0.719724 0.710602 -0.589264 2 4 0.400000 9 0.600000
  1 -2.713379 0.978516 6.163630 -0.572677 0.392478 0.719724 0.772003 -0.603455 1 4 1.000000
PelipperDh.png
  1 -2.713379 0.978516 6.163630 -0.563355 0.339869 0.753074 0.772003 -0.603455 1 4 1.000000
  1 -1.588379 1.548340 6.748047 -0.563355 0.339869 0.753074 0.710602 -0.589264 2 4 0.400000 9 0.600000
  1 -2.478516 1.882813 5.931209 -0.563355 0.339869 0.753074 0.744659 -0.622406 1 4 1.000000
PelipperDh.png
  1 -0.837703 -2.144531 7.132843 -0.723059 -0.395439 0.566404 0.652100 -0.552246 1 9 1.000000
  1 -0.947018 -1.424805 7.495776 -0.723059 -0.395439 0.566404 0.661438 -0.534088 1 9 1.000000
  1 -1.311105 -2.230957 6.468171 -0.723059 -0.395439 0.566404 0.692871 -0.593872 1 9 1.000000
PelipperDh.png
  1 0.528034 -0.625483 -0.106189 0.027781 0.000000 -0.999614 0.798126 -0.457367 1 7 1.000000
  1 1.319766 -1.583003 -0.084185 0.027781 0.000000 -0.999614 0.914154 -0.430664 1 8 1.000000
  1 0.528034 -1.769526 -0.106189 0.027781 0.000000 -0.999614 0.938599 -0.457367 1 7 1.000000
PelipperDh.png
  1 1.319766 -0.812007 -0.084185 0.027781 0.000000 -0.999614 0.822174 -0.430664 1 8 1.000000
  1 1.319766 -1.583003 -0.084185 0.027781 0.000000 -0.999614 0.914154 -0.430664 1 8 1.000000
  1 0.528034 -0.625483 -0.106189 0.027781 0.000000 -0.999614 0.798126 -0.457367 1 7 1.000000
PelipperDh.png
  1 -1.588379 -1.548340 6.748047 -0.563355 -0.339869 0.753074 0.710602 -0.589264 2 4 0.400000 9 0.600000
  1 -2.713379 -0.978516 6.163630 -0.563355 -0.339869 0.753074 0.772003 -0.603455 1 4 1.000000
  1 -2.478516 -1.882813 5.931209 -0.563355 -0.339869 0.753074 0.744659 -0.622406 1 4 1.000000
PelipperDh.png
  1 -1.893555 0.000000 7.234863 -0.699447 0.296655 0.650208 0.739929 -0.546875 2 4 0.200000 9 0.800000
  1 -1.764160 0.880859 6.972168 -0.699447 0.296655 0.650208 0.725128 -0.578064 2 4 0.300000 9 0.700000
  1 -2.821289 0.000000 6.236873 -0.699447 0.296655 0.650208 0.780334 -0.578247 1 4 1.000000
PelipperDh.png
  1 -2.821289 0.000000 6.236873 -0.635572 0.127090 0.761509 0.780334 -0.578247 1 4 1.000000
  1 -1.764160 0.880859 6.972168 -0.635572 0.127090 0.761509 0.725128 -0.578064 2 4 0.300000 9 0.700000
  1 -2.713379 0.978516 6.163630 -0.635572 0.127090 0.761509 0.772003 -0.603455 1 4 1.000000
PelipperDh.png
  1 2.672542 0.000000 8.983823 0.149505 0.189467 -0.970438 0.024445 -0.069275 1 13 1.000000
  1 0.906392 -1.771973 8.365774 0.149505 0.189467 -0.970438 0.077759 -0.003845 1 10 1.000000
  1 1.537547 0.000000 8.808967 0.149505 0.189467 -0.970438 0.024445 -0.036560 1 13 1.000000
PelipperDh.png
  1 -1.764160 -0.880859 6.972168 -0.635572 -0.127090 0.761509 0.725128 -0.578064 2 4 0.300000 9 0.700000
  1 -2.821289 0.000000 6.236873 -0.635572 -0.127090 0.761509 0.780334 -0.578247 1 4 1.000000
  1 -2.713379 -0.978516 6.163630 -0.635572 -0.127090 0.761509 0.772003 -0.603455 1 4 1.000000
PelipperDh.png
  1 0.503906 1.545898 0.549373 0.069270 0.193994 -0.978554 0.583282 -0.962921 1 4 1.000000
  1 2.646973 1.435547 0.679199 0.069270 0.193994 -0.978554 0.461975 -0.951416 2 9 0.500000 4 0.500000
  1 0.556641 0.000000 0.246638 0.069270 0.193994 -0.978554 0.582031 -0.988831 1 4 1.000000
PelipperDh.png
  1 1.281392 -2.438965 8.202688 0.064247 0.270959 -0.960445 0.103668 -0.018616 1 10 1.000000
  1 0.906392 -1.771973 8.365774 0.064247 0.270959 -0.960445 0.077759 -0.003845 1 10 1.000000
  1 2.672542 0.000000 8.983823 0.064247 0.270959 -0.960445 0.024445 -0.069275 1 13 1.000000
PelipperDh.png
  1 2.440918 2.534668 1.306152 0.023378 0.498642 -0.866493 0.470856 -0.919037 2 9 0.500000 4 0.500000
  1 2.646973 1.435547 0.679199 0.023378 0.498642 -0.866493 0.461975 -0.951416 2 9 0.500000 4 0.500000
  1 0.374023 2.659668 1.322322 0.023378 0.498642 -0.866493 0.588470 -0.919037 1 4 1.000000
PelipperDh.png
  1 0.374023 2.659668 1.322322 0.078937 0.574564 -0.814645 0.588470 -0.919037 1 4 1.000000
  1 2.646973 1.435547 0.679199 0.078937 0.574564 -0.814645 0.461975 -0.951416 2 9 0.500000 4 0.500000
  1 0.503906 1.545898 0.549373 0.078937 0.574564 -0.814645 0.583282 -0.962921 1 4 1.000000
PelipperDh.png
  1 0.906392 1.771973 8.365774 0.149505 -0.189467 -0.970438 0.077759 -0.003845 1 10 1.000000
  1 2.672542 0.000000 8.983823 0.149505 -0.189467 -0.970438 0.024445 -0.069275 1 13 1.000000
  1 1.537547 0.000000 8.808967 0.149505 -0.189467 -0.970438 0.024445 -0.036560 1 13 1.000000
PelipperDh.png
  1 1.281392 2.438965 8.202688 0.064247 -0.270959 -0.960445 0.103668 -0.018616 1 10 1.000000
  1 2.672542 0.000000 8.983823 0.064247 -0.270959 -0.960445 0.024445 -0.069275 1 13 1.000000
  1 0.906392 1.771973 8.365774 0.064247 -0.270959 -0.960445 0.077759 -0.003845 1 10 1.000000
PelipperDh.png
  1 2.356445 -3.602539 8.125488 -0.435599 -0.454028 0.777247 0.389008 -0.470215 2 13 0.100000 10 0.900000
  1 1.881002 -2.419922 8.549856 -0.435599 -0.454028 0.777247 0.413940 -0.450409 1 10 1.000000
  1 1.281392 -2.438965 8.202688 -0.435599 -0.454028 0.777247 0.439880 -0.480225 1 10 1.000000
PelipperDh.png
  1 2.646973 -1.435547 0.679199 0.078937 -0.574564 -0.814645 0.461975 -0.951416 2 9 0.500000 4 0.500000
  1 0.374023 -2.659668 1.322322 0.078937 -0.574564 -0.814645 0.588470 -0.919037 1 4 1.000000
  1 0.503906 -1.545898 0.549373 0.078937 -0.574564 -0.814645 0.583282 -0.962921 1 4 1.000000
PelipperDh.png
  1 1.881002 2.419922 8.549856 -0.435599 0.454028 0.777247 0.413940 -0.450409 1 10 1.000000
  1 2.356445 3.602539 8.125488 -0.435599 0.454028 0.777247 0.389008 -0.470215 2 13 0.100000 10 0.900000
  1 1.281392 2.438965 8.202688 -0.435599 0.454028 0.777247 0.439880 -0.480225 1 10 1.000000
PelipperDh.png
  1 2.972656 3.118652 8.575195 -0.291806 0.424822 0.856957 0.348328 -0.438873 2 10 0.300000 13 0.700000
  1 2.356445 3.602539 8.125488 -0.291806 0.424822 0.856957 0.389008 -0.470215 2 13 0.100000 10 0.900000
  1 1.881002 2.419922 8.549856 -0.291806 0.424822 0.856957 0.413940 -0.450409 1 10 1.000000
PelipperDh.png
  1 0.528034 -1.769526 -0.106189 -0.014539 -0.478822 -0.877792 0.938599 -0.457367 1 7 1.000000
  1 -0.465236 -1.970698 0.019999 -0.014539 -0.478822 -0.877792 0.953949 -0.498962 1 7 1.000000
  1 -0.523467 -1.777339 -0.084511 -0.014539 -0.478822 -0.877792 0.932587 -0.502716 1 7 1.000000
PelipperDh.png
  1 0.527838 -2.140131 0.002184 -0.064961 -0.280043 -0.957787 0.993195 -0.448669 1 7 1.000000
  1 -0.465236 -1.970698 0.019999 -0.064961 -0.280043 -0.957787 0.953949 -0.498962 1 7 1.000000
  1 0.528034 -1.769526 -0.106189 -0.064961 -0.280043 -0.957787 0.938599 -0.457367 1 7 1.000000
PelipperDh.png
  1 1.271915 -0.279780 -0.043169 0.043056 0.985290 0.165381 0.754761 -0.426697 1 8 1.000000
  1 0.527838 -0.254878 0.002184 0.043056 0.985290 0.165381 0.743103 -0.448669 1 7 1.000000
  1 1.282657 -0.329096 0.247846 0.043056 0.985290 0.165381 0.760864 -0.379456 1 8 1.000000
PelipperDh.png
  1 -0.212048 -1.558589 0.725777 -0.068909 0.000000 0.997623 0.896301 -0.296631 1 7 1.000000
  1 -0.883416 -0.928706 0.679403 -0.068909 0.000000 0.997623 0.836945 -0.242096 1 7 1.000000
  1 -0.883416 -1.466303 0.679403 -0.068909 0.000000 0.997623 0.899384 -0.242096 1 7 1.000000
PelipperDh.png
  1 -0.212048 -0.836421 0.725777 -0.068909 0.000000 0.997623 0.840027 -0.296631 1 7 1.000000
  1 -0.883416 -0.928706 0.679403 -0.068909 0.000000 0.997623 0.836945 -0.242096 1 7 1.000000
  1 -0.212048 -1.558589 0.725777 -0.068909 0.000000 0.997623 0.896301 -0.296631 1 7 1.000000
PelipperDh.png
  1 1.271915 -2.115229 -0.043169 0.043056 -0.985290 0.165381 0.981567 -0.426697 1 8 1.000000
  1 1.282657 -2.065913 0.247846 0.043056 -0.985290 0.165381 0.975433 -0.379456 1 8 1.000000
  1 0.527838 -2.140131 0.002184 0.043056 -0.985290 0.165381 0.993195 -0.448669 1 7 1.000000
PelipperDh.png
  1 0.855469 3.423828 4.489746 0.386403 0.906569 0.169782 0.574188 -0.731415 2 9 0.300000 4 0.700000
  1 1.258577 3.069824 5.462562 0.386403 0.906569 0.169782 0.539642 -0.659515 1 9 1.000000
  1 2.083464 2.915039 4.411713 0.386403 0.906569 0.169782 0.489319 -0.713562 1 9 1.000000
PelipperDh.png
  1 -1.035156 3.292969 4.382380 -0.071460 0.996481 0.043817 0.672211 -0.737915 1 4 1.000000
  1 0.855469 3.423828 4.489746 -0.071460 0.996481 0.043817 0.574188 -0.731415 2 9 0.300000 4 0.700000
  1 0.125488 3.441406 2.899470 -0.071460 0.996481 0.043817 0.613617 -0.826813 1 4 1.000000
PelipperDh.png
  1 -1.035156 -3.292969 4.382380 -0.081718 -0.959529 0.269492 0.672211 -0.737915 1 4 1.000000
  1 0.855469 -3.423828 4.489746 -0.081718 -0.959529 0.269492 0.574188 -0.731415 2 9 0.300000 4 0.700000
  1 -0.193848 -3.086914 5.371150 -0.081718 -0.959529 0.269492 0.635925 -0.677887 1 4 1.000000
PelipperDh.png
  1 1.180664 -3.360840 3.100586 0.081070 -0.996364 -0.026200 0.545654 -0.812561 2 9 0.300000 4 0.700000
  1 0.855469 -3.423828 4.489746 0.081070 -0.996364 -0.026200 0.574188 -0.731415 2 9 0.300000 4 0.700000
  1 0.125488 -3.441406 2.899470 0.081070 -0.996364 -0.026200 0.613617 -0.826813 1 4 1.000000
PelipperDh.png
  1 0.855469 -3.423828 4.489746 -0.071460 -0.996481 0.043817 0.574188 -0.731415 2 9 0.300000 4 0.700000
  1 -1.035156 -3.292969 4.382380 -0.071460 -0.996481 0.043817 0.672211 -0.737915 1 4 1.000000
  1 0.125488 -3.441406 2.899470 -0.071460 -0.996481 0.043817 0.613617 -0.826813 1 4 1.000000
PelipperDh.png
  1 0.855469 3.423828 4.489746 -0.081718 0.959529 0.269492 0.574188 -0.731415 2 9 0.300000 4 0.700000
  1 -1.035156 3.292969 4.382380 -0.081718 0.959529 0.269492 0.672211 -0.737915 1 4 1.000000
  1 -0.193848 3.086914 5.371150 -0.081718 0.959529 0.269492 0.635925 -0.677887 1 4 1.000000
PelipperDh.png
  1 0.855469 3.423828 4.489746 0.081070 0.996364 -0.026200 0.574188 -0.731415 2 9 0.300000 4 0.700000
  1 1.180664 3.360840 3.100586 0.081070 0.996364 -0.026200 0.545654 -0.812561 2 9 0.300000 4 0.700000
  1 0.125488 3.441406 2.899470 0.081070 0.996364 -0.026200 0.613617 -0.826813 1 4 1.000000
PelipperDh.png
  1 4.346901 -0.423828 8.837489 0.137217 -0.076776 0.987561 0.268890 -0.398010 1 13 1.000000
  1 3.170410 -1.315430 8.931641 0.137217 -0.076776 0.987561 0.344513 -0.426331 2 10 0.300000 13 0.700000
  1 4.412433 -1.764160 8.724182 0.137217 -0.076776 0.987561 0.273682 -0.420044 1 13 1.000000
PelipperDh.png
  1 -1.111923 0.766113 7.870542 -0.639504 0.552260 0.534831 0.672546 -0.521790 1 9 1.000000
  1 -1.764160 0.880859 6.972168 -0.639504 0.552260 0.534831 0.725128 -0.578064 2 4 0.300000 9 0.700000
  1 -1.366056 0.000000 8.357752 -0.639504 0.552260 0.534831 0.703033 -0.506805 1 9 1.000000
PelipperDh.png
  1 -1.764160 -0.880859 6.972168 -0.639504 -0.552260 0.534831 0.725128 -0.578064 2 4 0.300000 9 0.700000
  1 -1.111923 -0.766113 7.870542 -0.639504 -0.552260 0.534831 0.672546 -0.521790 1 9 1.000000
  1 -1.366056 0.000000 8.357752 -0.639504 -0.552260 0.534831 0.703033 -0.506805 1 9 1.000000
PelipperDh.png
  1 3.660645 -0.355469 9.115234 0.324632 -0.334954 0.884545 0.317322 -0.377930 2 10 0.300000 13 0.700000
  1 3.170410 -1.315430 8.931641 0.324632 -0.334954 0.884545 0.344513 -0.426331 2 10 0.300000 13 0.700000
  1 4.346901 -0.423828 8.837489 0.324632 -0.334954 0.884545 0.268890 -0.398010 1 13 1.000000
PelipperDh.png
  1 -1.588379 1.548340 6.748047 -0.480607 0.492663 0.725466 0.710602 -0.589264 2 4 0.400000 9 0.600000
  1 -1.311105 2.230957 6.468171 -0.480607 0.492663 0.725466 0.692871 -0.593872 1 9 1.000000
  1 -2.478516 1.882813 5.931209 -0.480607 0.492663 0.725466 0.744659 -0.622406 1 4 1.000000
PelipperDh.png
  1 -1.764160 0.880859 6.972168 -0.876032 0.251415 0.411533 0.725128 -0.578064 2 4 0.300000 9 0.700000
  1 -1.893555 0.000000 7.234863 -0.876032 0.251415 0.411533 0.739929 -0.546875 2 4 0.200000 9 0.800000
  1 -1.366056 0.000000 8.357752 -0.876032 0.251415 0.411533 0.703033 -0.506805 1 9 1.000000
PelipperDh.png
  1 -1.893555 0.000000 7.234863 -0.876032 -0.251415 0.411533 0.739929 -0.546875 2 4 0.200000 9 0.800000
  1 -1.764160 -0.880859 6.972168 -0.876032 -0.251415 0.411533 0.725128 -0.578064 2 4 0.300000 9 0.700000
  1 -1.366056 0.000000 8.357752 -0.876032 -0.251415 0.411533 0.703033 -0.506805 1 9 1.000000
PelipperDh.png
  1 -1.311105 -2.230957 6.468171 -0.480607 -0.492663 0.725466 0.692871 -0.593872 1 9 1.000000
  1 -1.588379 -1.548340 6.748047 -0.480607 -0.492663 0.725466 0.710602 -0.589264 2 4 0.400000 9 0.600000
  1 -2.478516 -1.882813 5.931209 -0.480607 -0.492663 0.725466 0.744659 -0.622406 1 4 1.000000
PelipperDh.png
  1 -1.072464 2.666992 6.136331 -0.513554 0.679664 0.523755 0.666534 -0.601471 1 9 1.000000
  1 -1.675293 2.636719 5.584529 -0.513554 0.679664 0.523755 0.725616 -0.650085 1 4 1.000000
  1 -1.311105 2.230957 6.468171 -0.513554 0.679664 0.523755 0.692871 -0.593872 1 9 1.000000
PelipperDh.png
  1 3.798340 0.000000 9.292480 0.321569 -0.467667 0.823335 0.295258 -0.358246 2 10 0.300000 13 0.700000
  1 4.346901 -0.423828 8.837489 0.321569 -0.467667 0.823335 0.268890 -0.398010 1 13 1.000000
  1 4.373196 0.000000 9.067960 0.321569 -0.467667 0.823335 0.260101 -0.370117 1 13 1.000000
PelipperDh.png
  1 2.313131 -1.419434 8.964895 0.083687 -0.397656 0.913710 0.418793 -0.421906 1 10 1.000000
  1 3.170410 -1.315430 8.931641 0.083687 -0.397656 0.913710 0.344513 -0.426331 2 10 0.300000 13 0.700000
  1 2.789205 -0.977051 9.113821 0.083687 -0.397656 0.913710 0.395020 -0.402313 1 10 1.000000
PelipperDh.png
  1 2.539063 -1.999512 8.771484 0.072207 -0.290055 0.954282 0.387421 -0.430481 2 13 0.300000 10 0.700000
  1 3.170410 -1.315430 8.931641 0.072207 -0.290055 0.954282 0.344513 -0.426331 2 10 0.300000 13 0.700000
  1 2.313131 -1.419434 8.964895 0.072207 -0.290055 0.954282 0.418793 -0.421906 1 10 1.000000
PelipperDh.png
  1 3.170410 1.315430 8.931641 0.083687 0.397656 0.913710 0.344513 -0.426331 2 10 0.300000 13 0.700000
  1 2.313131 1.419434 8.964895 0.083687 0.397656 0.913710 0.418793 -0.421906 1 10 1.000000
  1 2.789205 0.977051 9.113821 0.083687 0.397656 0.913710 0.395020 -0.402313 1 10 1.000000
PelipperDh.png
  1 -0.883416 1.466307 0.679403 -0.133656 0.562249 0.816095 0.899384 -0.242096 1 5 1.000000
  1 -0.212048 1.558593 0.725777 -0.133656 0.562249 0.816095 0.896301 -0.296631 1 5 1.000000
  1 -0.382338 1.903319 0.460388 -0.133656 0.562249 0.816095 0.936676 -0.269897 1 5 1.000000
PelipperDh.png
  1 -0.382338 0.491698 0.460388 -0.133656 -0.562249 0.816095 0.799622 -0.269897 1 5 1.000000
  1 -0.212048 0.836425 0.725777 -0.133656 -0.562249 0.816095 0.840027 -0.296631 1 5 1.000000
  1 -0.883416 0.928710 0.679403 -0.133656 -0.562249 0.816095 0.836945 -0.242096 1 5 1.000000
PelipperDh.png
  1 0.830010 2.864746 6.086910 0.196098 0.883750 0.424889 0.561890 -0.603271 1 9 1.000000
  1 1.157515 2.676758 6.326765 0.196098 0.883750 0.424889 0.547424 -0.597809 1 9 1.000000
  1 1.258577 3.069824 5.462562 0.196098 0.883750 0.424889 0.539642 -0.659515 1 9 1.000000
PelipperDh.png
  1 -1.675293 -2.636719 5.584529 -0.454710 -0.723380 0.519577 0.725616 -0.650085 1 4 1.000000
  1 -1.311105 -2.230957 6.468171 -0.454710 -0.723380 0.519577 0.692871 -0.593872 1 9 1.000000
  1 -2.478516 -1.882813 5.931209 -0.454710 -0.723380 0.519577 0.744659 -0.622406 1 4 1.000000
PelipperDh.png
  1 -1.675293 -2.636719 5.584529 -0.513554 -0.679664 0.523755 0.725616 -0.650085 1 4 1.000000
  1 -1.072464 -2.666992 6.136331 -0.513554 -0.679664 0.523755 0.666534 -0.601471 1 9 1.000000
  1 -1.311105 -2.230957 6.468171 -0.513554 -0.679664 0.523755 0.692871 -0.593872 1 9 1.000000
PelipperDh.png
  1 -1.311105 2.230957 6.468171 -0.454710 0.723380 0.519577 0.692871 -0.593872 1 9 1.000000
  1 -1.675293 2.636719 5.584529 -0.454710 0.723380 0.519577 0.725616 -0.650085 1 4 1.000000
  1 -2.478516 1.882813 5.931209 -0.454710 0.723380 0.519577 0.744659 -0.622406 1 4 1.000000
PelipperDh.png
  1 0.125488 3.441406 2.899470 -0.046425 0.892079 -0.449489 0.613617 -0.826813 1 4 1.000000
  1 2.265625 3.200195 2.199707 -0.046425 0.892079 -0.449489 0.478638 -0.883636 2 9 0.500000 4 0.500000
  1 0.374023 2.659668 1.322322 -0.046425 0.892079 -0.449489 0.588470 -0.919037 1 4 1.000000
PelipperDh.png
  1 -0.465236 0.424315 0.019999 -0.466019 -0.884558 -0.019614 0.778290 -0.256927 1 5 1.000000
  1 -1.090867 0.746093 0.373054 -0.466019 -0.884558 -0.019614 0.815704 -0.225494 1 5 1.000000
  1 -1.108725 0.763671 0.004619 -0.466019 -0.884558 -0.019614 0.817719 -0.213135 1 5 1.000000
PelipperDh.png
  1 2.265625 -3.200195 2.199707 -0.046425 -0.892079 -0.449489 0.478638 -0.883636 2 9 0.500000 4 0.500000
  1 0.125488 -3.441406 2.899470 -0.046425 -0.892079 -0.449489 0.613617 -0.826813 1 4 1.000000
  1 0.374023 -2.659668 1.322322 -0.046425 -0.892079 -0.449489 0.588470 -0.919037 1 4 1.000000
PelipperDh.png
  1 -1.090867 1.648925 0.373054 -0.353074 0.912613 0.206099 0.920593 -0.225494 1 5 1.000000
  1 -0.382338 1.903319 0.460388 -0.353074 0.912613 0.206099 0.936676 -0.269897 1 5 1.000000
  1 -0.465236 1.970702 0.019999 -0.353074 0.912613 0.206099 0.958008 -0.256927 1 5 1.000000
PelipperDh.png
  1 -1.259393 1.197753 0.404305 -0.935723 0.000000 -0.352737 0.868164 -0.223633 1 5 1.000000
  1 -1.108725 1.631346 0.004619 -0.935723 0.000000 -0.352737 0.918579 -0.213135 1 5 1.000000
  1 -1.108725 0.763671 0.004619 -0.935723 0.000000 -0.352737 0.817719 -0.213135 1 5 1.000000
PelipperDh.png
  1 -1.259393 1.197753 0.404305 -0.935747 0.351511 0.028586 0.868164 -0.223633 1 5 1.000000
  1 -1.090867 1.648925 0.373054 -0.935747 0.351511 0.028586 0.920593 -0.225494 1 5 1.000000
  1 -1.108725 1.631346 0.004619 -0.935747 0.351511 0.028586 0.918579 -0.213135 1 5 1.000000
PelipperDh.png
  1 -0.523467 0.617675 -0.084511 -0.253619 -0.517940 -0.816955 0.804535 -0.502716 1 5 1.000000
  1 -0.465236 0.424315 0.019999 -0.253619 -0.517940 -0.816955 0.783173 -0.498962 1 5 1.000000
  1 -1.108725 0.763671 0.004619 -0.253619 -0.517940 -0.816955 0.820648 -0.540680 1 5 1.000000
PelipperDh.png
  1 -1.108725 1.631346 0.004619 -0.253619 0.517940 -0.816955 0.916473 -0.540680 1 5 1.000000
  1 -0.465236 1.970702 0.019999 -0.253619 0.517940 -0.816955 0.953949 -0.498962 1 5 1.000000
  1 -0.523467 1.777343 -0.084511 -0.253619 0.517940 -0.816955 0.932587 -0.502716 1 5 1.000000
PelipperDh.png
  1 1.157515 -2.676758 6.326765 0.196098 -0.883750 0.424889 0.547424 -0.597809 1 9 1.000000
  1 0.830010 -2.864746 6.086910 0.196098 -0.883750 0.424889 0.561890 -0.603271 1 9 1.000000
  1 1.258577 -3.069824 5.462562 0.196098 -0.883750 0.424889 0.539642 -0.659515 1 9 1.000000
PelipperDh.png
  1 0.855469 3.423828 4.489746 -0.010728 0.938224 0.345862 0.574188 -0.731415 2 9 0.300000 4 0.700000
  1 -0.193848 3.086914 5.371150 -0.010728 0.938224 0.345862 0.635925 -0.677887 1 4 1.000000
  1 1.258577 3.069824 5.462562 -0.010728 0.938224 0.345862 0.539642 -0.659515 1 9 1.000000
PelipperDh.png
  1 1.258577 -3.069824 5.462562 0.386403 -0.906569 0.169782 0.539642 -0.659515 1 9 1.000000
  1 0.855469 -3.423828 4.489746 0.386403 -0.906569 0.169782 0.574188 -0.731415 2 9 0.300000 4 0.700000
  1 2.083464 -2.915039 4.411713 0.386403 -0.906569 0.169782 0.489319 -0.713562 1 9 1.000000
PelipperDh.png
  1 -0.193848 -3.086914 5.371150 -0.010728 -0.938224 0.345862 0.635925 -0.677887 1 4 1.000000
  1 0.855469 -3.423828 4.489746 -0.010728 -0.938224 0.345862 0.574188 -0.731415 2 9 0.300000 4 0.700000
  1 1.258577 -3.069824 5.462562 -0.010728 -0.938224 0.345862 0.539642 -0.659515 1 9 1.000000
PelipperDh.png
  1 -1.259393 1.197753 0.404305 -0.590500 0.000000 0.807038 0.868164 -0.223633 1 5 1.000000
  1 -0.883416 0.928710 0.679403 -0.590500 0.000000 0.807038 0.836945 -0.242096 1 5 1.000000
  1 -0.883416 1.466307 0.679403 -0.590500 0.000000 0.807038 0.899384 -0.242096 1 5 1.000000
PelipperDh.png
  1 -0.465236 0.424315 0.019999 -0.353074 -0.912613 0.206099 0.778290 -0.256927 1 5 1.000000
  1 -0.382338 0.491698 0.460388 -0.353074 -0.912613 0.206099 0.799622 -0.269897 1 5 1.000000
  1 -1.090867 0.746093 0.373054 -0.353074 -0.912613 0.206099 0.815704 -0.225494 1 5 1.000000
PelipperDh.png
  1 -0.382338 0.491698 0.460388 -0.328705 -0.696537 0.637800 0.799622 -0.269897 1 5 1.000000
  1 -0.883416 0.928710 0.679403 -0.328705 -0.696537 0.637800 0.836945 -0.242096 1 5 1.000000
  1 -1.090867 0.746093 0.373054 -0.328705 -0.696537 0.637800 0.815704 -0.225494 1 5 1.000000
PelipperDh.png
  1 -1.259393 1.197753 0.404305 -0.694665 -0.304298 0.651801 0.868164 -0.223633 1 5 1.000000
  1 -1.090867 0.746093 0.373054 -0.694665 -0.304298 0.651801 0.815704 -0.225494 1 5 1.000000
  1 -0.883416 0.928710 0.679403 -0.694665 -0.304298 0.651801 0.836945 -0.242096 1 5 1.000000
PelipperDh.png
  1 -1.090867 0.746093 0.373054 -0.935871 -0.351179 0.028607 0.815704 -0.225494 1 5 1.000000
  1 -1.259393 1.197753 0.404305 -0.935871 -0.351179 0.028607 0.868164 -0.223633 1 5 1.000000
  1 -1.108725 0.763671 0.004619 -0.935871 -0.351179 0.028607 0.817719 -0.213135 1 5 1.000000
PelipperDh.png
  1 1.075195 11.407715 6.048340 -0.387106 -0.015620 -0.921903 0.856171 -0.188660 2 15 0.100000 16 0.900000
  1 0.675781 9.778809 6.243652 -0.387106 -0.015620 -0.921903 0.757019 -0.165100 2 15 0.300000 16 0.700000
  1 0.661229 11.375535 6.222709 -0.387106 -0.015620 -0.921903 0.856171 -0.164246 1 16 1.000000
PelipperDh.png
  1 0.675781 9.778809 6.243652 -0.914371 -0.013641 -0.404648 0.757019 -0.165100 2 15 0.300000 16 0.700000
  1 0.499023 9.778809 6.643066 -0.914371 -0.013641 -0.404648 0.757019 -0.155121 2 15 0.300000 16 0.700000
  1 0.661229 11.375535 6.222709 -0.914371 -0.013641 -0.404648 0.856171 -0.164246 1 16 1.000000
PelipperDh.png
  1 -1.090867 1.648925 0.373054 -0.466019 0.884558 -0.019614 0.920593 -0.225494 1 5 1.000000
  1 -0.465236 1.970702 0.019999 -0.466019 0.884558 -0.019614 0.958008 -0.256927 1 5 1.000000
  1 -1.108725 1.631346 0.004619 -0.466019 0.884558 -0.019614 0.918579 -0.213135 1 5 1.000000
PelipperDh.png
  1 -0.883416 1.466307 0.679403 -0.328705 0.696537 0.637800 0.899384 -0.242096 1 5 1.000000
  1 -0.382338 1.903319 0.460388 -0.328705 0.696537 0.637800 0.936676 -0.269897 1 5 1.000000
  1 -1.090867 1.648925 0.373054 -0.328705 0.696537 0.637800 0.920593 -0.225494 1 5 1.000000
PelipperDh.png
  1 -0.883416 1.466307 0.679403 -0.694499 0.304569 0.651850 0.899384 -0.242096 1 5 1.000000
  1 -1.090867 1.648925 0.373054 -0.694499 0.304569 0.651850 0.920593 -0.225494 1 5 1.000000
  1 -1.259393 1.197753 0.404305 -0.694499 0.304569 0.651850 0.868164 -0.223633 1 5 1.000000
PelipperDh.png
  1 0.924413 -13.666547 6.643114 0.229610 -0.968237 -0.098979 0.977783 -0.188110 1 19 1.000000
  1 1.170018 -13.585492 6.419970 0.229610 -0.968237 -0.098979 0.970490 -0.202820 1 19 1.000000
  1 1.266210 -13.585492 6.643114 0.229610 -0.968237 -0.098979 0.970490 -0.208618 1 19 1.000000
PelipperDh.png
  1 0.924413 -13.666547 6.643114 0.229610 -0.968237 0.098979 0.977783 -0.188110 1 19 1.000000
  1 1.266210 -13.585492 6.643114 0.229610 -0.968237 0.098979 0.970490 -0.208618 1 19 1.000000
  1 1.170018 -13.585492 6.866259 0.229610 -0.968237 0.098979 0.970490 -0.202820 1 19 1.000000
PelipperDh.png
  1 0.553711 0.305664 0.225586 -0.148980 -0.972888 0.176903 0.756714 -0.362305 2 6 0.300000 5 0.700000
  1 -0.382338 0.491698 0.460388 -0.148980 -0.972888 0.176903 0.799622 -0.269897 1 5 1.000000
  1 -0.465236 0.424315 0.019999 -0.148980 -0.972888 0.176903 0.778290 -0.256927 1 5 1.000000
PelipperDh.png
  1 0.553711 2.089355 0.225586 -0.159262 0.958589 0.236101 0.979614 -0.362305 2 6 0.300000 5 0.700000
  1 0.527832 2.140137 0.001953 -0.159262 0.958589 0.236101 0.993195 -0.320923 2 6 0.300000 5 0.700000
  1 -0.465236 1.970702 0.019999 -0.159262 0.958589 0.236101 0.958008 -0.256927 1 5 1.000000
PelipperDh.png
  1 1.021973 1.197754 0.626465 0.121444 0.145068 0.981940 0.868164 -0.335480 2 6 0.300000 5 0.700000
  1 1.028320 1.522949 0.577637 0.121444 0.145068 0.981940 0.914154 -0.331360 2 6 0.300000 5 0.700000
  1 -0.212048 1.558593 0.725777 0.121444 0.145068 0.981940 0.896301 -0.296631 1 5 1.000000
PelipperDh.png
  1 0.527832 0.254883 0.001953 -0.159259 -0.958589 0.236100 0.743103 -0.320923 2 6 0.300000 5 0.700000
  1 0.553711 0.305664 0.225586 -0.159259 -0.958589 0.236100 0.756714 -0.362305 2 6 0.300000 5 0.700000
  1 -0.465236 0.424315 0.019999 -0.159259 -0.958589 0.236100 0.778290 -0.256927 1 5 1.000000
PelipperDh.png
  1 -0.212048 0.836425 0.725777 0.080219 0.000000 0.996777 0.840027 -0.296631 1 5 1.000000
  1 1.021973 1.197754 0.626465 0.080219 0.000000 0.996777 0.868164 -0.335480 2 6 0.300000 5 0.700000
  1 -0.212048 1.558593 0.725777 0.080219 0.000000 0.996777 0.896301 -0.296631 1 5 1.000000
PelipperDh.png
  1 0.706543 0.524902 0.535645 0.121924 -0.229799 0.965571 0.805115 -0.306366 2 6 0.300000 5 0.700000
  1 1.028320 0.872070 0.577637 0.121924 -0.229799 0.965571 0.822174 -0.331360 2 6 0.300000 5 0.700000
  1 -0.212048 0.836425 0.725777 0.121924 -0.229799 0.965571 0.840027 -0.296631 1 5 1.000000
PelipperDh.png
  1 0.706543 0.524902 0.535645 -0.037097 -0.598030 0.800615 0.805115 -0.306366 2 6 0.300000 5 0.700000
  1 -0.212048 0.836425 0.725777 -0.037097 -0.598030 0.800615 0.840027 -0.296631 1 5 1.000000
  1 -0.382338 0.491698 0.460388 -0.037097 -0.598030 0.800615 0.799622 -0.269897 1 5 1.000000
PelipperDh.png
  1 -0.382338 1.903319 0.460388 -0.148983 0.972887 0.176903 0.936676 -0.269897 1 5 1.000000
  1 0.553711 2.089355 0.225586 -0.148983 0.972887 0.176903 0.979614 -0.362305 2 6 0.300000 5 0.700000
  1 -0.465236 1.970702 0.019999 -0.148983 0.972887 0.176903 0.958008 -0.256927 1 5 1.000000
PelipperDh.png
  1 1.028320 1.522949 0.577637 0.121924 0.229799 0.965571 0.914154 -0.331360 2 6 0.300000 5 0.700000
  1 0.706543 1.870117 0.535645 0.121924 0.229799 0.965571 0.931183 -0.306366 2 6 0.300000 5 0.700000
  1 -0.212048 1.558593 0.725777 0.121924 0.229799 0.965571 0.896301 -0.296631 1 5 1.000000
PelipperDh.png
  1 -0.212048 1.558593 0.725777 -0.037098 0.598030 0.800615 0.896301 -0.296631 1 5 1.000000
  1 0.706543 1.870117 0.535645 -0.037098 0.598030 0.800615 0.931183 -0.306366 2 6 0.300000 5 0.700000
  1 -0.382338 1.903319 0.460388 -0.037098 0.598030 0.800615 0.936676 -0.269897 1 5 1.000000
PelipperDh.png
  1 0.924413 -13.666547 6.643114 0.097209 -0.965009 0.243534 0.977783 -0.188110 1 19 1.000000
  1 1.170018 -13.585492 6.866259 0.097209 -0.965009 0.243534 0.970490 -0.202820 1 19 1.000000
  1 0.937596 -13.585492 6.959032 0.097209 -0.965009 0.243534 0.970490 -0.188904 1 19 1.000000
PelipperDh.png
  1 -1.137110 -13.585980 6.324755 -0.097796 -0.964382 -0.245770 0.970490 -0.048492 1 19 1.000000
  1 -1.123439 -13.668500 6.643114 -0.097796 -0.964382 -0.245770 0.977783 -0.049316 1 19 1.000000
  1 -1.371485 -13.585980 6.418016 -0.097796 -0.964382 -0.245770 0.970490 -0.034576 1 19 1.000000
PelipperDh.png
  1 -1.371485 -13.585980 6.418016 -0.231645 -0.967699 -0.099492 0.970490 -0.034576 1 19 1.000000
  1 -1.123439 -13.668500 6.643114 -0.231645 -0.967699 -0.099492 0.977783 -0.049316 1 19 1.000000
  1 -1.468165 -13.585980 6.643114 -0.231645 -0.967699 -0.099492 0.970490 -0.028809 1 19 1.000000
PelipperDh.png
  1 2.297305 1.197753 -0.084186 0.000000 0.000000 -1.000000 0.868164 -0.387390 1 6 1.000000
  1 1.890567 0.980468 -0.084186 0.000000 0.000000 -1.000000 0.850830 -0.408539 1 6 1.000000
  1 1.890567 1.414550 -0.084186 0.000000 0.000000 -1.000000 0.885498 -0.408539 1 6 1.000000
PelipperDh.png
  1 1.751895 1.197753 0.318158 0.484756 -0.577231 0.657127 0.868164 -0.355530 1 6 1.000000
  1 1.676211 0.970214 0.174115 0.484756 -0.577231 0.657127 0.842407 -0.378662 1 6 1.000000
  1 2.297305 1.197753 -0.084186 0.484756 -0.577231 0.657127 0.868164 -0.387390 1 6 1.000000
PelipperDh.png
  1 2.297305 1.197753 -0.084186 0.443901 -0.830942 0.335393 0.868164 -0.387390 1 6 1.000000
  1 1.676211 0.970214 0.174115 0.443901 -0.830942 0.335393 0.842407 -0.378662 1 6 1.000000
  1 1.890567 0.980468 -0.084186 0.443901 -0.830942 0.335393 0.850830 -0.408539 1 6 1.000000
PelipperDh.png
  1 1.355899 0.732421 0.220014 0.551225 0.352628 0.756178 0.804138 -0.381958 1 6 1.000000
  1 1.356387 0.532714 0.312787 0.551225 0.352628 0.756178 0.788818 -0.366974 1 6 1.000000
  1 1.950626 0.455077 -0.084186 0.551225 0.352628 0.756178 0.779572 -0.415039 1 6 1.000000
PelipperDh.png
  1 1.356387 0.532714 0.312787 0.466381 -0.417597 0.779808 0.788818 -0.366974 1 6 1.000000
  1 1.282657 0.329100 0.247846 0.466381 -0.417597 0.779808 0.760864 -0.379456 1 6 1.000000
  1 1.950626 0.455077 -0.084186 0.466381 -0.417597 0.779808 0.779572 -0.415039 1 6 1.000000
PelipperDh.png
  1 1.950626 0.455077 -0.084186 0.485532 0.858149 0.166852 0.779572 -0.415039 1 6 1.000000
  1 1.319766 0.812011 -0.084186 0.485532 0.858149 0.166852 0.822174 -0.430664 1 6 1.000000
  1 1.355899 0.732421 0.220014 0.485532 0.858149 0.166852 0.804138 -0.381958 1 6 1.000000
PelipperDh.png
  1 1.271915 0.279784 -0.043170 0.255769 -0.954660 0.152339 0.754761 -0.426697 1 6 1.000000
  1 1.950626 0.455077 -0.084186 0.255769 -0.954660 0.152339 0.779572 -0.415039 1 6 1.000000
  1 1.282657 0.329100 0.247846 0.255769 -0.954660 0.152339 0.760864 -0.379456 1 6 1.000000
PelipperDh.png
  1 1.319766 0.812011 -0.084186 0.277726 -0.941049 0.193119 0.822174 -0.430664 1 6 1.000000
  1 1.890567 0.980468 -0.084186 0.277726 -0.941049 0.193119 0.850830 -0.408539 1 6 1.000000
  1 1.676211 0.970214 0.174115 0.277726 -0.941049 0.193119 0.842407 -0.378662 1 6 1.000000
PelipperDh.png
  1 1.950626 0.455077 -0.084186 -0.041345 -0.073075 -0.996469 0.779572 -0.415039 1 6 1.000000
  1 1.271915 0.279784 -0.043170 -0.041345 -0.073075 -0.996469 0.754761 -0.426697 1 6 1.000000
  1 1.319766 0.812011 -0.084186 -0.041345 -0.073075 -0.996469 0.822174 -0.430664 1 6 1.000000
PelipperDh.png
  1 1.676211 1.424803 0.174115 0.484409 0.578058 0.656656 0.893890 -0.378662 1 6 1.000000
  1 1.751895 1.197753 0.318158 0.484409 0.578058 0.656656 0.868164 -0.355530 1 6 1.000000
  1 2.297305 1.197753 -0.084186 0.484409 0.578058 0.656656 0.868164 -0.387390 1 6 1.000000
PelipperDh.png
  1 1.676211 1.424803 0.174115 0.443222 0.831540 0.334806 0.893890 -0.378662 1 6 1.000000
  1 2.297305 1.197753 -0.084186 0.443222 0.831540 0.334806 0.868164 -0.387390 1 6 1.000000
  1 1.890567 1.414550 -0.084186 0.443222 0.831540 0.334806 0.885498 -0.408539 1 6 1.000000
PelipperDh.png
  1 1.356387 1.862303 0.312787 0.551225 -0.352628 0.756178 0.947510 -0.366974 1 6 1.000000
  1 1.355899 1.662596 0.220014 0.551225 -0.352628 0.756178 0.932159 -0.381958 1 6 1.000000
  1 1.950626 1.939940 -0.084186 0.551225 -0.352628 0.756178 0.956726 -0.415039 1 6 1.000000
PelipperDh.png
  1 1.282657 2.065917 0.247846 0.466381 0.417597 0.779808 0.975433 -0.379456 1 6 1.000000
  1 1.356387 1.862303 0.312787 0.466381 0.417597 0.779808 0.947510 -0.366974 1 6 1.000000
  1 1.950626 1.939940 -0.084186 0.466381 0.417597 0.779808 0.956726 -0.415039 1 6 1.000000
PelipperDh.png
  1 1.319766 1.583007 -0.084186 0.485532 -0.858149 0.166852 0.914154 -0.430664 1 6 1.000000
  1 1.950626 1.939940 -0.084186 0.485532 -0.858149 0.166852 0.956726 -0.415039 1 6 1.000000
  1 1.355899 1.662596 0.220014 0.485532 -0.858149 0.166852 0.932159 -0.381958 1 6 1.000000
PelipperDh.png
  1 1.950626 1.939940 -0.084186 0.255769 0.954660 0.152339 0.956726 -0.415039 1 6 1.000000
  1 1.271915 2.115233 -0.043170 0.255769 0.954660 0.152339 0.981567 -0.426697 1 6 1.000000
  1 1.282657 2.065917 0.247846 0.255769 0.954660 0.152339 0.975433 -0.379456 1 6 1.000000
PelipperDh.png
  1 1.890567 1.414550 -0.084186 0.277726 0.941049 0.193119 0.885498 -0.408539 1 6 1.000000
  1 1.319766 1.583007 -0.084186 0.277726 0.941049 0.193119 0.914154 -0.430664 1 6 1.000000
  1 1.676211 1.424803 0.174115 0.277726 0.941049 0.193119 0.893890 -0.378662 1 6 1.000000
PelipperDh.png
  1 1.271915 2.115233 -0.043170 -0.041345 0.073075 -0.996469 0.981567 -0.426697 1 6 1.000000
  1 1.950626 1.939940 -0.084186 -0.041345 0.073075 -0.996469 0.956726 -0.415039 1 6 1.000000
  1 1.319766 1.583007 -0.084186 -0.041345 0.073075 -0.996469 0.914154 -0.430664 1 6 1.000000
PelipperDh.png
  1 -1.371486 -13.585980 6.868212 -0.097796 -0.964382 0.245770 0.970490 -0.034576 1 19 1.000000
  1 -1.123439 -13.668500 6.643114 -0.097796 -0.964382 0.245770 0.977783 -0.049316 1 19 1.000000
  1 -1.137111 -13.585980 6.961473 -0.097796 -0.964382 0.245770 0.970490 -0.048492 1 19 1.000000
PelipperDh.png
  1 1.028320 0.872070 0.577637 0.493120 -0.576477 0.651541 0.822174 -0.331360 2 6 0.300000 5 0.700000
  1 1.676211 0.970214 0.174115 0.493120 -0.576477 0.651541 0.842407 -0.378662 1 6 1.000000
  1 1.751895 1.197753 0.318158 0.493120 -0.576477 0.651541 0.868164 -0.355530 1 6 1.000000
PelipperDh.png
  1 1.028320 0.872070 0.577637 0.760039 0.275325 0.588674 0.822174 -0.331360 2 6 0.300000 5 0.700000
  1 1.356387 0.532714 0.312787 0.760039 0.275325 0.588674 0.788818 -0.366974 1 6 1.000000
  1 1.355899 0.732421 0.220014 0.760039 0.275325 0.588674 0.804138 -0.381958 1 6 1.000000
PelipperDh.png
  1 1.021973 1.197754 0.626465 0.385825 -0.129429 0.913448 0.868164 -0.335480 2 6 0.300000 5 0.700000
  1 1.028320 0.872070 0.577637 0.385825 -0.129429 0.913448 0.822174 -0.331360 2 6 0.300000 5 0.700000
  1 1.751895 1.197753 0.318158 0.385825 -0.129429 0.913448 0.868164 -0.355530 1 6 1.000000
PelipperDh.png
  1 0.706543 0.524902 0.535645 0.303217 -0.387468 0.870590 0.805115 -0.306366 2 6 0.300000 5 0.700000
  1 1.282657 0.329100 0.247846 0.303217 -0.387468 0.870590 0.760864 -0.379456 1 6 1.000000
  1 1.356387 0.532714 0.312787 0.303217 -0.387468 0.870590 0.788818 -0.366974 1 6 1.000000
PelipperDh.png
  1 1.028320 0.872070 0.577637 0.269714 -0.941046 0.204173 0.822174 -0.331360 2 6 0.300000 5 0.700000
  1 1.319766 0.812011 -0.084186 0.269714 -0.941046 0.204173 0.822174 -0.430664 1 6 1.000000
  1 1.676211 0.970214 0.174115 0.269714 -0.941046 0.204173 0.842407 -0.378662 1 6 1.000000
PelipperDh.png
  1 1.676211 1.424803 0.174115 0.492900 0.577292 0.650987 0.893890 -0.378662 1 6 1.000000
  1 1.028320 1.522949 0.577637 0.492900 0.577292 0.650987 0.914154 -0.331360 2 6 0.300000 5 0.700000
  1 1.751895 1.197753 0.318158 0.492900 0.577292 0.650987 0.868164 -0.355530 1 6 1.000000
PelipperDh.png
  1 1.356387 1.862303 0.312787 0.760038 -0.275326 0.588675 0.947510 -0.366974 1 6 1.000000
  1 1.028320 1.522949 0.577637 0.760038 -0.275326 0.588675 0.914154 -0.331360 2 6 0.300000 5 0.700000
  1 1.355899 1.662596 0.220014 0.760038 -0.275326 0.588675 0.932159 -0.381958 1 6 1.000000
PelipperDh.png
  1 1.028320 1.522949 0.577637 0.385815 0.129620 0.913425 0.914154 -0.331360 2 6 0.300000 5 0.700000
  1 1.021973 1.197754 0.626465 0.385815 0.129620 0.913425 0.868164 -0.335480 2 6 0.300000 5 0.700000
  1 1.751895 1.197753 0.318158 0.385815 0.129620 0.913425 0.868164 -0.355530 1 6 1.000000
PelipperDh.png
  1 1.282657 2.065917 0.247846 0.303219 0.387469 0.870590 0.975433 -0.379456 1 6 1.000000
  1 0.706543 1.870117 0.535645 0.303219 0.387469 0.870590 0.931183 -0.306366 2 6 0.300000 5 0.700000
  1 1.356387 1.862303 0.312787 0.303219 0.387469 0.870590 0.947510 -0.366974 1 6 1.000000
PelipperDh.png
  1 1.319766 1.583007 -0.084186 0.269716 0.941046 0.204170 0.914154 -0.430664 1 6 1.000000
  1 1.028320 1.522949 0.577637 0.269716 0.941046 0.204170 0.914154 -0.331360 2 6 0.300000 5 0.700000
  1 1.676211 1.424803 0.174115 0.269716 0.941046 0.204170 0.893890 -0.378662 1 6 1.000000
PelipperDh.png
  1 -1.123439 -13.668500 6.643114 0.100947 -0.962004 -0.253689 0.977783 -0.049316 1 19 1.000000
  1 -1.137110 -13.585980 6.324755 0.100947 -0.962004 -0.253689 0.970490 -0.048492 1 19 1.000000
  1 -0.902736 -13.585980 6.418016 0.100947 -0.962004 -0.253689 0.970490 -0.062439 1 19 1.000000
PelipperDh.png
  1 -1.123439 -13.668500 6.643114 0.249807 -0.962273 -0.107834 0.977783 -0.049316 1 19 1.000000
  1 -0.902736 -13.585980 6.418016 0.249807 -0.962273 -0.107834 0.970490 -0.062439 1 19 1.000000
  1 -0.805568 -13.585980 6.643114 0.249807 -0.962273 -0.107834 0.970490 -0.068207 1 19 1.000000
PelipperDh.png
  1 -1.123439 -13.668500 6.643114 0.249807 -0.962273 0.107834 0.977783 -0.049316 1 19 1.000000
  1 -0.805568 -13.585980 6.643114 0.249807 -0.962273 0.107834 0.970490 -0.068207 1 19 1.000000
  1 -0.902736 -13.585980 6.868212 0.249807 -0.962273 0.107834 0.970490 -0.062439 1 19 1.000000
PelipperDh.png
  1 0.661229 11.375535 6.222709 -0.924769 -0.020755 -0.379963 0.856171 -0.164246 1 16 1.000000
  1 0.487793 11.407715 6.643066 -0.924769 -0.020755 -0.379963 0.856171 -0.155121 2 15 0.100000 16 0.900000
  1 0.619236 12.871140 6.243217 -0.924769 -0.020755 -0.379963 0.931274 -0.164795 1 16 1.000000
PelipperDh.png
  1 0.619236 12.871140 6.243217 -0.924972 -0.020603 -0.379476 0.931274 -0.164795 1 16 1.000000
  1 0.487793 11.407715 6.643066 -0.924972 -0.020603 -0.379476 0.856171 -0.155121 2 15 0.100000 16 0.900000
  1 0.455174 12.871140 6.643119 -0.924972 -0.020603 -0.379476 0.931274 -0.155121 1 16 1.000000
PelipperDh.png
  1 -1.123439 -13.668500 6.643114 0.100947 -0.962004 0.253689 0.977783 -0.049316 1 19 1.000000
  1 -0.902736 -13.585980 6.868212 0.100947 -0.962004 0.253689 0.970490 -0.062439 1 19 1.000000
  1 -1.137111 -13.585980 6.961473 0.100947 -0.962004 0.253689 0.970490 -0.048492 1 19 1.000000
PelipperDh.png
  1 -0.100001 -13.604535 6.329149 -0.107078 -0.957056 -0.269404 0.970490 -0.119354 1 19 1.000000
  1 -0.100001 -13.692914 6.643114 -0.107078 -0.957056 -0.269404 0.977783 -0.119354 1 19 1.000000
  1 -0.330958 -13.604535 6.420946 -0.107078 -0.957056 -0.269404 0.970490 -0.105438 1 19 1.000000
PelipperDh.png
  1 -0.330958 -13.604535 6.420946 -0.259526 -0.959243 -0.111796 0.970490 -0.105438 1 19 1.000000
  1 -0.100001 -13.692914 6.643114 -0.259526 -0.959243 -0.111796 0.977783 -0.119354 1 19 1.000000
  1 -0.426661 -13.604535 6.643114 -0.259526 -0.959243 -0.111796 0.970490 -0.099670 1 19 1.000000
PelipperDh.png
  1 -0.426661 -13.604535 6.643114 -0.259526 -0.959243 0.111796 0.970490 -0.099670 1 19 1.000000
  1 -0.100001 -13.692914 6.643114 -0.259526 -0.959243 0.111796 0.977783 -0.119354 1 19 1.000000
  1 -0.330958 -13.604535 6.865282 -0.259526 -0.959243 0.111796 0.970490 -0.105438 1 19 1.000000
PelipperDh.png
  1 -0.330958 -13.604535 6.865282 -0.107488 -0.957122 0.269005 0.970490 -0.105438 1 19 1.000000
  1 -0.100001 -13.692914 6.643114 -0.107488 -0.957122 0.269005 0.977783 -0.119354 1 19 1.000000
  1 -0.100001 -13.604535 6.957567 -0.107488 -0.957122 0.269005 0.970490 -0.119354 1 19 1.000000
PelipperDh.png
  1 -0.100001 -13.692914 6.643114 0.106855 -0.957079 -0.269411 0.977783 -0.119354 1 19 1.000000
  1 -0.100001 -13.604535 6.329149 0.106855 -0.957079 -0.269411 0.970490 -0.119354 1 19 1.000000
  1 0.131444 -13.604535 6.420946 0.106855 -0.957079 -0.269411 0.970490 -0.133301 1 19 1.000000
PelipperDh.png
  1 -0.100001 -13.692914 6.643114 0.259170 -0.959358 -0.111642 0.977783 -0.119354 1 19 1.000000
  1 0.131444 -13.604535 6.420946 0.259170 -0.959358 -0.111642 0.970490 -0.133301 1 19 1.000000
  1 0.227147 -13.604535 6.643114 0.259170 -0.959358 -0.111642 0.970490 -0.139069 1 19 1.000000
PelipperDh.png
  1 -0.100001 -13.692914 6.643114 0.259170 -0.959358 0.111642 0.977783 -0.119354 1 19 1.000000
  1 0.227147 -13.604535 6.643114 0.259170 -0.959358 0.111642 0.970490 -0.139069 1 19 1.000000
  1 0.131444 -13.604535 6.865282 0.259170 -0.959358 0.111642 0.970490 -0.133301 1 19 1.000000
PelipperDh.png
  1 -0.100001 -13.692914 6.643114 0.107264 -0.957145 0.269011 0.977783 -0.119354 1 19 1.000000
  1 0.131444 -13.604535 6.865282 0.107264 -0.957145 0.269011 0.970490 -0.133301 1 19 1.000000
  1 -0.100001 -13.604535 6.957567 0.107264 -0.957145 0.269011 0.970490 -0.119354 1 19 1.000000
PelipperDh.png
  1 -1.468165 -13.585980 6.643114 -0.231645 -0.967699 0.099492 0.970490 -0.028809 1 19 1.000000
  1 -1.123439 -13.668500 6.643114 -0.231645 -0.967699 0.099492 0.977783 -0.049316 1 19 1.000000
  1 -1.371486 -13.585980 6.868212 -0.231645 -0.967699 0.099492 0.970490 -0.034576 1 19 1.000000
PelipperDh.png
  1 0.937596 -13.585492 6.327684 -0.099880 -0.962677 -0.251550 0.970490 -0.188904 1 19 1.000000
  1 0.924413 -13.666547 6.643114 -0.099880 -0.962677 -0.251550 0.977783 -0.188110 1 19 1.000000
  1 0.705175 -13.585492 6.419970 -0.099880 -0.962677 -0.251550 0.970490 -0.174957 1 19 1.000000
PelipperDh.png
  1 0.705175 -13.585492 6.419970 -0.247460 -0.963008 -0.106673 0.970490 -0.174957 1 19 1.000000
  1 0.924413 -13.666547 6.643114 -0.247460 -0.963008 -0.106673 0.977783 -0.188110 1 19 1.000000
  1 0.608983 -13.585492 6.643114 -0.247460 -0.963008 -0.106673 0.970490 -0.169189 1 19 1.000000
PelipperDh.png
  1 0.608983 -13.585492 6.643114 -0.247460 -0.963008 0.106673 0.970490 -0.169189 1 19 1.000000
  1 0.924413 -13.666547 6.643114 -0.247460 -0.963008 0.106673 0.977783 -0.188110 1 19 1.000000
  1 0.705175 -13.585492 6.866259 -0.247460 -0.963008 0.106673 0.970490 -0.174957 1 19 1.000000
PelipperDh.png
  1 0.705175 -13.585492 6.866259 -0.100265 -0.962731 0.251191 0.970490 -0.174957 1 19 1.000000
  1 0.924413 -13.666547 6.643114 -0.100265 -0.962731 0.251191 0.977783 -0.188110 1 19 1.000000
  1 0.937596 -13.585492 6.959032 -0.100265 -0.962731 0.251191 0.970490 -0.188904 1 19 1.000000
PelipperDh.png
  1 0.924413 -13.666547 6.643114 0.096847 -0.964950 -0.243911 0.977783 -0.188110 1 19 1.000000
  1 0.937596 -13.585492 6.327684 0.096847 -0.964950 -0.243911 0.970490 -0.188904 1 19 1.000000
  1 1.170018 -13.585492 6.419970 0.096847 -0.964950 -0.243911 0.970490 -0.202820 1 19 1.000000
PelipperDh.png
  1 -0.523467 1.777343 -0.084511 -0.150556 0.000000 -0.988602 0.932587 -0.502716 1 5 1.000000
  1 -1.108725 0.763671 0.004619 -0.150556 0.000000 -0.988602 0.820648 -0.540680 1 5 1.000000
  1 -1.108725 1.631346 0.004619 -0.150556 0.000000 -0.988602 0.916473 -0.540680 1 5 1.000000
PelipperDh.png
  1 -0.523467 0.617675 -0.084511 -0.150556 0.000000 -0.988602 0.804535 -0.502716 1 5 1.000000
  1 -1.108725 0.763671 0.004619 -0.150556 0.000000 -0.988602 0.820648 -0.540680 1 5 1.000000
  1 -0.523467 1.777343 -0.084511 -0.150556 0.000000 -0.988602 0.932587 -0.502716 1 5 1.000000
PelipperDh.png
  1 -0.883416 0.928710 0.679403 -0.068909 0.000000 0.997623 0.836945 -0.242096 1 5 1.000000
  1 -0.212048 1.558593 0.725777 -0.068909 0.000000 0.997623 0.896301 -0.296631 1 5 1.000000
  1 -0.883416 1.466307 0.679403 -0.068909 0.000000 0.997623 0.899384 -0.242096 1 5 1.000000
PelipperDh.png
  1 -0.212048 0.836425 0.725777 -0.068909 0.000000 0.997623 0.840027 -0.296631 1 5 1.000000
  1 -0.212048 1.558593 0.725777 -0.068909 0.000000 0.997623 0.896301 -0.296631 1 5 1.000000
  1 -0.883416 0.928710 0.679403 -0.068909 0.000000 0.997623 0.836945 -0.242096 1 5 1.000000
PelipperDh.png
  1 -0.523467 0.617675 -0.084511 -0.100348 -0.496306 -0.862329 0.804535 -0.502716 1 5 1.000000
  1 0.527832 0.254883 0.001953 -0.100348 -0.496306 -0.862329 0.743103 -0.448669 2 6 0.300000 5 0.700000
  1 -0.465236 0.424315 0.019999 -0.100348 -0.496306 -0.862329 0.783173 -0.498962 1 5 1.000000
PelipperDh.png
  1 0.527832 0.625488 -0.105957 -0.017506 -0.279520 -0.959980 0.798126 -0.457367 2 6 0.300000 5 0.700000
  1 0.527832 0.254883 0.001953 -0.017506 -0.279520 -0.959980 0.743103 -0.448669 2 6 0.300000 5 0.700000
  1 -0.523467 0.617675 -0.084511 -0.017506 -0.279520 -0.959980 0.804535 -0.502716 1 5 1.000000
PelipperDh.png
  1 -0.523467 1.777343 -0.084511 -0.020396 0.000000 -0.999792 0.932587 -0.502716 1 5 1.000000
  1 0.527832 0.625488 -0.105957 -0.020396 0.000000 -0.999792 0.798126 -0.457367 2 6 0.300000 5 0.700000
  1 -0.523467 0.617675 -0.084511 -0.020396 0.000000 -0.999792 0.804535 -0.502716 1 5 1.000000
PelipperDh.png
  1 0.527832 1.769531 -0.105957 -0.020396 0.000000 -0.999792 0.938599 -0.457367 2 6 0.300000 5 0.700000
  1 0.527832 0.625488 -0.105957 -0.020396 0.000000 -0.999792 0.798126 -0.457367 2 6 0.300000 5 0.700000
  1 -0.523467 1.777343 -0.084511 -0.020396 0.000000 -0.999792 0.932587 -0.502716 1 5 1.000000
PelipperDh.png
  1 -0.860840 11.407715 6.222656 0.390165 0.001715 -0.920743 0.856171 -0.072815 2 15 0.100000 16 0.900000
  1 -1.209377 12.871140 6.077690 0.390165 0.001715 -0.920743 0.931274 -0.050079 1 16 1.000000
  1 -0.818752 12.871140 6.243217 0.390165 0.001715 -0.920743 0.931274 -0.072815 1 16 1.000000
PelipperDh.png
  1 -0.465236 1.970702 0.019999 -0.014350 0.478779 -0.877818 0.953949 -0.498962 1 5 1.000000
  1 0.527832 1.769531 -0.105957 -0.014350 0.478779 -0.877818 0.938599 -0.457367 2 6 0.300000 5 0.700000
  1 -0.523467 1.777343 -0.084511 -0.014350 0.478779 -0.877818 0.932587 -0.502716 1 5 1.000000
PelipperDh.png
  1 -0.687012 11.407715 6.643066 0.924976 -0.020416 -0.379477 0.856171 -0.083313 2 15 0.100000 16 0.900000
  1 -0.818752 12.871140 6.243217 0.924976 -0.020416 -0.379477 0.931274 -0.072815 1 16 1.000000
  1 -0.654689 12.871140 6.643119 0.924976 -0.020416 -0.379477 0.931274 -0.083313 1 16 1.000000
PelipperDh.png
  1 0.527832 2.140137 0.001953 -0.065008 0.278971 -0.958097 0.993195 -0.448669 2 6 0.300000 5 0.700000
  1 0.527832 1.769531 -0.105957 -0.065008 0.278971 -0.958097 0.938599 -0.457367 2 6 0.300000 5 0.700000
  1 -0.465236 1.970702 0.019999 -0.065008 0.278971 -0.958097 0.953949 -0.498962 1 5 1.000000
PelipperDh.png
  1 -0.860840 11.407715 7.063477 0.924959 -0.021298 0.379470 0.856171 -0.072815 2 15 0.100000 16 0.900000
  1 -0.654689 12.871140 6.643119 0.924959 -0.021298 0.379470 0.931274 -0.083313 1 16 1.000000
  1 -0.818752 12.871140 7.043022 0.924959 -0.021298 0.379470 0.931274 -0.072815 1 16 1.000000
PelipperDh.png
  1 1.319766 1.583007 -0.084186 -0.000000 0.000000 -1.000000 0.914154 -0.430664 1 6 1.000000
  1 1.890567 0.980468 -0.084186 -0.000000 0.000000 -1.000000 0.850830 -0.408539 1 6 1.000000
  1 1.319766 0.812011 -0.084186 -0.000000 0.000000 -1.000000 0.822174 -0.430664 1 6 1.000000
PelipperDh.png
  1 -1.274414 11.407715 7.237793 0.390165 0.001060 0.920744 0.856171 -0.050079 2 15 0.100000 16 0.900000
  1 -0.818752 12.871140 7.043022 0.390165 0.001060 0.920744 0.931274 -0.072815 1 16 1.000000
  1 -1.209377 12.871140 7.208549 0.390165 0.001060 0.920744 0.931274 -0.050079 1 16 1.000000
PelipperDh.png
  1 -1.688477 11.407715 7.063477 -0.387752 0.036316 0.921048 0.856171 -0.025665 2 15 0.100000 16 0.900000
  1 -1.274414 11.407715 7.237793 -0.387752 0.036316 0.921048 0.856171 -0.050079 2 15 0.100000 16 0.900000
  1 -1.600002 12.871140 7.043022 -0.387752 0.036316 0.921048 0.931274 -0.027039 1 16 1.000000
PelipperDh.png
  1 -1.600002 12.871140 7.043022 -0.389917 0.035716 0.920157 0.931274 -0.027039 1 16 1.000000
  1 -1.274414 11.407715 7.237793 -0.389917 0.035716 0.920157 0.856171 -0.050079 2 15 0.100000 16 0.900000
  1 -1.209377 12.871140 7.208549 -0.389917 0.035716 0.920157 0.931274 -0.050079 1 16 1.000000
PelipperDh.png
  1 -1.859863 11.407715 6.643066 -0.924243 0.061723 0.376782 0.856171 -0.015564 2 15 0.100000 16 0.900000
  1 -1.688477 11.407715 7.063477 -0.924243 0.061723 0.376782 0.856171 -0.025665 2 15 0.100000 16 0.900000
  1 -1.762111 12.871140 6.643119 -0.924243 0.061723 0.376782 0.931274 -0.017487 1 16 1.000000
PelipperDh.png
  1 -1.762111 12.871140 6.643119 -0.925015 0.061165 0.374975 0.931274 -0.017487 1 16 1.000000
  1 -1.688477 11.407715 7.063477 -0.925015 0.061165 0.374975 0.856171 -0.025665 2 15 0.100000 16 0.900000
  1 -1.600002 12.871140 7.043022 -0.925015 0.061165 0.374975 0.931274 -0.027039 1 16 1.000000
PelipperDh.png
  1 -1.688477 11.407715 6.222656 -0.924275 0.061173 -0.376795 0.856171 -0.025665 2 15 0.100000 16 0.900000
  1 -1.859863 11.407715 6.643066 -0.924275 0.061173 -0.376795 0.856171 -0.015564 2 15 0.100000 16 0.900000
  1 -1.600002 12.871140 6.243217 -0.924275 0.061173 -0.376795 0.931274 -0.027039 1 16 1.000000
PelipperDh.png
  1 -1.600002 12.871140 6.243217 -0.924979 0.061799 -0.374961 0.931274 -0.027039 1 16 1.000000
  1 -1.859863 11.407715 6.643066 -0.924979 0.061799 -0.374961 0.856171 -0.015564 2 15 0.100000 16 0.900000
  1 -1.762111 12.871140 6.643119 -0.924979 0.061799 -0.374961 0.931274 -0.017487 1 16 1.000000
PelipperDh.png
  1 -1.274414 11.407715 6.048340 -0.387761 0.035705 -0.921068 0.856171 -0.050079 2 15 0.100000 16 0.900000
  1 -1.688477 11.407715 6.222656 -0.387761 0.035705 -0.921068 0.856171 -0.025665 2 15 0.100000 16 0.900000
  1 -1.209377 12.871140 6.077690 -0.387761 0.035705 -0.921068 0.931274 -0.050079 1 16 1.000000
PelipperDh.png
  1 -1.209377 12.871140 6.077690 -0.389906 0.036500 -0.920131 0.931274 -0.050079 1 16 1.000000
  1 -1.688477 11.407715 6.222656 -0.389906 0.036500 -0.920131 0.856171 -0.025665 2 15 0.100000 16 0.900000
  1 -1.600002 12.871140 6.243217 -0.389906 0.036500 -0.920131 0.931274 -0.027039 1 16 1.000000
PelipperDh.png
  1 1.890567 1.414550 -0.084186 -0.000000 0.000000 -1.000000 0.885498 -0.408539 1 6 1.000000
  1 1.890567 0.980468 -0.084186 -0.000000 0.000000 -1.000000 0.850830 -0.408539 1 6 1.000000
  1 1.319766 1.583007 -0.084186 -0.000000 0.000000 -1.000000 0.914154 -0.430664 1 6 1.000000
PelipperDh.png
  1 1.488770 11.407715 6.222656 0.389906 0.036449 -0.920133 0.856171 -0.213074 2 15 0.100000 16 0.900000
  1 1.009861 12.871140 6.077690 0.389906 0.036449 -0.920133 0.931274 -0.187836 1 16 1.000000
  1 1.400486 12.871140 6.243217 0.389906 0.036449 -0.920133 0.931274 -0.210876 1 16 1.000000
PelipperDh.png
  1 1.319766 0.812011 -0.084186 0.027481 0.000000 -0.999622 0.822174 -0.430664 1 6 1.000000
  1 0.527832 0.625488 -0.105957 0.027481 0.000000 -0.999622 0.798126 -0.457367 2 6 0.300000 5 0.700000
  1 1.319766 1.583007 -0.084186 0.027481 0.000000 -0.999622 0.914154 -0.430664 1 6 1.000000
PelipperDh.png
  1 1.660156 11.407715 6.643066 0.925359 0.062012 -0.373985 0.856171 -0.223175 2 15 0.100000 16 0.900000
  1 1.400486 12.871140 6.243217 0.925359 0.062012 -0.373985 0.931274 -0.210876 1 16 1.000000
  1 1.562107 12.871140 6.643119 0.925359 0.062012 -0.373985 0.931274 -0.220428 1 16 1.000000
PelipperDh.png
  1 1.271915 2.115233 -0.043170 0.043006 0.985291 0.165383 0.981567 -0.426697 1 6 1.000000
  1 0.527832 2.140137 0.001953 0.043006 0.985291 0.165383 0.993195 -0.448669 2 6 0.300000 5 0.700000
  1 1.282657 2.065917 0.247846 0.043006 0.985291 0.165383 0.975433 -0.379456 1 6 1.000000
PelipperDh.png
  1 1.488770 11.407715 7.063477 0.925414 0.061055 0.374007 0.856171 -0.213074 2 15 0.100000 16 0.900000
  1 1.562107 12.871140 6.643119 0.925414 0.061055 0.374007 0.931274 -0.220428 1 16 1.000000
  1 1.400486 12.871140 7.043022 0.925414 0.061055 0.374007 0.931274 -0.210876 1 16 1.000000
PelipperDh.png
  1 0.661229 -11.375531 6.222704 -0.390165 -0.001671 -0.920744 0.856171 -0.164246 1 19 1.000000
  1 1.009862 -12.871137 6.077684 -0.390165 -0.001671 -0.920744 0.931274 -0.187836 1 19 1.000000
  1 0.619237 -12.871137 6.243212 -0.390165 -0.001671 -0.920744 0.931274 -0.164795 1 19 1.000000
PelipperDh.png
  1 1.075195 11.407715 7.237793 0.389916 0.035795 0.920155 0.856171 -0.188660 2 15 0.100000 16 0.900000
  1 1.400486 12.871140 7.043022 0.389916 0.035795 0.920155 0.931274 -0.210876 1 16 1.000000
  1 1.009861 12.871140 7.208549 0.389916 0.035795 0.920155 0.931274 -0.187836 1 16 1.000000
PelipperDh.png
  1 0.661133 11.407715 7.063477 -0.388008 0.001774 0.921654 0.856171 -0.164246 2 15 0.100000 16 0.900000
  1 1.075195 11.407715 7.237793 -0.388008 0.001774 0.921654 0.856171 -0.188660 2 15 0.100000 16 0.900000
  1 0.619236 12.871140 7.043022 -0.388008 0.001774 0.921654 0.931274 -0.164795 1 16 1.000000
PelipperDh.png
  1 0.619236 12.871140 7.043022 -0.390165 0.000981 0.920744 0.931274 -0.164795 1 16 1.000000
  1 1.075195 11.407715 7.237793 -0.390165 0.000981 0.920744 0.856171 -0.188660 2 15 0.100000 16 0.900000
  1 1.009861 12.871140 7.208549 -0.390165 0.000981 0.920744 0.931274 -0.187836 1 16 1.000000
PelipperDh.png
  1 0.487793 11.407715 6.643066 -0.924304 -0.020616 0.381101 0.856171 -0.155121 2 15 0.100000 16 0.900000
  1 0.661133 11.407715 7.063477 -0.924304 -0.020616 0.381101 0.856171 -0.164246 2 15 0.100000 16 0.900000
  1 0.455174 12.871140 6.643119 -0.924304 -0.020616 0.381101 0.931274 -0.155121 1 16 1.000000
PelipperDh.png
  1 0.455174 12.871140 6.643119 -0.924961 -0.021177 0.379471 0.931274 -0.155121 1 16 1.000000
  1 0.661133 11.407715 7.063477 -0.924961 -0.021177 0.379471 0.856171 -0.164246 2 15 0.100000 16 0.900000
  1 0.619236 12.871140 7.043022 -0.924961 -0.021177 0.379471 0.931274 -0.164795 1 16 1.000000
PelipperDh.png
  1 1.075195 -11.407715 6.048340 -0.388251 -0.001146 -0.921553 0.856171 -0.188660 2 18 0.100000 19 0.900000
  1 1.009862 -12.871137 6.077684 -0.388251 -0.001146 -0.921553 0.931274 -0.187836 1 19 1.000000
  1 0.661229 -11.375531 6.222704 -0.388251 -0.001146 -0.921553 0.856171 -0.164246 1 19 1.000000
PelipperDh.png
  1 0.487793 -11.407715 6.643066 -0.924972 0.020604 -0.379476 0.856171 -0.155121 2 18 0.100000 19 0.900000
  1 0.619237 -12.871137 6.243212 -0.924972 0.020604 -0.379476 0.931274 -0.164795 1 19 1.000000
  1 0.455175 -12.871137 6.643114 -0.924972 0.020604 -0.379476 0.931274 -0.155121 1 19 1.000000
PelipperDh.png
  1 1.075195 11.407715 6.048340 -0.388260 0.001148 -0.921549 0.856171 -0.188660 2 15 0.100000 16 0.900000
  1 0.661229 11.375535 6.222709 -0.388260 0.001148 -0.921549 0.856171 -0.164246 1 16 1.000000
  1 1.009861 12.871140 6.077690 -0.388260 0.001148 -0.921549 0.931274 -0.187836 1 16 1.000000
PelipperDh.png
  1 1.009861 12.871140 6.077690 -0.390165 0.001671 -0.920743 0.931274 -0.187836 1 16 1.000000
  1 0.661229 11.375535 6.222709 -0.390165 0.001671 -0.920743 0.856171 -0.164246 1 16 1.000000
  1 0.619236 12.871140 6.243217 -0.390165 0.001671 -0.920743 0.931274 -0.164795 1 16 1.000000
PelipperDh.png
  1 0.661133 -11.407715 7.063477 -0.924961 0.021175 0.379471 0.856171 -0.164246 2 18 0.100000 19 0.900000
  1 0.455175 -12.871137 6.643114 -0.924961 0.021175 0.379471 0.931274 -0.155121 1 19 1.000000
  1 0.619237 -12.871137 7.043016 -0.924961 0.021175 0.379471 0.931274 -0.164795 1 19 1.000000
PelipperDh.png
  1 0.313965 11.407715 6.222656 0.389682 0.019022 -0.920753 0.856171 -0.143768 2 15 0.100000 16 0.900000
  1 -0.100002 12.871140 6.077690 0.389682 0.019022 -0.920753 0.931274 -0.119354 1 16 1.000000
  1 0.291111 12.871140 6.243217 0.389682 0.019022 -0.920753 0.931274 -0.142426 1 16 1.000000
PelipperDh.png
  1 1.075195 -11.407715 7.237793 -0.390165 -0.000984 0.920744 0.856171 -0.188660 2 18 0.100000 19 0.900000
  1 0.619237 -12.871137 7.043016 -0.390165 -0.000984 0.920744 0.931274 -0.164795 1 19 1.000000
  1 1.009862 -12.871137 7.208544 -0.390165 -0.000984 0.920744 0.931274 -0.187836 1 19 1.000000
PelipperDh.png
  1 0.487793 11.407715 6.643066 0.924972 0.020631 -0.379476 0.856171 -0.155121 2 15 0.100000 16 0.900000
  1 0.291111 12.871140 6.243217 0.924972 0.020631 -0.379476 0.931274 -0.142426 1 16 1.000000
  1 0.455174 12.871140 6.643119 0.924972 0.020631 -0.379476 0.931274 -0.155121 1 16 1.000000
PelipperDh.png
  1 1.400487 -12.871137 7.043016 0.389916 -0.035798 0.920155 0.931274 -0.210876 1 19 1.000000
  1 1.075195 -11.407715 7.237793 0.389916 -0.035798 0.920155 0.856171 -0.188660 2 18 0.100000 19 0.900000
  1 1.009862 -12.871137 7.208544 0.389916 -0.035798 0.920155 0.931274 -0.187836 1 19 1.000000
PelipperDh.png
  1 0.313965 11.407715 7.063477 0.924988 0.019749 0.379482 0.856171 -0.143768 2 15 0.100000 16 0.900000
  1 0.455174 12.871140 6.643119 0.924988 0.019749 0.379482 0.931274 -0.155121 1 16 1.000000
  1 0.291111 12.871140 7.043022 0.924988 0.019749 0.379482 0.931274 -0.142426 1 16 1.000000
PelipperDh.png
  1 1.488770 -11.407715 7.063477 0.388142 -0.036290 0.920885 0.856171 -0.213074 2 18 0.100000 19 0.900000
  1 1.075195 -11.407715 7.237793 0.388142 -0.036290 0.920885 0.856171 -0.188660 2 18 0.100000 19 0.900000
  1 1.400487 -12.871137 7.043016 0.388142 -0.036290 0.920885 0.931274 -0.210876 1 19 1.000000
PelipperDh.png
  1 -0.099609 11.407715 7.237793 0.389686 0.018504 0.920762 0.856171 -0.119354 2 15 0.100000 16 0.900000
  1 0.291111 12.871140 7.043022 0.389686 0.018504 0.920762 0.931274 -0.142426 1 16 1.000000
  1 -0.100002 12.871140 7.208549 0.389686 0.018504 0.920762 0.931274 -0.119354 1 16 1.000000
PelipperDh.png
  1 -0.513672 11.407715 7.063477 -0.387938 0.018989 0.921490 0.856171 -0.094971 2 15 0.100000 16 0.900000
  1 -0.099609 11.407715 7.237793 -0.387938 0.018989 0.921490 0.856171 -0.119354 2 15 0.100000 16 0.900000
  1 -0.490627 12.871140 7.043022 -0.387938 0.018989 0.921490 0.931274 -0.096313 1 16 1.000000
PelipperDh.png
  1 -0.490627 12.871140 7.043022 -0.390100 0.018292 0.920591 0.931274 -0.096313 1 16 1.000000
  1 -0.099609 11.407715 7.237793 -0.390100 0.018292 0.920591 0.856171 -0.119354 2 15 0.100000 16 0.900000
  1 -0.100002 12.871140 7.208549 -0.390100 0.018292 0.920591 0.931274 -0.119354 1 16 1.000000
PelipperDh.png
  1 -0.687012 11.407715 6.643066 -0.924308 0.020401 0.381102 0.856171 -0.083313 2 15 0.100000 16 0.900000
  1 -0.513672 11.407715 7.063477 -0.924308 0.020401 0.381102 0.856171 -0.094971 2 15 0.100000 16 0.900000
  1 -0.654689 12.871140 6.643119 -0.924308 0.020401 0.381102 0.931274 -0.083313 1 16 1.000000
PelipperDh.png
  1 -0.654689 12.871140 6.643119 -0.924986 0.019870 0.379481 0.931274 -0.083313 1 16 1.000000
  1 -0.513672 11.407715 7.063477 -0.924986 0.019870 0.379481 0.856171 -0.094971 2 15 0.100000 16 0.900000
  1 -0.490627 12.871140 7.043022 -0.924986 0.019870 0.379481 0.931274 -0.096313 1 16 1.000000
PelipperDh.png
  1 -0.513672 11.407715 6.222656 -0.924317 0.019910 -0.381106 0.856171 -0.094971 2 15 0.100000 16 0.900000
  1 -0.687012 11.407715 6.643066 -0.924317 0.019910 -0.381106 0.856171 -0.083313 2 15 0.100000 16 0.900000
  1 -0.490627 12.871140 6.243217 -0.924317 0.019910 -0.381106 0.931274 -0.096313 1 16 1.000000
PelipperDh.png
  1 -0.490627 12.871140 6.243217 -0.924975 0.020443 -0.379477 0.931274 -0.096313 1 16 1.000000
  1 -0.687012 11.407715 6.643066 -0.924975 0.020443 -0.379477 0.856171 -0.083313 2 15 0.100000 16 0.900000
  1 -0.654689 12.871140 6.643119 -0.924975 0.020443 -0.379477 0.931274 -0.083313 1 16 1.000000
PelipperDh.png
  1 -0.099609 11.407715 6.048340 -0.387943 0.018377 -0.921500 0.856171 -0.119354 2 15 0.100000 16 0.900000
  1 -0.513672 11.407715 6.222656 -0.387943 0.018377 -0.921500 0.856171 -0.094971 2 15 0.100000 16 0.900000
  1 -0.100002 12.871140 6.077690 -0.387943 0.018377 -0.921500 0.931274 -0.119354 1 16 1.000000
PelipperDh.png
  1 -0.100002 12.871140 6.077690 -0.390095 0.019077 -0.920577 0.931274 -0.119354 1 16 1.000000
  1 -0.513672 11.407715 6.222656 -0.390095 0.019077 -0.920577 0.856171 -0.094971 2 15 0.100000 16 0.900000
  1 -0.490627 12.871140 6.243217 -0.390095 0.019077 -0.920577 0.931274 -0.096313 1 16 1.000000
PelipperDh.png
  1 -0.801662 13.301805 6.995170 0.369090 0.088154 0.925203 0.954559 -0.068451 1 16 1.000000
  1 -1.166408 13.301805 7.140678 0.369090 0.088154 0.925203 0.954559 -0.046753 1 16 1.000000
  1 -0.818752 12.871140 7.043022 0.369090 0.088154 0.925203 0.931274 -0.072815 1 16 1.000000
PelipperDh.png
  1 -0.818752 12.871140 7.043022 0.387985 0.105584 0.915598 0.931274 -0.072815 1 16 1.000000
  1 -1.166408 13.301805 7.140678 0.387985 0.105584 0.915598 0.954559 -0.046753 1 16 1.000000
  1 -1.209377 12.871140 7.208549 0.387985 0.105584 0.915598 0.931274 -0.050079 1 16 1.000000
PelipperDh.png
  1 -0.650783 13.301805 6.643119 0.919113 -0.008337 0.393906 0.954559 -0.077423 1 16 1.000000
  1 -0.801662 13.301805 6.995170 0.919113 -0.008337 0.393906 0.954559 -0.068451 1 16 1.000000
  1 -0.654689 12.871140 6.643119 0.919113 -0.008337 0.393906 0.931274 -0.083313 1 16 1.000000
PelipperDh.png
  1 -0.654689 12.871140 6.643119 0.925155 0.005460 0.379551 0.931274 -0.083313 1 16 1.000000
  1 -0.801662 13.301805 6.995170 0.925155 0.005460 0.379551 0.954559 -0.068451 1 16 1.000000
  1 -0.818752 12.871140 7.043022 0.925155 0.005460 0.379551 0.931274 -0.072815 1 16 1.000000
PelipperDh.png
  1 -0.801662 13.301805 6.291069 0.919121 0.007295 -0.393909 0.954559 -0.068451 1 16 1.000000
  1 -0.650783 13.301805 6.643119 0.919121 0.007295 -0.393909 0.954559 -0.077423 1 16 1.000000
  1 -0.818752 12.871140 6.243217 0.919121 0.007295 -0.393909 0.931274 -0.072815 1 16 1.000000
PelipperDh.png
  1 -0.818752 12.871140 6.243217 0.925136 -0.008391 -0.379543 0.931274 -0.072815 1 16 1.000000
  1 -0.650783 13.301805 6.643119 0.925136 -0.008391 -0.379543 0.954559 -0.077423 1 16 1.000000
  1 -0.654689 12.871140 6.643119 0.925136 -0.008391 -0.379543 0.931274 -0.083313 1 16 1.000000
PelipperDh.png
  1 -1.166408 13.301805 6.145561 0.368335 0.108760 -0.923310 0.954559 -0.046753 1 16 1.000000
  1 -0.801662 13.301805 6.291069 0.368335 0.108760 -0.923310 0.954559 -0.068451 1 16 1.000000
  1 -1.209377 12.871140 6.077690 0.368335 0.108760 -0.923310 0.931274 -0.050079 1 16 1.000000
PelipperDh.png
  1 -1.209377 12.871140 6.077690 0.388703 0.086497 -0.917294 0.931274 -0.050079 1 16 1.000000
  1 -0.801662 13.301805 6.291069 0.388703 0.086497 -0.917294 0.954559 -0.068451 1 16 1.000000
  1 -0.818752 12.871140 6.243217 0.388703 0.086497 -0.917294 0.931274 -0.072815 1 16 1.000000
PelipperDh.png
  1 -1.530666 13.301805 6.995170 -0.366135 0.160788 0.916566 0.954559 -0.025085 1 16 1.000000
  1 -1.600002 12.871140 7.043022 -0.366135 0.160788 0.916566 0.931274 -0.027039 1 16 1.000000
  1 -1.166408 13.301805 7.140678 -0.366135 0.160788 0.916566 0.954559 -0.046753 1 16 1.000000
PelipperDh.png
  1 -1.166408 13.301805 7.140678 -0.383722 0.180995 0.905538 0.954559 -0.046753 1 16 1.000000
  1 -1.600002 12.871140 7.043022 -0.383722 0.180995 0.905538 0.931274 -0.027039 1 16 1.000000
  1 -1.209377 12.871140 7.208549 -0.383722 0.180995 0.905538 0.931274 -0.050079 1 16 1.000000
PelipperDh.png
  1 -1.681545 13.301805 6.643119 -0.905851 0.169462 0.388222 0.954559 -0.016113 1 16 1.000000
  1 -1.762111 12.871140 6.643119 -0.905851 0.169462 0.388222 0.931274 -0.017487 1 16 1.000000
  1 -1.530666 13.301805 6.995170 -0.905851 0.169462 0.388222 0.954559 -0.025085 1 16 1.000000
PelipperDh.png
  1 -1.530666 13.301805 6.995170 -0.910303 0.187558 0.369012 0.954559 -0.025085 1 16 1.000000
  1 -1.762111 12.871140 6.643119 -0.910303 0.187558 0.369012 0.931274 -0.017487 1 16 1.000000
  1 -1.600002 12.871140 7.043022 -0.910303 0.187558 0.369012 0.931274 -0.027039 1 16 1.000000
PelipperDh.png
  1 -1.530666 13.301805 6.291069 -0.902700 0.188318 -0.386871 0.954559 -0.025085 1 16 1.000000
  1 -1.600002 12.871140 6.243217 -0.902700 0.188318 -0.386871 0.931274 -0.027039 1 16 1.000000
  1 -1.681545 13.301805 6.643119 -0.902700 0.188318 -0.386871 0.954559 -0.016113 1 16 1.000000
PelipperDh.png
  1 -1.681545 13.301805 6.643119 -0.913128 0.170823 -0.370157 0.954559 -0.016113 1 16 1.000000
  1 -1.600002 12.871140 6.243217 -0.913128 0.170823 -0.370157 0.931274 -0.027039 1 16 1.000000
  1 -1.762111 12.871140 6.643119 -0.913128 0.170823 -0.370157 0.931274 -0.017487 1 16 1.000000
PelipperDh.png
  1 -1.166408 13.301805 6.145561 -0.364878 0.180357 -0.913420 0.954559 -0.046753 1 16 1.000000
  1 -1.209377 12.871140 6.077690 -0.364878 0.180357 -0.913420 0.931274 -0.050079 1 16 1.000000
  1 -1.530666 13.301805 6.291069 -0.364878 0.180357 -0.913420 0.954559 -0.025085 1 16 1.000000
PelipperDh.png
  1 -1.530666 13.301805 6.291069 -0.384953 0.162915 -0.908444 0.954559 -0.025085 1 16 1.000000
  1 -1.209377 12.871140 6.077690 -0.384953 0.162915 -0.908444 0.931274 -0.050079 1 16 1.000000
  1 -1.600002 12.871140 6.243217 -0.384953 0.162915 -0.908444 0.931274 -0.027039 1 16 1.000000
PelipperDh.png
  1 -1.468166 13.585984 6.643119 -0.756305 0.567878 0.324834 0.970490 -0.028809 1 16 1.000000
  1 -1.681545 13.301805 6.643119 -0.756305 0.567878 0.324834 0.954559 -0.016113 1 16 1.000000
  1 -1.371486 13.585984 6.868217 -0.756305 0.567878 0.324834 0.970490 -0.034576 1 16 1.000000
PelipperDh.png
  1 -1.371486 13.585984 6.868217 -0.756238 0.568385 0.324102 0.970490 -0.034576 1 16 1.000000
  1 -1.681545 13.301805 6.643119 -0.756238 0.568385 0.324102 0.954559 -0.016113 1 16 1.000000
  1 -1.530666 13.301805 6.995170 -0.756238 0.568385 0.324102 0.954559 -0.025085 1 16 1.000000
PelipperDh.png
  1 -1.468166 13.585984 6.643119 -0.756305 0.567878 -0.324834 0.970490 -0.028809 1 16 1.000000
  1 -1.371486 13.585984 6.418022 -0.756305 0.567878 -0.324834 0.970490 -0.034576 1 16 1.000000
  1 -1.681545 13.301805 6.643119 -0.756305 0.567878 -0.324834 0.954559 -0.016113 1 16 1.000000
PelipperDh.png
  1 -1.681545 13.301805 6.643119 -0.756238 0.568385 -0.324102 0.954559 -0.016113 1 16 1.000000
  1 -1.371486 13.585984 6.418022 -0.756238 0.568385 -0.324102 0.970490 -0.034576 1 16 1.000000
  1 -1.530666 13.301805 6.291069 -0.756238 0.568385 -0.324102 0.954559 -0.025085 1 16 1.000000
PelipperDh.png
  1 -1.371486 13.585984 6.418022 -0.313921 0.528273 -0.788911 0.970490 -0.034576 1 16 1.000000
  1 -1.137111 13.585984 6.324760 -0.313921 0.528273 -0.788911 0.970490 -0.048492 1 16 1.000000
  1 -1.530666 13.301805 6.291069 -0.313921 0.528273 -0.788911 0.954559 -0.025085 1 16 1.000000
PelipperDh.png
  1 -1.530666 13.301805 6.291069 -0.314739 0.529288 -0.787905 0.954559 -0.025085 1 16 1.000000
  1 -1.137111 13.585984 6.324760 -0.314739 0.529288 -0.787905 0.970490 -0.048492 1 16 1.000000
  1 -1.166408 13.301805 6.145561 -0.314739 0.529288 -0.787905 0.954559 -0.046753 1 16 1.000000
PelipperDh.png
  1 -1.137111 13.585984 6.324760 0.324258 0.480428 -0.814890 0.970490 -0.048492 1 16 1.000000
  1 -0.902736 13.585984 6.418022 0.324258 0.480428 -0.814890 0.970490 -0.062439 1 16 1.000000
  1 -1.166408 13.301805 6.145561 0.324258 0.480428 -0.814890 0.954559 -0.046753 1 16 1.000000
PelipperDh.png
  1 -1.166408 13.301805 6.145561 0.325116 0.479710 -0.814971 0.954559 -0.046753 1 16 1.000000
  1 -0.902736 13.585984 6.418022 0.325116 0.479710 -0.814971 0.970490 -0.062439 1 16 1.000000
  1 -0.801662 13.301805 6.291069 0.325116 0.479710 -0.814971 0.954559 -0.068451 1 16 1.000000
PelipperDh.png
  1 -0.902736 13.585984 6.418022 0.820001 0.449781 -0.353970 0.970490 -0.062439 1 16 1.000000
  1 -0.805568 13.585984 6.643119 0.820001 0.449781 -0.353970 0.970490 -0.068207 1 16 1.000000
  1 -0.801662 13.301805 6.291069 0.820001 0.449781 -0.353970 0.954559 -0.068451 1 16 1.000000
PelipperDh.png
  1 -0.801662 13.301805 6.291069 0.821900 0.447667 -0.352243 0.954559 -0.068451 1 16 1.000000
  1 -0.805568 13.585984 6.643119 0.821900 0.447667 -0.352243 0.970490 -0.068207 1 16 1.000000
  1 -0.650783 13.301805 6.643119 0.821900 0.447667 -0.352243 0.954559 -0.077423 1 16 1.000000
PelipperDh.png
  1 -0.805568 13.585984 6.643119 0.821161 0.447265 0.354471 0.970490 -0.068207 1 16 1.000000
  1 -0.902736 13.585984 6.868217 0.821161 0.447265 0.354471 0.970490 -0.062439 1 16 1.000000
  1 -0.650783 13.301805 6.643119 0.821161 0.447265 0.354471 0.954559 -0.077423 1 16 1.000000
PelipperDh.png
  1 -0.650783 13.301805 6.643119 0.821157 0.449278 0.351924 0.954559 -0.077423 1 16 1.000000
  1 -0.902736 13.585984 6.868217 0.821157 0.449278 0.351924 0.970490 -0.062439 1 16 1.000000
  1 -0.801662 13.301805 6.995170 0.821157 0.449278 0.351924 0.954559 -0.068451 1 16 1.000000
PelipperDh.png
  1 -0.902736 13.585984 6.868217 0.324423 0.479613 0.815304 0.970490 -0.062439 1 16 1.000000
  1 -1.137111 13.585984 6.961479 0.324423 0.479613 0.815304 0.970490 -0.048492 1 16 1.000000
  1 -0.801662 13.301805 6.995170 0.324423 0.479613 0.815304 0.954559 -0.068451 1 16 1.000000
PelipperDh.png
  1 -0.801662 13.301805 6.995170 0.325009 0.480234 0.814705 0.954559 -0.068451 1 16 1.000000
  1 -1.137111 13.585984 6.961479 0.325009 0.480234 0.814705 0.970490 -0.048492 1 16 1.000000
  1 -1.166408 13.301805 7.140678 0.325009 0.480234 0.814705 0.954559 -0.046753 1 16 1.000000
PelipperDh.png
  1 -1.137111 13.585984 6.961479 -0.313661 0.529400 0.788259 0.970490 -0.048492 1 16 1.000000
  1 -1.371486 13.585984 6.868217 -0.313661 0.529400 0.788259 0.970490 -0.034576 1 16 1.000000
  1 -1.166408 13.301805 7.140678 -0.313661 0.529400 0.788259 0.954559 -0.046753 1 16 1.000000
PelipperDh.png
  1 -1.166408 13.301805 7.140678 -0.314907 0.528563 0.788324 0.954559 -0.046753 1 16 1.000000
  1 -1.371486 13.585984 6.868217 -0.314907 0.528563 0.788324 0.970490 -0.034576 1 16 1.000000
  1 -1.530666 13.301805 6.995170 -0.314907 0.528563 0.788324 0.954559 -0.025085 1 16 1.000000
PelipperDh.png
  1 1.328221 13.303758 6.992240 0.366076 0.168577 0.915189 0.954559 -0.212311 1 16 1.000000
  1 0.966893 13.303758 7.136772 0.366076 0.168577 0.915189 0.954559 -0.190643 1 16 1.000000
  1 1.400486 12.871140 7.043022 0.366076 0.168577 0.915189 0.931274 -0.210876 1 16 1.000000
PelipperDh.png
  1 1.400486 12.871140 7.043022 0.383201 0.188098 0.904310 0.931274 -0.210876 1 16 1.000000
  1 0.966893 13.303758 7.136772 0.383201 0.188098 0.904310 0.954559 -0.190643 1 16 1.000000
  1 1.009861 12.871140 7.208549 0.383201 0.188098 0.904310 0.931274 -0.187836 1 16 1.000000
PelipperDh.png
  1 1.477635 13.303758 6.643119 0.904881 0.176687 0.387264 0.954559 -0.221283 1 16 1.000000
  1 1.328221 13.303758 6.992240 0.904881 0.176687 0.387264 0.954559 -0.212311 1 16 1.000000
  1 1.562107 12.871140 6.643119 0.904881 0.176687 0.387264 0.931274 -0.220428 1 16 1.000000
PelipperDh.png
  1 1.562107 12.871140 6.643119 0.909338 0.195037 0.367510 0.931274 -0.220428 1 16 1.000000
  1 1.328221 13.303758 6.992240 0.909338 0.195037 0.367510 0.954559 -0.212311 1 16 1.000000
  1 1.400486 12.871140 7.043022 0.909338 0.195037 0.367510 0.931274 -0.210876 1 16 1.000000
PelipperDh.png
  1 1.328221 13.303758 6.293998 0.901534 0.195884 -0.385831 0.954559 -0.212311 1 16 1.000000
  1 1.477635 13.303758 6.643119 0.901534 0.195884 -0.385831 0.954559 -0.221283 1 16 1.000000
  1 1.400486 12.871140 6.243217 0.901534 0.195884 -0.385831 0.931274 -0.210876 1 16 1.000000
PelipperDh.png
  1 1.400486 12.871140 6.243217 0.912314 0.178138 -0.368713 0.931274 -0.210876 1 16 1.000000
  1 1.477635 13.303758 6.643119 0.912314 0.178138 -0.368713 0.954559 -0.221283 1 16 1.000000
  1 1.562107 12.871140 6.643119 0.912314 0.178138 -0.368713 0.931274 -0.220428 1 16 1.000000
PelipperDh.png
  1 0.966893 13.303758 6.149467 0.364801 0.187547 -0.912001 0.954559 -0.190643 1 16 1.000000
  1 1.328221 13.303758 6.293998 0.364801 0.187547 -0.912001 0.954559 -0.212311 1 16 1.000000
  1 1.009861 12.871140 6.077690 0.364801 0.187547 -0.912001 0.931274 -0.187836 1 16 1.000000
PelipperDh.png
  1 1.009861 12.871140 6.077690 0.384439 0.170710 -0.907230 0.931274 -0.187836 1 16 1.000000
  1 1.328221 13.303758 6.293998 0.384439 0.170710 -0.907230 0.954559 -0.212311 1 16 1.000000
  1 1.400486 12.871140 6.243217 0.384439 0.170710 -0.907230 0.931274 -0.210876 1 16 1.000000
PelipperDh.png
  1 0.605564 13.303758 6.992240 -0.369647 0.096792 0.924117 0.954559 -0.168976 1 16 1.000000
  1 0.619236 12.871140 7.043022 -0.369647 0.096792 0.924117 0.931274 -0.164795 1 16 1.000000
  1 0.966893 13.303758 7.136772 -0.369647 0.096792 0.924117 0.954559 -0.190643 1 16 1.000000
PelipperDh.png
  1 0.966893 13.303758 7.136772 -0.387654 0.113278 0.914818 0.954559 -0.190643 1 16 1.000000
  1 0.619236 12.871140 7.043022 -0.387654 0.113278 0.914818 0.931274 -0.164795 1 16 1.000000
  1 1.009861 12.871140 7.208549 -0.387654 0.113278 0.914818 0.931274 -0.187836 1 16 1.000000
PelipperDh.png
  1 0.455662 13.303758 6.643119 -0.918878 0.001037 0.394539 0.954559 -0.159973 1 16 1.000000
  1 0.455174 12.871140 6.643119 -0.918878 0.001037 0.394539 0.931274 -0.155121 1 16 1.000000
  1 0.605564 13.303758 6.992240 -0.918878 0.001037 0.394539 0.954559 -0.168976 1 16 1.000000
PelipperDh.png
  1 0.605564 13.303758 6.992240 -0.925060 0.015313 0.379512 0.954559 -0.168976 1 16 1.000000
  1 0.455174 12.871140 6.643119 -0.925060 0.015313 0.379512 0.931274 -0.155121 1 16 1.000000
  1 0.619236 12.871140 7.043022 -0.925060 0.015313 0.379512 0.931274 -0.164795 1 16 1.000000
PelipperDh.png
  1 0.605565 13.303758 6.293998 -0.918742 0.017270 -0.394481 0.954559 -0.168976 1 16 1.000000
  1 0.619236 12.871140 6.243217 -0.918742 0.017270 -0.394481 0.931274 -0.164795 1 16 1.000000
  1 0.455662 13.303758 6.643119 -0.918742 0.017270 -0.394481 0.954559 -0.159973 1 16 1.000000
PelipperDh.png
  1 0.455662 13.303758 6.643119 -0.925168 0.001044 -0.379556 0.954559 -0.159973 1 16 1.000000
  1 0.619236 12.871140 6.243217 -0.925168 0.001044 -0.379556 0.931274 -0.164795 1 16 1.000000
  1 0.455174 12.871140 6.643119 -0.925168 0.001044 -0.379556 0.931274 -0.155121 1 16 1.000000
PelipperDh.png
  1 0.966893 13.303758 6.149467 -0.368868 0.116364 -0.922169 0.954559 -0.190643 1 16 1.000000
  1 1.009861 12.871140 6.077690 -0.368868 0.116364 -0.922169 0.931274 -0.187836 1 16 1.000000
  1 0.605565 13.303758 6.293998 -0.368868 0.116364 -0.922169 0.954559 -0.168976 1 16 1.000000
PelipperDh.png
  1 0.605565 13.303758 6.293998 -0.388389 0.095312 -0.916553 0.954559 -0.168976 1 16 1.000000
  1 1.009861 12.871140 6.077690 -0.388389 0.095312 -0.916553 0.931274 -0.187836 1 16 1.000000
  1 0.619236 12.871140 6.243217 -0.388389 0.095312 -0.916553 0.931274 -0.164795 1 16 1.000000
PelipperDh.png
  1 0.608982 13.585496 6.643119 -0.821448 0.447027 0.354104 0.970490 -0.169189 1 16 1.000000
  1 0.455662 13.303758 6.643119 -0.821448 0.447027 0.354104 0.954559 -0.159973 1 16 1.000000
  1 0.705174 13.585496 6.866264 -0.821448 0.447027 0.354104 0.970490 -0.174957 1 16 1.000000
PelipperDh.png
  1 0.705174 13.585496 6.866264 -0.821447 0.448134 0.352705 0.970490 -0.174957 1 16 1.000000
  1 0.455662 13.303758 6.643119 -0.821447 0.448134 0.352705 0.954559 -0.159973 1 16 1.000000
  1 0.605564 13.303758 6.992240 -0.821447 0.448134 0.352705 0.954559 -0.168976 1 16 1.000000
PelipperDh.png
  1 0.608982 13.585496 6.643119 -0.821448 0.447027 -0.354104 0.970490 -0.169189 1 16 1.000000
  1 0.705174 13.585496 6.419975 -0.821448 0.447027 -0.354104 0.970490 -0.174957 1 16 1.000000
  1 0.455662 13.303758 6.643119 -0.821448 0.447027 -0.354104 0.954559 -0.159973 1 16 1.000000
PelipperDh.png
  1 0.455662 13.303758 6.643119 -0.821447 0.448134 -0.352705 0.954559 -0.159973 1 16 1.000000
  1 0.705174 13.585496 6.419975 -0.821447 0.448134 -0.352705 0.970490 -0.174957 1 16 1.000000
  1 0.605565 13.303758 6.293998 -0.821447 0.448134 -0.352705 0.954559 -0.168976 1 16 1.000000
PelipperDh.png
  1 0.705174 13.585496 6.419975 -0.323891 0.479256 -0.815725 0.970490 -0.174957 1 16 1.000000
  1 0.937596 13.585496 6.327690 -0.323891 0.479256 -0.815725 0.970490 -0.188904 1 16 1.000000
  1 0.605565 13.303758 6.293998 -0.323891 0.479256 -0.815725 0.954559 -0.168976 1 16 1.000000
PelipperDh.png
  1 0.605565 13.303758 6.293998 -0.325594 0.481056 -0.813986 0.954559 -0.168976 1 16 1.000000
  1 0.937596 13.585496 6.327690 -0.325594 0.481056 -0.813986 0.970490 -0.188904 1 16 1.000000
  1 0.966893 13.303758 6.149467 -0.325594 0.481056 -0.813986 0.954559 -0.190643 1 16 1.000000
PelipperDh.png
  1 0.937596 13.585496 6.327690 0.312756 0.530795 -0.787681 0.970490 -0.188904 1 16 1.000000
  1 1.170018 13.585496 6.419975 0.312756 0.530795 -0.787681 0.970490 -0.202820 1 16 1.000000
  1 0.966893 13.303758 6.149467 0.312756 0.530795 -0.787681 0.954559 -0.190643 1 16 1.000000
PelipperDh.png
  1 0.966893 13.303758 6.149467 0.315122 0.529208 -0.787805 0.954559 -0.190643 1 16 1.000000
  1 1.170018 13.585496 6.419975 0.315122 0.529208 -0.787805 0.970490 -0.202820 1 16 1.000000
  1 1.328221 13.303758 6.293998 0.315122 0.529208 -0.787805 0.954559 -0.212311 1 16 1.000000
PelipperDh.png
  1 1.170018 13.585496 6.419975 0.754904 0.569405 -0.325418 0.970490 -0.202820 1 16 1.000000
  1 1.266209 13.585496 6.643119 0.754904 0.569405 -0.325418 0.970490 -0.208618 1 16 1.000000
  1 1.328221 13.303758 6.293998 0.754904 0.569405 -0.325418 0.954559 -0.212311 1 16 1.000000
PelipperDh.png
  1 1.328221 13.303758 6.293998 0.756727 0.567873 -0.323858 0.954559 -0.212311 1 16 1.000000
  1 1.266209 13.585496 6.643119 0.756727 0.567873 -0.323858 0.970490 -0.208618 1 16 1.000000
  1 1.477635 13.303758 6.643119 0.756727 0.567873 -0.323858 0.954559 -0.221283 1 16 1.000000
PelipperDh.png
  1 1.266209 13.585496 6.643119 0.756151 0.567441 0.325956 0.970490 -0.208618 1 16 1.000000
  1 1.170018 13.585496 6.866264 0.756151 0.567441 0.325956 0.970490 -0.202820 1 16 1.000000
  1 1.477635 13.303758 6.643119 0.756151 0.567441 0.325956 0.954559 -0.221283 1 16 1.000000
PelipperDh.png
  1 1.477635 13.303758 6.643119 0.755929 0.569130 0.323516 0.954559 -0.221283 1 16 1.000000
  1 1.170018 13.585496 6.866264 0.755929 0.569130 0.323516 0.970490 -0.202820 1 16 1.000000
  1 1.328221 13.303758 6.992240 0.755929 0.569130 0.323516 0.954559 -0.212311 1 16 1.000000
PelipperDh.png
  1 1.170018 13.585496 6.866264 0.314587 0.529051 0.788124 0.970490 -0.202820 1 16 1.000000
  1 0.937596 13.585496 6.959037 0.314587 0.529051 0.788124 0.970490 -0.188904 1 16 1.000000
  1 1.328221 13.303758 6.992240 0.314587 0.529051 0.788124 0.954559 -0.212311 1 16 1.000000
PelipperDh.png
  1 1.328221 13.303758 6.992240 0.315031 0.529601 0.787577 0.954559 -0.212311 1 16 1.000000
  1 0.937596 13.585496 6.959037 0.315031 0.529601 0.787577 0.970490 -0.188904 1 16 1.000000
  1 0.966893 13.303758 7.136772 0.315031 0.529601 0.787577 0.954559 -0.190643 1 16 1.000000
PelipperDh.png
  1 0.937596 13.585496 6.959037 -0.325192 0.480132 0.814692 0.970490 -0.188904 1 16 1.000000
  1 0.705174 13.585496 6.866264 -0.325192 0.480132 0.814692 0.970490 -0.174957 1 16 1.000000
  1 0.966893 13.303758 7.136772 -0.325192 0.480132 0.814692 0.954559 -0.190643 1 16 1.000000
PelipperDh.png
  1 0.966893 13.303758 7.136772 -0.325904 0.479536 0.814759 0.954559 -0.190643 1 16 1.000000
  1 0.705174 13.585496 6.866264 -0.325904 0.479536 0.814759 0.970490 -0.174957 1 16 1.000000
  1 0.605564 13.303758 6.992240 -0.325904 0.479536 0.814759 0.954559 -0.168976 1 16 1.000000
PelipperDh.png
  1 0.259861 13.307664 6.990287 0.368081 0.137440 0.919579 0.954559 -0.141052 1 16 1.000000
  1 -0.100002 13.307664 7.134330 0.368081 0.137440 0.919579 0.954559 -0.119354 1 16 1.000000
  1 0.291111 12.871140 7.043022 0.368081 0.137440 0.919579 0.931274 -0.142426 1 16 1.000000
PelipperDh.png
  1 0.291111 12.871140 7.043022 0.385061 0.154692 0.909834 0.931274 -0.142426 1 16 1.000000
  1 -0.100002 13.307664 7.134330 0.385061 0.154692 0.909834 0.954559 -0.119354 1 16 1.000000
  1 -0.100002 12.871140 7.208549 0.385061 0.154692 0.909834 0.931274 -0.119354 1 16 1.000000
PelipperDh.png
  1 0.408787 13.307664 6.643119 0.914660 0.097195 0.392365 0.954559 -0.150024 1 16 1.000000
  1 0.259861 13.307664 6.990287 0.914660 0.097195 0.392365 0.954559 -0.141052 1 16 1.000000
  1 0.455174 12.871140 6.643119 0.914660 0.097195 0.392365 0.931274 -0.155121 1 16 1.000000
PelipperDh.png
  1 0.455174 12.871140 6.643119 0.919411 0.111386 0.377194 0.931274 -0.155121 1 16 1.000000
  1 0.259861 13.307664 6.990287 0.919411 0.111386 0.377194 0.954559 -0.141052 1 16 1.000000
  1 0.291111 12.871140 7.043022 0.919411 0.111386 0.377194 0.931274 -0.142426 1 16 1.000000
PelipperDh.png
  1 0.259861 13.307664 6.295951 0.913157 0.112693 -0.391720 0.954559 -0.141052 1 16 1.000000
  1 0.408787 13.307664 6.643119 0.913157 0.112693 -0.391720 0.954559 -0.150024 1 16 1.000000
  1 0.291111 12.871140 6.243217 0.913157 0.112693 -0.391720 0.931274 -0.142426 1 16 1.000000
PelipperDh.png
  1 0.291111 12.871140 6.243217 0.920730 0.097840 -0.377735 0.931274 -0.142426 1 16 1.000000
  1 0.408787 13.307664 6.643119 0.920730 0.097840 -0.377735 0.954559 -0.150024 1 16 1.000000
  1 0.455174 12.871140 6.643119 0.920730 0.097840 -0.377735 0.931274 -0.155121 1 16 1.000000
PelipperDh.png
  1 -0.100002 13.307664 6.151908 0.367063 0.155917 -0.917036 0.954559 -0.119354 1 16 1.000000
  1 0.259861 13.307664 6.295951 0.367063 0.155917 -0.917036 0.954559 -0.141052 1 16 1.000000
  1 -0.100002 12.871140 6.077690 0.367063 0.155917 -0.917036 0.931274 -0.119354 1 16 1.000000
PelipperDh.png
  1 -0.100002 12.871140 6.077690 0.386033 0.137826 -0.912131 0.931274 -0.119354 1 16 1.000000
  1 0.259861 13.307664 6.295951 0.386033 0.137826 -0.912131 0.954559 -0.141052 1 16 1.000000
  1 0.291111 12.871140 6.243217 0.386033 0.137826 -0.912131 0.931274 -0.142426 1 16 1.000000
PelipperDh.png
  1 -0.459377 13.307664 6.990287 -0.368512 0.137450 0.919406 0.954559 -0.097687 1 16 1.000000
  1 -0.490627 12.871140 7.043022 -0.368512 0.137450 0.919406 0.931274 -0.096313 1 16 1.000000
  1 -0.100002 13.307664 7.134330 -0.368512 0.137450 0.919406 0.954559 -0.119354 1 16 1.000000
PelipperDh.png
  1 -0.100002 13.307664 7.134330 -0.385471 0.154664 0.909666 0.954559 -0.119354 1 16 1.000000
  1 -0.490627 12.871140 7.043022 -0.385471 0.154664 0.909666 0.931274 -0.096313 1 16 1.000000
  1 -0.100002 12.871140 7.208549 -0.385471 0.154664 0.909666 0.931274 -0.119354 1 16 1.000000
PelipperDh.png
  1 -0.608303 13.307664 6.643119 -0.914660 0.097195 0.392365 0.954559 -0.088715 1 16 1.000000
  1 -0.654689 12.871140 6.643119 -0.914660 0.097195 0.392365 0.931274 -0.083313 1 16 1.000000
  1 -0.459377 13.307664 6.990287 -0.914660 0.097195 0.392365 0.954559 -0.097687 1 16 1.000000
PelipperDh.png
  1 -0.459377 13.307664 6.990287 -0.919411 0.111386 0.377195 0.954559 -0.097687 1 16 1.000000
  1 -0.654689 12.871140 6.643119 -0.919411 0.111386 0.377195 0.931274 -0.083313 1 16 1.000000
  1 -0.490627 12.871140 7.043022 -0.919411 0.111386 0.377195 0.931274 -0.096313 1 16 1.000000
PelipperDh.png
  1 -0.459377 13.307664 6.295951 -0.913157 0.112693 -0.391720 0.954559 -0.097687 1 16 1.000000
  1 -0.490627 12.871140 6.243217 -0.913157 0.112693 -0.391720 0.931274 -0.096313 1 16 1.000000
  1 -0.608303 13.307664 6.643119 -0.913157 0.112693 -0.391720 0.954559 -0.088715 1 16 1.000000
PelipperDh.png
  1 -0.608303 13.307664 6.643119 -0.920730 0.097840 -0.377735 0.954559 -0.088715 1 16 1.000000
  1 -0.490627 12.871140 6.243217 -0.920730 0.097840 -0.377735 0.931274 -0.096313 1 16 1.000000
  1 -0.654689 12.871140 6.643119 -0.920730 0.097840 -0.377735 0.931274 -0.083313 1 16 1.000000
PelipperDh.png
  1 -0.100002 13.307664 6.151908 -0.367495 0.155888 -0.916868 0.954559 -0.119354 1 16 1.000000
  1 -0.100002 12.871140 6.077690 -0.367495 0.155888 -0.916868 0.931274 -0.119354 1 16 1.000000
  1 -0.459377 13.307664 6.295951 -0.367495 0.155888 -0.916868 0.954559 -0.097687 1 16 1.000000
PelipperDh.png
  1 -0.459377 13.307664 6.295951 -0.386442 0.137834 -0.911957 0.954559 -0.097687 1 16 1.000000
  1 -0.100002 12.871140 6.077690 -0.386442 0.137834 -0.911957 0.931274 -0.119354 1 16 1.000000
  1 -0.490627 12.871140 6.243217 -0.386442 0.137834 -0.911957 0.931274 -0.096313 1 16 1.000000
PelipperDh.png
  1 -0.426662 13.604539 6.643119 -0.800663 0.489880 0.344901 0.970490 -0.099670 1 16 1.000000
  1 -0.608303 13.307664 6.643119 -0.800663 0.489880 0.344901 0.954559 -0.088715 1 16 1.000000
  1 -0.330959 13.604539 6.865287 -0.800663 0.489880 0.344901 0.970490 -0.105438 1 16 1.000000
PelipperDh.png
  1 -0.330959 13.604539 6.865287 -0.800637 0.490939 0.343452 0.970490 -0.105438 1 16 1.000000
  1 -0.608303 13.307664 6.643119 -0.800637 0.490939 0.343452 0.954559 -0.088715 1 16 1.000000
  1 -0.459377 13.307664 6.990287 -0.800637 0.490939 0.343452 0.954559 -0.097687 1 16 1.000000
PelipperDh.png
  1 -0.426662 13.604539 6.643119 -0.800663 0.489880 -0.344901 0.970490 -0.099670 1 16 1.000000
  1 -0.330959 13.604539 6.420951 -0.800663 0.489880 -0.344901 0.970490 -0.105438 1 16 1.000000
  1 -0.608303 13.307664 6.643119 -0.800663 0.489880 -0.344901 0.954559 -0.088715 1 16 1.000000
PelipperDh.png
  1 -0.608303 13.307664 6.643119 -0.800637 0.490939 -0.343452 0.954559 -0.088715 1 16 1.000000
  1 -0.330959 13.604539 6.420951 -0.800637 0.490939 -0.343452 0.970490 -0.105438 1 16 1.000000
  1 -0.459377 13.307664 6.295951 -0.800637 0.490939 -0.343452 0.954559 -0.097687 1 16 1.000000
PelipperDh.png
  1 -0.330959 13.604539 6.420951 -0.323493 0.482625 -0.813895 0.970490 -0.105438 1 16 1.000000
  1 -0.100002 13.604539 6.329154 -0.323493 0.482625 -0.813895 0.970490 -0.119354 1 16 1.000000
  1 -0.459377 13.307664 6.295951 -0.323493 0.482625 -0.813895 0.954559 -0.097687 1 16 1.000000
PelipperDh.png
  1 -0.459377 13.307664 6.295951 -0.325414 0.484724 -0.811880 0.954559 -0.097687 1 16 1.000000
  1 -0.100002 13.604539 6.329154 -0.325414 0.484724 -0.811880 0.970490 -0.119354 1 16 1.000000
  1 -0.100002 13.307664 6.151908 -0.325414 0.484724 -0.811880 0.954559 -0.119354 1 16 1.000000
PelipperDh.png
  1 -0.100002 13.604539 6.329154 0.322367 0.485259 -0.812775 0.970490 -0.119354 1 16 1.000000
  1 0.131443 13.604539 6.420951 0.322367 0.485259 -0.812775 0.970490 -0.133301 1 16 1.000000
  1 -0.100002 13.307664 6.151908 0.322367 0.485259 -0.812775 0.954559 -0.119354 1 16 1.000000
PelipperDh.png
  1 -0.100002 13.307664 6.151908 0.325382 0.483025 -0.812904 0.954559 -0.119354 1 16 1.000000
  1 0.131443 13.604539 6.420951 0.325382 0.483025 -0.812904 0.970490 -0.133301 1 16 1.000000
  1 0.259861 13.307664 6.295951 0.325382 0.483025 -0.812904 0.954559 -0.141052 1 16 1.000000
PelipperDh.png
  1 0.131443 13.604539 6.420951 0.800003 0.491156 -0.344617 0.970490 -0.133301 1 16 1.000000
  1 0.227147 13.604539 6.643119 0.800003 0.491156 -0.344617 0.970490 -0.139069 1 16 1.000000
  1 0.259861 13.307664 6.295951 0.800003 0.491156 -0.344617 0.954559 -0.141052 1 16 1.000000
PelipperDh.png
  1 0.259861 13.307664 6.295951 0.801060 0.490122 -0.343633 0.954559 -0.141052 1 16 1.000000
  1 0.227147 13.604539 6.643119 0.801060 0.490122 -0.343633 0.970490 -0.139069 1 16 1.000000
  1 0.408787 13.307664 6.643119 0.801060 0.490122 -0.343633 0.954559 -0.150024 1 16 1.000000
PelipperDh.png
  1 0.227147 13.604539 6.643119 0.800663 0.489879 0.344901 0.970490 -0.139069 1 16 1.000000
  1 0.131443 13.604539 6.865287 0.800663 0.489879 0.344901 0.970490 -0.133301 1 16 1.000000
  1 0.408787 13.307664 6.643119 0.800663 0.489879 0.344901 0.954559 -0.150024 1 16 1.000000
PelipperDh.png
  1 0.408787 13.307664 6.643119 0.800637 0.490939 0.343452 0.954559 -0.150024 1 16 1.000000
  1 0.131443 13.604539 6.865287 0.800637 0.490939 0.343452 0.970490 -0.133301 1 16 1.000000
  1 0.259861 13.307664 6.990287 0.800637 0.490939 0.343452 0.954559 -0.141052 1 16 1.000000
PelipperDh.png
  1 0.131443 13.604539 6.865287 0.324349 0.482806 0.813447 0.970490 -0.133301 1 16 1.000000
  1 -0.100002 13.604539 6.957572 0.324349 0.482806 0.813447 0.970490 -0.119354 1 16 1.000000
  1 0.259861 13.307664 6.990287 0.324349 0.482806 0.813447 0.954559 -0.141052 1 16 1.000000
PelipperDh.png
  1 0.259861 13.307664 6.990287 0.325229 0.483771 0.812522 0.954559 -0.141052 1 16 1.000000
  1 -0.100002 13.604539 6.957572 0.325229 0.483771 0.812522 0.970490 -0.119354 1 16 1.000000
  1 -0.100002 13.307664 7.134330 0.325229 0.483771 0.812522 0.954559 -0.119354 1 16 1.000000
PelipperDh.png
  1 -0.100002 13.604539 6.957572 -0.324725 0.483860 0.812671 0.970490 -0.119354 1 16 1.000000
  1 -0.330959 13.604539 6.865287 -0.324725 0.483860 0.812671 0.970490 -0.105438 1 16 1.000000
  1 -0.100002 13.307664 7.134330 -0.324725 0.483860 0.812671 0.954559 -0.119354 1 16 1.000000
PelipperDh.png
  1 -0.100002 13.307664 7.134330 -0.325747 0.483102 0.812712 0.954559 -0.119354 1 16 1.000000
  1 -0.330959 13.604539 6.865287 -0.325747 0.483102 0.812712 0.970490 -0.105438 1 16 1.000000
  1 -0.459377 13.307664 6.990287 -0.325747 0.483102 0.812712 0.954559 -0.097687 1 16 1.000000
PelipperDh.png
  1 1.562108 -12.871137 6.643114 0.925414 -0.061056 0.374007 0.931274 -0.220428 1 19 1.000000
  1 1.488770 -11.407715 7.063477 0.925414 -0.061056 0.374007 0.856171 -0.213074 2 18 0.100000 19 0.900000
  1 1.400487 -12.871137 7.043016 0.925414 -0.061056 0.374007 0.931274 -0.210876 1 19 1.000000
PelipperDh.png
  1 1.660156 -11.407715 6.643066 0.924232 -0.061911 0.376778 0.856171 -0.223175 2 18 0.100000 19 0.900000
  1 1.488770 -11.407715 7.063477 0.924232 -0.061911 0.376778 0.856171 -0.213074 2 18 0.100000 19 0.900000
  1 1.562108 -12.871137 6.643114 0.924232 -0.061911 0.376778 0.931274 -0.220428 1 19 1.000000
PelipperDh.png
  1 1.400487 -12.871137 6.243212 0.925359 -0.062011 -0.373985 0.931274 -0.210876 1 19 1.000000
  1 1.660156 -11.407715 6.643066 0.925359 -0.062011 -0.373985 0.856171 -0.223175 2 18 0.100000 19 0.900000
  1 1.562108 -12.871137 6.643114 0.925359 -0.062011 -0.373985 0.931274 -0.220428 1 19 1.000000
PelipperDh.png
  1 1.488770 -11.407715 6.222656 0.924282 -0.061051 -0.376798 0.856171 -0.213074 2 18 0.100000 19 0.900000
  1 1.660156 -11.407715 6.643066 0.924282 -0.061051 -0.376798 0.856171 -0.223175 2 18 0.100000 19 0.900000
  1 1.400487 -12.871137 6.243212 0.924282 -0.061051 -0.376798 0.931274 -0.210876 1 19 1.000000
PelipperDh.png
  1 1.009862 -12.871137 6.077684 0.389906 -0.036446 -0.920133 0.931274 -0.187836 1 19 1.000000
  1 1.488770 -11.407715 6.222656 0.389906 -0.036446 -0.920133 0.856171 -0.213074 2 18 0.100000 19 0.900000
  1 1.400487 -12.871137 6.243212 0.389906 -0.036446 -0.920133 0.931274 -0.210876 1 19 1.000000
PelipperDh.png
  1 1.075195 -11.407715 6.048340 0.388149 -0.035794 -0.920902 0.856171 -0.188660 2 18 0.100000 19 0.900000
  1 1.488770 -11.407715 6.222656 0.388149 -0.035794 -0.920902 0.856171 -0.213074 2 18 0.100000 19 0.900000
  1 1.009862 -12.871137 6.077684 0.388149 -0.035794 -0.920902 0.931274 -0.187836 1 19 1.000000
PelipperDh.png
  1 0.705175 -13.585492 6.866259 -0.325904 -0.479536 0.814759 0.970490 -0.174957 1 19 1.000000
  1 0.966893 -13.303754 7.136766 -0.325904 -0.479536 0.814759 0.954559 -0.190643 1 19 1.000000
  1 0.605565 -13.303754 6.992235 -0.325904 -0.479536 0.814759 0.954559 -0.168976 1 19 1.000000
PelipperDh.png
  1 0.937596 -13.585492 6.959032 -0.325192 -0.480132 0.814692 0.970490 -0.188904 1 19 1.000000
  1 0.966893 -13.303754 7.136766 -0.325192 -0.480132 0.814692 0.954559 -0.190643 1 19 1.000000
  1 0.705175 -13.585492 6.866259 -0.325192 -0.480132 0.814692 0.970490 -0.174957 1 19 1.000000
PelipperDh.png
  1 0.937596 -13.585492 6.959032 0.315031 -0.529601 0.787577 0.970490 -0.188904 1 19 1.000000
  1 1.328221 -13.303754 6.992235 0.315031 -0.529601 0.787577 0.954559 -0.212311 1 19 1.000000
  1 0.966893 -13.303754 7.136766 0.315031 -0.529601 0.787577 0.954559 -0.190643 1 19 1.000000
PelipperDh.png
  1 1.170018 -13.585492 6.866259 0.314587 -0.529051 0.788124 0.970490 -0.202820 1 19 1.000000
  1 1.328221 -13.303754 6.992235 0.314587 -0.529051 0.788124 0.954559 -0.212311 1 19 1.000000
  1 0.937596 -13.585492 6.959032 0.314587 -0.529051 0.788124 0.970490 -0.188904 1 19 1.000000
PelipperDh.png
  1 1.170018 -13.585492 6.866259 0.755929 -0.569130 0.323516 0.970490 -0.202820 1 19 1.000000
  1 1.477636 -13.303754 6.643114 0.755929 -0.569130 0.323516 0.954559 -0.221283 1 19 1.000000
  1 1.328221 -13.303754 6.992235 0.755929 -0.569130 0.323516 0.954559 -0.212311 1 19 1.000000
PelipperDh.png
  1 1.266210 -13.585492 6.643114 0.756151 -0.567441 0.325956 0.970490 -0.208618 1 19 1.000000
  1 1.477636 -13.303754 6.643114 0.756151 -0.567441 0.325956 0.954559 -0.221283 1 19 1.000000
  1 1.170018 -13.585492 6.866259 0.756151 -0.567441 0.325956 0.970490 -0.202820 1 19 1.000000
PelipperDh.png
  1 1.266210 -13.585492 6.643114 0.756727 -0.567873 -0.323858 0.970490 -0.208618 1 19 1.000000
  1 1.328222 -13.303754 6.293993 0.756727 -0.567873 -0.323858 0.954559 -0.212311 1 19 1.000000
  1 1.477636 -13.303754 6.643114 0.756727 -0.567873 -0.323858 0.954559 -0.221283 1 19 1.000000
PelipperDh.png
  1 1.170018 -13.585492 6.419970 0.754905 -0.569405 -0.325418 0.970490 -0.202820 1 19 1.000000
  1 1.328222 -13.303754 6.293993 0.754905 -0.569405 -0.325418 0.954559 -0.212311 1 19 1.000000
  1 1.266210 -13.585492 6.643114 0.754905 -0.569405 -0.325418 0.970490 -0.208618 1 19 1.000000
PelipperDh.png
  1 1.170018 -13.585492 6.419970 0.315122 -0.529208 -0.787805 0.970490 -0.202820 1 19 1.000000
  1 0.966893 -13.303754 6.149462 0.315122 -0.529208 -0.787805 0.954559 -0.190643 1 19 1.000000
  1 1.328222 -13.303754 6.293993 0.315122 -0.529208 -0.787805 0.954559 -0.212311 1 19 1.000000
PelipperDh.png
  1 0.937596 -13.585492 6.327684 0.312755 -0.530795 -0.787681 0.970490 -0.188904 1 19 1.000000
  1 0.966893 -13.303754 6.149462 0.312755 -0.530795 -0.787681 0.954559 -0.190643 1 19 1.000000
  1 1.170018 -13.585492 6.419970 0.312755 -0.530795 -0.787681 0.970490 -0.202820 1 19 1.000000
PelipperDh.png
  1 0.937596 -13.585492 6.327684 -0.325594 -0.481056 -0.813986 0.970490 -0.188904 1 19 1.000000
  1 0.605565 -13.303754 6.293993 -0.325594 -0.481056 -0.813986 0.954559 -0.168976 1 19 1.000000
  1 0.966893 -13.303754 6.149462 -0.325594 -0.481056 -0.813986 0.954559 -0.190643 1 19 1.000000
PelipperDh.png
  1 0.705175 -13.585492 6.419970 -0.323891 -0.479256 -0.815725 0.970490 -0.174957 1 19 1.000000
  1 0.605565 -13.303754 6.293993 -0.323891 -0.479256 -0.815725 0.954559 -0.168976 1 19 1.000000
  1 0.937596 -13.585492 6.327684 -0.323891 -0.479256 -0.815725 0.970490 -0.188904 1 19 1.000000
PelipperDh.png
  1 0.705175 -13.585492 6.419970 -0.821447 -0.448134 -0.352705 0.970490 -0.174957 1 19 1.000000
  1 0.455663 -13.303754 6.643114 -0.821447 -0.448134 -0.352705 0.954559 -0.159973 1 19 1.000000
  1 0.605565 -13.303754 6.293993 -0.821447 -0.448134 -0.352705 0.954559 -0.168976 1 19 1.000000
PelipperDh.png
  1 0.608983 -13.585492 6.643114 -0.821448 -0.447027 -0.354104 0.970490 -0.169189 1 19 1.000000
  1 0.455663 -13.303754 6.643114 -0.821448 -0.447027 -0.354104 0.954559 -0.159973 1 19 1.000000
  1 0.705175 -13.585492 6.419970 -0.821448 -0.447027 -0.354104 0.970490 -0.174957 1 19 1.000000
PelipperDh.png
  1 0.455663 -13.303754 6.643114 -0.821447 -0.448134 0.352705 0.954559 -0.159973 1 19 1.000000
  1 0.705175 -13.585492 6.866259 -0.821447 -0.448134 0.352705 0.970490 -0.174957 1 19 1.000000
  1 0.605565 -13.303754 6.992235 -0.821447 -0.448134 0.352705 0.954559 -0.168976 1 19 1.000000
PelipperDh.png
  1 0.608983 -13.585492 6.643114 -0.821448 -0.447027 0.354104 0.970490 -0.169189 1 19 1.000000
  1 0.705175 -13.585492 6.866259 -0.821448 -0.447027 0.354104 0.970490 -0.174957 1 19 1.000000
  1 0.455663 -13.303754 6.643114 -0.821448 -0.447027 0.354104 0.954559 -0.159973 1 19 1.000000
PelipperDh.png
  1 1.009862 -12.871137 6.077684 -0.388389 -0.095312 -0.916553 0.931274 -0.187836 1 19 1.000000
  1 0.605565 -13.303754 6.293993 -0.388389 -0.095312 -0.916553 0.954559 -0.168976 1 19 1.000000
  1 0.619237 -12.871137 6.243212 -0.388389 -0.095312 -0.916553 0.931274 -0.164795 1 19 1.000000
PelipperDh.png
  1 0.966893 -13.303754 6.149462 -0.368868 -0.116364 -0.922169 0.954559 -0.190643 1 19 1.000000
  1 0.605565 -13.303754 6.293993 -0.368868 -0.116364 -0.922169 0.954559 -0.168976 1 19 1.000000
  1 1.009862 -12.871137 6.077684 -0.368868 -0.116364 -0.922169 0.931274 -0.187836 1 19 1.000000
PelipperDh.png
  1 0.619237 -12.871137 6.243212 -0.925168 -0.001044 -0.379556 0.931274 -0.164795 1 19 1.000000
  1 0.455663 -13.303754 6.643114 -0.925168 -0.001044 -0.379556 0.954559 -0.159973 1 19 1.000000
  1 0.455175 -12.871137 6.643114 -0.925168 -0.001044 -0.379556 0.931274 -0.155121 1 19 1.000000
PelipperDh.png
  1 0.605565 -13.303754 6.293993 -0.918742 -0.017270 -0.394481 0.954559 -0.168976 1 19 1.000000
  1 0.455663 -13.303754 6.643114 -0.918742 -0.017270 -0.394481 0.954559 -0.159973 1 19 1.000000
  1 0.619237 -12.871137 6.243212 -0.918742 -0.017270 -0.394481 0.931274 -0.164795 1 19 1.000000
PelipperDh.png
  1 0.455175 -12.871137 6.643114 -0.925060 -0.015313 0.379512 0.931274 -0.155121 1 19 1.000000
  1 0.605565 -13.303754 6.992235 -0.925060 -0.015313 0.379512 0.954559 -0.168976 1 19 1.000000
  1 0.619237 -12.871137 7.043016 -0.925060 -0.015313 0.379512 0.931274 -0.164795 1 19 1.000000
PelipperDh.png
  1 0.455663 -13.303754 6.643114 -0.918878 -0.001037 0.394539 0.954559 -0.159973 1 19 1.000000
  1 0.605565 -13.303754 6.992235 -0.918878 -0.001037 0.394539 0.954559 -0.168976 1 19 1.000000
  1 0.455175 -12.871137 6.643114 -0.918878 -0.001037 0.394539 0.931274 -0.155121 1 19 1.000000
PelipperDh.png
  1 0.619237 -12.871137 7.043016 -0.387654 -0.113278 0.914818 0.931274 -0.164795 1 19 1.000000
  1 0.966893 -13.303754 7.136766 -0.387654 -0.113278 0.914818 0.954559 -0.190643 1 19 1.000000
  1 1.009862 -12.871137 7.208544 -0.387654 -0.113278 0.914818 0.931274 -0.187836 1 19 1.000000
PelipperDh.png
  1 0.605565 -13.303754 6.992235 -0.369647 -0.096792 0.924117 0.954559 -0.168976 1 19 1.000000
  1 0.966893 -13.303754 7.136766 -0.369647 -0.096792 0.924117 0.954559 -0.190643 1 19 1.000000
  1 0.619237 -12.871137 7.043016 -0.369647 -0.096792 0.924117 0.931274 -0.164795 1 19 1.000000
PelipperDh.png
  1 1.328222 -13.303754 6.293993 0.384439 -0.170710 -0.907230 0.954559 -0.212311 1 19 1.000000
  1 1.009862 -12.871137 6.077684 0.384439 -0.170710 -0.907230 0.931274 -0.187836 1 19 1.000000
  1 1.400487 -12.871137 6.243212 0.384439 -0.170710 -0.907230 0.931274 -0.210876 1 19 1.000000
PelipperDh.png
  1 0.021973 2.777832 6.313965 -0.013907 0.949351 0.313910 0.611145 -0.592804 2 14 0.200000 9 0.800000
  1 0.830010 2.864746 6.086910 -0.013907 0.949351 0.313910 0.561890 -0.603271 1 9 1.000000
  1 -0.051583 2.910645 5.909044 -0.013907 0.949351 0.313910 0.605286 -0.619598 1 9 1.000000
PelipperDh.png
  1 0.706543 2.628418 6.879883 0.020828 0.743884 0.667984 0.574127 -0.573425 2 14 0.200000 9 0.800000
  1 -0.053711 2.540527 7.001465 0.020828 0.743884 0.667984 0.615509 -0.566010 2 14 0.200000 9 0.800000
  1 0.776337 2.345703 7.192545 0.020828 0.743884 0.667984 0.569489 -0.554413 1 9 1.000000
PelipperDh.png
  1 0.776337 2.345703 7.192545 -0.010666 0.676642 0.736235 0.569489 -0.554413 1 9 1.000000
  1 -0.053711 2.540527 7.001465 -0.010666 0.676642 0.736235 0.615509 -0.566010 2 14 0.200000 9 0.800000
  1 -0.044322 2.208008 7.307205 -0.010666 0.676642 0.736235 0.611969 -0.547455 1 9 1.000000
PelipperDh.png
  1 0.966893 -13.303754 6.149462 0.364801 -0.187547 -0.912002 0.954559 -0.190643 1 19 1.000000
  1 1.009862 -12.871137 6.077684 0.364801 -0.187547 -0.912002 0.931274 -0.187836 1 19 1.000000
  1 1.328222 -13.303754 6.293993 0.364801 -0.187547 -0.912002 0.954559 -0.212311 1 19 1.000000
PelipperDh.png
  1 1.477636 -13.303754 6.643114 0.912314 -0.178138 -0.368713 0.954559 -0.221283 1 19 1.000000
  1 1.400487 -12.871137 6.243212 0.912314 -0.178138 -0.368713 0.931274 -0.210876 1 19 1.000000
  1 1.562108 -12.871137 6.643114 0.912314 -0.178138 -0.368713 0.931274 -0.220428 1 19 1.000000
PelipperDh.png
  1 -0.796875 2.503906 6.924805 -0.870251 0.317097 0.376978 0.652344 -0.570709 2 14 0.200000 9 0.800000
  1 -0.961914 2.643066 6.426758 -0.870251 0.317097 0.376978 0.663330 -0.585968 2 14 0.200000 9 0.800000
  1 -0.837703 2.144531 7.132843 -0.870251 0.317097 0.376978 0.652100 -0.552246 1 9 1.000000
PelipperDh.png
  1 -0.837703 2.144531 7.132843 -0.624846 0.581771 0.520682 0.652100 -0.552246 1 9 1.000000
  1 -0.961914 2.643066 6.426758 -0.624846 0.581771 0.520682 0.663330 -0.585968 2 14 0.200000 9 0.800000
  1 -1.311105 2.230957 6.468171 -0.624846 0.581771 0.520682 0.692871 -0.593872 1 9 1.000000
PelipperDh.png
  1 1.328222 -13.303754 6.293993 0.901534 -0.195884 -0.385831 0.954559 -0.212311 1 19 1.000000
  1 1.400487 -12.871137 6.243212 0.901534 -0.195884 -0.385831 0.931274 -0.210876 1 19 1.000000
  1 1.477636 -13.303754 6.643114 0.901534 -0.195884 -0.385831 0.954559 -0.221283 1 19 1.000000
PelipperDh.png
  1 -0.961914 2.643066 6.426758 -0.196656 0.968204 0.154619 0.663330 -0.585968 2 14 0.200000 9 0.800000
  1 -0.051583 2.910645 5.909044 -0.196656 0.968204 0.154619 0.605286 -0.619598 1 9 1.000000
  1 -1.072464 2.666992 6.136331 -0.196656 0.968204 0.154619 0.666534 -0.601471 1 9 1.000000
PelipperDh.png
  1 0.802734 2.805176 6.357422 0.345039 0.867971 0.357176 0.567719 -0.590179 2 14 0.200000 9 0.800000
  1 0.706543 2.628418 6.879883 0.345039 0.867971 0.357176 0.574127 -0.573425 2 14 0.200000 9 0.800000
  1 1.157515 2.676758 6.326765 0.345039 0.867971 0.357176 0.547424 -0.597809 1 9 1.000000
PelipperDh.png
  1 1.157515 2.676758 6.326765 0.536450 0.682071 0.496992 0.547424 -0.597809 1 9 1.000000
  1 0.706543 2.628418 6.879883 0.536450 0.682071 0.496992 0.574127 -0.573425 2 14 0.200000 9 0.800000
  1 0.776337 2.345703 7.192545 0.536450 0.682071 0.496992 0.569489 -0.554413 1 9 1.000000
PelipperDh.png
  1 1.328221 -13.303754 6.992235 0.909338 -0.195037 0.367510 0.954559 -0.212311 1 19 1.000000
  1 1.562108 -12.871137 6.643114 0.909338 -0.195037 0.367510 0.931274 -0.220428 1 19 1.000000
  1 1.400487 -12.871137 7.043016 0.909338 -0.195037 0.367510 0.931274 -0.210876 1 19 1.000000
PelipperDh.png
  1 1.477636 -13.303754 6.643114 0.904881 -0.176687 0.387264 0.954559 -0.221283 1 19 1.000000
  1 1.562108 -12.871137 6.643114 0.904881 -0.176687 0.387264 0.931274 -0.220428 1 19 1.000000
  1 1.328221 -13.303754 6.992235 0.904881 -0.176687 0.387264 0.954559 -0.212311 1 19 1.000000
PelipperDh.png
  1 0.966893 -13.303754 7.136766 0.383201 -0.188098 0.904310 0.954559 -0.190643 1 19 1.000000
  1 1.400487 -12.871137 7.043016 0.383201 -0.188098 0.904310 0.931274 -0.210876 1 19 1.000000
  1 1.009862 -12.871137 7.208544 0.383201 -0.188098 0.904310 0.931274 -0.187836 1 19 1.000000
PelipperDh.png
  1 1.328221 -13.303754 6.992235 0.366076 -0.168577 0.915189 0.954559 -0.212311 1 19 1.000000
  1 1.400487 -12.871137 7.043016 0.366076 -0.168577 0.915189 0.931274 -0.210876 1 19 1.000000
  1 0.966893 -13.303754 7.136766 0.366076 -0.168577 0.915189 0.954559 -0.190643 1 19 1.000000
PelipperDh.png
  1 -1.688477 -11.407715 6.222656 -0.389906 -0.036497 -0.920131 0.856171 -0.025665 2 18 0.100000 19 0.900000
  1 -1.209376 -12.871137 6.077684 -0.389906 -0.036497 -0.920131 0.931274 -0.050079 1 19 1.000000
  1 -1.600001 -12.871137 6.243212 -0.389906 -0.036497 -0.920131 0.931274 -0.027039 1 19 1.000000
PelipperDh.png
  1 -1.859863 -11.407715 6.643066 -0.924978 -0.061798 -0.374961 0.856171 -0.015564 2 18 0.100000 19 0.900000
  1 -1.600001 -12.871137 6.243212 -0.924978 -0.061798 -0.374961 0.931274 -0.027039 1 19 1.000000
  1 -1.762111 -12.871137 6.643114 -0.924978 -0.061798 -0.374961 0.931274 -0.017487 1 19 1.000000
PelipperDh.png
  1 -1.688477 -11.407715 7.063477 -0.925015 -0.061167 0.374975 0.856171 -0.025665 2 18 0.100000 19 0.900000
  1 -1.762111 -12.871137 6.643114 -0.925015 -0.061167 0.374975 0.931274 -0.017487 1 19 1.000000
  1 -1.600001 -12.871137 7.043016 -0.925015 -0.061167 0.374975 0.931274 -0.027039 1 19 1.000000
PelipperDh.png
  1 -1.274414 -11.407715 7.237793 -0.389917 -0.035720 0.920157 0.856171 -0.050079 2 18 0.100000 19 0.900000
  1 -1.600001 -12.871137 7.043016 -0.389917 -0.035720 0.920157 0.931274 -0.027039 1 19 1.000000
  1 -1.209376 -12.871137 7.208544 -0.389917 -0.035720 0.920157 0.931274 -0.050079 1 19 1.000000
PelipperDh.png
  1 -0.818751 -12.871137 7.043016 0.390165 -0.001063 0.920744 0.931274 -0.072815 1 19 1.000000
  1 -1.274414 -11.407715 7.237793 0.390165 -0.001063 0.920744 0.856171 -0.050079 2 18 0.100000 19 0.900000
  1 -1.209376 -12.871137 7.208544 0.390165 -0.001063 0.920744 0.931274 -0.050079 1 19 1.000000
PelipperDh.png
  1 -0.860840 -11.407715 7.063477 0.388397 -0.001713 0.921491 0.856171 -0.072815 2 18 0.100000 19 0.900000
  1 -1.274414 -11.407715 7.237793 0.388397 -0.001713 0.921491 0.856171 -0.050079 2 18 0.100000 19 0.900000
  1 -0.818751 -12.871137 7.043016 0.388397 -0.001713 0.921491 0.931274 -0.072815 1 19 1.000000
PelipperDh.png
  1 -0.654689 -12.871137 6.643114 0.924959 0.021297 0.379470 0.931274 -0.083313 1 19 1.000000
  1 -0.860840 -11.407715 7.063477 0.924959 0.021297 0.379470 0.856171 -0.072815 2 18 0.100000 19 0.900000
  1 -0.818751 -12.871137 7.043016 0.924959 0.021297 0.379470 0.931274 -0.072815 1 19 1.000000
PelipperDh.png
  1 -0.687012 -11.407715 6.643066 0.923929 0.020420 0.382019 0.856171 -0.083313 2 18 0.100000 19 0.900000
  1 -0.860840 -11.407715 7.063477 0.923929 0.020420 0.382019 0.856171 -0.072815 2 18 0.100000 19 0.900000
  1 -0.654689 -12.871137 6.643114 0.923929 0.020420 0.382019 0.931274 -0.083313 1 19 1.000000
PelipperDh.png
  1 -1.209376 -12.871137 6.077684 0.390165 -0.001712 -0.920743 0.931274 -0.050079 1 19 1.000000
  1 -0.860840 -11.407715 6.222656 0.390165 -0.001712 -0.920743 0.856171 -0.072815 2 18 0.100000 19 0.900000
  1 -0.818751 -12.871137 6.243212 0.390165 -0.001712 -0.920743 0.931274 -0.072815 1 19 1.000000
PelipperDh.png
  1 -1.274414 -11.407715 6.048340 0.388397 -0.001216 -0.921491 0.856171 -0.050079 2 18 0.100000 19 0.900000
  1 -0.860840 -11.407715 6.222656 0.388397 -0.001216 -0.921491 0.856171 -0.072815 2 18 0.100000 19 0.900000
  1 -1.209376 -12.871137 6.077684 0.388397 -0.001216 -0.921491 0.931274 -0.050079 1 19 1.000000
PelipperDh.png
  1 -1.371486 -13.585980 6.868212 -0.314907 -0.528563 0.788324 0.970490 -0.034576 1 19 1.000000
  1 -1.166407 -13.301801 7.140673 -0.314907 -0.528563 0.788324 0.954559 -0.046753 1 19 1.000000
  1 -1.530665 -13.301801 6.995165 -0.314907 -0.528563 0.788324 0.954559 -0.025085 1 19 1.000000
PelipperDh.png
  1 -1.137111 -13.585980 6.961473 -0.313661 -0.529400 0.788259 0.970490 -0.048492 1 19 1.000000
  1 -1.166407 -13.301801 7.140673 -0.313661 -0.529400 0.788259 0.954559 -0.046753 1 19 1.000000
  1 -1.371486 -13.585980 6.868212 -0.313661 -0.529400 0.788259 0.970490 -0.034576 1 19 1.000000
PelipperDh.png
  1 -1.137111 -13.585980 6.961473 0.325009 -0.480234 0.814705 0.970490 -0.048492 1 19 1.000000
  1 -0.801661 -13.301801 6.995165 0.325009 -0.480234 0.814705 0.954559 -0.068451 1 19 1.000000
  1 -1.166407 -13.301801 7.140673 0.325009 -0.480234 0.814705 0.954559 -0.046753 1 19 1.000000
PelipperDh.png
  1 -0.902736 -13.585980 6.868212 0.324423 -0.479613 0.815304 0.970490 -0.062439 1 19 1.000000
  1 -0.801661 -13.301801 6.995165 0.324423 -0.479613 0.815304 0.954559 -0.068451 1 19 1.000000
  1 -1.137111 -13.585980 6.961473 0.324423 -0.479613 0.815304 0.970490 -0.048492 1 19 1.000000
PelipperDh.png
  1 -0.902736 -13.585980 6.868212 0.821157 -0.449278 0.351924 0.970490 -0.062439 1 19 1.000000
  1 -0.650782 -13.301801 6.643114 0.821157 -0.449278 0.351924 0.954559 -0.077423 1 19 1.000000
  1 -0.801661 -13.301801 6.995165 0.821157 -0.449278 0.351924 0.954559 -0.068451 1 19 1.000000
PelipperDh.png
  1 -0.805568 -13.585980 6.643114 0.821161 -0.447265 0.354471 0.970490 -0.068207 1 19 1.000000
  1 -0.650782 -13.301801 6.643114 0.821161 -0.447265 0.354471 0.954559 -0.077423 1 19 1.000000
  1 -0.902736 -13.585980 6.868212 0.821161 -0.447265 0.354471 0.970490 -0.062439 1 19 1.000000
PelipperDh.png
  1 -0.805568 -13.585980 6.643114 0.821900 -0.447667 -0.352243 0.970490 -0.068207 1 19 1.000000
  1 -0.801661 -13.301801 6.291063 0.821900 -0.447667 -0.352243 0.954559 -0.068451 1 19 1.000000
  1 -0.650782 -13.301801 6.643114 0.821900 -0.447667 -0.352243 0.954559 -0.077423 1 19 1.000000
PelipperDh.png
  1 -0.902736 -13.585980 6.418016 0.820001 -0.449781 -0.353970 0.970490 -0.062439 1 19 1.000000
  1 -0.801661 -13.301801 6.291063 0.820001 -0.449781 -0.353970 0.954559 -0.068451 1 19 1.000000
  1 -0.805568 -13.585980 6.643114 0.820001 -0.449781 -0.353970 0.970490 -0.068207 1 19 1.000000
PelipperDh.png
  1 -0.902736 -13.585980 6.418016 0.325116 -0.479710 -0.814971 0.970490 -0.062439 1 19 1.000000
  1 -1.166407 -13.301801 6.145555 0.325116 -0.479710 -0.814971 0.954559 -0.046753 1 19 1.000000
  1 -0.801661 -13.301801 6.291063 0.325116 -0.479710 -0.814971 0.954559 -0.068451 1 19 1.000000
PelipperDh.png
  1 -1.137110 -13.585980 6.324755 0.324258 -0.480428 -0.814890 0.970490 -0.048492 1 19 1.000000
  1 -1.166407 -13.301801 6.145555 0.324258 -0.480428 -0.814890 0.954559 -0.046753 1 19 1.000000
  1 -0.902736 -13.585980 6.418016 0.324258 -0.480428 -0.814890 0.970490 -0.062439 1 19 1.000000
PelipperDh.png
  1 -1.137110 -13.585980 6.324755 -0.314739 -0.529288 -0.787905 0.970490 -0.048492 1 19 1.000000
  1 -1.530665 -13.301801 6.291063 -0.314739 -0.529288 -0.787905 0.954559 -0.025085 1 19 1.000000
  1 -1.166407 -13.301801 6.145555 -0.314739 -0.529288 -0.787905 0.954559 -0.046753 1 19 1.000000
PelipperDh.png
  1 -0.100002 13.692918 6.643119 -0.259526 0.959243 -0.111796 0.977783 -0.119354 1 16 1.000000
  1 -0.330959 13.604539 6.420951 -0.259526 0.959243 -0.111796 0.970490 -0.105438 1 16 1.000000
  1 -0.426662 13.604539 6.643119 -0.259526 0.959243 -0.111796 0.970490 -0.099670 1 16 1.000000
PelipperDh.png
  1 -1.371485 -13.585980 6.418016 -0.313921 -0.528273 -0.788911 0.970490 -0.034576 1 19 1.000000
  1 -1.530665 -13.301801 6.291063 -0.313921 -0.528273 -0.788911 0.954559 -0.025085 1 19 1.000000
  1 -1.137110 -13.585980 6.324755 -0.313921 -0.528273 -0.788911 0.970490 -0.048492 1 19 1.000000
PelipperDh.png
  1 -1.371485 -13.585980 6.418016 -0.756238 -0.568385 -0.324102 0.970490 -0.034576 1 19 1.000000
  1 -1.681544 -13.301801 6.643114 -0.756238 -0.568385 -0.324102 0.954559 -0.016113 1 19 1.000000
  1 -1.530665 -13.301801 6.291063 -0.756238 -0.568385 -0.324102 0.954559 -0.025085 1 19 1.000000
PelipperDh.png
  1 -0.100002 13.692918 6.643119 -0.107078 0.957056 -0.269404 0.977783 -0.119354 1 16 1.000000
  1 -0.100002 13.604539 6.329154 -0.107078 0.957056 -0.269404 0.970490 -0.119354 1 16 1.000000
  1 -0.330959 13.604539 6.420951 -0.107078 0.957056 -0.269404 0.970490 -0.105438 1 16 1.000000
PelipperDh.png
  1 -0.902736 13.585984 6.868217 0.100947 0.962004 0.253689 0.970490 -0.062439 1 16 1.000000
  1 -1.123439 13.668504 6.643119 0.100947 0.962004 0.253689 0.977783 -0.049316 1 16 1.000000
  1 -1.137111 13.585984 6.961479 0.100947 0.962004 0.253689 0.970490 -0.048492 1 16 1.000000
PelipperDh.png
  1 -0.805568 13.585984 6.643119 0.249807 0.962273 0.107834 0.970490 -0.068207 1 16 1.000000
  1 -1.123439 13.668504 6.643119 0.249807 0.962273 0.107834 0.977783 -0.049316 1 16 1.000000
  1 -0.902736 13.585984 6.868217 0.249807 0.962273 0.107834 0.970490 -0.062439 1 16 1.000000
PelipperDh.png
  1 -0.902736 13.585984 6.418022 0.249807 0.962273 -0.107834 0.970490 -0.062439 1 16 1.000000
  1 -1.123439 13.668504 6.643119 0.249807 0.962273 -0.107834 0.977783 -0.049316 1 16 1.000000
  1 -0.805568 13.585984 6.643119 0.249807 0.962273 -0.107834 0.970490 -0.068207 1 16 1.000000
PelipperDh.png
  1 -1.468165 -13.585980 6.643114 -0.756305 -0.567878 -0.324834 0.970490 -0.028809 1 19 1.000000
  1 -1.681544 -13.301801 6.643114 -0.756305 -0.567878 -0.324834 0.954559 -0.016113 1 19 1.000000
  1 -1.371485 -13.585980 6.418016 -0.756305 -0.567878 -0.324834 0.970490 -0.034576 1 19 1.000000
PelipperDh.png
  1 -1.681544 -13.301801 6.643114 -0.756238 -0.568385 0.324102 0.954559 -0.016113 1 19 1.000000
  1 -1.371486 -13.585980 6.868212 -0.756238 -0.568385 0.324102 0.970490 -0.034576 1 19 1.000000
  1 -1.530665 -13.301801 6.995165 -0.756238 -0.568385 0.324102 0.954559 -0.025085 1 19 1.000000
PelipperDh.png
  1 -1.468165 -13.585980 6.643114 -0.756305 -0.567878 0.324834 0.970490 -0.028809 1 19 1.000000
  1 -1.371486 -13.585980 6.868212 -0.756305 -0.567878 0.324834 0.970490 -0.034576 1 19 1.000000
  1 -1.681544 -13.301801 6.643114 -0.756305 -0.567878 0.324834 0.954559 -0.016113 1 19 1.000000
PelipperDh.png
  1 -1.209376 -12.871137 6.077684 -0.384953 -0.162915 -0.908444 0.931274 -0.050079 1 19 1.000000
  1 -1.530665 -13.301801 6.291063 -0.384953 -0.162915 -0.908444 0.954559 -0.025085 1 19 1.000000
  1 -1.600001 -12.871137 6.243212 -0.384953 -0.162915 -0.908444 0.931274 -0.027039 1 19 1.000000
PelipperDh.png
  1 -1.166407 -13.301801 6.145555 -0.364878 -0.180357 -0.913420 0.954559 -0.046753 1 19 1.000000
  1 -1.530665 -13.301801 6.291063 -0.364878 -0.180357 -0.913420 0.954559 -0.025085 1 19 1.000000
  1 -1.209376 -12.871137 6.077684 -0.364878 -0.180357 -0.913420 0.931274 -0.050079 1 19 1.000000
PelipperDh.png
  1 -1.600001 -12.871137 6.243212 -0.913128 -0.170823 -0.370157 0.931274 -0.027039 1 19 1.000000
  1 -1.681544 -13.301801 6.643114 -0.913128 -0.170823 -0.370157 0.954559 -0.016113 1 19 1.000000
  1 -1.762111 -12.871137 6.643114 -0.913128 -0.170823 -0.370157 0.931274 -0.017487 1 19 1.000000
PelipperDh.png
  1 -1.530665 -13.301801 6.291063 -0.902700 -0.188318 -0.386872 0.954559 -0.025085 1 19 1.000000
  1 -1.681544 -13.301801 6.643114 -0.902700 -0.188318 -0.386872 0.954559 -0.016113 1 19 1.000000
  1 -1.600001 -12.871137 6.243212 -0.902700 -0.188318 -0.386872 0.931274 -0.027039 1 19 1.000000
PelipperDh.png
  1 -1.762111 -12.871137 6.643114 -0.910303 -0.187558 0.369012 0.931274 -0.017487 1 19 1.000000
  1 -1.530665 -13.301801 6.995165 -0.910303 -0.187558 0.369012 0.954559 -0.025085 1 19 1.000000
  1 -1.600001 -12.871137 7.043016 -0.910303 -0.187558 0.369012 0.931274 -0.027039 1 19 1.000000
PelipperDh.png
  1 -1.681544 -13.301801 6.643114 -0.905851 -0.169462 0.388222 0.954559 -0.016113 1 19 1.000000
  1 -1.530665 -13.301801 6.995165 -0.905851 -0.169462 0.388222 0.954559 -0.025085 1 19 1.000000
  1 -1.762111 -12.871137 6.643114 -0.905851 -0.169462 0.388222 0.931274 -0.017487 1 19 1.000000
PelipperDh.png
  1 -1.600001 -12.871137 7.043016 -0.383722 -0.180995 0.905538 0.931274 -0.027039 1 19 1.000000
  1 -1.166407 -13.301801 7.140673 -0.383722 -0.180995 0.905538 0.954559 -0.046753 1 19 1.000000
  1 -1.209376 -12.871137 7.208544 -0.383722 -0.180995 0.905538 0.931274 -0.050079 1 19 1.000000
PelipperDh.png
  1 -1.530665 -13.301801 6.995165 -0.366135 -0.160788 0.916566 0.954559 -0.025085 1 19 1.000000
  1 -1.166407 -13.301801 7.140673 -0.366135 -0.160788 0.916566 0.954559 -0.046753 1 19 1.000000
  1 -1.600001 -12.871137 7.043016 -0.366135 -0.160788 0.916566 0.931274 -0.027039 1 19 1.000000
PelipperDh.png
  1 -0.801661 -13.301801 6.291063 0.388703 -0.086497 -0.917294 0.954559 -0.068451 1 19 1.000000
  1 -1.209376 -12.871137 6.077684 0.388703 -0.086497 -0.917294 0.931274 -0.050079 1 19 1.000000
  1 -0.818751 -12.871137 6.243212 0.388703 -0.086497 -0.917294 0.931274 -0.072815 1 19 1.000000
PelipperDh.png
  1 -1.137111 13.585984 6.324760 0.100947 0.962004 -0.253689 0.970490 -0.048492 1 16 1.000000
  1 -1.123439 13.668504 6.643119 0.100947 0.962004 -0.253689 0.977783 -0.049316 1 16 1.000000
  1 -0.902736 13.585984 6.418022 0.100947 0.962004 -0.253689 0.970490 -0.062439 1 16 1.000000
PelipperDh.png
  1 -1.123439 13.668504 6.643119 -0.097796 0.964382 0.245770 0.977783 -0.049316 1 16 1.000000
  1 -1.371486 13.585984 6.868217 -0.097796 0.964382 0.245770 0.970490 -0.034576 1 16 1.000000
  1 -1.137111 13.585984 6.961479 -0.097796 0.964382 0.245770 0.970490 -0.048492 1 16 1.000000
PelipperDh.png
  1 -1.123439 13.668504 6.643119 -0.231645 0.967699 0.099492 0.977783 -0.049316 1 16 1.000000
  1 -1.468166 13.585984 6.643119 -0.231645 0.967699 0.099492 0.970490 -0.028809 1 16 1.000000
  1 -1.371486 13.585984 6.868217 -0.231645 0.967699 0.099492 0.970490 -0.034576 1 16 1.000000
PelipperDh.png
  1 -1.123439 13.668504 6.643119 -0.231645 0.967699 -0.099492 0.977783 -0.049316 1 16 1.000000
  1 -1.371486 13.585984 6.418022 -0.231645 0.967699 -0.099492 0.970490 -0.034576 1 16 1.000000
  1 -1.468166 13.585984 6.643119 -0.231645 0.967699 -0.099492 0.970490 -0.028809 1 16 1.000000
PelipperDh.png
  1 -1.166407 -13.301801 6.145555 0.368335 -0.108760 -0.923310 0.954559 -0.046753 1 19 1.000000
  1 -1.209376 -12.871137 6.077684 0.368335 -0.108760 -0.923310 0.931274 -0.050079 1 19 1.000000
  1 -0.801661 -13.301801 6.291063 0.368335 -0.108760 -0.923310 0.954559 -0.068451 1 19 1.000000
PelipperDh.png
  1 -0.650782 -13.301801 6.643114 0.925136 0.008391 -0.379543 0.954559 -0.077423 1 19 1.000000
  1 -0.818751 -12.871137 6.243212 0.925136 0.008391 -0.379543 0.931274 -0.072815 1 19 1.000000
  1 -0.654689 -12.871137 6.643114 0.925136 0.008391 -0.379543 0.931274 -0.083313 1 19 1.000000
PelipperDh.png
  1 -0.801661 -13.301801 6.291063 0.919121 -0.007295 -0.393909 0.954559 -0.068451 1 19 1.000000
  1 -0.818751 -12.871137 6.243212 0.919121 -0.007295 -0.393909 0.931274 -0.072815 1 19 1.000000
  1 -0.650782 -13.301801 6.643114 0.919121 -0.007295 -0.393909 0.954559 -0.077423 1 19 1.000000
PelipperDh.png
  1 -0.801661 -13.301801 6.995165 0.925155 -0.005460 0.379551 0.954559 -0.068451 1 19 1.000000
  1 -0.654689 -12.871137 6.643114 0.925155 -0.005460 0.379551 0.931274 -0.083313 1 19 1.000000
  1 -0.818751 -12.871137 7.043016 0.925155 -0.005460 0.379551 0.931274 -0.072815 1 19 1.000000
PelipperDh.png
  1 -0.650782 -13.301801 6.643114 0.919113 0.008337 0.393906 0.954559 -0.077423 1 19 1.000000
  1 -0.654689 -12.871137 6.643114 0.919113 0.008337 0.393906 0.931274 -0.083313 1 19 1.000000
  1 -0.801661 -13.301801 6.995165 0.919113 0.008337 0.393906 0.954559 -0.068451 1 19 1.000000
PelipperDh.png
  1 -1.166407 -13.301801 7.140673 0.387985 -0.105584 0.915598 0.954559 -0.046753 1 19 1.000000
  1 -0.818751 -12.871137 7.043016 0.387985 -0.105584 0.915598 0.931274 -0.072815 1 19 1.000000
  1 -1.209376 -12.871137 7.208544 0.387985 -0.105584 0.915598 0.931274 -0.050079 1 19 1.000000
PelipperDh.png
  1 -1.123439 13.668504 6.643119 -0.097796 0.964382 -0.245770 0.977783 -0.049316 1 16 1.000000
  1 -1.137111 13.585984 6.324760 -0.097796 0.964382 -0.245770 0.970490 -0.048492 1 16 1.000000
  1 -1.371486 13.585984 6.418022 -0.097796 0.964382 -0.245770 0.970490 -0.034576 1 16 1.000000
PelipperDh.png
  1 1.170018 13.585496 6.866264 0.097209 0.965009 0.243534 0.970490 -0.202820 1 16 1.000000
  1 0.924412 13.666551 6.643119 0.097209 0.965009 0.243534 0.977783 -0.188110 1 16 1.000000
  1 0.937596 13.585496 6.959037 0.097209 0.965009 0.243534 0.970490 -0.188904 1 16 1.000000
PelipperDh.png
  1 1.266209 13.585496 6.643119 0.229610 0.968237 0.098979 0.970490 -0.208618 1 16 1.000000
  1 0.924412 13.666551 6.643119 0.229610 0.968237 0.098979 0.977783 -0.188110 1 16 1.000000
  1 1.170018 13.585496 6.866264 0.229610 0.968237 0.098979 0.970490 -0.202820 1 16 1.000000
PelipperDh.png
  1 1.170018 13.585496 6.419975 0.229610 0.968237 -0.098979 0.970490 -0.202820 1 16 1.000000
  1 0.924412 13.666551 6.643119 0.229610 0.968237 -0.098979 0.977783 -0.188110 1 16 1.000000
  1 1.266209 13.585496 6.643119 0.229610 0.968237 -0.098979 0.970490 -0.208618 1 16 1.000000
PelipperDh.png
  1 0.937596 13.585496 6.327690 0.096847 0.964950 -0.243911 0.970490 -0.188904 1 16 1.000000
  1 0.924412 13.666551 6.643119 0.096847 0.964950 -0.243911 0.977783 -0.188110 1 16 1.000000
  1 1.170018 13.585496 6.419975 0.096847 0.964950 -0.243911 0.970490 -0.202820 1 16 1.000000
PelipperDh.png
  1 0.924412 13.666551 6.643119 -0.100265 0.962731 0.251191 0.977783 -0.188110 1 16 1.000000
  1 0.705174 13.585496 6.866264 -0.100265 0.962731 0.251191 0.970490 -0.174957 1 16 1.000000
  1 0.937596 13.585496 6.959037 -0.100265 0.962731 0.251191 0.970490 -0.188904 1 16 1.000000
PelipperDh.png
  1 0.802734 2.805176 6.357422 0.348714 0.907300 0.234960 0.567719 -0.590179 2 14 0.200000 9 0.800000
  1 1.157515 2.676758 6.326765 0.348714 0.907300 0.234960 0.547424 -0.597809 1 9 1.000000
  1 0.830010 2.864746 6.086910 0.348714 0.907300 0.234960 0.561890 -0.603271 1 9 1.000000
PelipperDh.png
  1 -0.961914 2.643066 6.426758 -0.706453 0.630841 0.320879 0.663330 -0.585968 2 14 0.200000 9 0.800000
  1 -1.072464 2.666992 6.136331 -0.706453 0.630841 0.320879 0.666534 -0.601471 1 9 1.000000
  1 -1.311105 2.230957 6.468171 -0.706453 0.630841 0.320879 0.692871 -0.593872 1 9 1.000000
PelipperDh.png
  1 0.924412 13.666551 6.643119 -0.247460 0.963008 0.106673 0.977783 -0.188110 1 16 1.000000
  1 0.608982 13.585496 6.643119 -0.247460 0.963008 0.106673 0.970490 -0.169189 1 16 1.000000
  1 0.705174 13.585496 6.866264 -0.247460 0.963008 0.106673 0.970490 -0.174957 1 16 1.000000
PelipperDh.png
  1 0.924412 13.666551 6.643119 -0.247460 0.963008 -0.106673 0.977783 -0.188110 1 16 1.000000
  1 0.705174 13.585496 6.419975 -0.247460 0.963008 -0.106673 0.970490 -0.174957 1 16 1.000000
  1 0.608982 13.585496 6.643119 -0.247460 0.963008 -0.106673 0.970490 -0.169189 1 16 1.000000
PelipperDh.png
  1 0.924412 13.666551 6.643119 -0.099880 0.962677 -0.251550 0.977783 -0.188110 1 16 1.000000
  1 0.937596 13.585496 6.327690 -0.099880 0.962677 -0.251550 0.970490 -0.188904 1 16 1.000000
  1 0.705174 13.585496 6.419975 -0.099880 0.962677 -0.251550 0.970490 -0.174957 1 16 1.000000
PelipperDh.png
  1 0.131443 13.604539 6.865287 0.107264 0.957145 0.269011 0.970490 -0.133301 1 16 1.000000
  1 -0.100002 13.692918 6.643119 0.107264 0.957145 0.269011 0.977783 -0.119354 1 16 1.000000
  1 -0.100002 13.604539 6.957572 0.107264 0.957145 0.269011 0.970490 -0.119354 1 16 1.000000
PelipperDh.png
  1 0.227147 13.604539 6.643119 0.259170 0.959358 0.111642 0.970490 -0.139069 1 16 1.000000
  1 -0.100002 13.692918 6.643119 0.259170 0.959358 0.111642 0.977783 -0.119354 1 16 1.000000
  1 0.131443 13.604539 6.865287 0.259170 0.959358 0.111642 0.970490 -0.133301 1 16 1.000000
PelipperDh.png
  1 0.131443 13.604539 6.420951 0.259170 0.959358 -0.111642 0.970490 -0.133301 1 16 1.000000
  1 -0.100002 13.692918 6.643119 0.259170 0.959358 -0.111642 0.977783 -0.119354 1 16 1.000000
  1 0.227147 13.604539 6.643119 0.259170 0.959358 -0.111642 0.970490 -0.139069 1 16 1.000000
PelipperDh.png
  1 -0.100002 13.604539 6.329154 0.106855 0.957079 -0.269411 0.970490 -0.119354 1 16 1.000000
  1 -0.100002 13.692918 6.643119 0.106855 0.957079 -0.269411 0.977783 -0.119354 1 16 1.000000
  1 0.131443 13.604539 6.420951 0.106855 0.957079 -0.269411 0.970490 -0.133301 1 16 1.000000
PelipperDh.png
  1 -0.100002 13.692918 6.643119 -0.107488 0.957122 0.269005 0.977783 -0.119354 1 16 1.000000
  1 -0.330959 13.604539 6.865287 -0.107488 0.957122 0.269005 0.970490 -0.105438 1 16 1.000000
  1 -0.100002 13.604539 6.957572 -0.107488 0.957122 0.269005 0.970490 -0.119354 1 16 1.000000
PelipperDh.png
  1 -0.100002 13.692918 6.643119 -0.259526 0.959243 0.111796 0.977783 -0.119354 1 16 1.000000
  1 -0.426662 13.604539 6.643119 -0.259526 0.959243 0.111796 0.970490 -0.099670 1 16 1.000000
  1 -0.330959 13.604539 6.865287 -0.259526 0.959243 0.111796 0.970490 -0.105438 1 16 1.000000
PelipperDh.png
  1 -0.801661 -13.301801 6.995165 0.369090 -0.088154 0.925203 0.954559 -0.068451 1 19 1.000000
  1 -0.818751 -12.871137 7.043016 0.369090 -0.088154 0.925203 0.931274 -0.072815 1 19 1.000000
  1 -1.166407 -13.301801 7.140673 0.369090 -0.088154 0.925203 0.954559 -0.046753 1 19 1.000000
PelipperDh.png
  1 -0.513672 -11.407715 6.222656 -0.390095 -0.019074 -0.920577 0.856171 -0.094971 2 18 0.100000 19 0.900000
  1 -0.100001 -12.871137 6.077684 -0.390095 -0.019074 -0.920577 0.931274 -0.119354 1 19 1.000000
  1 -0.490626 -12.871137 6.243212 -0.390095 -0.019074 -0.920577 0.931274 -0.096313 1 19 1.000000
PelipperDh.png
  1 -0.687012 -11.407715 6.643066 -0.924975 -0.020443 -0.379477 0.856171 -0.083313 2 18 0.100000 19 0.900000
  1 -0.490626 -12.871137 6.243212 -0.924975 -0.020443 -0.379477 0.931274 -0.096313 1 19 1.000000
  1 -0.654689 -12.871137 6.643114 -0.924975 -0.020443 -0.379477 0.931274 -0.083313 1 19 1.000000
PelipperDh.png
  1 -0.513672 -11.407715 7.063477 -0.924986 -0.019872 0.379481 0.856171 -0.094971 2 18 0.100000 19 0.900000
  1 -0.654689 -12.871137 6.643114 -0.924986 -0.019872 0.379481 0.931274 -0.083313 1 19 1.000000
  1 -0.490626 -12.871137 7.043016 -0.924986 -0.019872 0.379481 0.931274 -0.096313 1 19 1.000000
PelipperDh.png
  1 -0.099609 -11.407715 7.237793 -0.390100 -0.018295 0.920591 0.856171 -0.119354 2 18 0.100000 19 0.900000
  1 -0.490626 -12.871137 7.043016 -0.390100 -0.018295 0.920591 0.931274 -0.096313 1 19 1.000000
  1 -0.100001 -12.871137 7.208544 -0.390100 -0.018295 0.920591 0.931274 -0.119354 1 19 1.000000
PelipperDh.png
  1 0.291112 -12.871137 7.043016 0.389686 -0.018507 0.920762 0.931274 -0.142426 1 19 1.000000
  1 -0.099609 -11.407715 7.237793 0.389686 -0.018507 0.920762 0.856171 -0.119354 2 18 0.100000 19 0.900000
  1 -0.100001 -12.871137 7.208544 0.389686 -0.018507 0.920762 0.931274 -0.119354 1 19 1.000000
PelipperDh.png
  1 0.313965 -11.407715 7.063477 0.388328 -0.018945 0.921327 0.856171 -0.143768 2 18 0.100000 19 0.900000
  1 -0.099609 -11.407715 7.237793 0.388328 -0.018945 0.921327 0.856171 -0.119354 2 18 0.100000 19 0.900000
  1 0.291112 -12.871137 7.043016 0.388328 -0.018945 0.921327 0.931274 -0.142426 1 19 1.000000
PelipperDh.png
  1 0.455175 -12.871137 6.643114 0.924988 -0.019750 0.379482 0.931274 -0.155121 1 19 1.000000
  1 0.313965 -11.407715 7.063477 0.924988 -0.019750 0.379482 0.856171 -0.143768 2 18 0.100000 19 0.900000
  1 0.291112 -12.871137 7.043016 0.924988 -0.019750 0.379482 0.931274 -0.142426 1 19 1.000000
PelipperDh.png
  1 0.487793 -11.407715 6.643066 0.923926 -0.020581 0.382018 0.856171 -0.155121 2 18 0.100000 19 0.900000
  1 0.313965 -11.407715 7.063477 0.923926 -0.020581 0.382018 0.856171 -0.143768 2 18 0.100000 19 0.900000
  1 0.455175 -12.871137 6.643114 0.923926 -0.020581 0.382018 0.931274 -0.155121 1 19 1.000000
PelipperDh.png
  1 0.291112 -12.871137 6.243212 0.924972 -0.020629 -0.379476 0.931274 -0.142426 1 19 1.000000
  1 0.487793 -11.407715 6.643066 0.924972 -0.020629 -0.379476 0.856171 -0.155121 2 18 0.100000 19 0.900000
  1 0.455175 -12.871137 6.643114 0.924972 -0.020629 -0.379476 0.931274 -0.155121 1 19 1.000000
PelipperDh.png
  1 0.313965 -11.407715 6.222656 0.923940 -0.019794 -0.382024 0.856171 -0.143768 2 18 0.100000 19 0.900000
  1 0.487793 -11.407715 6.643066 0.923940 -0.019794 -0.382024 0.856171 -0.155121 2 18 0.100000 19 0.900000
  1 0.291112 -12.871137 6.243212 0.923940 -0.019794 -0.382024 0.931274 -0.142426 1 19 1.000000
PelipperDh.png
  1 -0.100001 -12.871137 6.077684 0.389682 -0.019018 -0.920753 0.931274 -0.119354 1 19 1.000000
  1 0.313965 -11.407715 6.222656 0.389682 -0.019018 -0.920753 0.856171 -0.143768 2 18 0.100000 19 0.900000
  1 0.291112 -12.871137 6.243212 0.389682 -0.019018 -0.920753 0.931274 -0.142426 1 19 1.000000
PelipperDh.png
  1 -0.099609 -11.407715 6.048340 0.388330 -0.018579 -0.921333 0.856171 -0.119354 2 18 0.100000 19 0.900000
  1 0.313965 -11.407715 6.222656 0.388330 -0.018579 -0.921333 0.856171 -0.143768 2 18 0.100000 19 0.900000
  1 -0.100001 -12.871137 6.077684 0.388330 -0.018579 -0.921333 0.931274 -0.119354 1 19 1.000000
PelipperDh.png
  1 -0.330958 -13.604535 6.865282 -0.325747 -0.483102 0.812712 0.970490 -0.105438 1 19 1.000000
  1 -0.100001 -13.307660 7.134325 -0.325747 -0.483102 0.812712 0.954559 -0.119354 1 19 1.000000
  1 -0.459376 -13.307660 6.990282 -0.325747 -0.483102 0.812712 0.954559 -0.097687 1 19 1.000000
PelipperDh.png
  1 -0.100001 -13.604535 6.957567 -0.324725 -0.483860 0.812671 0.970490 -0.119354 1 19 1.000000
  1 -0.100001 -13.307660 7.134325 -0.324725 -0.483860 0.812671 0.954559 -0.119354 1 19 1.000000
  1 -0.330958 -13.604535 6.865282 -0.324725 -0.483860 0.812671 0.970490 -0.105438 1 19 1.000000
PelipperDh.png
  1 -0.100001 -13.604535 6.957567 0.325229 -0.483771 0.812522 0.970490 -0.119354 1 19 1.000000
  1 0.259862 -13.307660 6.990282 0.325229 -0.483771 0.812522 0.954559 -0.141052 1 19 1.000000
  1 -0.100001 -13.307660 7.134325 0.325229 -0.483771 0.812522 0.954559 -0.119354 1 19 1.000000
PelipperDh.png
  1 0.131444 -13.604535 6.865282 0.324349 -0.482806 0.813447 0.970490 -0.133301 1 19 1.000000
  1 0.259862 -13.307660 6.990282 0.324349 -0.482806 0.813447 0.954559 -0.141052 1 19 1.000000
  1 -0.100001 -13.604535 6.957567 0.324349 -0.482806 0.813447 0.970490 -0.119354 1 19 1.000000
PelipperDh.png
  1 0.131444 -13.604535 6.865282 0.800637 -0.490939 0.343452 0.970490 -0.133301 1 19 1.000000
  1 0.408788 -13.307660 6.643114 0.800637 -0.490939 0.343452 0.954559 -0.150024 1 19 1.000000
  1 0.259862 -13.307660 6.990282 0.800637 -0.490939 0.343452 0.954559 -0.141052 1 19 1.000000
PelipperDh.png
  1 0.227147 -13.604535 6.643114 0.800663 -0.489879 0.344901 0.970490 -0.139069 1 19 1.000000
  1 0.408788 -13.307660 6.643114 0.800663 -0.489879 0.344901 0.954559 -0.150024 1 19 1.000000
  1 0.131444 -13.604535 6.865282 0.800663 -0.489879 0.344901 0.970490 -0.133301 1 19 1.000000
PelipperDh.png
  1 0.227147 -13.604535 6.643114 0.801060 -0.490122 -0.343633 0.970490 -0.139069 1 19 1.000000
  1 0.259862 -13.307660 6.295946 0.801060 -0.490122 -0.343633 0.954559 -0.141052 1 19 1.000000
  1 0.408788 -13.307660 6.643114 0.801060 -0.490122 -0.343633 0.954559 -0.150024 1 19 1.000000
PelipperDh.png
  1 0.131444 -13.604535 6.420946 0.800003 -0.491156 -0.344617 0.970490 -0.133301 1 19 1.000000
  1 0.259862 -13.307660 6.295946 0.800003 -0.491156 -0.344617 0.954559 -0.141052 1 19 1.000000
  1 0.227147 -13.604535 6.643114 0.800003 -0.491156 -0.344617 0.970490 -0.139069 1 19 1.000000
PelipperDh.png
  1 0.131444 -13.604535 6.420946 0.325382 -0.483025 -0.812904 0.970490 -0.133301 1 19 1.000000
  1 -0.100001 -13.307660 6.151903 0.325382 -0.483025 -0.812904 0.954559 -0.119354 1 19 1.000000
  1 0.259862 -13.307660 6.295946 0.325382 -0.483025 -0.812904 0.954559 -0.141052 1 19 1.000000
PelipperDh.png
  1 -0.100001 -13.604535 6.329149 0.322367 -0.485259 -0.812775 0.970490 -0.119354 1 19 1.000000
  1 -0.100001 -13.307660 6.151903 0.322367 -0.485259 -0.812775 0.954559 -0.119354 1 19 1.000000
  1 0.131444 -13.604535 6.420946 0.322367 -0.485259 -0.812775 0.970490 -0.133301 1 19 1.000000
PelipperDh.png
  1 -0.100001 -13.604535 6.329149 -0.325414 -0.484724 -0.811880 0.970490 -0.119354 1 19 1.000000
  1 -0.459376 -13.307660 6.295946 -0.325414 -0.484724 -0.811880 0.954559 -0.097687 1 19 1.000000
  1 -0.100001 -13.307660 6.151903 -0.325414 -0.484724 -0.811880 0.954559 -0.119354 1 19 1.000000
PelipperDh.png
  1 -0.330958 -13.604535 6.420946 -0.323493 -0.482625 -0.813895 0.970490 -0.105438 1 19 1.000000
  1 -0.459376 -13.307660 6.295946 -0.323493 -0.482625 -0.813895 0.954559 -0.097687 1 19 1.000000
  1 -0.100001 -13.604535 6.329149 -0.323493 -0.482625 -0.813895 0.970490 -0.119354 1 19 1.000000
PelipperDh.png
  1 -0.330958 -13.604535 6.420946 -0.800637 -0.490939 -0.343452 0.970490 -0.105438 1 19 1.000000
  1 -0.608302 -13.307660 6.643114 -0.800637 -0.490939 -0.343452 0.954559 -0.088715 1 19 1.000000
  1 -0.459376 -13.307660 6.295946 -0.800637 -0.490939 -0.343452 0.954559 -0.097687 1 19 1.000000
PelipperDh.png
  1 -0.426661 -13.604535 6.643114 -0.800663 -0.489879 -0.344901 0.970490 -0.099670 1 19 1.000000
  1 -0.608302 -13.307660 6.643114 -0.800663 -0.489879 -0.344901 0.954559 -0.088715 1 19 1.000000
  1 -0.330958 -13.604535 6.420946 -0.800663 -0.489879 -0.344901 0.970490 -0.105438 1 19 1.000000
PelipperDh.png
  1 -0.608302 -13.307660 6.643114 -0.800637 -0.490939 0.343452 0.954559 -0.088715 1 19 1.000000
  1 -0.330958 -13.604535 6.865282 -0.800637 -0.490939 0.343452 0.970490 -0.105438 1 19 1.000000
  1 -0.459376 -13.307660 6.990282 -0.800637 -0.490939 0.343452 0.954559 -0.097687 1 19 1.000000
PelipperDh.png
  1 -0.426661 -13.604535 6.643114 -0.800663 -0.489879 0.344901 0.970490 -0.099670 1 19 1.000000
  1 -0.330958 -13.604535 6.865282 -0.800663 -0.489879 0.344901 0.970490 -0.105438 1 19 1.000000
  1 -0.608302 -13.307660 6.643114 -0.800663 -0.489879 0.344901 0.954559 -0.088715 1 19 1.000000
PelipperDh.png
  1 -0.100001 -12.871137 6.077684 -0.386442 -0.137834 -0.911957 0.931274 -0.119354 1 19 1.000000
  1 -0.459376 -13.307660 6.295946 -0.386442 -0.137834 -0.911957 0.954559 -0.097687 1 19 1.000000
  1 -0.490626 -12.871137 6.243212 -0.386442 -0.137834 -0.911957 0.931274 -0.096313 1 19 1.000000
PelipperDh.png
  1 -0.100001 -13.307660 6.151903 -0.367495 -0.155888 -0.916868 0.954559 -0.119354 1 19 1.000000
  1 -0.459376 -13.307660 6.295946 -0.367495 -0.155888 -0.916868 0.954559 -0.097687 1 19 1.000000
  1 -0.100001 -12.871137 6.077684 -0.367495 -0.155888 -0.916868 0.931274 -0.119354 1 19 1.000000
PelipperDh.png
  1 -0.490626 -12.871137 6.243212 -0.920730 -0.097840 -0.377735 0.931274 -0.096313 1 19 1.000000
  1 -0.608302 -13.307660 6.643114 -0.920730 -0.097840 -0.377735 0.954559 -0.088715 1 19 1.000000
  1 -0.654689 -12.871137 6.643114 -0.920730 -0.097840 -0.377735 0.931274 -0.083313 1 19 1.000000
PelipperDh.png
  1 -0.459376 -13.307660 6.295946 -0.913157 -0.112693 -0.391720 0.954559 -0.097687 1 19 1.000000
  1 -0.608302 -13.307660 6.643114 -0.913157 -0.112693 -0.391720 0.954559 -0.088715 1 19 1.000000
  1 -0.490626 -12.871137 6.243212 -0.913157 -0.112693 -0.391720 0.931274 -0.096313 1 19 1.000000
PelipperDh.png
  1 -0.654689 -12.871137 6.643114 -0.919411 -0.111386 0.377194 0.931274 -0.083313 1 19 1.000000
  1 -0.459376 -13.307660 6.990282 -0.919411 -0.111386 0.377194 0.954559 -0.097687 1 19 1.000000
  1 -0.490626 -12.871137 7.043016 -0.919411 -0.111386 0.377194 0.931274 -0.096313 1 19 1.000000
PelipperDh.png
  1 0.706543 -2.628418 6.879883 0.536450 -0.682071 0.496992 0.574127 -0.573425 2 17 0.200000 9 0.800000
  1 1.157515 -2.676758 6.326765 0.536450 -0.682071 0.496992 0.547424 -0.597809 1 9 1.000000
  1 0.776337 -2.345703 7.192545 0.536450 -0.682071 0.496992 0.569489 -0.554413 1 9 1.000000
PelipperDh.png
  1 0.802734 -2.805176 6.357422 -0.045912 -0.976533 0.210417 0.567719 -0.590179 2 17 0.200000 9 0.800000
  1 0.021973 -2.777832 6.313965 -0.045912 -0.976533 0.210417 0.611145 -0.592804 2 17 0.200000 9 0.800000
  1 0.830010 -2.864746 6.086910 -0.045912 -0.976533 0.210417 0.561890 -0.603271 1 9 1.000000
PelipperDh.png
  1 0.830010 -2.864746 6.086910 -0.013907 -0.949351 0.313910 0.561890 -0.603271 1 9 1.000000
  1 0.021973 -2.777832 6.313965 -0.013907 -0.949351 0.313910 0.611145 -0.592804 2 17 0.200000 9 0.800000
  1 -0.051583 -2.910645 5.909044 -0.013907 -0.949351 0.313910 0.605286 -0.619598 1 9 1.000000
PelipperDh.png
  1 -0.608302 -13.307660 6.643114 -0.914660 -0.097195 0.392365 0.954559 -0.088715 1 19 1.000000
  1 -0.459376 -13.307660 6.990282 -0.914660 -0.097195 0.392365 0.954559 -0.097687 1 19 1.000000
  1 -0.654689 -12.871137 6.643114 -0.914660 -0.097195 0.392365 0.931274 -0.083313 1 19 1.000000
PelipperDh.png
  1 -0.053711 -2.540527 7.001465 -0.010666 -0.676642 0.736235 0.615509 -0.566010 2 17 0.200000 9 0.800000
  1 0.776337 -2.345703 7.192545 -0.010666 -0.676642 0.736235 0.569489 -0.554413 1 9 1.000000
  1 -0.044322 -2.208008 7.307205 -0.010666 -0.676642 0.736235 0.611969 -0.547455 1 9 1.000000
PelipperDh.png
  1 -0.837703 -2.144531 7.132843 -0.223503 -0.507220 0.832331 0.652100 -0.552246 1 9 1.000000
  1 -0.796875 -2.503906 6.924805 -0.223503 -0.507220 0.832331 0.652344 -0.570709 2 17 0.200000 9 0.800000
  1 -0.044322 -2.208008 7.307205 -0.223503 -0.507220 0.832331 0.611969 -0.547455 1 9 1.000000
PelipperDh.png
  1 -0.490626 -12.871137 7.043016 -0.385471 -0.154664 0.909666 0.931274 -0.096313 1 19 1.000000
  1 -0.100001 -13.307660 7.134325 -0.385471 -0.154664 0.909666 0.954559 -0.119354 1 19 1.000000
  1 -0.100001 -12.871137 7.208544 -0.385471 -0.154664 0.909666 0.931274 -0.119354 1 19 1.000000
PelipperDh.png
  1 -0.459376 -13.307660 6.990282 -0.368512 -0.137450 0.919406 0.954559 -0.097687 1 19 1.000000
  1 -0.100001 -13.307660 7.134325 -0.368512 -0.137450 0.919406 0.954559 -0.119354 1 19 1.000000
  1 -0.490626 -12.871137 7.043016 -0.368512 -0.137450 0.919406 0.931274 -0.096313 1 19 1.000000
PelipperDh.png
  1 -0.961914 -2.643066 6.426758 -0.624846 -0.581771 0.520682 0.663330 -0.585968 2 17 0.200000 9 0.800000
  1 -0.837703 -2.144531 7.132843 -0.624846 -0.581771 0.520682 0.652100 -0.552246 1 9 1.000000
  1 -1.311105 -2.230957 6.468171 -0.624846 -0.581771 0.520682 0.692871 -0.593872 1 9 1.000000
PelipperDh.png
  1 0.021973 -2.777832 6.313965 -0.091615 -0.941150 0.325336 0.611145 -0.592804 2 17 0.200000 9 0.800000
  1 -0.961914 -2.643066 6.426758 -0.091615 -0.941150 0.325336 0.663330 -0.585968 2 17 0.200000 9 0.800000
  1 -0.051583 -2.910645 5.909044 -0.091615 -0.941150 0.325336 0.605286 -0.619598 1 9 1.000000
PelipperDh.png
  1 -0.051583 -2.910645 5.909044 -0.196656 -0.968204 0.154619 0.605286 -0.619598 1 9 1.000000
  1 -0.961914 -2.643066 6.426758 -0.196656 -0.968204 0.154619 0.663330 -0.585968 2 17 0.200000 9 0.800000
  1 -1.072464 -2.666992 6.136331 -0.196656 -0.968204 0.154619 0.666534 -0.601471 1 9 1.000000
PelipperDh.png
  1 0.259862 -13.307660 6.295946 0.386033 -0.137826 -0.912131 0.954559 -0.141052 1 19 1.000000
  1 -0.100001 -12.871137 6.077684 0.386033 -0.137826 -0.912131 0.931274 -0.119354 1 19 1.000000
  1 0.291112 -12.871137 6.243212 0.386033 -0.137826 -0.912131 0.931274 -0.142426 1 19 1.000000
PelipperDh.png
  1 -0.100001 -13.307660 6.151903 0.367063 -0.155917 -0.917036 0.954559 -0.119354 1 19 1.000000
  1 -0.100001 -12.871137 6.077684 0.367063 -0.155917 -0.917036 0.931274 -0.119354 1 19 1.000000
  1 0.259862 -13.307660 6.295946 0.367063 -0.155917 -0.917036 0.954559 -0.141052 1 19 1.000000
PelipperDh.png
  1 0.408788 -13.307660 6.643114 0.920730 -0.097840 -0.377735 0.954559 -0.150024 1 19 1.000000
  1 0.291112 -12.871137 6.243212 0.920730 -0.097840 -0.377735 0.931274 -0.142426 1 19 1.000000
  1 0.455175 -12.871137 6.643114 0.920730 -0.097840 -0.377735 0.931274 -0.155121 1 19 1.000000
PelipperDh.png
  1 0.259862 -13.307660 6.295946 0.913157 -0.112693 -0.391720 0.954559 -0.141052 1 19 1.000000
  1 0.291112 -12.871137 6.243212 0.913157 -0.112693 -0.391720 0.931274 -0.142426 1 19 1.000000
  1 0.408788 -13.307660 6.643114 0.913157 -0.112693 -0.391720 0.954559 -0.150024 1 19 1.000000
PelipperDh.png
  1 0.259862 -13.307660 6.990282 0.919411 -0.111386 0.377194 0.954559 -0.141052 1 19 1.000000
  1 0.455175 -12.871137 6.643114 0.919411 -0.111386 0.377194 0.931274 -0.155121 1 19 1.000000
  1 0.291112 -12.871137 7.043016 0.919411 -0.111386 0.377194 0.931274 -0.142426 1 19 1.000000
PelipperDh.png
  1 0.408788 -13.307660 6.643114 0.914660 -0.097195 0.392365 0.954559 -0.150024 1 19 1.000000
  1 0.455175 -12.871137 6.643114 0.914660 -0.097195 0.392365 0.931274 -0.155121 1 19 1.000000
  1 0.259862 -13.307660 6.990282 0.914660 -0.097195 0.392365 0.954559 -0.141052 1 19 1.000000
PelipperDh.png
  1 -0.100001 -13.307660 7.134325 0.385061 -0.154692 0.909834 0.954559 -0.119354 1 19 1.000000
  1 0.291112 -12.871137 7.043016 0.385061 -0.154692 0.909834 0.931274 -0.142426 1 19 1.000000
  1 -0.100001 -12.871137 7.208544 0.385061 -0.154692 0.909834 0.931274 -0.119354 1 19 1.000000
PelipperDh.png
  1 0.259862 -13.307660 6.990282 0.368081 -0.137440 0.919579 0.954559 -0.141052 1 19 1.000000
  1 0.291112 -12.871137 7.043016 0.368081 -0.137440 0.919579 0.931274 -0.142426 1 19 1.000000
  1 -0.100001 -13.307660 7.134325 0.368081 -0.137440 0.919579 0.954559 -0.119354 1 19 1.000000
PelipperDh.png
  1 -0.818751 -12.871137 6.243212 0.924976 0.020418 -0.379477 0.931274 -0.072815 1 19 1.000000
  1 -0.687012 -11.407715 6.643066 0.924976 0.020418 -0.379477 0.856171 -0.083313 2 18 0.100000 19 0.900000
  1 -0.654689 -12.871137 6.643114 0.924976 0.020418 -0.379477 0.931274 -0.083313 1 19 1.000000
PelipperDh.png
  1 -0.860840 -11.407715 6.222656 0.923914 0.021206 -0.382013 0.856171 -0.072815 2 18 0.100000 19 0.900000
  1 -0.687012 -11.407715 6.643066 0.923914 0.021206 -0.382013 0.856171 -0.083313 2 18 0.100000 19 0.900000
  1 -0.818751 -12.871137 6.243212 0.923914 0.021206 -0.382013 0.931274 -0.072815 1 19 1.000000
PelipperDh.png
  1 0.675781 -9.778809 6.243652 -0.387096 0.015623 -0.921907 0.757019 -0.165100 2 18 0.300000 19 0.700000
  1 1.075195 -11.407715 6.048340 -0.387096 0.015623 -0.921907 0.856171 -0.188660 2 18 0.100000 19 0.900000
  1 0.661229 -11.375531 6.222704 -0.387096 0.015623 -0.921907 0.856171 -0.164246 1 19 1.000000
PelipperDh.png
  1 1.157515 -2.676758 6.326765 0.348714 -0.907300 0.234960 0.547424 -0.597809 1 9 1.000000
  1 0.802734 -2.805176 6.357422 0.348714 -0.907300 0.234960 0.567719 -0.590179 2 17 0.200000 9 0.800000
  1 0.830010 -2.864746 6.086910 0.348714 -0.907300 0.234960 0.561890 -0.603271 1 9 1.000000
PelipperDh.png
  1 -1.072464 -2.666992 6.136331 -0.706453 -0.630841 0.320879 0.666534 -0.601471 1 9 1.000000
  1 -0.961914 -2.643066 6.426758 -0.706453 -0.630841 0.320879 0.663330 -0.585968 2 17 0.200000 9 0.800000
  1 -1.311105 -2.230957 6.468171 -0.706453 -0.630841 0.320879 0.692871 -0.593872 1 9 1.000000
PelipperDh.png
  1 6.348054 0.678711 8.605962 0.104678 0.078691 0.991388 0.164978 -0.400879 1 13 1.000000
  1 4.412433 1.764160 8.724182 0.104678 0.078691 0.991388 0.273682 -0.420044 1 13 1.000000
  1 4.346901 0.423828 8.837489 0.104678 0.078691 0.991388 0.268890 -0.398010 1 13 1.000000
PelipperDh.png
  1 1.250488 -6.411621 6.706543 0.893377 0.151539 -0.422982 0.582123 -0.206451 2 18 0.200000 17 0.800000
  1 1.384766 -7.237305 6.694336 0.893377 0.151539 -0.422982 0.602448 -0.208923 2 18 0.500000 17 0.500000
  1 1.084961 -6.411621 6.356934 0.893377 0.151539 -0.422982 0.581482 -0.194763 2 18 0.200000 17 0.800000
PelipperDh.png
  1 1.084961 -6.411621 6.356934 0.897249 0.157190 -0.412595 0.581482 -0.194763 2 18 0.200000 17 0.800000
  1 1.384766 -7.237305 6.694336 0.897249 0.157190 -0.412595 0.602448 -0.208923 2 18 0.500000 17 0.500000
  1 1.211426 -7.237305 6.317383 0.897249 0.157190 -0.412595 0.601379 -0.196838 2 18 0.500000 17 0.500000
PelipperDh.png
  1 -0.099609 -7.237305 6.273926 0.033078 0.055505 -0.997910 0.599823 -0.118561 2 18 0.500000 17 0.500000
  1 -0.099609 -6.412109 6.319824 0.033078 0.055505 -0.997910 0.580597 -0.118561 2 18 0.200000 17 0.800000
  1 1.211426 -7.237305 6.317383 0.033078 0.055505 -0.997910 0.601379 -0.196838 2 18 0.500000 17 0.500000
PelipperDh.png
  1 1.211426 -7.237305 6.317383 0.031247 0.052597 -0.998127 0.601379 -0.196838 2 18 0.500000 17 0.500000
  1 -0.099609 -6.412109 6.319824 0.031247 0.052597 -0.998127 0.580597 -0.118561 2 18 0.200000 17 0.800000
  1 1.084961 -6.411621 6.356934 0.031247 0.052597 -0.998127 0.581482 -0.194763 2 18 0.200000 17 0.800000
PelipperDh.png
  1 -1.411133 -7.237305 6.317383 -0.033070 0.052873 -0.998054 0.601379 -0.040283 2 18 0.500000 17 0.500000
  1 -1.284668 -6.411621 6.356934 -0.033070 0.052873 -0.998054 0.581482 -0.042358 2 18 0.200000 17 0.800000
  1 -0.099609 -7.237305 6.273926 -0.033070 0.052873 -0.998054 0.599823 -0.118561 2 18 0.500000 17 0.500000
PelipperDh.png
  1 -0.099609 -7.237305 6.273926 -0.031228 0.055508 -0.997970 0.599823 -0.118561 2 18 0.500000 17 0.500000
  1 -1.284668 -6.411621 6.356934 -0.031228 0.055508 -0.997970 0.581482 -0.042358 2 18 0.200000 17 0.800000
  1 -0.099609 -6.412109 6.319824 -0.031228 0.055508 -0.997970 0.580597 -0.118561 2 18 0.200000 17 0.800000
PelipperDh.png
  1 -1.284668 -6.411621 6.356934 -0.892612 0.156960 -0.422619 0.581482 -0.042358 2 18 0.200000 17 0.800000
  1 -1.411133 -7.237305 6.317383 -0.892612 0.156960 -0.422619 0.601379 -0.040283 2 18 0.500000 17 0.500000
  1 -1.450195 -6.411621 6.706543 -0.892612 0.156960 -0.422619 0.582123 -0.030701 2 18 0.200000 17 0.800000
PelipperDh.png
  1 -1.450195 -6.411621 6.706543 -0.897968 0.152137 -0.412926 0.582123 -0.030701 2 18 0.200000 17 0.800000
  1 -1.411133 -7.237305 6.317383 -0.897968 0.152137 -0.412926 0.601379 -0.040283 2 18 0.500000 17 0.500000
  1 -1.584473 -7.237305 6.694336 -0.897968 0.152137 -0.412926 0.602448 -0.028198 2 18 0.500000 17 0.500000
PelipperDh.png
  1 -0.099609 -9.226563 7.222656 0.016163 0.046545 0.998785 0.689423 -0.118561 2 19 0.400000 18 0.600000
  1 0.821289 -9.273926 7.209961 0.016163 0.046545 0.998785 0.693237 -0.163757 2 19 0.400000 18 0.600000
  1 -0.099609 -8.220703 7.175781 0.016163 0.046545 0.998785 0.606903 -0.118561 2 17 0.200000 18 0.800000
PelipperDh.png
  1 -0.099609 -8.220703 6.204590 -0.016808 0.103790 -0.994457 0.606903 -0.118561 2 17 0.200000 18 0.800000
  1 0.821289 -9.273926 6.079102 -0.016808 0.103790 -0.994457 0.693237 -0.163757 2 19 0.400000 18 0.600000
  1 -0.099609 -9.226563 6.099609 -0.016808 0.103790 -0.994457 0.689423 -0.118561 2 19 0.400000 18 0.600000
PelipperDh.png
  1 -0.099609 -9.226563 6.099609 0.016808 0.103790 -0.994457 0.689423 -0.118561 2 19 0.400000 18 0.600000
  1 -1.020508 -9.273926 6.079102 0.016808 0.103790 -0.994457 0.693237 -0.073364 2 19 0.400000 18 0.600000
  1 -0.099609 -8.220703 6.204590 0.016808 0.103790 -0.994457 0.606903 -0.118561 2 17 0.200000 18 0.800000
PelipperDh.png
  1 -1.020508 -9.273926 7.209961 -0.016163 0.046545 0.998785 0.693237 -0.073364 2 19 0.400000 18 0.600000
  1 -0.099609 -9.226563 7.222656 -0.016163 0.046545 0.998785 0.689423 -0.118561 2 19 0.400000 18 0.600000
  1 -0.099609 -8.220703 7.175781 -0.016163 0.046545 0.998785 0.606903 -0.118561 2 17 0.200000 18 0.800000
PelipperDh.png
  1 -1.686523 -9.321289 7.148438 -0.094179 0.031792 0.995048 0.697052 -0.028168 2 19 0.400000 18 0.600000
  1 -1.020508 -9.273926 7.209961 -0.094179 0.031792 0.995048 0.693237 -0.073364 2 19 0.400000 18 0.600000
  1 -1.541992 -8.220703 7.126953 -0.094179 0.031792 0.995048 0.608734 -0.039520 2 17 0.200000 18 0.800000
PelipperDh.png
  1 -1.541992 -8.220703 7.126953 -0.033768 0.061897 0.997511 0.608734 -0.039520 2 17 0.200000 18 0.800000
  1 -1.020508 -9.273926 7.209961 -0.033768 0.061897 0.997511 0.693237 -0.073364 2 19 0.400000 18 0.600000
  1 -0.099609 -8.220703 7.175781 -0.033768 0.061897 0.997511 0.606903 -0.118561 2 17 0.200000 18 0.800000
PelipperDh.png
  1 1.342285 -8.220703 7.126953 0.094248 0.031801 0.995041 0.608734 -0.197601 2 17 0.200000 18 0.800000
  1 0.821289 -9.273926 7.209961 0.094248 0.031801 0.995041 0.693237 -0.163757 2 19 0.400000 18 0.600000
  1 1.486816 -9.321289 7.148438 0.094248 0.031801 0.995041 0.697052 -0.208954 2 19 0.400000 18 0.600000
PelipperDh.png
  1 1.486816 -9.321289 6.174316 0.147332 0.090140 -0.984971 0.697052 -0.208954 2 19 0.400000 18 0.600000
  1 0.821289 -9.273926 6.079102 0.147332 0.090140 -0.984971 0.693237 -0.163757 2 19 0.400000 18 0.600000
  1 1.342285 -8.220703 6.253418 0.147332 0.090140 -0.984971 0.608734 -0.197601 2 17 0.200000 18 0.800000
PelipperDh.png
  1 1.342285 -8.220703 6.253418 0.033477 0.147055 -0.988562 0.608734 -0.197601 2 17 0.200000 18 0.800000
  1 0.821289 -9.273926 6.079102 0.033477 0.147055 -0.988562 0.693237 -0.163757 2 19 0.400000 18 0.600000
  1 -0.099609 -8.220703 6.204590 0.033477 0.147055 -0.988562 0.606903 -0.118561 2 17 0.200000 18 0.800000
PelipperDh.png
  1 -1.541992 -8.220703 6.253418 -0.147225 0.090127 -0.984988 0.608734 -0.039520 2 17 0.200000 18 0.800000
  1 -1.020508 -9.273926 6.079102 -0.147225 0.090127 -0.984988 0.693237 -0.073364 2 19 0.400000 18 0.600000
  1 -1.686523 -9.321289 6.174316 -0.147225 0.090127 -0.984988 0.697052 -0.028168 2 19 0.400000 18 0.600000
PelipperDh.png
  1 -0.099609 -8.220703 6.204590 -0.033465 0.147045 -0.988564 0.606903 -0.118561 2 17 0.200000 18 0.800000
  1 -1.020508 -9.273926 6.079102 -0.033465 0.147045 -0.988564 0.693237 -0.073364 2 19 0.400000 18 0.600000
  1 -1.541992 -8.220703 6.253418 -0.033465 0.147045 -0.988564 0.608734 -0.039520 2 17 0.200000 18 0.800000
PelipperDh.png
  1 -0.099609 -7.237305 7.128418 -0.033086 0.043131 0.998521 0.599823 -0.118561 2 18 0.500000 17 0.500000
  1 -0.099609 -6.412109 7.092773 -0.033086 0.043131 0.998521 0.580597 -0.118561 2 18 0.200000 17 0.800000
  1 -1.411133 -7.237305 7.084961 -0.033086 0.043131 0.998521 0.601379 -0.040283 2 18 0.500000 17 0.500000
PelipperDh.png
  1 -0.099609 -7.237305 7.128418 0.031265 0.043134 0.998580 0.599823 -0.118561 2 18 0.500000 17 0.500000
  1 1.084961 -6.411621 7.055664 0.031265 0.043134 0.998580 0.581482 -0.194763 2 18 0.200000 17 0.800000
  1 -0.099609 -6.412109 7.092773 0.031265 0.043134 0.998580 0.580597 -0.118561 2 18 0.200000 17 0.800000
PelipperDh.png
  1 -0.099609 -8.220703 7.175781 0.033780 0.061907 0.997510 0.606903 -0.118561 2 17 0.200000 18 0.800000
  1 0.821289 -9.273926 7.209961 0.033780 0.061907 0.997510 0.693237 -0.163757 2 19 0.400000 18 0.600000
  1 1.342285 -8.220703 7.126953 0.033780 0.061907 0.997510 0.608734 -0.197601 2 17 0.200000 18 0.800000
PelipperDh.png
  1 0.802734 -2.805176 6.357422 0.981604 0.134945 0.135071 0.420441 -0.145172 2 17 0.200000 9 0.800000
  1 0.706543 -2.628418 6.879883 0.981604 0.134945 0.135071 0.458130 -0.159668 2 17 0.200000 9 0.800000
  1 1.250488 -6.411621 6.706543 0.981604 0.134945 0.135071 0.582123 -0.206451 2 18 0.200000 17 0.800000
PelipperDh.png
  1 1.250488 -6.411621 6.706543 0.901559 0.070610 -0.426855 0.582123 -0.206451 2 18 0.200000 17 0.800000
  1 1.084961 -6.411621 6.356934 0.901559 0.070610 -0.426855 0.581482 -0.194763 2 18 0.200000 17 0.800000
  1 0.802734 -2.805176 6.357422 0.901559 0.070610 -0.426855 0.420441 -0.145172 2 17 0.200000 9 0.800000
PelipperDh.png
  1 -0.961914 -2.643066 6.426758 -0.900542 0.085026 -0.426374 0.420441 -0.082581 2 17 0.200000 9 0.800000
  1 -1.284668 -6.411621 6.356934 -0.900542 0.085026 -0.426374 0.581482 -0.042358 2 18 0.200000 17 0.800000
  1 -1.450195 -6.411621 6.706543 -0.900542 0.085026 -0.426374 0.582123 -0.030701 2 18 0.200000 17 0.800000
PelipperDh.png
  1 -0.961914 -2.643066 6.426758 -0.950687 0.143588 0.274911 0.420441 -0.082581 2 17 0.200000 9 0.800000
  1 -1.450195 -6.411621 6.706543 -0.950687 0.143588 0.274911 0.582123 -0.030701 2 18 0.200000 17 0.800000
  1 -0.796875 -2.503906 6.924805 -0.950687 0.143588 0.274911 0.458130 -0.077362 2 17 0.200000 9 0.800000
PelipperDh.png
  1 0.706543 -2.628418 6.879883 0.898138 0.109623 0.425830 0.458130 -0.159668 2 17 0.200000 9 0.800000
  1 1.084961 -6.411621 7.055664 0.898138 0.109623 0.425830 0.581482 -0.194763 2 18 0.200000 17 0.800000
  1 1.250488 -6.411621 6.706543 0.898138 0.109623 0.425830 0.582123 -0.206451 2 18 0.200000 17 0.800000
PelipperDh.png
  1 -0.796875 -2.503906 6.924805 -0.896368 0.126124 0.424991 0.458130 -0.077362 2 17 0.200000 9 0.800000
  1 -1.450195 -6.411621 6.706543 -0.896368 0.126124 0.424991 0.582123 -0.030701 2 18 0.200000 17 0.800000
  1 -1.284668 -6.411621 7.055664 -0.896368 0.126124 0.424991 0.581482 -0.042358 2 18 0.200000 17 0.800000
PelipperDh.png
  1 1.097656 -9.778809 6.078125 -0.365164 0.022053 -0.930682 0.757019 -0.190247 2 18 0.300000 19 0.700000
  1 1.075195 -11.407715 6.048340 -0.365164 0.022053 -0.930682 0.856171 -0.188660 2 18 0.100000 19 0.900000
  1 0.675781 -9.778809 6.243652 -0.365164 0.022053 -0.930682 0.757019 -0.165100 2 18 0.300000 19 0.700000
PelipperDh.png
  1 1.211426 -7.237305 7.084961 0.033102 0.040503 0.998631 0.601379 -0.196838 2 18 0.500000 17 0.500000
  1 1.084961 -6.411621 7.055664 0.033102 0.040503 0.998631 0.581482 -0.194763 2 18 0.200000 17 0.800000
  1 -0.099609 -7.237305 7.128418 0.033102 0.040503 0.998631 0.599823 -0.118561 2 18 0.500000 17 0.500000
PelipperDh.png
  1 0.675781 -9.778809 6.243652 -0.914371 0.013642 -0.404648 0.757019 -0.165100 2 18 0.300000 19 0.700000
  1 0.661229 -11.375531 6.222704 -0.914371 0.013642 -0.404648 0.856171 -0.164246 1 19 1.000000
  1 0.499023 -9.778809 6.643066 -0.914371 0.013642 -0.404648 0.757019 -0.155121 2 18 0.300000 19 0.700000
PelipperDh.png
  1 0.499023 -9.778809 6.643066 -0.924563 0.006374 -0.380975 0.757019 -0.155121 2 18 0.300000 19 0.700000
  1 0.661229 -11.375531 6.222704 -0.924563 0.006374 -0.380975 0.856171 -0.164246 1 19 1.000000
  1 0.487793 -11.407715 6.643066 -0.924563 0.006374 -0.380975 0.856171 -0.155121 2 18 0.100000 19 0.900000
PelipperDh.png
  1 -0.796875 -2.503906 6.924805 -0.101376 0.024657 0.994543 0.458130 -0.077362 2 17 0.200000 9 0.800000
  1 -0.099609 -6.412109 7.092773 -0.101376 0.024657 0.994543 0.580597 -0.118561 2 18 0.200000 17 0.800000
  1 -0.053711 -2.540527 7.001465 -0.101376 0.024657 0.994543 0.458130 -0.116150 2 17 0.200000 9 0.800000
PelipperDh.png
  1 -1.284668 -6.411621 7.055664 -0.031262 0.037350 0.998813 0.581482 -0.042358 2 18 0.200000 17 0.800000
  1 -0.099609 -6.412109 7.092773 -0.031262 0.037350 0.998813 0.580597 -0.118561 2 18 0.200000 17 0.800000
  1 -0.796875 -2.503906 6.924805 -0.031262 0.037350 0.998813 0.458130 -0.077362 2 17 0.200000 9 0.800000
PelipperDh.png
  1 0.021973 -2.777832 6.313965 -0.110086 0.027836 -0.993532 0.398071 -0.117188 2 17 0.200000 9 0.800000
  1 -1.284668 -6.411621 6.356934 -0.110086 0.027836 -0.993532 0.581482 -0.042358 2 18 0.200000 17 0.800000
  1 -0.961914 -2.643066 6.426758 -0.110086 0.027836 -0.993532 0.420441 -0.082581 2 17 0.200000 9 0.800000
PelipperDh.png
  1 -0.099609 -6.412109 6.319824 -0.031299 -0.000564 -0.999510 0.580597 -0.118561 2 18 0.200000 17 0.800000
  1 -1.284668 -6.411621 6.356934 -0.031299 -0.000564 -0.999510 0.581482 -0.042358 2 18 0.200000 17 0.800000
  1 0.021973 -2.777832 6.313965 -0.031299 -0.000564 -0.999510 0.398071 -0.117188 2 17 0.200000 9 0.800000
PelipperDh.png
  1 0.802734 -2.805176 6.357422 0.055452 -0.003465 -0.998455 0.420441 -0.145172 2 17 0.200000 9 0.800000
  1 -0.099609 -6.412109 6.319824 0.055452 -0.003465 -0.998455 0.580597 -0.118561 2 18 0.200000 17 0.800000
  1 0.021973 -2.777832 6.313965 0.055452 -0.003465 -0.998455 0.398071 -0.117188 2 17 0.200000 9 0.800000
PelipperDh.png
  1 1.084961 -6.411621 6.356934 0.031311 0.002586 -0.999506 0.581482 -0.194763 2 18 0.200000 17 0.800000
  1 -0.099609 -6.412109 6.319824 0.031311 0.002586 -0.999506 0.580597 -0.118561 2 18 0.200000 17 0.800000
  1 0.802734 -2.805176 6.357422 0.031311 0.002586 -0.999506 0.420441 -0.145172 2 17 0.200000 9 0.800000
PelipperDh.png
  1 0.706543 -2.628418 6.879883 0.031253 0.049510 0.998285 0.458130 -0.159668 2 17 0.200000 9 0.800000
  1 -0.099609 -6.412109 7.092773 0.031253 0.049510 0.998285 0.580597 -0.118561 2 18 0.200000 17 0.800000
  1 1.084961 -6.411621 7.055664 0.031253 0.049510 0.998285 0.581482 -0.194763 2 18 0.200000 17 0.800000
PelipperDh.png
  1 -0.053711 -2.540527 7.001465 0.160289 0.021374 0.986839 0.458130 -0.116150 2 17 0.200000 9 0.800000
  1 -0.099609 -6.412109 7.092773 0.160289 0.021374 0.986839 0.580597 -0.118561 2 18 0.200000 17 0.800000
  1 0.706543 -2.628418 6.879883 0.160289 0.021374 0.986839 0.458130 -0.159668 2 17 0.200000 9 0.800000
PelipperDh.png
  1 1.250488 -6.411621 6.706543 0.904887 0.141221 0.401543 0.582123 -0.206451 2 18 0.200000 17 0.800000
  1 1.211426 -7.237305 7.084961 0.904887 0.141221 0.401543 0.601379 -0.196838 2 18 0.500000 17 0.500000
  1 1.384766 -7.237305 6.694336 0.904887 0.141221 0.401543 0.602448 -0.208923 2 18 0.500000 17 0.500000
PelipperDh.png
  1 1.084961 -6.411621 7.055664 0.893110 0.151817 0.423446 0.581482 -0.194763 2 18 0.200000 17 0.800000
  1 1.211426 -7.237305 7.084961 0.893110 0.151817 0.423446 0.601379 -0.196838 2 18 0.500000 17 0.500000
  1 1.250488 -6.411621 6.706543 0.893110 0.151817 0.423446 0.582123 -0.206451 2 18 0.200000 17 0.800000
PelipperDh.png
  1 -0.796875 -2.503906 6.924805 -0.870251 -0.317097 0.376978 0.652344 -0.570709 2 17 0.200000 9 0.800000
  1 -0.837703 -2.144531 7.132843 -0.870251 -0.317097 0.376978 0.652100 -0.552246 1 9 1.000000
  1 -0.961914 -2.643066 6.426758 -0.870251 -0.317097 0.376978 0.663330 -0.585968 2 17 0.200000 9 0.800000
PelipperDh.png
  1 -0.044322 -2.208008 7.307205 -0.108715 -0.671167 0.733291 0.611969 -0.547455 1 9 1.000000
  1 -0.796875 -2.503906 6.924805 -0.108715 -0.671167 0.733291 0.652344 -0.570709 2 17 0.200000 9 0.800000
  1 -0.053711 -2.540527 7.001465 -0.108715 -0.671167 0.733291 0.615509 -0.566010 2 17 0.200000 9 0.800000
PelipperDh.png
  1 0.706543 -2.628418 6.879883 0.020828 -0.743884 0.667984 0.574127 -0.573425 2 17 0.200000 9 0.800000
  1 0.776337 -2.345703 7.192545 0.020828 -0.743884 0.667984 0.569489 -0.554413 1 9 1.000000
  1 -0.053711 -2.540527 7.001465 0.020828 -0.743884 0.667984 0.615509 -0.566010 2 17 0.200000 9 0.800000
PelipperDh.png
  1 0.802734 -2.805176 6.357422 0.345039 -0.867971 0.357176 0.567719 -0.590179 2 17 0.200000 9 0.800000
  1 1.157515 -2.676758 6.326765 0.345039 -0.867971 0.357176 0.547424 -0.597809 1 9 1.000000
  1 0.706543 -2.628418 6.879883 0.345039 -0.867971 0.357176 0.574127 -0.573425 2 17 0.200000 9 0.800000
PelipperDh.png
  1 -1.284668 -6.411621 7.055664 -0.903344 0.152583 0.400859 0.581482 -0.042358 2 18 0.200000 17 0.800000
  1 -1.584473 -7.237305 6.694336 -0.903344 0.152583 0.400859 0.602448 -0.028198 2 18 0.500000 17 0.500000
  1 -1.411133 -7.237305 7.084961 -0.903344 0.152583 0.400859 0.601379 -0.040283 2 18 0.500000 17 0.500000
PelipperDh.png
  1 -1.450195 -6.411621 6.706543 -0.894781 0.139242 0.424239 0.582123 -0.030701 2 18 0.200000 17 0.800000
  1 -1.584473 -7.237305 6.694336 -0.894781 0.139242 0.424239 0.602448 -0.028198 2 18 0.500000 17 0.500000
  1 -1.284668 -6.411621 7.055664 -0.894781 0.139242 0.424239 0.581482 -0.042358 2 18 0.200000 17 0.800000
PelipperDh.png
  1 -1.541992 -8.220703 7.126953 -0.944792 0.129944 0.300803 0.608734 -0.039520 2 17 0.200000 18 0.800000
  1 -1.851563 -9.349121 6.642090 -0.944792 0.129944 0.300803 0.702179 -0.013672 2 19 0.400000 18 0.600000
  1 -1.686523 -9.321289 7.148438 -0.944792 0.129944 0.300803 0.697052 -0.028168 2 19 0.400000 18 0.600000
PelipperDh.png
  1 -1.728516 -8.220703 6.690430 -0.916386 0.083152 0.391565 0.609955 -0.027283 2 17 0.200000 18 0.800000
  1 -1.851563 -9.349121 6.642090 -0.916386 0.083152 0.391565 0.702179 -0.013672 2 19 0.400000 18 0.600000
  1 -1.541992 -8.220703 7.126953 -0.916386 0.083152 0.391565 0.608734 -0.039520 2 17 0.200000 18 0.800000
PelipperDh.png
  1 -1.728516 -8.220703 6.690430 -0.938782 0.116261 -0.324302 0.609955 -0.027283 2 17 0.200000 18 0.800000
  1 -1.686523 -9.321289 6.174316 -0.938782 0.116261 -0.324302 0.697052 -0.028168 2 19 0.400000 18 0.600000
  1 -1.851563 -9.349121 6.642090 -0.938782 0.116261 -0.324302 0.702179 -0.013672 2 19 0.400000 18 0.600000
PelipperDh.png
  1 -1.541992 -8.220703 6.253418 -0.909687 0.147368 -0.388269 0.608734 -0.039520 2 17 0.200000 18 0.800000
  1 -1.686523 -9.321289 6.174316 -0.909687 0.147368 -0.388269 0.697052 -0.028168 2 19 0.400000 18 0.600000
  1 -1.728516 -8.220703 6.690430 -0.909687 0.147368 -0.388269 0.609955 -0.027283 2 17 0.200000 18 0.800000
PelipperDh.png
  1 1.342285 -8.220703 6.253418 0.935317 0.145991 -0.322287 0.608734 -0.197601 2 17 0.200000 18 0.800000
  1 1.652344 -9.349121 6.642090 0.935317 0.145991 -0.322287 0.702179 -0.223450 2 19 0.400000 18 0.600000
  1 1.486816 -9.321289 6.174316 0.935317 0.145991 -0.322287 0.697052 -0.208954 2 19 0.400000 18 0.600000
PelipperDh.png
  1 1.528809 -8.220703 6.690430 0.913444 0.116702 -0.389872 0.609955 -0.209839 2 17 0.200000 18 0.800000
  1 1.652344 -9.349121 6.642090 0.913444 0.116702 -0.389872 0.702179 -0.223450 2 19 0.400000 18 0.600000
  1 1.342285 -8.220703 6.253418 0.913444 0.116702 -0.389872 0.608734 -0.197601 2 17 0.200000 18 0.800000
PelipperDh.png
  1 1.528809 -8.220703 6.690430 0.948043 0.090725 0.304933 0.609955 -0.209839 2 17 0.200000 18 0.800000
  1 1.486816 -9.321289 7.148438 0.948043 0.090725 0.304933 0.697052 -0.208954 2 19 0.400000 18 0.600000
  1 1.652344 -9.349121 6.642090 0.948043 0.090725 0.304933 0.702179 -0.223450 2 19 0.400000 18 0.600000
PelipperDh.png
  1 1.342285 -8.220703 7.126953 0.912079 0.127384 0.389725 0.608734 -0.197601 2 17 0.200000 18 0.800000
  1 1.486816 -9.321289 7.148438 0.912079 0.127384 0.389725 0.697052 -0.208954 2 19 0.400000 18 0.600000
  1 1.528809 -8.220703 6.690430 0.912079 0.127384 0.389725 0.609955 -0.209839 2 17 0.200000 18 0.800000
PelipperDh.png
  1 -1.541992 -8.220703 7.126953 -0.033080 0.047032 0.998345 0.608734 -0.039520 2 17 0.200000 18 0.800000
  1 -0.099609 -7.237305 7.128418 -0.033080 0.047032 0.998345 0.599823 -0.118561 2 18 0.500000 17 0.500000
  1 -1.411133 -7.237305 7.084961 -0.033080 0.047032 0.998345 0.601379 -0.040283 2 18 0.500000 17 0.500000
PelipperDh.png
  1 -0.099609 -8.220703 7.175781 -0.033794 0.048080 0.998272 0.606903 -0.118561 2 17 0.200000 18 0.800000
  1 -0.099609 -7.237305 7.128418 -0.033794 0.048080 0.998272 0.599823 -0.118561 2 18 0.500000 17 0.500000
  1 -1.541992 -8.220703 7.126953 -0.033794 0.048080 0.998272 0.608734 -0.039520 2 17 0.200000 18 0.800000
PelipperDh.png
  1 -1.411133 -7.237305 7.084961 -0.910795 0.137816 0.389177 0.601379 -0.040283 2 18 0.500000 17 0.500000
  1 -1.728516 -8.220703 6.690430 -0.910795 0.137816 0.389177 0.609955 -0.027283 2 17 0.200000 18 0.800000
  1 -1.541992 -8.220703 7.126953 -0.910795 0.137816 0.389177 0.608734 -0.039520 2 17 0.200000 18 0.800000
PelipperDh.png
  1 -1.584473 -7.237305 6.694336 -0.906154 0.131131 0.402106 0.602448 -0.028198 2 18 0.500000 17 0.500000
  1 -1.728516 -8.220703 6.690430 -0.906154 0.131131 0.402106 0.609955 -0.027283 2 17 0.200000 18 0.800000
  1 -1.411133 -7.237305 7.084961 -0.906154 0.131131 0.402106 0.601379 -0.040283 2 18 0.500000 17 0.500000
PelipperDh.png
  1 -1.584473 -7.237305 6.694336 -0.911306 0.135028 -0.388960 0.602448 -0.028198 2 18 0.500000 17 0.500000
  1 -1.541992 -8.220703 6.253418 -0.911306 0.135028 -0.388960 0.608734 -0.039520 2 17 0.200000 18 0.800000
  1 -1.728516 -8.220703 6.690430 -0.911306 0.135028 -0.388960 0.609955 -0.027283 2 17 0.200000 18 0.800000
PelipperDh.png
  1 -1.411133 -7.237305 6.317383 -0.898745 0.146476 -0.413283 0.601379 -0.040283 2 18 0.500000 17 0.500000
  1 -1.541992 -8.220703 6.253418 -0.898745 0.146476 -0.413283 0.608734 -0.039520 2 17 0.200000 18 0.800000
  1 -1.584473 -7.237305 6.694336 -0.898745 0.146476 -0.413283 0.602448 -0.028198 2 18 0.500000 17 0.500000
PelipperDh.png
  1 -0.099609 -8.220703 6.204590 -0.033035 0.070293 -0.996979 0.606903 -0.118561 2 17 0.200000 18 0.800000
  1 -1.411133 -7.237305 6.317383 -0.033035 0.070293 -0.996979 0.601379 -0.040283 2 18 0.500000 17 0.500000
  1 -0.099609 -7.237305 6.273926 -0.033035 0.070293 -0.996979 0.599823 -0.118561 2 18 0.500000 17 0.500000
PelipperDh.png
  1 -1.541992 -8.220703 6.253418 -0.033752 0.069342 -0.997022 0.608734 -0.039520 2 17 0.200000 18 0.800000
  1 -1.411133 -7.237305 6.317383 -0.033752 0.069342 -0.997022 0.601379 -0.040283 2 18 0.500000 17 0.500000
  1 -0.099609 -8.220703 6.204590 -0.033752 0.069342 -0.997022 0.606903 -0.118561 2 17 0.200000 18 0.800000
PelipperDh.png
  1 1.342285 -8.220703 6.253418 0.033049 0.069251 -0.997052 0.608734 -0.197601 2 17 0.200000 18 0.800000
  1 -0.099609 -7.237305 6.273926 0.033049 0.069251 -0.997052 0.599823 -0.118561 2 18 0.500000 17 0.500000
  1 1.211426 -7.237305 6.317383 0.033049 0.069251 -0.997052 0.601379 -0.196838 2 18 0.500000 17 0.500000
PelipperDh.png
  1 -0.099609 -8.220703 6.204590 0.033761 0.070292 -0.996955 0.606903 -0.118561 2 17 0.200000 18 0.800000
  1 -0.099609 -7.237305 6.273926 0.033761 0.070292 -0.996955 0.599823 -0.118561 2 18 0.500000 17 0.500000
  1 1.342285 -8.220703 6.253418 0.033761 0.070292 -0.996955 0.608734 -0.197601 2 17 0.200000 18 0.800000
PelipperDh.png
  1 1.211426 -7.237305 6.317383 0.909829 0.146328 -0.388329 0.601379 -0.196838 2 18 0.500000 17 0.500000
  1 1.528809 -8.220703 6.690430 0.909829 0.146328 -0.388329 0.609955 -0.209839 2 17 0.200000 18 0.800000
  1 1.342285 -8.220703 6.253418 0.909829 0.146328 -0.388329 0.608734 -0.197601 2 17 0.200000 18 0.800000
PelipperDh.png
  1 1.384766 -7.237305 6.694336 0.900408 0.133532 -0.414048 0.602448 -0.208923 2 18 0.500000 17 0.500000
  1 1.528809 -8.220703 6.690430 0.900408 0.133532 -0.414048 0.609955 -0.209839 2 17 0.200000 18 0.800000
  1 1.211426 -7.237305 6.317383 0.900408 0.133532 -0.414048 0.601379 -0.196838 2 18 0.500000 17 0.500000
PelipperDh.png
  1 1.384766 -7.237305 6.694336 0.911527 0.131969 0.389489 0.602448 -0.208923 2 18 0.500000 17 0.500000
  1 1.342285 -8.220703 7.126953 0.911527 0.131969 0.389489 0.608734 -0.197601 2 17 0.200000 18 0.800000
  1 1.528809 -8.220703 6.690430 0.911527 0.131969 0.389489 0.609955 -0.209839 2 17 0.200000 18 0.800000
PelipperDh.png
  1 1.211426 -7.237305 7.084961 0.905349 0.137629 0.401749 0.601379 -0.196838 2 18 0.500000 17 0.500000
  1 1.342285 -8.220703 7.126953 0.905349 0.137629 0.401749 0.608734 -0.197601 2 17 0.200000 18 0.800000
  1 1.384766 -7.237305 6.694336 0.905349 0.137629 0.401749 0.602448 -0.208923 2 18 0.500000 17 0.500000
PelipperDh.png
  1 -0.099609 -8.220703 7.175781 0.033091 0.048081 0.998295 0.606903 -0.118561 2 17 0.200000 18 0.800000
  1 1.211426 -7.237305 7.084961 0.033091 0.048081 0.998295 0.601379 -0.196838 2 18 0.500000 17 0.500000
  1 -0.099609 -7.237305 7.128418 0.033091 0.048081 0.998295 0.599823 -0.118561 2 18 0.500000 17 0.500000
PelipperDh.png
  1 1.342285 -8.220703 7.126953 0.033807 0.047128 0.998317 0.608734 -0.197601 2 17 0.200000 18 0.800000
  1 1.211426 -7.237305 7.084961 0.033807 0.047128 0.998317 0.601379 -0.196838 2 18 0.500000 17 0.500000
  1 -0.099609 -8.220703 7.175781 0.033807 0.047128 0.998317 0.606903 -0.118561 2 17 0.200000 18 0.800000
PelipperDh.png
  1 -1.450195 6.411621 6.706543 -0.950687 -0.143588 0.274911 0.582123 -0.030701 2 15 0.200000 14 0.800000
  1 -0.961914 2.643066 6.426758 -0.950687 -0.143588 0.274911 0.420441 -0.082581 2 14 0.200000 9 0.800000
  1 -0.796875 2.503906 6.924805 -0.950687 -0.143588 0.274911 0.458130 -0.077362 2 14 0.200000 9 0.800000
PelipperDh.png
  1 -0.099609 9.778809 7.208496 -0.147829 0.025351 0.988688 0.757019 -0.118958 2 15 0.300000 16 0.700000
  1 -0.698730 9.598633 7.123535 -0.147829 0.025351 0.988688 0.734833 -0.086578 2 15 0.300000 16 0.700000
  1 -0.099609 9.226563 7.222656 -0.147829 0.025351 0.988688 0.689423 -0.118561 2 16 0.400000 15 0.600000
PelipperDh.png
  1 -0.513672 -11.407715 7.063477 -0.387938 -0.018993 0.921490 0.856171 -0.094971 2 18 0.100000 19 0.900000
  1 -0.490626 -12.871137 7.043016 -0.387938 -0.018993 0.921490 0.931274 -0.096313 1 19 1.000000
  1 -0.099609 -11.407715 7.237793 -0.387938 -0.018993 0.921490 0.856171 -0.119354 2 18 0.100000 19 0.900000
PelipperDh.png
  1 -1.020508 9.273926 6.079102 -0.146781 -0.082395 -0.985731 0.693237 -0.073364 2 16 0.400000 15 0.600000
  1 -1.686523 9.321289 6.174316 -0.146781 -0.082395 -0.985731 0.697052 -0.028168 2 16 0.400000 15 0.600000
  1 -1.297363 9.778809 6.078125 -0.146781 -0.082395 -0.985731 0.757019 -0.047699 2 15 0.300000 16 0.700000
PelipperDh.png
  1 -0.687012 -11.407715 6.643066 -0.924308 -0.020403 0.381102 0.856171 -0.083313 2 18 0.100000 19 0.900000
  1 -0.654689 -12.871137 6.643114 -0.924308 -0.020403 0.381102 0.931274 -0.083313 1 19 1.000000
  1 -0.513672 -11.407715 7.063477 -0.924308 -0.020403 0.381102 0.856171 -0.094971 2 18 0.100000 19 0.900000
PelipperDh.png
  1 -1.719238 9.778809 6.243652 -0.362862 0.114207 -0.924818 0.757019 -0.022552 2 15 0.300000 16 0.700000
  1 -1.297363 9.778809 6.078125 -0.362862 0.114207 -0.924818 0.757019 -0.047699 2 15 0.300000 16 0.700000
  1 -1.686523 9.321289 6.174316 -0.362862 0.114207 -0.924818 0.697052 -0.028168 2 16 0.400000 15 0.600000
PelipperDh.png
  1 -0.513672 -11.407715 6.222656 -0.924317 -0.019909 -0.381106 0.856171 -0.094971 2 18 0.100000 19 0.900000
  1 -0.490626 -12.871137 6.243212 -0.924317 -0.019909 -0.381106 0.931274 -0.096313 1 19 1.000000
  1 -0.687012 -11.407715 6.643066 -0.924317 -0.019909 -0.381106 0.856171 -0.083313 2 18 0.100000 19 0.900000
PelipperDh.png
  1 -1.297363 9.778809 7.208496 -0.358933 0.185217 0.914802 0.757019 -0.047699 2 15 0.300000 16 0.700000
  1 -1.719238 9.778809 7.042969 -0.358933 0.185217 0.914802 0.757019 -0.022552 2 15 0.300000 16 0.700000
  1 -1.686523 9.321289 7.148438 -0.358933 0.185217 0.914802 0.697052 -0.028168 2 16 0.400000 15 0.600000
PelipperDh.png
  1 -0.099609 -11.407715 6.048340 -0.387943 -0.018374 -0.921500 0.856171 -0.119354 2 18 0.100000 19 0.900000
  1 -0.100001 -12.871137 6.077684 -0.387943 -0.018374 -0.921500 0.931274 -0.119354 1 19 1.000000
  1 -0.513672 -11.407715 6.222656 -0.387943 -0.018374 -0.921500 0.856171 -0.094971 2 18 0.100000 19 0.900000
PelipperDh.png
  1 1.097656 9.778809 6.078125 0.362862 0.114207 -0.924818 0.757019 -0.190247 2 15 0.300000 16 0.700000
  1 1.519531 9.778809 6.243652 0.362862 0.114207 -0.924818 0.757019 -0.215363 2 15 0.300000 16 0.700000
  1 1.486816 9.321289 6.174316 0.362862 0.114207 -0.924818 0.697052 -0.208954 2 16 0.400000 15 0.600000
PelipperDh.png
  1 1.519531 9.778809 7.042969 0.358933 0.185217 0.914802 0.757019 -0.215363 2 15 0.300000 16 0.700000
  1 1.097656 9.778809 7.208496 0.358933 0.185217 0.914802 0.757019 -0.190247 2 15 0.300000 16 0.700000
  1 1.486816 9.321289 7.148438 0.358933 0.185217 0.914802 0.697052 -0.208954 2 16 0.400000 15 0.600000
PelipperDh.png
  1 -1.450195 6.411621 6.706543 -0.896368 -0.126124 0.424991 0.582123 -0.030701 2 15 0.200000 14 0.800000
  1 -0.796875 2.503906 6.924805 -0.896368 -0.126124 0.424991 0.458130 -0.077362 2 14 0.200000 9 0.800000
  1 -1.284668 6.411621 7.055664 -0.896368 -0.126124 0.424991 0.581482 -0.042358 2 15 0.200000 14 0.800000
PelipperDh.png
  1 1.084961 6.411621 7.055664 0.898138 -0.109623 0.425830 0.581482 -0.194763 2 15 0.200000 14 0.800000
  1 0.706543 2.628418 6.879883 0.898138 -0.109623 0.425830 0.458130 -0.159668 2 14 0.200000 9 0.800000
  1 1.250488 6.411621 6.706543 0.898138 -0.109623 0.425830 0.582123 -0.206451 2 15 0.200000 14 0.800000
PelipperDh.png
  1 0.499023 9.598633 6.163086 -0.033001 0.219445 -0.975067 0.734833 -0.154510 2 15 0.300000 16 0.700000
  1 0.821289 9.273926 6.079102 -0.033001 0.219445 -0.975067 0.693237 -0.163757 2 16 0.400000 15 0.600000
  1 -0.099609 9.226563 6.099609 -0.033001 0.219445 -0.975067 0.689423 -0.118561 2 16 0.400000 15 0.600000
PelipperDh.png
  1 -1.284668 6.411621 6.356934 -0.900542 -0.085026 -0.426374 0.581482 -0.042358 2 15 0.200000 14 0.800000
  1 -0.961914 2.643066 6.426758 -0.900542 -0.085026 -0.426374 0.420441 -0.082581 2 14 0.200000 9 0.800000
  1 -1.450195 6.411621 6.706543 -0.900542 -0.085026 -0.426374 0.582123 -0.030701 2 15 0.200000 14 0.800000
PelipperDh.png
  1 1.084961 6.411621 6.356934 0.901559 -0.070610 -0.426855 0.581482 -0.194763 2 15 0.200000 14 0.800000
  1 1.250488 6.411621 6.706543 0.901559 -0.070610 -0.426855 0.582123 -0.206451 2 15 0.200000 14 0.800000
  1 0.802734 2.805176 6.357422 0.901559 -0.070610 -0.426855 0.420441 -0.145172 2 14 0.200000 9 0.800000
PelipperDh.png
  1 0.706543 2.628418 6.879883 0.981604 -0.134945 0.135071 0.458130 -0.159668 2 14 0.200000 9 0.800000
  1 0.802734 2.805176 6.357422 0.981604 -0.134945 0.135071 0.420441 -0.145172 2 14 0.200000 9 0.800000
  1 1.250488 6.411621 6.706543 0.981604 -0.134945 0.135071 0.582123 -0.206451 2 15 0.200000 14 0.800000
PelipperDh.png
  1 -1.020508 9.273926 6.079102 -0.033465 -0.147045 -0.988564 0.693237 -0.073364 2 16 0.400000 15 0.600000
  1 -0.099609 8.220703 6.204590 -0.033465 -0.147045 -0.988564 0.606903 -0.118561 2 14 0.200000 15 0.800000
  1 -1.541992 8.220703 6.253418 -0.033465 -0.147045 -0.988564 0.608734 -0.039520 2 14 0.200000 15 0.800000
PelipperDh.png
  1 -1.020508 9.273926 6.079102 -0.147225 -0.090127 -0.984988 0.693237 -0.073364 2 16 0.400000 15 0.600000
  1 -1.541992 8.220703 6.253418 -0.147225 -0.090127 -0.984988 0.608734 -0.039520 2 14 0.200000 15 0.800000
  1 -1.686523 9.321289 6.174316 -0.147225 -0.090127 -0.984988 0.697052 -0.028168 2 16 0.400000 15 0.600000
PelipperDh.png
  1 0.821289 9.273926 6.079102 0.033477 -0.147055 -0.988562 0.693237 -0.163757 2 16 0.400000 15 0.600000
  1 1.342285 8.220703 6.253418 0.033477 -0.147055 -0.988562 0.608734 -0.197601 2 14 0.200000 15 0.800000
  1 -0.099609 8.220703 6.204590 0.033477 -0.147055 -0.988562 0.606903 -0.118561 2 14 0.200000 15 0.800000
PelipperDh.png
  1 0.821289 9.273926 6.079102 0.147332 -0.090140 -0.984971 0.693237 -0.163757 2 16 0.400000 15 0.600000
  1 1.486816 9.321289 6.174316 0.147332 -0.090140 -0.984971 0.697052 -0.208954 2 16 0.400000 15 0.600000
  1 1.342285 8.220703 6.253418 0.147332 -0.090140 -0.984971 0.608734 -0.197601 2 14 0.200000 15 0.800000
PelipperDh.png
  1 0.821289 9.273926 7.209961 0.033780 -0.061907 0.997510 0.693237 -0.163757 2 16 0.400000 15 0.600000
  1 -0.099609 8.220703 7.175781 0.033780 -0.061907 0.997510 0.606903 -0.118561 2 14 0.200000 15 0.800000
  1 1.342285 8.220703 7.126953 0.033780 -0.061907 0.997510 0.608734 -0.197601 2 14 0.200000 15 0.800000
PelipperDh.png
  1 0.821289 9.273926 7.209961 0.094248 -0.031801 0.995041 0.693237 -0.163757 2 16 0.400000 15 0.600000
  1 1.342285 8.220703 7.126953 0.094248 -0.031801 0.995041 0.608734 -0.197601 2 14 0.200000 15 0.800000
  1 1.486816 9.321289 7.148438 0.094248 -0.031801 0.995041 0.697052 -0.208954 2 16 0.400000 15 0.600000
PelipperDh.png
  1 -1.020508 9.273926 7.209961 -0.033768 -0.061897 0.997511 0.693237 -0.073364 2 16 0.400000 15 0.600000
  1 -1.541992 8.220703 7.126953 -0.033768 -0.061897 0.997511 0.608734 -0.039520 2 14 0.200000 15 0.800000
  1 -0.099609 8.220703 7.175781 -0.033768 -0.061897 0.997511 0.606903 -0.118561 2 14 0.200000 15 0.800000
PelipperDh.png
  1 -1.020508 9.273926 7.209961 -0.094179 -0.031792 0.995048 0.693237 -0.073364 2 16 0.400000 15 0.600000
  1 -1.686523 9.321289 7.148438 -0.094179 -0.031792 0.995048 0.697052 -0.028168 2 16 0.400000 15 0.600000
  1 -1.541992 8.220703 7.126953 -0.094179 -0.031792 0.995048 0.608734 -0.039520 2 14 0.200000 15 0.800000
PelipperDh.png
  1 -0.099609 9.226563 7.222656 -0.016163 -0.046545 0.998785 0.689423 -0.118561 2 16 0.400000 15 0.600000
  1 -1.020508 9.273926 7.209961 -0.016163 -0.046545 0.998785 0.693237 -0.073364 2 16 0.400000 15 0.600000
  1 -0.099609 8.220703 7.175781 -0.016163 -0.046545 0.998785 0.606903 -0.118561 2 14 0.200000 15 0.800000
PelipperDh.png
  1 -1.020508 9.273926 6.079102 0.016808 -0.103790 -0.994457 0.693237 -0.073364 2 16 0.400000 15 0.600000
  1 -0.099609 9.226563 6.099609 0.016808 -0.103790 -0.994457 0.689423 -0.118561 2 16 0.400000 15 0.600000
  1 -0.099609 8.220703 6.204590 0.016808 -0.103790 -0.994457 0.606903 -0.118561 2 14 0.200000 15 0.800000
PelipperDh.png
  1 0.821289 9.273926 6.079102 -0.016808 -0.103790 -0.994457 0.693237 -0.163757 2 16 0.400000 15 0.600000
  1 -0.099609 8.220703 6.204590 -0.016808 -0.103790 -0.994457 0.606903 -0.118561 2 14 0.200000 15 0.800000
  1 -0.099609 9.226563 6.099609 -0.016808 -0.103790 -0.994457 0.689423 -0.118561 2 16 0.400000 15 0.600000
PelipperDh.png
  1 0.821289 9.273926 7.209961 0.016163 -0.046545 0.998785 0.693237 -0.163757 2 16 0.400000 15 0.600000
  1 -0.099609 9.226563 7.222656 0.016163 -0.046545 0.998785 0.689423 -0.118561 2 16 0.400000 15 0.600000
  1 -0.099609 8.220703 7.175781 0.016163 -0.046545 0.998785 0.606903 -0.118561 2 14 0.200000 15 0.800000
PelipperDh.png
  1 -0.099609 9.226563 7.222656 0.000089 0.257293 0.966334 0.689423 -0.118561 2 16 0.400000 15 0.600000
  1 0.821289 9.273926 7.209961 0.000089 0.257293 0.966334 0.693237 -0.163757 2 16 0.400000 15 0.600000
  1 0.499023 9.598633 7.123535 0.000089 0.257293 0.966334 0.734833 -0.154510 2 15 0.300000 16 0.700000
PelipperDh.png
  1 -0.698730 9.598633 7.123535 -0.000089 0.257292 0.966334 0.734833 -0.086578 2 15 0.300000 16 0.700000
  1 -1.020508 9.273926 7.209961 -0.000089 0.257292 0.966334 0.693237 -0.073364 2 16 0.400000 15 0.600000
  1 -0.099609 9.226563 7.222656 -0.000089 0.257292 0.966334 0.689423 -0.118561 2 16 0.400000 15 0.600000
PelipperDh.png
  1 -1.020508 9.273926 6.079102 0.166241 0.089260 -0.982037 0.693237 -0.073364 2 16 0.400000 15 0.600000
  1 -1.297363 9.778809 6.078125 0.166241 0.089260 -0.982037 0.757019 -0.047699 2 15 0.300000 16 0.700000
  1 -0.698730 9.598633 6.163086 0.166241 0.089260 -0.982037 0.734833 -0.086578 2 15 0.300000 16 0.700000
PelipperDh.png
  1 1.097656 9.778809 6.078125 0.146882 -0.082308 -0.985724 0.757019 -0.190247 2 15 0.300000 16 0.700000
  1 1.486816 9.321289 6.174316 0.146882 -0.082308 -0.985724 0.697052 -0.208954 2 16 0.400000 15 0.600000
  1 0.821289 9.273926 6.079102 0.146882 -0.082308 -0.985724 0.693237 -0.163757 2 16 0.400000 15 0.600000
PelipperDh.png
  1 -0.698730 9.598633 7.123535 0.167817 0.094870 0.981243 0.734833 -0.086578 2 15 0.300000 16 0.700000
  1 -1.297363 9.778809 7.208496 0.167817 0.094870 0.981243 0.757019 -0.047699 2 15 0.300000 16 0.700000
  1 -1.020508 9.273926 7.209961 0.167817 0.094870 0.981243 0.693237 -0.073364 2 16 0.400000 15 0.600000
PelipperDh.png
  1 0.821289 9.273926 7.209961 0.095420 -0.049347 0.994213 0.693237 -0.163757 2 16 0.400000 15 0.600000
  1 1.486816 9.321289 7.148438 0.095420 -0.049347 0.994213 0.697052 -0.208954 2 16 0.400000 15 0.600000
  1 1.097656 9.778809 7.208496 0.095420 -0.049347 0.994213 0.757019 -0.190247 2 15 0.300000 16 0.700000
PelipperDh.png
  1 -0.099609 9.226563 6.099609 0.033003 0.219490 -0.975056 0.689423 -0.118561 2 16 0.400000 15 0.600000
  1 -1.020508 9.273926 6.079102 0.033003 0.219490 -0.975056 0.693237 -0.073364 2 16 0.400000 15 0.600000
  1 -0.698730 9.598633 6.163086 0.033003 0.219490 -0.975056 0.734833 -0.086578 2 15 0.300000 16 0.700000
PelipperDh.png
  1 0.499023 9.598633 6.163086 -0.166187 0.089070 -0.982063 0.734833 -0.154510 2 15 0.300000 16 0.700000
  1 1.097656 9.778809 6.078125 -0.166187 0.089070 -0.982063 0.757019 -0.190247 2 15 0.300000 16 0.700000
  1 0.821289 9.273926 6.079102 -0.166187 0.089070 -0.982063 0.693237 -0.163757 2 16 0.400000 15 0.600000
PelipperDh.png
  1 -0.099609 9.778809 7.208496 0.147947 0.025351 0.988670 0.757019 -0.118958 2 15 0.300000 16 0.700000
  1 -0.099609 9.226563 7.222656 0.147947 0.025351 0.988670 0.689423 -0.118561 2 16 0.400000 15 0.600000
  1 0.499023 9.598633 7.123535 0.147947 0.025351 0.988670 0.734833 -0.154510 2 15 0.300000 16 0.700000
PelipperDh.png
  1 -1.297363 9.778809 7.208496 -0.095354 -0.049404 0.994217 0.757019 -0.047699 2 15 0.300000 16 0.700000
  1 -1.686523 9.321289 7.148438 -0.095354 -0.049404 0.994217 0.697052 -0.028168 2 16 0.400000 15 0.600000
  1 -1.020508 9.273926 7.209961 -0.095354 -0.049404 0.994217 0.693237 -0.073364 2 16 0.400000 15 0.600000
PelipperDh.png
  1 0.821289 9.273926 7.209961 -0.167763 0.094679 0.981270 0.693237 -0.163757 2 16 0.400000 15 0.600000
  1 1.097656 9.778809 7.208496 -0.167763 0.094679 0.981270 0.757019 -0.190247 2 15 0.300000 16 0.700000
  1 0.499023 9.598633 7.123535 -0.167763 0.094679 0.981270 0.734833 -0.154510 2 15 0.300000 16 0.700000
PelipperDh.png
  1 1.097656 9.778809 7.208496 -0.288759 0.612366 0.735953 0.757019 -0.190247 2 15 0.300000 16 0.700000
  1 0.675781 9.778809 7.042969 -0.288759 0.612366 0.735953 0.757019 -0.165100 2 15 0.300000 16 0.700000
  1 0.499023 9.598633 7.123535 -0.288759 0.612366 0.735953 0.734833 -0.154510 2 15 0.300000 16 0.700000
PelipperDh.png
  1 0.499023 9.598633 6.163086 -0.288759 0.612366 -0.735953 0.734833 -0.154510 2 15 0.300000 16 0.700000
  1 0.675781 9.778809 6.243652 -0.288759 0.612366 -0.735953 0.757019 -0.165100 2 15 0.300000 16 0.700000
  1 1.097656 9.778809 6.078125 -0.288759 0.612366 -0.735953 0.757019 -0.190247 2 15 0.300000 16 0.700000
PelipperDh.png
  1 -1.297363 9.778809 6.078125 0.288759 0.612366 -0.735953 0.757019 -0.047699 2 15 0.300000 16 0.700000
  1 -0.875488 9.778809 6.243652 0.288759 0.612366 -0.735953 0.757019 -0.072815 2 15 0.300000 16 0.700000
  1 -0.698730 9.598633 6.163086 0.288759 0.612366 -0.735953 0.734833 -0.086578 2 15 0.300000 16 0.700000
PelipperDh.png
  1 -0.521484 9.778809 6.243652 -0.620836 0.733934 -0.275505 0.757019 -0.093811 2 15 0.300000 16 0.700000
  1 -0.698730 9.598633 6.163086 -0.620836 0.733934 -0.275505 0.734833 -0.086578 2 15 0.300000 16 0.700000
  1 -0.698730 9.778809 6.643066 -0.620836 0.733934 -0.275505 0.757019 -0.083313 2 15 0.300000 16 0.700000
PelipperDh.png
  1 -0.875488 9.778809 6.243652 0.621888 0.733153 -0.275212 0.757019 -0.072815 2 15 0.300000 16 0.700000
  1 -0.698730 9.778809 6.643066 0.621888 0.733153 -0.275212 0.757019 -0.083313 2 15 0.300000 16 0.700000
  1 -0.698730 9.598633 6.163086 0.621888 0.733153 -0.275212 0.734833 -0.086578 2 15 0.300000 16 0.700000
PelipperDh.png
  1 -0.875488 9.778809 7.042969 0.622014 0.733151 0.274932 0.757019 -0.072815 2 15 0.300000 16 0.700000
  1 -0.698730 9.598633 7.123535 0.622014 0.733151 0.274932 0.734833 -0.086578 2 15 0.300000 16 0.700000
  1 -0.698730 9.778809 6.643066 0.622014 0.733151 0.274932 0.757019 -0.083313 2 15 0.300000 16 0.700000
PelipperDh.png
  1 -0.875488 9.778809 7.042969 0.288759 0.612366 0.735953 0.757019 -0.072815 2 15 0.300000 16 0.700000
  1 -1.297363 9.778809 7.208496 0.288759 0.612366 0.735953 0.757019 -0.047699 2 15 0.300000 16 0.700000
  1 -0.698730 9.598633 7.123535 0.288759 0.612366 0.735953 0.734833 -0.086578 2 15 0.300000 16 0.700000
PelipperDh.png
  1 -0.521484 9.778809 7.042969 -0.620962 0.733933 0.275225 0.757019 -0.093811 2 15 0.300000 16 0.700000
  1 -0.698730 9.778809 6.643066 -0.620962 0.733933 0.275225 0.757019 -0.083313 2 15 0.300000 16 0.700000
  1 -0.698730 9.598633 7.123535 -0.620962 0.733933 0.275225 0.734833 -0.086578 2 15 0.300000 16 0.700000
PelipperDh.png
  1 -1.688477 -11.407715 7.063477 -0.387752 -0.036320 0.921048 0.856171 -0.025665 2 18 0.100000 19 0.900000
  1 -1.600001 -12.871137 7.043016 -0.387752 -0.036320 0.921048 0.931274 -0.027039 1 19 1.000000
  1 -1.274414 -11.407715 7.237793 -0.387752 -0.036320 0.921048 0.856171 -0.050079 2 18 0.100000 19 0.900000
PelipperDh.png
  1 -0.099609 9.778809 7.208496 -0.288621 0.612855 0.735600 0.757019 -0.118958 2 15 0.300000 16 0.700000
  1 -0.521484 9.778809 7.042969 -0.288621 0.612855 0.735600 0.757019 -0.093811 2 15 0.300000 16 0.700000
  1 -0.698730 9.598633 7.123535 -0.288621 0.612855 0.735600 0.734833 -0.086578 2 15 0.300000 16 0.700000
PelipperDh.png
  1 -1.859863 -11.407715 6.643066 -0.924243 -0.061725 0.376782 0.856171 -0.015564 2 18 0.100000 19 0.900000
  1 -1.762111 -12.871137 6.643114 -0.924243 -0.061725 0.376782 0.931274 -0.017487 1 19 1.000000
  1 -1.688477 -11.407715 7.063477 -0.924243 -0.061725 0.376782 0.856171 -0.025665 2 18 0.100000 19 0.900000
PelipperDh.png
  1 0.499023 9.598633 6.163086 0.620836 0.733934 -0.275505 0.734833 -0.154510 2 15 0.300000 16 0.700000
  1 0.321777 9.778809 6.243652 0.620836 0.733934 -0.275505 0.757019 -0.144104 2 15 0.300000 16 0.700000
  1 0.499023 9.778809 6.643066 0.620836 0.733934 -0.275505 0.757019 -0.155121 2 15 0.300000 16 0.700000
PelipperDh.png
  1 -1.688477 -11.407715 6.222656 -0.924275 -0.061172 -0.376795 0.856171 -0.025665 2 18 0.100000 19 0.900000
  1 -1.600001 -12.871137 6.243212 -0.924275 -0.061172 -0.376795 0.931274 -0.027039 1 19 1.000000
  1 -1.859863 -11.407715 6.643066 -0.924275 -0.061172 -0.376795 0.856171 -0.015564 2 18 0.100000 19 0.900000
PelipperDh.png
  1 0.499023 9.778809 6.643066 -0.621888 0.733153 -0.275212 0.757019 -0.155121 2 15 0.300000 16 0.700000
  1 0.675781 9.778809 6.243652 -0.621888 0.733153 -0.275212 0.757019 -0.165100 2 15 0.300000 16 0.700000
  1 0.499023 9.598633 6.163086 -0.621888 0.733153 -0.275212 0.734833 -0.154510 2 15 0.300000 16 0.700000
PelipperDh.png
  1 -1.274414 -11.407715 6.048340 -0.387761 -0.035702 -0.921068 0.856171 -0.050079 2 18 0.100000 19 0.900000
  1 -1.209376 -12.871137 6.077684 -0.387761 -0.035702 -0.921068 0.931274 -0.050079 1 19 1.000000
  1 -1.688477 -11.407715 6.222656 -0.387761 -0.035702 -0.921068 0.856171 -0.025665 2 18 0.100000 19 0.900000
PelipperDh.png
  1 0.499023 9.598633 7.123535 -0.622014 0.733151 0.274932 0.734833 -0.154510 2 15 0.300000 16 0.700000
  1 0.675781 9.778809 7.042969 -0.622014 0.733151 0.274932 0.757019 -0.165100 2 15 0.300000 16 0.700000
  1 0.499023 9.778809 6.643066 -0.622014 0.733151 0.274932 0.757019 -0.155121 2 15 0.300000 16 0.700000
PelipperDh.png
  1 0.499023 9.778809 6.643066 0.620962 0.733933 0.275225 0.757019 -0.155121 2 15 0.300000 16 0.700000
  1 0.321777 9.778809 7.042969 0.620962 0.733933 0.275225 0.757019 -0.144104 2 15 0.300000 16 0.700000
  1 0.499023 9.598633 7.123535 0.620962 0.733933 0.275225 0.734833 -0.154510 2 15 0.300000 16 0.700000
PelipperDh.png
  1 0.499023 9.598633 7.123535 0.288869 0.613001 0.735381 0.734833 -0.154510 2 15 0.300000 16 0.700000
  1 0.321777 9.778809 7.042969 0.288869 0.613001 0.735381 0.757019 -0.144104 2 15 0.300000 16 0.700000
  1 -0.099609 9.778809 7.208496 0.288869 0.613001 0.735381 0.757019 -0.118958 2 15 0.300000 16 0.700000
PelipperDh.png
  1 1.211426 7.237305 7.084961 0.033091 -0.048081 0.998295 0.601379 -0.196838 2 15 0.500000 14 0.500000
  1 -0.099609 8.220703 7.175781 0.033091 -0.048081 0.998295 0.606903 -0.118561 2 14 0.200000 15 0.800000
  1 -0.099609 7.237305 7.128418 0.033091 -0.048081 0.998295 0.599823 -0.118561 2 15 0.500000 14 0.500000
PelipperDh.png
  1 1.342285 8.220703 7.126953 0.033807 -0.047128 0.998317 0.608734 -0.197601 2 14 0.200000 15 0.800000
  1 -0.099609 8.220703 7.175781 0.033807 -0.047128 0.998317 0.606903 -0.118561 2 14 0.200000 15 0.800000
  1 1.211426 7.237305 7.084961 0.033807 -0.047128 0.998317 0.601379 -0.196838 2 15 0.500000 14 0.500000
PelipperDh.png
  1 0.021973 2.777832 6.313965 -0.091615 0.941150 0.325336 0.611145 -0.592804 2 14 0.200000 9 0.800000
  1 -0.051583 2.910645 5.909044 -0.091615 0.941150 0.325336 0.605286 -0.619598 1 9 1.000000
  1 -0.961914 2.643066 6.426758 -0.091615 0.941150 0.325336 0.663330 -0.585968 2 14 0.200000 9 0.800000
PelipperDh.png
  1 -0.796875 2.503906 6.924805 -0.108715 0.671167 0.733291 0.652344 -0.570709 2 14 0.200000 9 0.800000
  1 -0.044322 2.208008 7.307205 -0.108715 0.671167 0.733291 0.611969 -0.547455 1 9 1.000000
  1 -0.053711 2.540527 7.001465 -0.108715 0.671167 0.733291 0.615509 -0.566010 2 14 0.200000 9 0.800000
PelipperDh.png
  1 -0.837703 2.144531 7.132843 -0.223503 0.507220 0.832331 0.652100 -0.552246 1 9 1.000000
  1 -0.044322 2.208008 7.307205 -0.223503 0.507220 0.832331 0.611969 -0.547455 1 9 1.000000
  1 -0.796875 2.503906 6.924805 -0.223503 0.507220 0.832331 0.652344 -0.570709 2 14 0.200000 9 0.800000
PelipperDh.png
  1 0.802734 2.805176 6.357422 -0.045912 0.976533 0.210417 0.567719 -0.590179 2 14 0.200000 9 0.800000
  1 0.830010 2.864746 6.086910 -0.045912 0.976533 0.210417 0.561890 -0.603271 1 9 1.000000
  1 0.021973 2.777832 6.313965 -0.045912 0.976533 0.210417 0.611145 -0.592804 2 14 0.200000 9 0.800000
PelipperDh.png
  1 -0.099609 6.412109 7.092773 -0.101376 -0.024657 0.994543 0.580597 -0.118561 2 15 0.200000 14 0.800000
  1 -0.796875 2.503906 6.924805 -0.101376 -0.024657 0.994543 0.458130 -0.077362 2 14 0.200000 9 0.800000
  1 -0.053711 2.540527 7.001465 -0.101376 -0.024657 0.994543 0.458130 -0.116150 2 14 0.200000 9 0.800000
PelipperDh.png
  1 -1.284668 6.411621 7.055664 -0.031262 -0.037350 0.998813 0.581482 -0.042358 2 15 0.200000 14 0.800000
  1 -0.796875 2.503906 6.924805 -0.031262 -0.037350 0.998813 0.458130 -0.077362 2 14 0.200000 9 0.800000
  1 -0.099609 6.412109 7.092773 -0.031262 -0.037350 0.998813 0.580597 -0.118561 2 15 0.200000 14 0.800000
PelipperDh.png
  1 -1.284668 6.411621 6.356934 -0.110086 -0.027836 -0.993532 0.581482 -0.042358 2 15 0.200000 14 0.800000
  1 0.021973 2.777832 6.313965 -0.110086 -0.027836 -0.993532 0.398071 -0.117188 2 14 0.200000 9 0.800000
  1 -0.961914 2.643066 6.426758 -0.110086 -0.027836 -0.993532 0.420441 -0.082581 2 14 0.200000 9 0.800000
PelipperDh.png
  1 -0.099609 6.412109 6.319824 -0.031299 0.000564 -0.999510 0.580597 -0.118561 2 15 0.200000 14 0.800000
  1 0.021973 2.777832 6.313965 -0.031299 0.000564 -0.999510 0.398071 -0.117188 2 14 0.200000 9 0.800000
  1 -1.284668 6.411621 6.356934 -0.031299 0.000564 -0.999510 0.581482 -0.042358 2 15 0.200000 14 0.800000
PelipperDh.png
  1 -0.099609 6.412109 6.319824 0.055452 0.003465 -0.998455 0.580597 -0.118561 2 15 0.200000 14 0.800000
  1 0.802734 2.805176 6.357422 0.055452 0.003465 -0.998455 0.420441 -0.145172 2 14 0.200000 9 0.800000
  1 0.021973 2.777832 6.313965 0.055452 0.003465 -0.998455 0.398071 -0.117188 2 14 0.200000 9 0.800000
PelipperDh.png
  1 1.084961 6.411621 6.356934 0.031311 -0.002586 -0.999506 0.581482 -0.194763 2 15 0.200000 14 0.800000
  1 0.802734 2.805176 6.357422 0.031311 -0.002586 -0.999506 0.420441 -0.145172 2 14 0.200000 9 0.800000
  1 -0.099609 6.412109 6.319824 0.031311 -0.002586 -0.999506 0.580597 -0.118561 2 15 0.200000 14 0.800000
PelipperDh.png
  1 -0.099609 6.412109 7.092773 0.031253 -0.049510 0.998285 0.580597 -0.118561 2 15 0.200000 14 0.800000
  1 0.706543 2.628418 6.879883 0.031253 -0.049510 0.998285 0.458130 -0.159668 2 14 0.200000 9 0.800000
  1 1.084961 6.411621 7.055664 0.031253 -0.049510 0.998285 0.581482 -0.194763 2 15 0.200000 14 0.800000
PelipperDh.png
  1 -0.053711 2.540527 7.001465 0.160289 -0.021374 0.986839 0.458130 -0.116150 2 14 0.200000 9 0.800000
  1 0.706543 2.628418 6.879883 0.160289 -0.021374 0.986839 0.458130 -0.159668 2 14 0.200000 9 0.800000
  1 -0.099609 6.412109 7.092773 0.160289 -0.021374 0.986839 0.580597 -0.118561 2 15 0.200000 14 0.800000
PelipperDh.png
  1 -1.851563 9.349121 6.642090 -0.944792 -0.129944 0.300803 0.702179 -0.013672 2 16 0.400000 15 0.600000
  1 -1.541992 8.220703 7.126953 -0.944792 -0.129944 0.300803 0.608734 -0.039520 2 14 0.200000 15 0.800000
  1 -1.686523 9.321289 7.148438 -0.944792 -0.129944 0.300803 0.697052 -0.028168 2 16 0.400000 15 0.600000
PelipperDh.png
  1 -1.728516 8.220703 6.690430 -0.916386 -0.083152 0.391565 0.609955 -0.027283 2 14 0.200000 15 0.800000
  1 -1.541992 8.220703 7.126953 -0.916386 -0.083152 0.391565 0.608734 -0.039520 2 14 0.200000 15 0.800000
  1 -1.851563 9.349121 6.642090 -0.916386 -0.083152 0.391565 0.702179 -0.013672 2 16 0.400000 15 0.600000
PelipperDh.png
  1 -1.686523 9.321289 6.174316 -0.938782 -0.116261 -0.324302 0.697052 -0.028168 2 16 0.400000 15 0.600000
  1 -1.728516 8.220703 6.690430 -0.938782 -0.116261 -0.324302 0.609955 -0.027283 2 14 0.200000 15 0.800000
  1 -1.851563 9.349121 6.642090 -0.938782 -0.116261 -0.324302 0.702179 -0.013672 2 16 0.400000 15 0.600000
PelipperDh.png
  1 -1.541992 8.220703 6.253418 -0.909687 -0.147368 -0.388269 0.608734 -0.039520 2 14 0.200000 15 0.800000
  1 -1.728516 8.220703 6.690430 -0.909687 -0.147368 -0.388269 0.609955 -0.027283 2 14 0.200000 15 0.800000
  1 -1.686523 9.321289 6.174316 -0.909687 -0.147368 -0.388269 0.697052 -0.028168 2 16 0.400000 15 0.600000
PelipperDh.png
  1 1.652344 9.349121 6.642090 0.935317 -0.145991 -0.322287 0.702179 -0.223450 2 16 0.400000 15 0.600000
  1 1.342285 8.220703 6.253418 0.935317 -0.145991 -0.322287 0.608734 -0.197601 2 14 0.200000 15 0.800000
  1 1.486816 9.321289 6.174316 0.935317 -0.145991 -0.322287 0.697052 -0.208954 2 16 0.400000 15 0.600000
PelipperDh.png
  1 1.528809 8.220703 6.690430 0.913444 -0.116702 -0.389872 0.609955 -0.209839 2 14 0.200000 15 0.800000
  1 1.342285 8.220703 6.253418 0.913444 -0.116702 -0.389872 0.608734 -0.197601 2 14 0.200000 15 0.800000
  1 1.652344 9.349121 6.642090 0.913444 -0.116702 -0.389872 0.702179 -0.223450 2 16 0.400000 15 0.600000
PelipperDh.png
  1 1.486816 9.321289 7.148438 0.948043 -0.090725 0.304933 0.697052 -0.208954 2 16 0.400000 15 0.600000
  1 1.528809 8.220703 6.690430 0.948043 -0.090725 0.304933 0.609955 -0.209839 2 14 0.200000 15 0.800000
  1 1.652344 9.349121 6.642090 0.948043 -0.090725 0.304933 0.702179 -0.223450 2 16 0.400000 15 0.600000
PelipperDh.png
  1 1.342285 8.220703 7.126953 0.912079 -0.127384 0.389725 0.608734 -0.197601 2 14 0.200000 15 0.800000
  1 1.528809 8.220703 6.690430 0.912079 -0.127384 0.389725 0.609955 -0.209839 2 14 0.200000 15 0.800000
  1 1.486816 9.321289 7.148438 0.912079 -0.127384 0.389725 0.697052 -0.208954 2 16 0.400000 15 0.600000
PelipperDh.png
  1 -0.099609 6.412109 7.092773 -0.031257 -0.040223 0.998702 0.580597 -0.118561 2 15 0.200000 14 0.800000
  1 -1.411133 7.237305 7.084961 -0.031257 -0.040223 0.998702 0.601379 -0.040283 2 15 0.500000 14 0.500000
  1 -1.284668 6.411621 7.055664 -0.031257 -0.040223 0.998702 0.581482 -0.042358 2 15 0.200000 14 0.800000
PelipperDh.png
  1 -0.099609 7.237305 7.128418 -0.033086 -0.043131 0.998521 0.599823 -0.118561 2 15 0.500000 14 0.500000
  1 -1.411133 7.237305 7.084961 -0.033086 -0.043131 0.998521 0.601379 -0.040283 2 15 0.500000 14 0.500000
  1 -0.099609 6.412109 7.092773 -0.033086 -0.043131 0.998521 0.580597 -0.118561 2 15 0.200000 14 0.800000
PelipperDh.png
  1 -1.894043 9.778809 6.643066 -0.940714 -0.092261 -0.326412 0.757019 -0.012146 2 15 0.300000 16 0.700000
  1 -1.686523 9.321289 6.174316 -0.940714 -0.092261 -0.326412 0.697052 -0.028168 2 16 0.400000 15 0.600000
  1 -1.851563 9.349121 6.642090 -0.940714 -0.092261 -0.326412 0.702179 -0.013672 2 16 0.400000 15 0.600000
PelipperDh.png
  1 -1.719238 9.778809 6.243652 -0.916096 -0.004745 -0.400932 0.757019 -0.022552 2 15 0.300000 16 0.700000
  1 -1.686523 9.321289 6.174316 -0.916096 -0.004745 -0.400932 0.697052 -0.028168 2 16 0.400000 15 0.600000
  1 -1.894043 9.778809 6.643066 -0.916096 -0.004745 -0.400932 0.757019 -0.012146 2 15 0.300000 16 0.700000
PelipperDh.png
  1 -1.719238 9.778809 7.042969 -0.950709 0.003497 0.310066 0.757019 -0.022552 2 15 0.300000 16 0.700000
  1 -1.851563 9.349121 6.642090 -0.950709 0.003497 0.310066 0.702179 -0.013672 2 16 0.400000 15 0.600000
  1 -1.686523 9.321289 7.148438 -0.950709 0.003497 0.310066 0.697052 -0.028168 2 16 0.400000 15 0.600000
PelipperDh.png
  1 -1.894043 9.778809 6.643066 -0.912474 -0.091117 0.398859 0.757019 -0.012146 2 15 0.300000 16 0.700000
  1 -1.851563 9.349121 6.642090 -0.912474 -0.091117 0.398859 0.702179 -0.013672 2 16 0.400000 15 0.600000
  1 -1.719238 9.778809 7.042969 -0.912474 -0.091117 0.398859 0.757019 -0.022552 2 15 0.300000 16 0.700000
PelipperDh.png
  1 1.486816 9.321289 6.174316 0.940485 -0.091167 -0.327378 0.697052 -0.208954 2 16 0.400000 15 0.600000
  1 1.694336 9.778809 6.643066 0.940485 -0.091167 -0.327378 0.757019 -0.225800 2 15 0.300000 16 0.700000
  1 1.652344 9.349121 6.642090 0.940485 -0.091167 -0.327378 0.702179 -0.223450 2 16 0.400000 15 0.600000
PelipperDh.png
  1 1.519531 9.778809 6.243652 0.916096 -0.004745 -0.400932 0.757019 -0.215363 2 15 0.300000 16 0.700000
  1 1.694336 9.778809 6.643066 0.916096 -0.004745 -0.400932 0.757019 -0.225800 2 15 0.300000 16 0.700000
  1 1.486816 9.321289 6.174316 0.916096 -0.004745 -0.400932 0.697052 -0.208954 2 16 0.400000 15 0.600000
PelipperDh.png
  1 1.652344 9.349121 6.642090 0.950434 0.003710 0.310905 0.702179 -0.223450 2 16 0.400000 15 0.600000
  1 1.519531 9.778809 7.042969 0.950434 0.003710 0.310905 0.757019 -0.215363 2 15 0.300000 16 0.700000
  1 1.486816 9.321289 7.148438 0.950434 0.003710 0.310905 0.697052 -0.208954 2 16 0.400000 15 0.600000
PelipperDh.png
  1 1.694336 9.778809 6.643066 0.912560 -0.090089 0.398897 0.757019 -0.225800 2 15 0.300000 16 0.700000
  1 1.519531 9.778809 7.042969 0.912560 -0.090089 0.398897 0.757019 -0.215363 2 15 0.300000 16 0.700000
  1 1.652344 9.349121 6.642090 0.912560 -0.090089 0.398897 0.702179 -0.223450 2 16 0.400000 15 0.600000
PelipperDh.png
  1 -0.099609 9.778809 6.078125 0.129030 -0.038549 -0.990891 0.757019 -0.118958 2 15 0.300000 16 0.700000
  1 0.499023 9.598633 6.163086 0.129030 -0.038549 -0.990891 0.734833 -0.154510 2 15 0.300000 16 0.700000
  1 -0.099609 9.226563 6.099609 0.129030 -0.038549 -0.990891 0.689423 -0.118561 2 16 0.400000 15 0.600000
PelipperDh.png
  1 0.321777 9.778809 6.243652 0.288869 0.613001 -0.735381 0.757019 -0.144104 2 15 0.300000 16 0.700000
  1 0.499023 9.598633 6.163086 0.288869 0.613001 -0.735381 0.734833 -0.154510 2 15 0.300000 16 0.700000
  1 -0.099609 9.778809 6.078125 0.288869 0.613001 -0.735381 0.757019 -0.118958 2 15 0.300000 16 0.700000
PelipperDh.png
  1 -0.521484 9.778809 6.243652 0.100359 0.322197 -0.941338 0.757019 -0.093811 2 15 0.300000 16 0.700000
  1 -0.099609 9.226563 6.099609 0.100359 0.322197 -0.941338 0.689423 -0.118561 2 16 0.400000 15 0.600000
  1 -0.698730 9.598633 6.163086 0.100359 0.322197 -0.941338 0.734833 -0.086578 2 15 0.300000 16 0.700000
PelipperDh.png
  1 -0.099609 9.778809 6.078125 -0.365013 -0.036192 -0.930299 0.757019 -0.118958 2 15 0.300000 16 0.700000
  1 -0.099609 9.226563 6.099609 -0.365013 -0.036192 -0.930299 0.689423 -0.118561 2 16 0.400000 15 0.600000
  1 -0.521484 9.778809 6.243652 -0.365013 -0.036192 -0.930299 0.757019 -0.093811 2 15 0.300000 16 0.700000
PelipperDh.png
  1 0.313965 11.407715 7.063477 0.388328 0.018942 0.921327 0.856171 -0.143768 2 15 0.100000 16 0.900000
  1 0.291111 12.871140 7.043022 0.388328 0.018942 0.921327 0.931274 -0.142426 1 16 1.000000
  1 -0.099609 11.407715 7.237793 0.388328 0.018942 0.921327 0.856171 -0.119354 2 15 0.100000 16 0.900000
PelipperDh.png
  1 0.487793 11.407715 6.643066 0.923926 0.020580 0.382018 0.856171 -0.155121 2 15 0.100000 16 0.900000
  1 0.455174 12.871140 6.643119 0.923926 0.020580 0.382018 0.931274 -0.155121 1 16 1.000000
  1 0.313965 11.407715 7.063477 0.923926 0.020580 0.382018 0.856171 -0.143768 2 15 0.100000 16 0.900000
PelipperDh.png
  1 0.661133 -11.407715 7.063477 -0.388008 -0.001778 0.921654 0.856171 -0.164246 2 18 0.100000 19 0.900000
  1 0.619237 -12.871137 7.043016 -0.388008 -0.001778 0.921654 0.931274 -0.164795 1 19 1.000000
  1 1.075195 -11.407715 7.237793 -0.388008 -0.001778 0.921654 0.856171 -0.188660 2 18 0.100000 19 0.900000
PelipperDh.png
  1 0.313965 11.407715 6.222656 0.923940 0.019796 -0.382024 0.856171 -0.143768 2 15 0.100000 16 0.900000
  1 0.291111 12.871140 6.243217 0.923940 0.019796 -0.382024 0.931274 -0.142426 1 16 1.000000
  1 0.487793 11.407715 6.643066 0.923940 0.019796 -0.382024 0.856171 -0.155121 2 15 0.100000 16 0.900000
PelipperDh.png
  1 0.487793 -11.407715 6.643066 -0.924304 0.020614 0.381101 0.856171 -0.155121 2 18 0.100000 19 0.900000
  1 0.455175 -12.871137 6.643114 -0.924304 0.020614 0.381101 0.931274 -0.155121 1 19 1.000000
  1 0.661133 -11.407715 7.063477 -0.924304 0.020614 0.381101 0.856171 -0.164246 2 18 0.100000 19 0.900000
PelipperDh.png
  1 -0.099609 11.407715 6.048340 0.388330 0.018582 -0.921333 0.856171 -0.119354 2 15 0.100000 16 0.900000
  1 -0.100002 12.871140 6.077690 0.388330 0.018582 -0.921333 0.931274 -0.119354 1 16 1.000000
  1 0.313965 11.407715 6.222656 0.388330 0.018582 -0.921333 0.856171 -0.143768 2 15 0.100000 16 0.900000
PelipperDh.png
  1 0.661229 -11.375531 6.222704 -0.924770 0.020755 -0.379960 0.856171 -0.164246 1 19 1.000000
  1 0.619237 -12.871137 6.243212 -0.924770 0.020755 -0.379960 0.931274 -0.164795 1 19 1.000000
  1 0.487793 -11.407715 6.643066 -0.924770 0.020755 -0.379960 0.856171 -0.155121 2 18 0.100000 19 0.900000
PelipperDh.png
  1 -1.584473 7.237305 6.694336 -0.903344 -0.152583 0.400859 0.602448 -0.028198 2 15 0.500000 14 0.500000
  1 -1.284668 6.411621 7.055664 -0.903344 -0.152583 0.400859 0.581482 -0.042358 2 15 0.200000 14 0.800000
  1 -1.411133 7.237305 7.084961 -0.903344 -0.152583 0.400859 0.601379 -0.040283 2 15 0.500000 14 0.500000
PelipperDh.png
  1 -1.450195 6.411621 6.706543 -0.894781 -0.139242 0.424239 0.582123 -0.030701 2 15 0.200000 14 0.800000
  1 -1.284668 6.411621 7.055664 -0.894781 -0.139242 0.424239 0.581482 -0.042358 2 15 0.200000 14 0.800000
  1 -1.584473 7.237305 6.694336 -0.894781 -0.139242 0.424239 0.602448 -0.028198 2 15 0.500000 14 0.500000
PelipperDh.png
  1 1.488770 11.407715 7.063477 0.388142 0.036287 0.920885 0.856171 -0.213074 2 15 0.100000 16 0.900000
  1 1.400486 12.871140 7.043022 0.388142 0.036287 0.920885 0.931274 -0.210876 1 16 1.000000
  1 1.075195 11.407715 7.237793 0.388142 0.036287 0.920885 0.856171 -0.188660 2 15 0.100000 16 0.900000
PelipperDh.png
  1 -1.297363 -9.778809 6.078125 -0.365227 0.011875 -0.930843 0.757019 -0.047699 2 18 0.300000 19 0.700000
  1 -1.274414 -11.407715 6.048340 -0.365227 0.011875 -0.930843 0.856171 -0.050079 2 18 0.100000 19 0.900000
  1 -1.719238 -9.778809 6.243652 -0.365227 0.011875 -0.930843 0.757019 -0.022552 2 18 0.300000 19 0.700000
PelipperDh.png
  1 -1.719238 -9.778809 6.243652 -0.388004 0.004552 -0.921646 0.757019 -0.022552 2 18 0.300000 19 0.700000
  1 -1.274414 -11.407715 6.048340 -0.388004 0.004552 -0.921646 0.856171 -0.050079 2 18 0.100000 19 0.900000
  1 -1.688477 -11.407715 6.222656 -0.388004 0.004552 -0.921646 0.856171 -0.025665 2 18 0.100000 19 0.900000
PelipperDh.png
  1 -1.719238 -9.778809 6.243652 -0.916039 -0.012132 -0.400907 0.757019 -0.022552 2 18 0.300000 19 0.700000
  1 -1.688477 -11.407715 6.222656 -0.916039 -0.012132 -0.400907 0.856171 -0.025665 2 18 0.100000 19 0.900000
  1 -1.894043 -9.778809 6.643066 -0.916039 -0.012132 -0.400907 0.757019 -0.012146 2 18 0.300000 19 0.700000
PelipperDh.png
  1 -1.894043 -9.778809 6.643066 -0.925834 -0.019427 -0.377431 0.757019 -0.012146 2 18 0.300000 19 0.700000
  1 -1.688477 -11.407715 6.222656 -0.925834 -0.019427 -0.377431 0.856171 -0.025665 2 18 0.100000 19 0.900000
  1 -1.859863 -11.407715 6.643066 -0.925834 -0.019427 -0.377431 0.856171 -0.015564 2 18 0.100000 19 0.900000
PelipperDh.png
  1 -1.894043 -9.778809 6.643066 -0.916116 -0.019223 0.400451 0.757019 -0.012146 2 18 0.300000 19 0.700000
  1 -1.859863 -11.407715 6.643066 -0.916116 -0.019223 0.400451 0.856171 -0.015564 2 18 0.100000 19 0.900000
  1 -1.719238 -9.778809 7.042969 -0.916116 -0.019223 0.400451 0.757019 -0.022552 2 18 0.300000 19 0.700000
PelipperDh.png
  1 -1.719238 -9.778809 7.042969 -0.925934 -0.012734 0.377471 0.757019 -0.022552 2 18 0.300000 19 0.700000
  1 -1.859863 -11.407715 6.643066 -0.925934 -0.012734 0.377471 0.856171 -0.015564 2 18 0.100000 19 0.900000
  1 -1.688477 -11.407715 7.063477 -0.925934 -0.012734 0.377471 0.856171 -0.025665 2 18 0.100000 19 0.900000
PelipperDh.png
  1 1.097656 -9.778809 6.078125 0.365226 0.011985 -0.930842 0.757019 -0.190247 2 18 0.300000 19 0.700000
  1 1.519531 -9.778809 6.243652 0.365226 0.011985 -0.930842 0.757019 -0.215363 2 18 0.300000 19 0.700000
  1 1.075195 -11.407715 6.048340 0.365226 0.011985 -0.930842 0.856171 -0.188660 2 18 0.100000 19 0.900000
PelipperDh.png
  1 1.075195 -11.407715 6.048340 0.388393 0.004543 -0.921483 0.856171 -0.188660 2 18 0.100000 19 0.900000
  1 1.519531 -9.778809 6.243652 0.388393 0.004543 -0.921483 0.757019 -0.215363 2 18 0.300000 19 0.700000
  1 1.488770 -11.407715 6.222656 0.388393 0.004543 -0.921483 0.856171 -0.213074 2 18 0.100000 19 0.900000
PelipperDh.png
  1 1.519531 -9.778809 6.243652 0.916039 -0.012132 -0.400907 0.757019 -0.215363 2 18 0.300000 19 0.700000
  1 1.694336 -9.778809 6.643066 0.916039 -0.012132 -0.400907 0.757019 -0.225800 2 18 0.300000 19 0.700000
  1 1.488770 -11.407715 6.222656 0.916039 -0.012132 -0.400907 0.856171 -0.213074 2 18 0.100000 19 0.900000
PelipperDh.png
  1 1.488770 -11.407715 6.222656 0.925834 -0.019427 -0.377431 0.856171 -0.213074 2 18 0.100000 19 0.900000
  1 1.694336 -9.778809 6.643066 0.925834 -0.019427 -0.377431 0.757019 -0.225800 2 18 0.300000 19 0.700000
  1 1.660156 -11.407715 6.643066 0.925834 -0.019427 -0.377431 0.856171 -0.223175 2 18 0.100000 19 0.900000
PelipperDh.png
  1 -0.099609 -9.778809 6.078125 0.365566 0.017017 -0.930630 0.757019 -0.118958 2 18 0.300000 19 0.700000
  1 0.321777 -9.778809 6.243652 0.365566 0.017017 -0.930630 0.757019 -0.144104 2 18 0.300000 19 0.700000
  1 -0.099609 -11.407715 6.048340 0.365566 0.017017 -0.930630 0.856171 -0.119354 2 18 0.100000 19 0.900000
PelipperDh.png
  1 -0.099609 -11.407715 6.048340 0.388378 0.010014 -0.921446 0.856171 -0.119354 2 18 0.100000 19 0.900000
  1 0.321777 -9.778809 6.243652 0.388378 0.010014 -0.921446 0.757019 -0.144104 2 18 0.300000 19 0.700000
  1 0.313965 -11.407715 6.222656 0.388378 0.010014 -0.921446 0.856171 -0.143768 2 18 0.100000 19 0.900000
PelipperDh.png
  1 0.321777 -9.778809 6.243652 0.914041 0.000844 -0.405620 0.757019 -0.144104 2 18 0.300000 19 0.700000
  1 0.499023 -9.778809 6.643066 0.914041 0.000844 -0.405620 0.757019 -0.155121 2 18 0.300000 19 0.700000
  1 0.313965 -11.407715 6.222656 0.914041 0.000844 -0.405620 0.856171 -0.143768 2 18 0.100000 19 0.900000
PelipperDh.png
  1 0.313965 -11.407715 6.222656 0.924103 -0.006371 -0.382091 0.856171 -0.143768 2 18 0.100000 19 0.900000
  1 0.499023 -9.778809 6.643066 0.924103 -0.006371 -0.382091 0.757019 -0.155121 2 18 0.300000 19 0.700000
  1 0.487793 -11.407715 6.643066 0.924103 -0.006371 -0.382091 0.856171 -0.155121 2 18 0.100000 19 0.900000
PelipperDh.png
  1 0.499023 -9.778809 6.643066 0.914207 -0.006303 0.405198 0.757019 -0.155121 2 18 0.300000 19 0.700000
  1 0.321777 -9.778809 7.042969 0.914207 -0.006303 0.405198 0.757019 -0.144104 2 18 0.300000 19 0.700000
  1 0.487793 -11.407715 6.643066 0.914207 -0.006303 0.405198 0.856171 -0.155121 2 18 0.100000 19 0.900000
PelipperDh.png
  1 0.487793 -11.407715 6.643066 0.924121 0.000378 0.382099 0.856171 -0.155121 2 18 0.100000 19 0.900000
  1 0.321777 -9.778809 7.042969 0.924121 0.000378 0.382099 0.757019 -0.144104 2 18 0.300000 19 0.700000
  1 0.313965 -11.407715 7.063477 0.924121 0.000378 0.382099 0.856171 -0.143768 2 18 0.100000 19 0.900000
PelipperDh.png
  1 0.321777 -9.778809 7.042969 0.365601 0.009964 0.930718 0.757019 -0.144104 2 18 0.300000 19 0.700000
  1 -0.099609 -9.778809 7.208496 0.365601 0.009964 0.930718 0.757019 -0.118958 2 18 0.300000 19 0.700000
  1 0.313965 -11.407715 7.063477 0.365601 0.009964 0.930718 0.856171 -0.143768 2 18 0.100000 19 0.900000
PelipperDh.png
  1 0.313965 -11.407715 7.063477 0.388344 0.016571 0.921365 0.856171 -0.143768 2 18 0.100000 19 0.900000
  1 -0.099609 -9.778809 7.208496 0.388344 0.016571 0.921365 0.757019 -0.118958 2 18 0.300000 19 0.700000
  1 -0.099609 -11.407715 7.237793 0.388344 0.016571 0.921365 0.856171 -0.119354 2 18 0.100000 19 0.900000
PelipperDh.png
  1 -0.521484 -9.778809 7.042969 -0.365234 0.009968 0.930862 0.757019 -0.093811 2 18 0.300000 19 0.700000
  1 -0.513672 -11.407715 7.063477 -0.365234 0.009968 0.930862 0.856171 -0.094971 2 18 0.100000 19 0.900000
  1 -0.099609 -9.778809 7.208496 -0.365234 0.009968 0.930862 0.757019 -0.118958 2 18 0.300000 19 0.700000
PelipperDh.png
  1 -0.099609 -9.778809 7.208496 -0.387955 0.016574 0.921529 0.757019 -0.118958 2 18 0.300000 19 0.700000
  1 -0.513672 -11.407715 7.063477 -0.387955 0.016574 0.921529 0.856171 -0.094971 2 18 0.100000 19 0.900000
  1 -0.099609 -11.407715 7.237793 -0.387955 0.016574 0.921529 0.856171 -0.119354 2 18 0.100000 19 0.900000
PelipperDh.png
  1 -0.099609 -9.778809 6.078125 -0.365199 0.017020 -0.930774 0.757019 -0.118958 2 18 0.300000 19 0.700000
  1 -0.099609 -11.407715 6.048340 -0.365199 0.017020 -0.930774 0.856171 -0.119354 2 18 0.100000 19 0.900000
  1 -0.521484 -9.778809 6.243652 -0.365199 0.017020 -0.930774 0.757019 -0.093811 2 18 0.300000 19 0.700000
PelipperDh.png
  1 -0.521484 -9.778809 6.243652 -0.387989 0.010018 -0.921610 0.757019 -0.093811 2 18 0.300000 19 0.700000
  1 -0.099609 -11.407715 6.048340 -0.387989 0.010018 -0.921610 0.856171 -0.119354 2 18 0.100000 19 0.900000
  1 -0.513672 -11.407715 6.222656 -0.387989 0.010018 -0.921610 0.856171 -0.094971 2 18 0.100000 19 0.900000
PelipperDh.png
  1 -0.521484 -9.778809 6.243652 -0.914041 0.000844 -0.405620 0.757019 -0.093811 2 18 0.300000 19 0.700000
  1 -0.513672 -11.407715 6.222656 -0.914041 0.000844 -0.405620 0.856171 -0.094971 2 18 0.100000 19 0.900000
  1 -0.698730 -9.778809 6.643066 -0.914041 0.000844 -0.405620 0.757019 -0.083313 2 18 0.300000 19 0.700000
PelipperDh.png
  1 -0.698730 -9.778809 6.643066 -0.924480 -0.006651 -0.381173 0.757019 -0.083313 2 18 0.300000 19 0.700000
  1 -0.513672 -11.407715 6.222656 -0.924480 -0.006651 -0.381173 0.856171 -0.094971 2 18 0.100000 19 0.900000
  1 -0.687012 -11.407715 6.643066 -0.924480 -0.006651 -0.381173 0.856171 -0.083313 2 18 0.100000 19 0.900000
PelipperDh.png
  1 -0.698730 -9.778809 6.643066 -0.914206 -0.006577 0.405197 0.757019 -0.083313 2 18 0.300000 19 0.700000
  1 -0.687012 -11.407715 6.643066 -0.914206 -0.006577 0.405197 0.856171 -0.083313 2 18 0.100000 19 0.900000
  1 -0.521484 -9.778809 7.042969 -0.914206 -0.006577 0.405197 0.757019 -0.093811 2 18 0.300000 19 0.700000
PelipperDh.png
  1 -0.521484 -9.778809 7.042969 -0.924500 0.000365 0.381182 0.757019 -0.093811 2 18 0.300000 19 0.700000
  1 -0.687012 -11.407715 6.643066 -0.924500 0.000365 0.381182 0.856171 -0.083313 2 18 0.100000 19 0.900000
  1 -0.513672 -11.407715 7.063477 -0.924500 0.000365 0.381182 0.856171 -0.094971 2 18 0.100000 19 0.900000
PelipperDh.png
  1 1.694336 -9.778809 6.643066 0.916116 -0.019223 0.400451 0.757019 -0.225800 2 18 0.300000 19 0.700000
  1 1.519531 -9.778809 7.042969 0.916116 -0.019223 0.400451 0.757019 -0.215363 2 18 0.300000 19 0.700000
  1 1.660156 -11.407715 6.643066 0.916116 -0.019223 0.400451 0.856171 -0.223175 2 18 0.100000 19 0.900000
PelipperDh.png
  1 1.660156 -11.407715 6.643066 0.925934 -0.012734 0.377471 0.856171 -0.223175 2 18 0.100000 19 0.900000
  1 1.519531 -9.778809 7.042969 0.925934 -0.012734 0.377471 0.757019 -0.215363 2 18 0.300000 19 0.700000
  1 1.488770 -11.407715 7.063477 0.925934 -0.012734 0.377471 0.856171 -0.213074 2 18 0.100000 19 0.900000
PelipperDh.png
  1 -1.297363 -9.778809 6.078125 0.365163 0.022163 -0.930680 0.757019 -0.047699 2 18 0.300000 19 0.700000
  1 -0.875488 -9.778809 6.243652 0.365163 0.022163 -0.930680 0.757019 -0.072815 2 18 0.300000 19 0.700000
  1 -1.274414 -11.407715 6.048340 0.365163 0.022163 -0.930680 0.856171 -0.050079 2 18 0.100000 19 0.900000
PelipperDh.png
  1 -1.274414 -11.407715 6.048340 0.388352 0.015369 -0.921383 0.856171 -0.050079 2 18 0.100000 19 0.900000
  1 -0.875488 -9.778809 6.243652 0.388352 0.015369 -0.921383 0.757019 -0.072815 2 18 0.300000 19 0.700000
  1 -0.860840 -11.407715 6.222656 0.388352 0.015369 -0.921383 0.856171 -0.072815 2 18 0.100000 19 0.900000
PelipperDh.png
  1 -0.875488 -9.778809 6.243652 0.914373 0.013439 -0.404649 0.757019 -0.072815 2 18 0.300000 19 0.700000
  1 -0.698730 -9.778809 6.643066 0.914373 0.013439 -0.404649 0.757019 -0.083313 2 18 0.300000 19 0.700000
  1 -0.860840 -11.407715 6.222656 0.914373 0.013439 -0.404649 0.856171 -0.072815 2 18 0.100000 19 0.900000
PelipperDh.png
  1 -0.860840 -11.407715 6.222656 0.924101 0.006648 -0.382091 0.856171 -0.072815 2 18 0.100000 19 0.900000
  1 -0.698730 -9.778809 6.643066 0.924101 0.006648 -0.382091 0.757019 -0.083313 2 18 0.300000 19 0.700000
  1 -0.687012 -11.407715 6.643066 0.924101 0.006648 -0.382091 0.856171 -0.083313 2 18 0.100000 19 0.900000
PelipperDh.png
  1 -0.698730 -9.778809 6.643066 0.914619 0.006580 0.404264 0.757019 -0.083313 2 18 0.300000 19 0.700000
  1 -0.875488 -9.778809 7.042969 0.914619 0.006580 0.404264 0.757019 -0.072815 2 18 0.300000 19 0.700000
  1 -0.687012 -11.407715 6.643066 0.914619 0.006580 0.404264 0.856171 -0.083313 2 18 0.100000 19 0.900000
PelipperDh.png
  1 -0.687012 -11.407715 6.643066 0.924042 0.013120 0.382066 0.856171 -0.083313 2 18 0.100000 19 0.900000
  1 -0.875488 -9.778809 7.042969 0.924042 0.013120 0.382066 0.757019 -0.072815 2 18 0.300000 19 0.700000
  1 -0.860840 -11.407715 7.063477 0.924042 0.013120 0.382066 0.856171 -0.072815 2 18 0.100000 19 0.900000
PelipperDh.png
  1 -0.875488 -9.778809 7.042969 0.365211 0.015003 0.930804 0.757019 -0.072815 2 18 0.300000 19 0.700000
  1 -1.297363 -9.778809 7.208496 0.365211 0.015003 0.930804 0.757019 -0.047699 2 18 0.300000 19 0.700000
  1 -0.860840 -11.407715 7.063477 0.365211 0.015003 0.930804 0.856171 -0.072815 2 18 0.100000 19 0.900000
PelipperDh.png
  1 -0.860840 -11.407715 7.063477 0.388303 0.022040 0.921268 0.856171 -0.072815 2 18 0.100000 19 0.900000
  1 -1.297363 -9.778809 7.208496 0.388303 0.022040 0.921268 0.757019 -0.047699 2 18 0.300000 19 0.700000
  1 -1.274414 -11.407715 7.237793 0.388303 0.022040 0.921268 0.856171 -0.050079 2 18 0.100000 19 0.900000
PelipperDh.png
  1 -1.719238 -9.778809 7.042969 -0.365248 0.004822 0.930898 0.757019 -0.022552 2 18 0.300000 19 0.700000
  1 -1.688477 -11.407715 7.063477 -0.365248 0.004822 0.930898 0.856171 -0.025665 2 18 0.100000 19 0.900000
  1 -1.297363 -9.778809 7.208496 -0.365248 0.004822 0.930898 0.757019 -0.047699 2 18 0.300000 19 0.700000
PelipperDh.png
  1 -1.297363 -9.778809 7.208496 -0.387985 0.011109 0.921599 0.757019 -0.047699 2 18 0.300000 19 0.700000
  1 -1.688477 -11.407715 7.063477 -0.387985 0.011109 0.921599 0.856171 -0.025665 2 18 0.100000 19 0.900000
  1 -1.274414 -11.407715 7.237793 -0.387985 0.011109 0.921599 0.856171 -0.050079 2 18 0.100000 19 0.900000
PelipperDh.png
  1 1.519531 -9.778809 7.042969 0.365248 0.004822 0.930898 0.757019 -0.215363 2 18 0.300000 19 0.700000
  1 1.097656 -9.778809 7.208496 0.365248 0.004822 0.930898 0.757019 -0.190247 2 18 0.300000 19 0.700000
  1 1.488770 -11.407715 7.063477 0.365248 0.004822 0.930898 0.856171 -0.213074 2 18 0.100000 19 0.900000
PelipperDh.png
  1 1.488770 -11.407715 7.063477 0.388373 0.011217 0.921434 0.856171 -0.213074 2 18 0.100000 19 0.900000
  1 1.097656 -9.778809 7.208496 0.388373 0.011217 0.921434 0.757019 -0.190247 2 18 0.300000 19 0.700000
  1 1.075195 -11.407715 7.237793 0.388373 0.011217 0.921434 0.856171 -0.188660 2 18 0.100000 19 0.900000
PelipperDh.png
  1 0.675781 -9.778809 7.042969 -0.365211 0.015003 0.930804 0.757019 -0.165100 2 18 0.300000 19 0.700000
  1 0.661133 -11.407715 7.063477 -0.365211 0.015003 0.930804 0.856171 -0.164246 2 18 0.100000 19 0.900000
  1 1.097656 -9.778809 7.208496 -0.365211 0.015003 0.930804 0.757019 -0.190247 2 18 0.300000 19 0.700000
PelipperDh.png
  1 1.097656 -9.778809 7.208496 -0.387915 0.021922 0.921434 0.757019 -0.190247 2 18 0.300000 19 0.700000
  1 0.661133 -11.407715 7.063477 -0.387915 0.021922 0.921434 0.856171 -0.164246 2 18 0.100000 19 0.900000
  1 1.075195 -11.407715 7.237793 -0.387915 0.021922 0.921434 0.856171 -0.188660 2 18 0.100000 19 0.900000
PelipperDh.png
  1 0.499023 -9.778809 6.643066 -0.914620 0.006306 0.404264 0.757019 -0.155121 2 18 0.300000 19 0.700000
  1 0.487793 -11.407715 6.643066 -0.914620 0.006306 0.404264 0.856171 -0.155121 2 18 0.100000 19 0.900000
  1 0.675781 -9.778809 7.042969 -0.914620 0.006306 0.404264 0.757019 -0.165100 2 18 0.300000 19 0.700000
PelipperDh.png
  1 0.675781 -9.778809 7.042969 -0.924421 0.013112 0.381149 0.757019 -0.165100 2 18 0.300000 19 0.700000
  1 0.487793 -11.407715 6.643066 -0.924421 0.013112 0.381149 0.856171 -0.155121 2 18 0.100000 19 0.900000
  1 0.661133 -11.407715 7.063477 -0.924421 0.013112 0.381149 0.856171 -0.164246 2 18 0.100000 19 0.900000
PelipperDh.png
  1 0.321777 -9.778809 6.243652 0.289163 -0.611965 -0.736128 0.757019 -0.144104 2 18 0.300000 19 0.700000
  1 -0.099609 -9.778809 6.078125 0.289163 -0.611965 -0.736128 0.757019 -0.118958 2 18 0.300000 19 0.700000
  1 0.499023 -9.598145 6.163086 0.289163 -0.611965 -0.736128 0.734833 -0.154510 2 18 0.300000 19 0.700000
PelipperDh.png
  1 0.499023 -9.598145 6.163086 0.128999 0.038549 -0.990895 0.734833 -0.154510 2 18 0.300000 19 0.700000
  1 -0.099609 -9.778809 6.078125 0.128999 0.038549 -0.990895 0.757019 -0.118958 2 18 0.300000 19 0.700000
  1 -0.099609 -9.226563 6.099609 0.128999 0.038549 -0.990895 0.689423 -0.118561 2 19 0.400000 18 0.600000
PelipperDh.png
  1 1.694336 -9.778809 6.643066 0.912560 0.090089 0.398897 0.757019 -0.225800 2 18 0.300000 19 0.700000
  1 1.652344 -9.349121 6.642090 0.912560 0.090089 0.398897 0.702179 -0.223450 2 19 0.400000 18 0.600000
  1 1.519531 -9.778809 7.042969 0.912560 0.090089 0.398897 0.757019 -0.215363 2 18 0.300000 19 0.700000
PelipperDh.png
  1 1.519531 -9.778809 7.042969 0.950434 -0.003710 0.310905 0.757019 -0.215363 2 18 0.300000 19 0.700000
  1 1.652344 -9.349121 6.642090 0.950434 -0.003710 0.310905 0.702179 -0.223450 2 19 0.400000 18 0.600000
  1 1.486816 -9.321289 7.148438 0.950434 -0.003710 0.310905 0.697052 -0.208954 2 19 0.400000 18 0.600000
PelipperDh.png
  1 1.519531 -9.778809 6.243652 0.916096 0.004745 -0.400932 0.757019 -0.215363 2 18 0.300000 19 0.700000
  1 1.486816 -9.321289 6.174316 0.916096 0.004745 -0.400932 0.697052 -0.208954 2 19 0.400000 18 0.600000
  1 1.694336 -9.778809 6.643066 0.916096 0.004745 -0.400932 0.757019 -0.225800 2 18 0.300000 19 0.700000
PelipperDh.png
  1 1.694336 -9.778809 6.643066 0.940485 0.091167 -0.327378 0.757019 -0.225800 2 18 0.300000 19 0.700000
  1 1.486816 -9.321289 6.174316 0.940485 0.091167 -0.327378 0.697052 -0.208954 2 19 0.400000 18 0.600000
  1 1.652344 -9.349121 6.642090 0.940485 0.091167 -0.327378 0.702179 -0.223450 2 19 0.400000 18 0.600000
PelipperDh.png
  1 -1.894043 -9.778809 6.643066 -0.912474 0.091117 0.398859 0.757019 -0.012146 2 18 0.300000 19 0.700000
  1 -1.719238 -9.778809 7.042969 -0.912474 0.091117 0.398859 0.757019 -0.022552 2 18 0.300000 19 0.700000
  1 -1.851563 -9.349121 6.642090 -0.912474 0.091117 0.398859 0.702179 -0.013672 2 19 0.400000 18 0.600000
PelipperDh.png
  1 -1.851563 -9.349121 6.642090 -0.950709 -0.003497 0.310066 0.702179 -0.013672 2 19 0.400000 18 0.600000
  1 -1.719238 -9.778809 7.042969 -0.950709 -0.003497 0.310066 0.757019 -0.022552 2 18 0.300000 19 0.700000
  1 -1.686523 -9.321289 7.148438 -0.950709 -0.003497 0.310066 0.697052 -0.028168 2 19 0.400000 18 0.600000
PelipperDh.png
  1 -1.719238 -9.778809 6.243652 -0.916096 0.004745 -0.400932 0.757019 -0.022552 2 18 0.300000 19 0.700000
  1 -1.894043 -9.778809 6.643066 -0.916096 0.004745 -0.400932 0.757019 -0.012146 2 18 0.300000 19 0.700000
  1 -1.686523 -9.321289 6.174316 -0.916096 0.004745 -0.400932 0.697052 -0.028168 2 19 0.400000 18 0.600000
PelipperDh.png
  1 -1.686523 -9.321289 6.174316 -0.940714 0.092261 -0.326412 0.697052 -0.028168 2 19 0.400000 18 0.600000
  1 -1.894043 -9.778809 6.643066 -0.940714 0.092261 -0.326412 0.757019 -0.012146 2 18 0.300000 19 0.700000
  1 -1.851563 -9.349121 6.642090 -0.940714 0.092261 -0.326412 0.702179 -0.013672 2 19 0.400000 18 0.600000
PelipperDh.png
  1 -0.099609 -9.778809 6.078125 -0.365013 0.036192 -0.930299 0.757019 -0.118958 2 18 0.300000 19 0.700000
  1 -0.521484 -9.778809 6.243652 -0.365013 0.036192 -0.930299 0.757019 -0.093811 2 18 0.300000 19 0.700000
  1 -0.099609 -9.226563 6.099609 -0.365013 0.036192 -0.930299 0.689423 -0.118561 2 19 0.400000 18 0.600000
PelipperDh.png
  1 -0.099609 -9.226563 6.099609 0.099877 -0.321871 -0.941501 0.689423 -0.118561 2 19 0.400000 18 0.600000
  1 -0.521484 -9.778809 6.243652 0.099877 -0.321871 -0.941501 0.757019 -0.093811 2 18 0.300000 19 0.700000
  1 -0.698730 -9.598145 6.163086 0.099877 -0.321871 -0.941501 0.734833 -0.086578 2 18 0.300000 19 0.700000
PelipperDh.png
  1 1.660156 11.407715 6.643066 0.924233 0.061910 0.376778 0.856171 -0.223175 2 15 0.100000 16 0.900000
  1 1.562107 12.871140 6.643119 0.924233 0.061910 0.376778 0.931274 -0.220428 1 16 1.000000
  1 1.488770 11.407715 7.063477 0.924233 0.061910 0.376778 0.856171 -0.213074 2 15 0.100000 16 0.900000
PelipperDh.png
  1 1.282657 2.065917 0.247846 0.024689 0.975491 0.218652 0.975433 -0.379456 1 6 1.000000
  1 0.527832 2.140137 0.001953 0.024689 0.975491 0.218652 0.993195 -0.448669 2 6 0.300000 5 0.700000
  1 0.553711 2.089355 0.225586 0.024689 0.975491 0.218652 0.979614 -0.362305 2 6 0.300000 5 0.700000
PelipperDh.png
  1 1.271915 0.279784 -0.043170 0.043003 -0.985291 0.165383 0.754761 -0.426697 1 6 1.000000
  1 1.282657 0.329100 0.247846 0.043003 -0.985291 0.165383 0.760864 -0.379456 1 6 1.000000
  1 0.527832 0.254883 0.001953 0.043003 -0.985291 0.165383 0.743103 -0.448669 2 6 0.300000 5 0.700000
PelipperDh.png
  1 0.527832 0.254883 0.001953 0.024686 -0.975491 0.218652 0.743103 -0.448669 2 6 0.300000 5 0.700000
  1 1.282657 0.329100 0.247846 0.024686 -0.975491 0.218652 0.760864 -0.379456 1 6 1.000000
  1 0.553711 0.305664 0.225586 0.024686 -0.975491 0.218652 0.756714 -0.362305 2 6 0.300000 5 0.700000
PelipperDh.png
  1 1.488770 11.407715 6.222656 0.924281 0.061052 -0.376798 0.856171 -0.213074 2 15 0.100000 16 0.900000
  1 1.400486 12.871140 6.243217 0.924281 0.061052 -0.376798 0.931274 -0.210876 1 16 1.000000
  1 1.660156 11.407715 6.643066 0.924281 0.061052 -0.376798 0.856171 -0.223175 2 15 0.100000 16 0.900000
PelipperDh.png
  1 1.319766 1.583007 -0.084186 0.027481 0.000000 -0.999622 0.914154 -0.430664 1 6 1.000000
  1 0.527832 0.625488 -0.105957 0.027481 0.000000 -0.999622 0.798126 -0.457367 2 6 0.300000 5 0.700000
  1 0.527832 1.769531 -0.105957 0.027481 0.000000 -0.999622 0.938599 -0.457367 2 6 0.300000 5 0.700000
PelipperDh.png
  1 1.075195 11.407715 6.048340 0.388148 0.035798 -0.920901 0.856171 -0.188660 2 15 0.100000 16 0.900000
  1 1.009861 12.871140 6.077690 0.388148 0.035798 -0.920901 0.931274 -0.187836 1 16 1.000000
  1 1.488770 11.407715 6.222656 0.388148 0.035798 -0.920901 0.856171 -0.213074 2 15 0.100000 16 0.900000
PelipperDh.png
  1 -0.860840 11.407715 7.063477 0.388397 0.001710 0.921491 0.856171 -0.072815 2 15 0.100000 16 0.900000
  1 -0.818752 12.871140 7.043022 0.388397 0.001710 0.921491 0.931274 -0.072815 1 16 1.000000
  1 -1.274414 11.407715 7.237793 0.388397 0.001710 0.921491 0.856171 -0.050079 2 15 0.100000 16 0.900000
PelipperDh.png
  1 -0.687012 11.407715 6.643066 0.923929 -0.020420 0.382019 0.856171 -0.083313 2 15 0.100000 16 0.900000
  1 -0.654689 12.871140 6.643119 0.923929 -0.020420 0.382019 0.931274 -0.083313 1 16 1.000000
  1 -0.860840 11.407715 7.063477 0.923929 -0.020420 0.382019 0.856171 -0.072815 2 15 0.100000 16 0.900000
PelipperDh.png
  1 -0.860840 11.407715 6.222656 0.923914 -0.021204 -0.382013 0.856171 -0.072815 2 15 0.100000 16 0.900000
  1 -0.818752 12.871140 6.243217 0.923914 -0.021204 -0.382013 0.931274 -0.072815 1 16 1.000000
  1 -0.687012 11.407715 6.643066 0.923914 -0.021204 -0.382013 0.856171 -0.083313 2 15 0.100000 16 0.900000
PelipperDh.png
  1 -1.274414 11.407715 6.048340 0.388397 0.001220 -0.921491 0.856171 -0.050079 2 15 0.100000 16 0.900000
  1 -1.209377 12.871140 6.077690 0.388397 0.001220 -0.921491 0.931274 -0.050079 1 16 1.000000
  1 -0.860840 11.407715 6.222656 0.388397 0.001220 -0.921491 0.856171 -0.072815 2 15 0.100000 16 0.900000
PelipperDh.png
  1 -1.411133 7.237305 6.317383 -0.897968 -0.152137 -0.412926 0.601379 -0.040283 2 15 0.500000 14 0.500000
  1 -1.450195 6.411621 6.706543 -0.897968 -0.152137 -0.412926 0.582123 -0.030701 2 15 0.200000 14 0.800000
  1 -1.584473 7.237305 6.694336 -0.897968 -0.152137 -0.412926 0.602448 -0.028198 2 15 0.500000 14 0.500000
PelipperDh.png
  1 -1.284668 6.411621 6.356934 -0.892612 -0.156960 -0.422619 0.581482 -0.042358 2 15 0.200000 14 0.800000
  1 -1.450195 6.411621 6.706543 -0.892612 -0.156960 -0.422619 0.582123 -0.030701 2 15 0.200000 14 0.800000
  1 -1.411133 7.237305 6.317383 -0.892612 -0.156960 -0.422619 0.601379 -0.040283 2 15 0.500000 14 0.500000
PelipperDh.png
  1 -1.284668 6.411621 6.356934 -0.031228 -0.055508 -0.997970 0.581482 -0.042358 2 15 0.200000 14 0.800000
  1 -0.099609 7.237305 6.273926 -0.031228 -0.055508 -0.997970 0.599823 -0.118561 2 15 0.500000 14 0.500000
  1 -0.099609 6.412109 6.319824 -0.031228 -0.055508 -0.997970 0.580597 -0.118561 2 15 0.200000 14 0.800000
PelipperDh.png
  1 -1.411133 7.237305 6.317383 -0.033070 -0.052873 -0.998054 0.601379 -0.040283 2 15 0.500000 14 0.500000
  1 -0.099609 7.237305 6.273926 -0.033070 -0.052873 -0.998054 0.599823 -0.118561 2 15 0.500000 14 0.500000
  1 -1.284668 6.411621 6.356934 -0.033070 -0.052873 -0.998054 0.581482 -0.042358 2 15 0.200000 14 0.800000
PelipperDh.png
  1 -0.099609 6.412109 6.319824 0.031247 -0.052597 -0.998127 0.580597 -0.118561 2 15 0.200000 14 0.800000
  1 1.211426 7.237305 6.317383 0.031247 -0.052597 -0.998127 0.601379 -0.196838 2 15 0.500000 14 0.500000
  1 1.084961 6.411621 6.356934 0.031247 -0.052597 -0.998127 0.581482 -0.194763 2 15 0.200000 14 0.800000
PelipperDh.png
  1 -0.099609 7.237305 6.273926 0.033078 -0.055505 -0.997910 0.599823 -0.118561 2 15 0.500000 14 0.500000
  1 1.211426 7.237305 6.317383 0.033078 -0.055505 -0.997910 0.601379 -0.196838 2 15 0.500000 14 0.500000
  1 -0.099609 6.412109 6.319824 0.033078 -0.055505 -0.997910 0.580597 -0.118561 2 15 0.200000 14 0.800000
PelipperDh.png
  1 1.384766 7.237305 6.694336 0.897249 -0.157190 -0.412595 0.602448 -0.208923 2 15 0.500000 14 0.500000
  1 1.084961 6.411621 6.356934 0.897249 -0.157190 -0.412595 0.581482 -0.194763 2 15 0.200000 14 0.800000
  1 1.211426 7.237305 6.317383 0.897249 -0.157190 -0.412595 0.601379 -0.196838 2 15 0.500000 14 0.500000
PelipperDh.png
  1 1.250488 6.411621 6.706543 0.893377 -0.151539 -0.422982 0.582123 -0.206451 2 15 0.200000 14 0.800000
  1 1.084961 6.411621 6.356934 0.893377 -0.151539 -0.422982 0.581482 -0.194763 2 15 0.200000 14 0.800000
  1 1.384766 7.237305 6.694336 0.893377 -0.151539 -0.422982 0.602448 -0.208923 2 15 0.500000 14 0.500000
PelipperDh.png
  1 1.211426 7.237305 7.084961 0.904887 -0.141221 0.401543 0.601379 -0.196838 2 15 0.500000 14 0.500000
  1 1.250488 6.411621 6.706543 0.904887 -0.141221 0.401543 0.582123 -0.206451 2 15 0.200000 14 0.800000
  1 1.384766 7.237305 6.694336 0.904887 -0.141221 0.401543 0.602448 -0.208923 2 15 0.500000 14 0.500000
PelipperDh.png
  1 1.084961 6.411621 7.055664 0.893110 -0.151817 0.423446 0.581482 -0.194763 2 15 0.200000 14 0.800000
  1 1.250488 6.411621 6.706543 0.893110 -0.151817 0.423446 0.582123 -0.206451 2 15 0.200000 14 0.800000
  1 1.211426 7.237305 7.084961 0.893110 -0.151817 0.423446 0.601379 -0.196838 2 15 0.500000 14 0.500000
PelipperDh.png
  1 1.084961 6.411621 7.055664 0.031265 -0.043134 0.998580 0.581482 -0.194763 2 15 0.200000 14 0.800000
  1 -0.099609 7.237305 7.128418 0.031265 -0.043134 0.998580 0.599823 -0.118561 2 15 0.500000 14 0.500000
  1 -0.099609 6.412109 7.092773 0.031265 -0.043134 0.998580 0.580597 -0.118561 2 15 0.200000 14 0.800000
PelipperDh.png
  1 1.211426 7.237305 7.084961 0.033102 -0.040503 0.998631 0.601379 -0.196838 2 15 0.500000 14 0.500000
  1 -0.099609 7.237305 7.128418 0.033102 -0.040503 0.998631 0.599823 -0.118561 2 15 0.500000 14 0.500000
  1 1.084961 6.411621 7.055664 0.033102 -0.040503 0.998631 0.581482 -0.194763 2 15 0.200000 14 0.800000
PelipperDh.png
  1 -0.099609 7.237305 7.128418 -0.033080 -0.047032 0.998345 0.599823 -0.118561 2 15 0.500000 14 0.500000
  1 -1.541992 8.220703 7.126953 -0.033080 -0.047032 0.998345 0.608734 -0.039520 2 14 0.200000 15 0.800000
  1 -1.411133 7.237305 7.084961 -0.033080 -0.047032 0.998345 0.601379 -0.040283 2 15 0.500000 14 0.500000
PelipperDh.png
  1 -0.099609 8.220703 7.175781 -0.033794 -0.048080 0.998272 0.606903 -0.118561 2 14 0.200000 15 0.800000
  1 -1.541992 8.220703 7.126953 -0.033794 -0.048080 0.998272 0.608734 -0.039520 2 14 0.200000 15 0.800000
  1 -0.099609 7.237305 7.128418 -0.033794 -0.048080 0.998272 0.599823 -0.118561 2 15 0.500000 14 0.500000
PelipperDh.png
  1 -1.728516 8.220703 6.690430 -0.910795 -0.137816 0.389177 0.609955 -0.027283 2 14 0.200000 15 0.800000
  1 -1.411133 7.237305 7.084961 -0.910795 -0.137816 0.389177 0.601379 -0.040283 2 15 0.500000 14 0.500000
  1 -1.541992 8.220703 7.126953 -0.910795 -0.137816 0.389177 0.608734 -0.039520 2 14 0.200000 15 0.800000
PelipperDh.png
  1 -1.584473 7.237305 6.694336 -0.906154 -0.131131 0.402106 0.602448 -0.028198 2 15 0.500000 14 0.500000
  1 -1.411133 7.237305 7.084961 -0.906154 -0.131131 0.402106 0.601379 -0.040283 2 15 0.500000 14 0.500000
  1 -1.728516 8.220703 6.690430 -0.906154 -0.131131 0.402106 0.609955 -0.027283 2 14 0.200000 15 0.800000
PelipperDh.png
  1 -1.541992 8.220703 6.253418 -0.911306 -0.135028 -0.388960 0.608734 -0.039520 2 14 0.200000 15 0.800000
  1 -1.584473 7.237305 6.694336 -0.911306 -0.135028 -0.388960 0.602448 -0.028198 2 15 0.500000 14 0.500000
  1 -1.728516 8.220703 6.690430 -0.911306 -0.135028 -0.388960 0.609955 -0.027283 2 14 0.200000 15 0.800000
PelipperDh.png
  1 -1.411133 7.237305 6.317383 -0.898745 -0.146476 -0.413283 0.601379 -0.040283 2 15 0.500000 14 0.500000
  1 -1.584473 7.237305 6.694336 -0.898745 -0.146476 -0.413283 0.602448 -0.028198 2 15 0.500000 14 0.500000
  1 -1.541992 8.220703 6.253418 -0.898745 -0.146476 -0.413283 0.608734 -0.039520 2 14 0.200000 15 0.800000
PelipperDh.png
  1 -1.411133 7.237305 6.317383 -0.033035 -0.070293 -0.996979 0.601379 -0.040283 2 15 0.500000 14 0.500000
  1 -0.099609 8.220703 6.204590 -0.033035 -0.070293 -0.996979 0.606903 -0.118561 2 14 0.200000 15 0.800000
  1 -0.099609 7.237305 6.273926 -0.033035 -0.070293 -0.996979 0.599823 -0.118561 2 15 0.500000 14 0.500000
PelipperDh.png
  1 -1.541992 8.220703 6.253418 -0.033752 -0.069342 -0.997022 0.608734 -0.039520 2 14 0.200000 15 0.800000
  1 -0.099609 8.220703 6.204590 -0.033752 -0.069342 -0.997022 0.606903 -0.118561 2 14 0.200000 15 0.800000
  1 -1.411133 7.237305 6.317383 -0.033752 -0.069342 -0.997022 0.601379 -0.040283 2 15 0.500000 14 0.500000
PelipperDh.png
  1 -0.099609 7.237305 6.273926 0.033049 -0.069251 -0.997052 0.599823 -0.118561 2 15 0.500000 14 0.500000
  1 1.342285 8.220703 6.253418 0.033049 -0.069251 -0.997052 0.608734 -0.197601 2 14 0.200000 15 0.800000
  1 1.211426 7.237305 6.317383 0.033049 -0.069251 -0.997052 0.601379 -0.196838 2 15 0.500000 14 0.500000
PelipperDh.png
  1 -0.099609 8.220703 6.204590 0.033761 -0.070292 -0.996955 0.606903 -0.118561 2 14 0.200000 15 0.800000
  1 1.342285 8.220703 6.253418 0.033761 -0.070292 -0.996955 0.608734 -0.197601 2 14 0.200000 15 0.800000
  1 -0.099609 7.237305 6.273926 0.033761 -0.070292 -0.996955 0.599823 -0.118561 2 15 0.500000 14 0.500000
PelipperDh.png
  1 0.321777 -9.778809 7.042969 0.289163 -0.611965 0.736128 0.757019 -0.144104 2 18 0.300000 19 0.700000
  1 0.499023 -9.598145 7.123535 0.289163 -0.611965 0.736128 0.734833 -0.154510 2 18 0.300000 19 0.700000
  1 -0.099609 -9.778809 7.208496 0.289163 -0.611965 0.736128 0.757019 -0.118958 2 18 0.300000 19 0.700000
PelipperDh.png
  1 0.321777 -9.778809 7.042969 0.621867 -0.733016 0.275626 0.757019 -0.144104 2 18 0.300000 19 0.700000
  1 0.499023 -9.778809 6.643066 0.621867 -0.733016 0.275626 0.757019 -0.155121 2 18 0.300000 19 0.700000
  1 0.499023 -9.598145 7.123535 0.621867 -0.733016 0.275626 0.734833 -0.154510 2 18 0.300000 19 0.700000
PelipperDh.png
  1 0.675781 -9.778809 7.042969 -0.289052 -0.611330 0.736699 0.757019 -0.165100 2 18 0.300000 19 0.700000
  1 1.097656 -9.778809 7.208496 -0.289052 -0.611330 0.736699 0.757019 -0.190247 2 18 0.300000 19 0.700000
  1 0.499023 -9.598145 7.123535 -0.289052 -0.611330 0.736699 0.734833 -0.154510 2 18 0.300000 19 0.700000
PelipperDh.png
  1 1.097656 -9.778809 7.208496 0.358933 -0.185217 0.914802 0.757019 -0.190247 2 18 0.300000 19 0.700000
  1 1.519531 -9.778809 7.042969 0.358933 -0.185217 0.914802 0.757019 -0.215363 2 18 0.300000 19 0.700000
  1 1.486816 -9.321289 7.148438 0.358933 -0.185217 0.914802 0.697052 -0.208954 2 19 0.400000 18 0.600000
PelipperDh.png
  1 1.519531 -9.778809 6.243652 0.362862 -0.114207 -0.924818 0.757019 -0.215363 2 18 0.300000 19 0.700000
  1 1.097656 -9.778809 6.078125 0.362862 -0.114207 -0.924818 0.757019 -0.190247 2 18 0.300000 19 0.700000
  1 1.486816 -9.321289 6.174316 0.362862 -0.114207 -0.924818 0.697052 -0.208954 2 19 0.400000 18 0.600000
PelipperDh.png
  1 0.675781 -9.778809 7.042969 -0.622919 -0.732233 0.275332 0.757019 -0.165100 2 18 0.300000 19 0.700000
  1 0.499023 -9.598145 7.123535 -0.622919 -0.732233 0.275332 0.734833 -0.154510 2 18 0.300000 19 0.700000
  1 0.499023 -9.778809 6.643066 -0.622919 -0.732233 0.275332 0.757019 -0.155121 2 18 0.300000 19 0.700000
PelipperDh.png
  1 0.675781 -9.778809 6.243652 -0.622792 -0.732235 -0.275612 0.757019 -0.165100 2 18 0.300000 19 0.700000
  1 0.499023 -9.778809 6.643066 -0.622792 -0.732235 -0.275612 0.757019 -0.155121 2 18 0.300000 19 0.700000
  1 0.499023 -9.598145 6.163086 -0.622792 -0.732235 -0.275612 0.734833 -0.154510 2 18 0.300000 19 0.700000
PelipperDh.png
  1 0.321777 -9.778809 6.243652 0.621740 -0.733017 -0.275907 0.757019 -0.144104 2 18 0.300000 19 0.700000
  1 0.499023 -9.598145 6.163086 0.621740 -0.733017 -0.275907 0.734833 -0.154510 2 18 0.300000 19 0.700000
  1 0.499023 -9.778809 6.643066 0.621740 -0.733017 -0.275907 0.757019 -0.155121 2 18 0.300000 19 0.700000
PelipperDh.png
  1 -0.521484 -9.778809 7.042969 -0.288914 -0.611819 0.736347 0.757019 -0.093811 2 18 0.300000 19 0.700000
  1 -0.099609 -9.778809 7.208496 -0.288914 -0.611819 0.736347 0.757019 -0.118958 2 18 0.300000 19 0.700000
  1 -0.698730 -9.598145 7.123535 -0.288914 -0.611819 0.736347 0.734833 -0.086578 2 18 0.300000 19 0.700000
PelipperDh.png
  1 -0.698730 -9.778809 6.643066 -0.621867 -0.733016 0.275626 0.757019 -0.083313 2 18 0.300000 19 0.700000
  1 -0.521484 -9.778809 7.042969 -0.621867 -0.733016 0.275626 0.757019 -0.093811 2 18 0.300000 19 0.700000
  1 -0.698730 -9.598145 7.123535 -0.621867 -0.733016 0.275626 0.734833 -0.086578 2 18 0.300000 19 0.700000
PelipperDh.png
  1 -1.297363 -9.778809 7.208496 0.289052 -0.611330 0.736699 0.757019 -0.047699 2 18 0.300000 19 0.700000
  1 -0.875488 -9.778809 7.042969 0.289052 -0.611330 0.736699 0.757019 -0.072815 2 18 0.300000 19 0.700000
  1 -0.698730 -9.598145 7.123535 0.289052 -0.611330 0.736699 0.734833 -0.086578 2 18 0.300000 19 0.700000
PelipperDh.png
  1 -1.719238 -9.778809 7.042969 -0.358933 -0.185217 0.914802 0.757019 -0.022552 2 18 0.300000 19 0.700000
  1 -1.297363 -9.778809 7.208496 -0.358933 -0.185217 0.914802 0.757019 -0.047699 2 18 0.300000 19 0.700000
  1 -1.686523 -9.321289 7.148438 -0.358933 -0.185217 0.914802 0.697052 -0.028168 2 19 0.400000 18 0.600000
PelipperDh.png
  1 -1.297363 -9.778809 6.078125 -0.362862 -0.114207 -0.924818 0.757019 -0.047699 2 18 0.300000 19 0.700000
  1 -1.719238 -9.778809 6.243652 -0.362862 -0.114207 -0.924818 0.757019 -0.022552 2 18 0.300000 19 0.700000
  1 -1.686523 -9.321289 6.174316 -0.362862 -0.114207 -0.924818 0.697052 -0.028168 2 19 0.400000 18 0.600000
PelipperDh.png
  1 -0.698730 -9.598145 7.123535 0.622919 -0.732233 0.275332 0.734833 -0.086578 2 18 0.300000 19 0.700000
  1 -0.875488 -9.778809 7.042969 0.622919 -0.732233 0.275332 0.757019 -0.072815 2 18 0.300000 19 0.700000
  1 -0.698730 -9.778809 6.643066 0.622919 -0.732233 0.275332 0.757019 -0.083313 2 18 0.300000 19 0.700000
PelipperDh.png
  1 -0.698730 -9.778809 6.643066 0.622792 -0.732235 -0.275612 0.757019 -0.083313 2 18 0.300000 19 0.700000
  1 -0.875488 -9.778809 6.243652 0.622792 -0.732235 -0.275612 0.757019 -0.072815 2 18 0.300000 19 0.700000
  1 -0.698730 -9.598145 6.163086 0.622792 -0.732235 -0.275612 0.734833 -0.086578 2 18 0.300000 19 0.700000
PelipperDh.png
  1 -0.698730 -9.598145 6.163086 -0.621740 -0.733017 -0.275907 0.734833 -0.086578 2 18 0.300000 19 0.700000
  1 -0.521484 -9.778809 6.243652 -0.621740 -0.733017 -0.275907 0.757019 -0.093811 2 18 0.300000 19 0.700000
  1 -0.698730 -9.778809 6.643066 -0.621740 -0.733017 -0.275907 0.757019 -0.083313 2 18 0.300000 19 0.700000
PelipperDh.png
  1 -1.686523 -9.321289 6.174316 -0.146781 0.082395 -0.985731 0.697052 -0.028168 2 19 0.400000 18 0.600000
  1 -1.020508 -9.273926 6.079102 -0.146781 0.082395 -0.985731 0.693237 -0.073364 2 19 0.400000 18 0.600000
  1 -1.297363 -9.778809 6.078125 -0.146781 0.082395 -0.985731 0.757019 -0.047699 2 18 0.300000 19 0.700000
PelipperDh.png
  1 -0.698730 -9.598145 7.123535 -0.147849 -0.025351 0.988685 0.734833 -0.086578 2 18 0.300000 19 0.700000
  1 -0.099609 -9.778809 7.208496 -0.147849 -0.025351 0.988685 0.757019 -0.118958 2 18 0.300000 19 0.700000
  1 -0.099609 -9.226563 7.222656 -0.147849 -0.025351 0.988685 0.689423 -0.118561 2 19 0.400000 18 0.600000
PelipperDh.png
  1 -0.875488 -9.778809 6.243652 0.289052 -0.611330 -0.736699 0.757019 -0.072815 2 18 0.300000 19 0.700000
  1 -1.297363 -9.778809 6.078125 0.289052 -0.611330 -0.736699 0.757019 -0.047699 2 18 0.300000 19 0.700000
  1 -0.698730 -9.598145 6.163086 0.289052 -0.611330 -0.736699 0.734833 -0.086578 2 18 0.300000 19 0.700000
PelipperDh.png
  1 0.675781 -9.778809 6.243652 -0.289052 -0.611330 -0.736699 0.757019 -0.165100 2 18 0.300000 19 0.700000
  1 0.499023 -9.598145 6.163086 -0.289052 -0.611330 -0.736699 0.734833 -0.154510 2 18 0.300000 19 0.700000
  1 1.097656 -9.778809 6.078125 -0.289052 -0.611330 -0.736699 0.757019 -0.190247 2 18 0.300000 19 0.700000
PelipperDh.png
  1 1.097656 -9.778809 7.208496 -0.167852 -0.094727 0.981251 0.757019 -0.190247 2 18 0.300000 19 0.700000
  1 0.821289 -9.273926 7.209961 -0.167852 -0.094727 0.981251 0.693237 -0.163757 2 19 0.400000 18 0.600000
  1 0.499023 -9.598145 7.123535 -0.167852 -0.094727 0.981251 0.734833 -0.154510 2 18 0.300000 19 0.700000
PelipperDh.png
  1 -1.686523 -9.321289 7.148438 -0.095354 0.049404 0.994217 0.697052 -0.028168 2 19 0.400000 18 0.600000
  1 -1.297363 -9.778809 7.208496 -0.095354 0.049404 0.994217 0.757019 -0.047699 2 18 0.300000 19 0.700000
  1 -1.020508 -9.273926 7.209961 -0.095354 0.049404 0.994217 0.693237 -0.073364 2 19 0.400000 18 0.600000
PelipperDh.png
  1 -0.099609 -9.226563 7.222656 0.147967 -0.025350 0.988667 0.689423 -0.118561 2 19 0.400000 18 0.600000
  1 -0.099609 -9.778809 7.208496 0.147967 -0.025350 0.988667 0.757019 -0.118958 2 18 0.300000 19 0.700000
  1 0.499023 -9.598145 7.123535 0.147967 -0.025350 0.988667 0.734833 -0.154510 2 18 0.300000 19 0.700000
PelipperDh.png
  1 1.097656 -9.778809 6.078125 -0.166271 -0.089116 -0.982045 0.757019 -0.190247 2 18 0.300000 19 0.700000
  1 0.499023 -9.598145 6.163086 -0.166271 -0.089116 -0.982045 0.734833 -0.154510 2 18 0.300000 19 0.700000
  1 0.821289 -9.273926 6.079102 -0.166271 -0.089116 -0.982045 0.693237 -0.163757 2 19 0.400000 18 0.600000
PelipperDh.png
  1 -1.020508 -9.273926 6.079102 0.033016 -0.219789 -0.974989 0.693237 -0.073364 2 19 0.400000 18 0.600000
  1 -0.099609 -9.226563 6.099609 0.033016 -0.219789 -0.974989 0.689423 -0.118561 2 19 0.400000 18 0.600000
  1 -0.698730 -9.598145 6.163086 0.033016 -0.219789 -0.974989 0.734833 -0.086578 2 18 0.300000 19 0.700000
PelipperDh.png
  1 1.486816 -9.321289 7.148438 0.095420 0.049347 0.994213 0.697052 -0.208954 2 19 0.400000 18 0.600000
  1 0.821289 -9.273926 7.209961 0.095420 0.049347 0.994213 0.693237 -0.163757 2 19 0.400000 18 0.600000
  1 1.097656 -9.778809 7.208496 0.095420 0.049347 0.994213 0.757019 -0.190247 2 18 0.300000 19 0.700000
PelipperDh.png
  1 -1.297363 -9.778809 7.208496 0.167906 -0.094919 0.981223 0.757019 -0.047699 2 18 0.300000 19 0.700000
  1 -0.698730 -9.598145 7.123535 0.167906 -0.094919 0.981223 0.734833 -0.086578 2 18 0.300000 19 0.700000
  1 -1.020508 -9.273926 7.209961 0.167906 -0.094919 0.981223 0.693237 -0.073364 2 19 0.400000 18 0.600000
PelipperDh.png
  1 1.486816 -9.321289 6.174316 0.146882 0.082308 -0.985724 0.697052 -0.208954 2 19 0.400000 18 0.600000
  1 1.097656 -9.778809 6.078125 0.146882 0.082308 -0.985724 0.757019 -0.190247 2 18 0.300000 19 0.700000
  1 0.821289 -9.273926 6.079102 0.146882 0.082308 -0.985724 0.693237 -0.163757 2 19 0.400000 18 0.600000
PelipperDh.png
  1 -1.297363 -9.778809 6.078125 0.166325 -0.089306 -0.982019 0.757019 -0.047699 2 18 0.300000 19 0.700000
  1 -1.020508 -9.273926 6.079102 0.166325 -0.089306 -0.982019 0.693237 -0.073364 2 19 0.400000 18 0.600000
  1 -0.698730 -9.598145 6.163086 0.166325 -0.089306 -0.982019 0.734833 -0.086578 2 18 0.300000 19 0.700000
PelipperDh.png
  1 0.821289 -9.273926 6.079102 -0.033014 -0.219744 -0.974999 0.693237 -0.163757 2 19 0.400000 18 0.600000
  1 0.499023 -9.598145 6.163086 -0.033014 -0.219744 -0.974999 0.734833 -0.154510 2 18 0.300000 19 0.700000
  1 -0.099609 -9.226563 6.099609 -0.033014 -0.219744 -0.974999 0.689423 -0.118561 2 19 0.400000 18 0.600000
PelipperDh.png
  1 -1.020508 -9.273926 7.209961 -0.000070 -0.257637 0.966242 0.693237 -0.073364 2 19 0.400000 18 0.600000
  1 -0.698730 -9.598145 7.123535 -0.000070 -0.257637 0.966242 0.734833 -0.086578 2 18 0.300000 19 0.700000
  1 -0.099609 -9.226563 7.222656 -0.000070 -0.257637 0.966242 0.689423 -0.118561 2 19 0.400000 18 0.600000
PelipperDh.png
  1 0.821289 -9.273926 7.209961 0.000070 -0.257637 0.966242 0.693237 -0.163757 2 19 0.400000 18 0.600000
  1 -0.099609 -9.226563 7.222656 0.000070 -0.257637 0.966242 0.689423 -0.118561 2 19 0.400000 18 0.600000
  1 0.499023 -9.598145 7.123535 0.000070 -0.257637 0.966242 0.734833 -0.154510 2 18 0.300000 19 0.700000
PelipperDh.png
  1 1.528809 8.220703 6.690430 0.909829 -0.146328 -0.388329 0.609955 -0.209839 2 14 0.200000 15 0.800000
  1 1.211426 7.237305 6.317383 0.909829 -0.146328 -0.388329 0.601379 -0.196838 2 15 0.500000 14 0.500000
  1 1.342285 8.220703 6.253418 0.909829 -0.146328 -0.388329 0.608734 -0.197601 2 14 0.200000 15 0.800000
PelipperDh.png
  1 1.384766 7.237305 6.694336 0.900408 -0.133532 -0.414048 0.602448 -0.208923 2 15 0.500000 14 0.500000
  1 1.211426 7.237305 6.317383 0.900408 -0.133532 -0.414048 0.601379 -0.196838 2 15 0.500000 14 0.500000
  1 1.528809 8.220703 6.690430 0.900408 -0.133532 -0.414048 0.609955 -0.209839 2 14 0.200000 15 0.800000
PelipperDh.png
  1 1.342285 8.220703 7.126953 0.911527 -0.131969 0.389489 0.608734 -0.197601 2 14 0.200000 15 0.800000
  1 1.384766 7.237305 6.694336 0.911527 -0.131969 0.389489 0.602448 -0.208923 2 15 0.500000 14 0.500000
  1 1.528809 8.220703 6.690430 0.911527 -0.131969 0.389489 0.609955 -0.209839 2 14 0.200000 15 0.800000
PelipperDh.png
  1 1.282657 2.065917 0.247846 0.008777 0.818507 0.574429 0.975433 -0.379456 1 6 1.000000
  1 0.553711 2.089355 0.225586 0.008777 0.818507 0.574429 0.979614 -0.362305 2 6 0.300000 5 0.700000
  1 0.706543 1.870117 0.535645 0.008777 0.818507 0.574429 0.931183 -0.306366 2 6 0.300000 5 0.700000
PelipperDh.png
  1 1.319766 1.583007 -0.084186 0.091851 0.278381 -0.956069 0.914154 -0.430664 1 6 1.000000
  1 0.527832 1.769531 -0.105957 0.091851 0.278381 -0.956069 0.938599 -0.457367 2 6 0.300000 5 0.700000
  1 0.527832 2.140137 0.001953 0.091851 0.278381 -0.956069 0.993195 -0.448669 2 6 0.300000 5 0.700000
PelipperDh.png
  1 1.211426 7.237305 7.084961 0.905349 -0.137629 0.401749 0.601379 -0.196838 2 15 0.500000 14 0.500000
  1 1.384766 7.237305 6.694336 0.905349 -0.137629 0.401749 0.602448 -0.208923 2 15 0.500000 14 0.500000
  1 1.342285 8.220703 7.126953 0.905349 -0.137629 0.401749 0.608734 -0.197601 2 14 0.200000 15 0.800000
PelipperDh.png
  1 -0.687012 11.407715 6.643066 -0.924500 -0.000365 0.381182 0.856171 -0.083313 2 15 0.100000 16 0.900000
  1 -0.521484 9.778809 7.042969 -0.924500 -0.000365 0.381182 0.757019 -0.093811 2 15 0.300000 16 0.700000
  1 -0.513672 11.407715 7.063477 -0.924500 -0.000365 0.381182 0.856171 -0.094971 2 15 0.100000 16 0.900000
PelipperDh.png
  1 1.319766 1.583007 -0.084186 0.526632 -0.835642 0.156082 0.914154 -0.430664 1 6 1.000000
  1 1.355899 1.662596 0.220014 0.526632 -0.835642 0.156082 0.932159 -0.381958 1 6 1.000000
  1 1.028320 1.522949 0.577637 0.526632 -0.835642 0.156082 0.914154 -0.331360 2 6 0.300000 5 0.700000
PelipperDh.png
  1 -0.698730 9.778809 6.643066 -0.914206 0.006577 0.405197 0.757019 -0.083313 2 15 0.300000 16 0.700000
  1 -0.521484 9.778809 7.042969 -0.914206 0.006577 0.405197 0.757019 -0.093811 2 15 0.300000 16 0.700000
  1 -0.687012 11.407715 6.643066 -0.914206 0.006577 0.405197 0.856171 -0.083313 2 15 0.100000 16 0.900000
PelipperDh.png
  1 1.271915 2.115233 -0.043170 -0.057991 0.071523 -0.995752 0.981567 -0.426697 1 6 1.000000
  1 1.319766 1.583007 -0.084186 -0.057991 0.071523 -0.995752 0.914154 -0.430664 1 6 1.000000
  1 0.527832 2.140137 0.001953 -0.057991 0.071523 -0.995752 0.993195 -0.448669 2 6 0.300000 5 0.700000
PelipperDh.png
  1 -0.513672 11.407715 6.222656 -0.924480 0.006651 -0.381173 0.856171 -0.094971 2 15 0.100000 16 0.900000
  1 -0.698730 9.778809 6.643066 -0.924480 0.006651 -0.381173 0.757019 -0.083313 2 15 0.300000 16 0.700000
  1 -0.687012 11.407715 6.643066 -0.924480 0.006651 -0.381173 0.856171 -0.083313 2 15 0.100000 16 0.900000
PelipperDh.png
  1 1.356387 1.862303 0.312787 0.303340 0.386505 0.870976 0.947510 -0.366974 1 6 1.000000
  1 0.706543 1.870117 0.535645 0.303340 0.386505 0.870976 0.931183 -0.306366 2 6 0.300000 5 0.700000
  1 1.028320 1.522949 0.577637 0.303340 0.386505 0.870976 0.914154 -0.331360 2 6 0.300000 5 0.700000
PelipperDh.png
  1 -0.521484 9.778809 6.243652 -0.914041 -0.000844 -0.405620 0.757019 -0.093811 2 15 0.300000 16 0.700000
  1 -0.698730 9.778809 6.643066 -0.914041 -0.000844 -0.405620 0.757019 -0.083313 2 15 0.300000 16 0.700000
  1 -0.513672 11.407715 6.222656 -0.914041 -0.000844 -0.405620 0.856171 -0.094971 2 15 0.100000 16 0.900000
PelipperDh.png
  1 0.553711 0.305664 0.225586 0.008774 -0.818507 0.574430 0.756714 -0.362305 2 6 0.300000 5 0.700000
  1 1.282657 0.329100 0.247846 0.008774 -0.818507 0.574430 0.760864 -0.379456 1 6 1.000000
  1 0.706543 0.524902 0.535645 0.008774 -0.818507 0.574430 0.805115 -0.306366 2 6 0.300000 5 0.700000
PelipperDh.png
  1 -0.099609 11.407715 6.048340 -0.387989 -0.010018 -0.921610 0.856171 -0.119354 2 15 0.100000 16 0.900000
  1 -0.521484 9.778809 6.243652 -0.387989 -0.010018 -0.921610 0.757019 -0.093811 2 15 0.300000 16 0.700000
  1 -0.513672 11.407715 6.222656 -0.387989 -0.010018 -0.921610 0.856171 -0.094971 2 15 0.100000 16 0.900000
PelipperDh.png
  1 -0.099609 9.778809 6.078125 -0.365199 -0.017020 -0.930774 0.757019 -0.118958 2 15 0.300000 16 0.700000
  1 -0.521484 9.778809 6.243652 -0.365199 -0.017020 -0.930774 0.757019 -0.093811 2 15 0.300000 16 0.700000
  1 -0.099609 11.407715 6.048340 -0.365199 -0.017020 -0.930774 0.856171 -0.119354 2 15 0.100000 16 0.900000
PelipperDh.png
  1 1.355899 0.732421 0.220014 0.526636 0.835639 0.156081 0.804138 -0.381958 1 6 1.000000
  1 1.319766 0.812011 -0.084186 0.526636 0.835639 0.156081 0.822174 -0.430664 1 6 1.000000
  1 1.028320 0.872070 0.577637 0.526636 0.835639 0.156081 0.822174 -0.331360 2 6 0.300000 5 0.700000
PelipperDh.png
  1 -0.513672 11.407715 7.063477 -0.387955 -0.016574 0.921529 0.856171 -0.094971 2 15 0.100000 16 0.900000
  1 -0.099609 9.778809 7.208496 -0.387955 -0.016574 0.921529 0.757019 -0.118958 2 15 0.300000 16 0.700000
  1 -0.099609 11.407715 7.237793 -0.387955 -0.016574 0.921529 0.856171 -0.119354 2 15 0.100000 16 0.900000
PelipperDh.png
  1 1.319766 0.812011 -0.084186 -0.057991 -0.071523 -0.995752 0.822174 -0.430664 1 6 1.000000
  1 1.271915 0.279784 -0.043170 -0.057991 -0.071523 -0.995752 0.754761 -0.426697 1 6 1.000000
  1 0.527832 0.254883 0.001953 -0.057991 -0.071523 -0.995752 0.743103 -0.448669 2 6 0.300000 5 0.700000
PelipperDh.png
  1 -0.521484 9.778809 7.042969 -0.365234 -0.009968 0.930862 0.757019 -0.093811 2 15 0.300000 16 0.700000
  1 -0.099609 9.778809 7.208496 -0.365234 -0.009968 0.930862 0.757019 -0.118958 2 15 0.300000 16 0.700000
  1 -0.513672 11.407715 7.063477 -0.365234 -0.009968 0.930862 0.856171 -0.094971 2 15 0.100000 16 0.900000
PelipperDh.png
  1 0.706543 0.524902 0.535645 0.303339 -0.386504 0.870977 0.805115 -0.306366 2 6 0.300000 5 0.700000
  1 1.356387 0.532714 0.312787 0.303339 -0.386504 0.870977 0.788818 -0.366974 1 6 1.000000
  1 1.028320 0.872070 0.577637 0.303339 -0.386504 0.870977 0.822174 -0.331360 2 6 0.300000 5 0.700000
PelipperDh.png
  1 -0.099609 9.778809 7.208496 0.388344 -0.016571 0.921365 0.757019 -0.118958 2 15 0.300000 16 0.700000
  1 0.313965 11.407715 7.063477 0.388344 -0.016571 0.921365 0.856171 -0.143768 2 15 0.100000 16 0.900000
  1 -0.099609 11.407715 7.237793 0.388344 -0.016571 0.921365 0.856171 -0.119354 2 15 0.100000 16 0.900000
PelipperDh.png
  1 1.319766 0.812011 -0.084186 0.091850 -0.278381 -0.956069 0.822174 -0.430664 1 6 1.000000
  1 0.527832 0.254883 0.001953 0.091850 -0.278381 -0.956069 0.743103 -0.448669 2 6 0.300000 5 0.700000
  1 0.527832 0.625488 -0.105957 0.091850 -0.278381 -0.956069 0.798126 -0.457367 2 6 0.300000 5 0.700000
PelipperDh.png
  1 0.321777 9.778809 7.042969 0.365601 -0.009964 0.930718 0.757019 -0.144104 2 15 0.300000 16 0.700000
  1 0.313965 11.407715 7.063477 0.365601 -0.009964 0.930718 0.856171 -0.143768 2 15 0.100000 16 0.900000
  1 -0.099609 9.778809 7.208496 0.365601 -0.009964 0.930718 0.757019 -0.118958 2 15 0.300000 16 0.700000
PelipperDh.png
  1 0.321777 9.778809 7.042969 0.924121 -0.000378 0.382099 0.757019 -0.144104 2 15 0.300000 16 0.700000
  1 0.487793 11.407715 6.643066 0.924121 -0.000378 0.382099 0.856171 -0.155121 2 15 0.100000 16 0.900000
  1 0.313965 11.407715 7.063477 0.924121 -0.000378 0.382099 0.856171 -0.143768 2 15 0.100000 16 0.900000
PelipperDh.png
  1 0.499023 9.778809 6.643066 0.914207 0.006303 0.405198 0.757019 -0.155121 2 15 0.300000 16 0.700000
  1 0.487793 11.407715 6.643066 0.914207 0.006303 0.405198 0.856171 -0.155121 2 15 0.100000 16 0.900000
  1 0.321777 9.778809 7.042969 0.914207 0.006303 0.405198 0.757019 -0.144104 2 15 0.300000 16 0.700000
PelipperDh.png
  1 0.499023 9.778809 6.643066 0.924103 0.006371 -0.382091 0.757019 -0.155121 2 15 0.300000 16 0.700000
  1 0.313965 11.407715 6.222656 0.924103 0.006371 -0.382091 0.856171 -0.143768 2 15 0.100000 16 0.900000
  1 0.487793 11.407715 6.643066 0.924103 0.006371 -0.382091 0.856171 -0.155121 2 15 0.100000 16 0.900000
PelipperDh.png
  1 0.321777 9.778809 6.243652 0.914041 -0.000844 -0.405620 0.757019 -0.144104 2 15 0.300000 16 0.700000
  1 0.313965 11.407715 6.222656 0.914041 -0.000844 -0.405620 0.856171 -0.143768 2 15 0.100000 16 0.900000
  1 0.499023 9.778809 6.643066 0.914041 -0.000844 -0.405620 0.757019 -0.155121 2 15 0.300000 16 0.700000
PelipperDh.png
  1 0.321777 9.778809 6.243652 0.388378 -0.010014 -0.921446 0.757019 -0.144104 2 15 0.300000 16 0.700000
  1 -0.099609 11.407715 6.048340 0.388378 -0.010014 -0.921446 0.856171 -0.119354 2 15 0.100000 16 0.900000
  1 0.313965 11.407715 6.222656 0.388378 -0.010014 -0.921446 0.856171 -0.143768 2 15 0.100000 16 0.900000
PelipperDh.png
  1 -0.099609 9.778809 6.078125 0.365566 -0.017017 -0.930630 0.757019 -0.118958 2 15 0.300000 16 0.700000
  1 -0.099609 11.407715 6.048340 0.365566 -0.017017 -0.930630 0.856171 -0.119354 2 15 0.100000 16 0.900000
  1 0.321777 9.778809 6.243652 0.365566 -0.017017 -0.930630 0.757019 -0.144104 2 15 0.300000 16 0.700000
PelipperDh.png
  1 0.487793 11.407715 6.643066 -0.924421 -0.013112 0.381149 0.856171 -0.155121 2 15 0.100000 16 0.900000
  1 0.675781 9.778809 7.042969 -0.924421 -0.013112 0.381149 0.757019 -0.165100 2 15 0.300000 16 0.700000
  1 0.661133 11.407715 7.063477 -0.924421 -0.013112 0.381149 0.856171 -0.164246 2 15 0.100000 16 0.900000
PelipperDh.png
  1 0.499023 9.778809 6.643066 -0.914620 -0.006306 0.404264 0.757019 -0.155121 2 15 0.300000 16 0.700000
  1 0.675781 9.778809 7.042969 -0.914620 -0.006306 0.404264 0.757019 -0.165100 2 15 0.300000 16 0.700000
  1 0.487793 11.407715 6.643066 -0.914620 -0.006306 0.404264 0.856171 -0.155121 2 15 0.100000 16 0.900000
PelipperDh.png
  1 0.661133 11.407715 7.063477 -0.387915 -0.021922 0.921434 0.856171 -0.164246 2 15 0.100000 16 0.900000
  1 1.097656 9.778809 7.208496 -0.387915 -0.021922 0.921434 0.757019 -0.190247 2 15 0.300000 16 0.700000
  1 1.075195 11.407715 7.237793 -0.387915 -0.021922 0.921434 0.856171 -0.188660 2 15 0.100000 16 0.900000
PelipperDh.png
  1 0.675781 9.778809 7.042969 -0.365211 -0.015003 0.930804 0.757019 -0.165100 2 15 0.300000 16 0.700000
  1 1.097656 9.778809 7.208496 -0.365211 -0.015003 0.930804 0.757019 -0.190247 2 15 0.300000 16 0.700000
  1 0.661133 11.407715 7.063477 -0.365211 -0.015003 0.930804 0.856171 -0.164246 2 15 0.100000 16 0.900000
PelipperDh.png
  1 1.097656 9.778809 7.208496 0.388373 -0.011217 0.921434 0.757019 -0.190247 2 15 0.300000 16 0.700000
  1 1.488770 11.407715 7.063477 0.388373 -0.011217 0.921434 0.856171 -0.213074 2 15 0.100000 16 0.900000
  1 1.075195 11.407715 7.237793 0.388373 -0.011217 0.921434 0.856171 -0.188660 2 15 0.100000 16 0.900000
PelipperDh.png
  1 1.519531 9.778809 7.042969 0.365248 -0.004822 0.930898 0.757019 -0.215363 2 15 0.300000 16 0.700000
  1 1.488770 11.407715 7.063477 0.365248 -0.004822 0.930898 0.856171 -0.213074 2 15 0.100000 16 0.900000
  1 1.097656 9.778809 7.208496 0.365248 -0.004822 0.930898 0.757019 -0.190247 2 15 0.300000 16 0.700000
PelipperDh.png
  1 1.519531 9.778809 7.042969 0.925934 0.012734 0.377471 0.757019 -0.215363 2 15 0.300000 16 0.700000
  1 1.660156 11.407715 6.643066 0.925934 0.012734 0.377471 0.856171 -0.223175 2 15 0.100000 16 0.900000
  1 1.488770 11.407715 7.063477 0.925934 0.012734 0.377471 0.856171 -0.213074 2 15 0.100000 16 0.900000
PelipperDh.png
  1 1.694336 9.778809 6.643066 0.916116 0.019223 0.400451 0.757019 -0.225800 2 15 0.300000 16 0.700000
  1 1.660156 11.407715 6.643066 0.916116 0.019223 0.400451 0.856171 -0.223175 2 15 0.100000 16 0.900000
  1 1.519531 9.778809 7.042969 0.916116 0.019223 0.400451 0.757019 -0.215363 2 15 0.300000 16 0.700000
PelipperDh.png
  1 1.694336 9.778809 6.643066 0.925834 0.019427 -0.377431 0.757019 -0.225800 2 15 0.300000 16 0.700000
  1 1.488770 11.407715 6.222656 0.925834 0.019427 -0.377431 0.856171 -0.213074 2 15 0.100000 16 0.900000
  1 1.660156 11.407715 6.643066 0.925834 0.019427 -0.377431 0.856171 -0.223175 2 15 0.100000 16 0.900000
PelipperDh.png
  1 1.519531 9.778809 6.243652 0.916039 0.012132 -0.400907 0.757019 -0.215363 2 15 0.300000 16 0.700000
  1 1.488770 11.407715 6.222656 0.916039 0.012132 -0.400907 0.856171 -0.213074 2 15 0.100000 16 0.900000
  1 1.694336 9.778809 6.643066 0.916039 0.012132 -0.400907 0.757019 -0.225800 2 15 0.300000 16 0.700000
PelipperDh.png
  1 1.519531 9.778809 6.243652 0.388393 -0.004543 -0.921483 0.757019 -0.215363 2 15 0.300000 16 0.700000
  1 1.075195 11.407715 6.048340 0.388393 -0.004543 -0.921483 0.856171 -0.188660 2 15 0.100000 16 0.900000
  1 1.488770 11.407715 6.222656 0.388393 -0.004543 -0.921483 0.856171 -0.213074 2 15 0.100000 16 0.900000
PelipperDh.png
  1 1.097656 9.778809 6.078125 0.365226 -0.011985 -0.930842 0.757019 -0.190247 2 15 0.300000 16 0.700000
  1 1.075195 11.407715 6.048340 0.365226 -0.011985 -0.930842 0.856171 -0.188660 2 15 0.100000 16 0.900000
  1 1.519531 9.778809 6.243652 0.365226 -0.011985 -0.930842 0.757019 -0.215363 2 15 0.300000 16 0.700000
PelipperDh.png
  1 -1.859863 11.407715 6.643066 -0.925934 0.012734 0.377471 0.856171 -0.015564 2 15 0.100000 16 0.900000
  1 -1.719238 9.778809 7.042969 -0.925934 0.012734 0.377471 0.757019 -0.022552 2 15 0.300000 16 0.700000
  1 -1.688477 11.407715 7.063477 -0.925934 0.012734 0.377471 0.856171 -0.025665 2 15 0.100000 16 0.900000
PelipperDh.png
  1 -1.894043 9.778809 6.643066 -0.916116 0.019223 0.400451 0.757019 -0.012146 2 15 0.300000 16 0.700000
  1 -1.719238 9.778809 7.042969 -0.916116 0.019223 0.400451 0.757019 -0.022552 2 15 0.300000 16 0.700000
  1 -1.859863 11.407715 6.643066 -0.916116 0.019223 0.400451 0.856171 -0.015564 2 15 0.100000 16 0.900000
PelipperDh.png
  1 -1.688477 11.407715 6.222656 -0.925834 0.019427 -0.377431 0.856171 -0.025665 2 15 0.100000 16 0.900000
  1 -1.894043 9.778809 6.643066 -0.925834 0.019427 -0.377431 0.757019 -0.012146 2 15 0.300000 16 0.700000
  1 -1.859863 11.407715 6.643066 -0.925834 0.019427 -0.377431 0.856171 -0.015564 2 15 0.100000 16 0.900000
PelipperDh.png
  1 -1.719238 9.778809 6.243652 -0.916039 0.012132 -0.400907 0.757019 -0.022552 2 15 0.300000 16 0.700000
  1 -1.894043 9.778809 6.643066 -0.916039 0.012132 -0.400907 0.757019 -0.012146 2 15 0.300000 16 0.700000
  1 -1.688477 11.407715 6.222656 -0.916039 0.012132 -0.400907 0.856171 -0.025665 2 15 0.100000 16 0.900000
PelipperDh.png
  1 -0.382338 1.903319 0.460388 -0.015464 0.812798 0.582341 0.936676 -0.269897 1 5 1.000000
  1 0.706543 1.870117 0.535645 -0.015464 0.812798 0.582341 0.931183 -0.306366 2 6 0.300000 5 0.700000
  1 0.553711 2.089355 0.225586 -0.015464 0.812798 0.582341 0.979614 -0.362305 2 6 0.300000 5 0.700000
PelipperDh.png
  1 -1.274414 11.407715 6.048340 -0.388004 -0.004552 -0.921646 0.856171 -0.050079 2 15 0.100000 16 0.900000
  1 -1.719238 9.778809 6.243652 -0.388004 -0.004552 -0.921646 0.757019 -0.022552 2 15 0.300000 16 0.700000
  1 -1.688477 11.407715 6.222656 -0.388004 -0.004552 -0.921646 0.856171 -0.025665 2 15 0.100000 16 0.900000
PelipperDh.png
  1 -1.297363 9.778809 6.078125 -0.365227 -0.011875 -0.930843 0.757019 -0.047699 2 15 0.300000 16 0.700000
  1 -1.719238 9.778809 6.243652 -0.365227 -0.011875 -0.930843 0.757019 -0.022552 2 15 0.300000 16 0.700000
  1 -1.274414 11.407715 6.048340 -0.365227 -0.011875 -0.930843 0.856171 -0.050079 2 15 0.100000 16 0.900000
PelipperDh.png
  1 -1.688477 11.407715 7.063477 -0.387985 -0.011109 0.921599 0.856171 -0.025665 2 15 0.100000 16 0.900000
  1 -1.297363 9.778809 7.208496 -0.387985 -0.011109 0.921599 0.757019 -0.047699 2 15 0.300000 16 0.700000
  1 -1.274414 11.407715 7.237793 -0.387985 -0.011109 0.921599 0.856171 -0.050079 2 15 0.100000 16 0.900000
PelipperDh.png
  1 -1.719238 9.778809 7.042969 -0.365248 -0.004822 0.930898 0.757019 -0.022552 2 15 0.300000 16 0.700000
  1 -1.297363 9.778809 7.208496 -0.365248 -0.004822 0.930898 0.757019 -0.047699 2 15 0.300000 16 0.700000
  1 -1.688477 11.407715 7.063477 -0.365248 -0.004822 0.930898 0.856171 -0.025665 2 15 0.100000 16 0.900000
PelipperDh.png
  1 0.706543 0.524902 0.535645 -0.015462 -0.812798 0.582340 0.805115 -0.306366 2 6 0.300000 5 0.700000
  1 -0.382338 0.491698 0.460388 -0.015462 -0.812798 0.582340 0.799622 -0.269897 1 5 1.000000
  1 0.553711 0.305664 0.225586 -0.015462 -0.812798 0.582340 0.756714 -0.362305 2 6 0.300000 5 0.700000
PelipperDh.png
  1 -1.297363 9.778809 7.208496 0.388303 -0.022040 0.921268 0.757019 -0.047699 2 15 0.300000 16 0.700000
  1 -0.860840 11.407715 7.063477 0.388303 -0.022040 0.921268 0.856171 -0.072815 2 15 0.100000 16 0.900000
  1 -1.274414 11.407715 7.237793 0.388303 -0.022040 0.921268 0.856171 -0.050079 2 15 0.100000 16 0.900000
PelipperDh.png
  1 -0.212048 0.836425 0.725777 0.121442 -0.144855 0.981972 0.840027 -0.296631 1 5 1.000000
  1 1.028320 0.872070 0.577637 0.121442 -0.144855 0.981972 0.822174 -0.331360 2 6 0.300000 5 0.700000
  1 1.021973 1.197754 0.626465 0.121442 -0.144855 0.981972 0.868164 -0.335480 2 6 0.300000 5 0.700000
PelipperDh.png
  1 -0.875488 9.778809 7.042969 0.365211 -0.015003 0.930804 0.757019 -0.072815 2 15 0.300000 16 0.700000
  1 -0.860840 11.407715 7.063477 0.365211 -0.015003 0.930804 0.856171 -0.072815 2 15 0.100000 16 0.900000
  1 -1.297363 9.778809 7.208496 0.365211 -0.015003 0.930804 0.757019 -0.047699 2 15 0.300000 16 0.700000
PelipperDh.png
  1 -0.875488 9.778809 7.042969 0.924042 -0.013120 0.382066 0.757019 -0.072815 2 15 0.300000 16 0.700000
  1 -0.687012 11.407715 6.643066 0.924042 -0.013120 0.382066 0.856171 -0.083313 2 15 0.100000 16 0.900000
  1 -0.860840 11.407715 7.063477 0.924042 -0.013120 0.382066 0.856171 -0.072815 2 15 0.100000 16 0.900000
PelipperDh.png
  1 -0.698730 9.778809 6.643066 0.914619 -0.006580 0.404264 0.757019 -0.083313 2 15 0.300000 16 0.700000
  1 -0.687012 11.407715 6.643066 0.914619 -0.006580 0.404264 0.856171 -0.083313 2 15 0.100000 16 0.900000
  1 -0.875488 9.778809 7.042969 0.914619 -0.006580 0.404264 0.757019 -0.072815 2 15 0.300000 16 0.700000
PelipperDh.png
  1 -0.698730 9.778809 6.643066 0.924101 -0.006648 -0.382091 0.757019 -0.083313 2 15 0.300000 16 0.700000
  1 -0.860840 11.407715 6.222656 0.924101 -0.006648 -0.382091 0.856171 -0.072815 2 15 0.100000 16 0.900000
  1 -0.687012 11.407715 6.643066 0.924101 -0.006648 -0.382091 0.856171 -0.083313 2 15 0.100000 16 0.900000
PelipperDh.png
  1 -0.875488 9.778809 6.243652 0.914373 -0.013439 -0.404649 0.757019 -0.072815 2 15 0.300000 16 0.700000
  1 -0.860840 11.407715 6.222656 0.914373 -0.013439 -0.404649 0.856171 -0.072815 2 15 0.100000 16 0.900000
  1 -0.698730 9.778809 6.643066 0.914373 -0.013439 -0.404649 0.757019 -0.083313 2 15 0.300000 16 0.700000
PelipperDh.png
  1 -0.875488 9.778809 6.243652 0.388352 -0.015369 -0.921383 0.757019 -0.072815 2 15 0.300000 16 0.700000
  1 -1.274414 11.407715 6.048340 0.388352 -0.015369 -0.921383 0.856171 -0.050079 2 15 0.100000 16 0.900000
  1 -0.860840 11.407715 6.222656 0.388352 -0.015369 -0.921383 0.856171 -0.072815 2 15 0.100000 16 0.900000
PelipperDh.png
  1 -1.297363 9.778809 6.078125 0.365163 -0.022163 -0.930680 0.757019 -0.047699 2 15 0.300000 16 0.700000
  1 -1.274414 11.407715 6.048340 0.365163 -0.022163 -0.930680 0.856171 -0.050079 2 15 0.100000 16 0.900000
  1 -0.875488 9.778809 6.243652 0.365163 -0.022163 -0.930680 0.757019 -0.072815 2 15 0.300000 16 0.700000
PelipperDh.png
  1 0.661229 11.375535 6.222709 -0.924562 -0.006374 -0.380978 0.856171 -0.164246 1 16 1.000000
  1 0.499023 9.778809 6.643066 -0.924562 -0.006374 -0.380978 0.757019 -0.155121 2 15 0.300000 16 0.700000
  1 0.487793 11.407715 6.643066 -0.924562 -0.006374 -0.380978 0.856171 -0.155121 2 15 0.100000 16 0.900000
PelipperDh.png
  1 1.097656 9.778809 6.078125 -0.365164 -0.022053 -0.930682 0.757019 -0.190247 2 15 0.300000 16 0.700000
  1 0.675781 9.778809 6.243652 -0.365164 -0.022053 -0.930682 0.757019 -0.165100 2 15 0.300000 16 0.700000
  1 1.075195 11.407715 6.048340 -0.365164 -0.022053 -0.930682 0.856171 -0.188660 2 15 0.100000 16 0.900000
PelipperDh.png
  1 2.083464 2.915039 4.411713 -0.083826 0.949740 0.301607 0.489319 -0.713562 1 9 1.000000
  1 2.838867 3.479492 2.844238 -0.083826 0.949740 0.301607 0.433411 -0.806671 2 4 0.300000 11 0.700000
  1 1.945313 3.120117 3.727539 -0.083826 0.949740 0.301607 0.499115 -0.761292 2 4 0.300000 9 0.700000
PelipperDh.png
  1 2.838867 -3.479492 2.844238 -0.083826 -0.949740 0.301607 0.433411 -0.806671 2 4 0.300000 11 0.700000
  1 2.083464 -2.915039 4.411713 -0.083826 -0.949740 0.301607 0.489319 -0.713562 1 9 1.000000
  1 1.945313 -3.120117 3.727539 -0.083826 -0.949740 0.301607 0.499115 -0.761292 2 4 0.300000 9 0.700000
PelipperDh.png
  1 2.265625 -3.200195 2.199707 -0.029111 -0.798910 -0.600746 0.478638 -0.883636 2 9 0.500000 4 0.500000
  1 2.440918 -2.534668 1.306152 -0.029111 -0.798910 -0.600746 0.470856 -0.919037 2 9 0.500000 4 0.500000
  1 3.904297 -2.690430 1.442383 -0.029111 -0.798910 -0.600746 0.373169 -0.898407 2 11 0.500000 4 0.500000
PelipperDh.png
  1 2.440918 2.534668 1.306152 -0.029111 0.798910 -0.600746 0.470856 -0.919037 2 9 0.500000 4 0.500000
  1 2.265625 3.200195 2.199707 -0.029111 0.798910 -0.600746 0.478638 -0.883636 2 9 0.500000 4 0.500000
  1 3.904297 2.690430 1.442383 -0.029111 0.798910 -0.600746 0.373169 -0.898407 2 11 0.500000 4 0.500000
PelipperDh.png
  1 3.904297 2.690430 1.442383 0.069983 0.891097 -0.448384 0.373169 -0.898407 2 11 0.500000 4 0.500000
  1 2.265625 3.200195 2.199707 0.069983 0.891097 -0.448384 0.478638 -0.883636 2 9 0.500000 4 0.500000
  1 2.838867 3.479492 2.844238 0.069983 0.891097 -0.448384 0.433411 -0.806671 2 4 0.300000 11 0.700000
PelipperDh.png
  1 2.265625 -3.200195 2.199707 0.069983 -0.891097 -0.448384 0.478638 -0.883636 2 9 0.500000 4 0.500000
  1 3.904297 -2.690430 1.442383 0.069983 -0.891097 -0.448384 0.373169 -0.898407 2 11 0.500000 4 0.500000
  1 2.838867 -3.479492 2.844238 0.069983 -0.891097 -0.448384 0.433411 -0.806671 2 4 0.300000 11 0.700000
PelipperDh.png
  1 2.838867 3.479492 2.844238 -0.403975 0.914030 -0.036787 0.433411 -0.806671 2 4 0.300000 11 0.700000
  1 2.265625 3.200195 2.199707 -0.403975 0.914030 -0.036787 0.478638 -0.883636 2 9 0.500000 4 0.500000
  1 1.945313 3.120117 3.727539 -0.403975 0.914030 -0.036787 0.499115 -0.761292 2 4 0.300000 9 0.700000
PelipperDh.png
  1 2.265625 -3.200195 2.199707 -0.403975 -0.914030 -0.036787 0.478638 -0.883636 2 9 0.500000 4 0.500000
  1 2.838867 -3.479492 2.844238 -0.403975 -0.914030 -0.036787 0.433411 -0.806671 2 4 0.300000 11 0.700000
  1 1.945313 -3.120117 3.727539 -0.403975 -0.914030 -0.036787 0.499115 -0.761292 2 4 0.300000 9 0.700000
PelipperDh.png
  1 0.374023 2.659668 1.322322 0.044080 0.805338 -0.591175 0.588470 -0.919037 1 4 1.000000
  1 2.265625 3.200195 2.199707 0.044080 0.805338 -0.591175 0.478638 -0.883636 2 9 0.500000 4 0.500000
  1 2.440918 2.534668 1.306152 0.044080 0.805338 -0.591175 0.470856 -0.919037 2 9 0.500000 4 0.500000
PelipperDh.png
  1 2.265625 -3.200195 2.199707 0.044080 -0.805338 -0.591175 0.478638 -0.883636 2 9 0.500000 4 0.500000
  1 0.374023 -2.659668 1.322322 0.044080 -0.805338 -0.591175 0.588470 -0.919037 1 4 1.000000
  1 2.440918 -2.534668 1.306152 0.044080 -0.805338 -0.591175 0.470856 -0.919037 2 9 0.500000 4 0.500000
PelipperDh.png
  1 1.180664 -3.360840 3.100586 0.089164 -0.993569 -0.069789 0.545654 -0.812561 2 9 0.300000 4 0.700000
  1 0.125488 -3.441406 2.899470 0.089164 -0.993569 -0.069789 0.613617 -0.826813 1 4 1.000000
  1 2.265625 -3.200195 2.199707 0.089164 -0.993569 -0.069789 0.478638 -0.883636 2 9 0.500000 4 0.500000
PelipperDh.png
  1 0.125488 3.441406 2.899470 0.089164 0.993569 -0.069789 0.613617 -0.826813 1 4 1.000000
  1 1.180664 3.360840 3.100586 0.089164 0.993569 -0.069789 0.545654 -0.812561 2 9 0.300000 4 0.700000
  1 2.265625 3.200195 2.199707 0.089164 0.993569 -0.069789 0.478638 -0.883636 2 9 0.500000 4 0.500000
PelipperDh.png
  1 2.539063 1.999512 8.771484 0.072207 0.290055 0.954282 0.387421 -0.430481 2 13 0.300000 10 0.700000
  1 2.313131 1.419434 8.964895 0.072207 0.290055 0.954282 0.418793 -0.421906 1 10 1.000000
  1 3.170410 1.315430 8.931641 0.072207 0.290055 0.954282 0.344513 -0.426331 2 10 0.300000 13 0.700000
PelipperDh.png
  1 1.945313 -3.120117 3.727539 0.283145 -0.958806 0.022808 0.499115 -0.761292 2 4 0.300000 9 0.700000
  1 0.855469 -3.423828 4.489746 0.283145 -0.958806 0.022808 0.574188 -0.731415 2 9 0.300000 4 0.700000
  1 1.180664 -3.360840 3.100586 0.283145 -0.958806 0.022808 0.545654 -0.812561 2 9 0.300000 4 0.700000
PelipperDh.png
  1 0.855469 3.423828 4.489746 0.283145 0.958806 0.022808 0.574188 -0.731415 2 9 0.300000 4 0.700000
  1 1.945313 3.120117 3.727539 0.283145 0.958806 0.022808 0.499115 -0.761292 2 4 0.300000 9 0.700000
  1 1.180664 3.360840 3.100586 0.283145 0.958806 0.022808 0.545654 -0.812561 2 9 0.300000 4 0.700000
PelipperDh.png
  1 1.945313 -3.120117 3.727539 0.224879 -0.969450 0.097958 0.499115 -0.761292 2 4 0.300000 9 0.700000
  1 1.180664 -3.360840 3.100586 0.224879 -0.969450 0.097958 0.545654 -0.812561 2 9 0.300000 4 0.700000
  1 2.265625 -3.200195 2.199707 0.224879 -0.969450 0.097958 0.478638 -0.883636 2 9 0.500000 4 0.500000
PelipperDh.png
  1 3.660645 -0.355469 9.115234 0.277737 -0.512678 0.812418 0.317322 -0.377930 2 10 0.300000 13 0.700000
  1 4.346901 -0.423828 8.837489 0.277737 -0.512678 0.812418 0.268890 -0.398010 1 13 1.000000
  1 3.798340 0.000000 9.292480 0.277737 -0.512678 0.812418 0.295258 -0.358246 2 10 0.300000 13 0.700000
PelipperDh.png
  1 1.180664 3.360840 3.100586 0.224879 0.969450 0.097958 0.545654 -0.812561 2 9 0.300000 4 0.700000
  1 1.945313 3.120117 3.727539 0.224879 0.969450 0.097958 0.499115 -0.761292 2 4 0.300000 9 0.700000
  1 2.265625 3.200195 2.199707 0.224879 0.969450 0.097958 0.478638 -0.883636 2 9 0.500000 4 0.500000
PelipperDh.png
  1 1.945313 -3.120117 3.727539 0.386028 -0.902183 0.192477 0.499115 -0.761292 2 4 0.300000 9 0.700000
  1 2.083464 -2.915039 4.411713 0.386028 -0.902183 0.192477 0.489319 -0.713562 1 9 1.000000
  1 0.855469 -3.423828 4.489746 0.386028 -0.902183 0.192477 0.574188 -0.731415 2 9 0.300000 4 0.700000
PelipperDh.png
  1 2.083464 2.915039 4.411713 0.386028 0.902183 0.192477 0.489319 -0.713562 1 9 1.000000
  1 1.945313 3.120117 3.727539 0.386028 0.902183 0.192477 0.499115 -0.761292 2 4 0.300000 9 0.700000
  1 0.855469 3.423828 4.489746 0.386028 0.902183 0.192477 0.574188 -0.731415 2 9 0.300000 4 0.700000
PelipperDh.png
  1 3.904297 -2.690430 1.442383 0.092799 -0.447854 -0.889278 0.373169 -0.898407 2 11 0.500000 4 0.500000
  1 2.646973 -1.435547 0.679199 0.092799 -0.447854 -0.889278 0.461975 -0.951416 2 9 0.500000 4 0.500000
  1 4.435059 -1.483887 0.890137 0.092799 -0.447854 -0.889278 0.349182 -0.924255 2 11 0.500000 4 0.500000
PelipperDh.png
  1 0.527838 -2.140131 0.002184 0.024687 -0.975447 0.218846 0.993195 -0.448669 1 7 1.000000
  1 1.282657 -2.065913 0.247846 0.024687 -0.975447 0.218846 0.975433 -0.379456 1 8 1.000000
  1 0.553711 -2.089355 0.225586 0.024687 -0.975447 0.218846 0.979614 -0.362305 2 8 0.300000 7 0.700000
PelipperDh.png
  1 2.440918 -2.534668 1.306152 0.027493 -0.499171 -0.866068 0.470856 -0.919037 2 9 0.500000 4 0.500000
  1 2.646973 -1.435547 0.679199 0.027493 -0.499171 -0.866068 0.461975 -0.951416 2 9 0.500000 4 0.500000
  1 3.904297 -2.690430 1.442383 0.027493 -0.499171 -0.866068 0.373169 -0.898407 2 11 0.500000 4 0.500000
PelipperDh.png
  1 4.435059 -1.483887 0.890137 0.156485 -0.168439 -0.973212 0.349182 -0.924255 2 11 0.500000 4 0.500000
  1 2.719238 0.000000 0.357422 0.156485 -0.168439 -0.973212 0.455963 -0.974792 2 9 0.500000 4 0.500000
  1 4.617188 0.000000 0.662598 0.156485 -0.168439 -0.973212 0.334167 -0.943817 2 11 0.500000 4 0.500000
PelipperDh.png
  1 2.646973 -1.435547 0.679199 0.108278 -0.222623 -0.968873 0.461975 -0.951416 2 9 0.500000 4 0.500000
  1 2.719238 0.000000 0.357422 0.108278 -0.222623 -0.968873 0.455963 -0.974792 2 9 0.500000 4 0.500000
  1 4.435059 -1.483887 0.890137 0.108278 -0.222623 -0.968873 0.349182 -0.924255 2 11 0.500000 4 0.500000
PelipperDh.png
  1 1.282657 -0.329096 0.247846 0.024672 0.975437 0.218891 0.760864 -0.379456 1 8 1.000000
  1 0.527838 -0.254878 0.002184 0.024672 0.975437 0.218891 0.743103 -0.448669 1 7 1.000000
  1 0.553711 -0.305664 0.225586 0.024672 0.975437 0.218891 0.756714 -0.362305 2 8 0.300000 7 0.700000
PelipperDh.png
  1 2.646973 1.435547 0.679199 0.092799 0.447854 -0.889278 0.461975 -0.951416 2 9 0.500000 4 0.500000
  1 3.904297 2.690430 1.442383 0.092799 0.447854 -0.889278 0.373169 -0.898407 2 11 0.500000 4 0.500000
  1 4.435059 1.483887 0.890137 0.092799 0.447854 -0.889278 0.349182 -0.924255 2 11 0.500000 4 0.500000
PelipperDh.png
  1 2.440918 2.534668 1.306152 0.027493 0.499171 -0.866068 0.470856 -0.919037 2 9 0.500000 4 0.500000
  1 3.904297 2.690430 1.442383 0.027493 0.499171 -0.866068 0.373169 -0.898407 2 11 0.500000 4 0.500000
  1 2.646973 1.435547 0.679199 0.027493 0.499171 -0.866068 0.461975 -0.951416 2 9 0.500000 4 0.500000
PelipperDh.png
  1 2.719238 0.000000 0.357422 0.156485 0.168439 -0.973212 0.455963 -0.974792 2 9 0.500000 4 0.500000
  1 4.435059 1.483887 0.890137 0.156485 0.168439 -0.973212 0.349182 -0.924255 2 11 0.500000 4 0.500000
  1 4.617188 0.000000 0.662598 0.156485 0.168439 -0.973212 0.334167 -0.943817 2 11 0.500000 4 0.500000
PelipperDh.png
  1 2.646973 1.435547 0.679199 0.108278 0.222623 -0.968873 0.461975 -0.951416 2 9 0.500000 4 0.500000
  1 4.435059 1.483887 0.890137 0.108278 0.222623 -0.968873 0.349182 -0.924255 2 11 0.500000 4 0.500000
  1 2.719238 0.000000 0.357422 0.108278 0.222623 -0.968873 0.455963 -0.974792 2 9 0.500000 4 0.500000
PelipperDh.png
  1 2.972656 -3.118652 8.575195 -0.291806 -0.424822 0.856957 0.348328 -0.438873 2 10 0.300000 13 0.700000
  1 1.881002 -2.419922 8.549856 -0.291806 -0.424822 0.856957 0.413940 -0.450409 1 10 1.000000
  1 2.356445 -3.602539 8.125488 -0.291806 -0.424822 0.856957 0.389008 -0.470215 2 13 0.100000 10 0.900000
PelipperDh.png
  1 2.440918 -2.534668 1.306152 0.023378 -0.498642 -0.866493 0.470856 -0.919037 2 9 0.500000 4 0.500000
  1 0.374023 -2.659668 1.322322 0.023378 -0.498642 -0.866493 0.588470 -0.919037 1 4 1.000000
  1 2.646973 -1.435547 0.679199 0.023378 -0.498642 -0.866493 0.461975 -0.951416 2 9 0.500000 4 0.500000
PelipperDh.png
  1 2.646973 -1.435547 0.679199 0.049897 -0.220841 -0.974033 0.461975 -0.951416 2 9 0.500000 4 0.500000
  1 0.556641 0.000000 0.246638 0.049897 -0.220841 -0.974033 0.582031 -0.988831 1 4 1.000000
  1 2.719238 0.000000 0.357422 0.049897 -0.220841 -0.974033 0.455963 -0.974792 2 9 0.500000 4 0.500000
PelipperDh.png
  1 0.503906 -1.545898 0.549373 0.069270 -0.193994 -0.978554 0.583282 -0.962921 1 4 1.000000
  1 0.556641 0.000000 0.246638 0.069270 -0.193994 -0.978554 0.582031 -0.988831 1 4 1.000000
  1 2.646973 -1.435547 0.679199 0.069270 -0.193994 -0.978554 0.461975 -0.951416 2 9 0.500000 4 0.500000
PelipperDh.png
  1 0.556641 0.000000 0.246638 0.049897 0.220841 -0.974033 0.582031 -0.988831 1 4 1.000000
  1 2.646973 1.435547 0.679199 0.049897 0.220841 -0.974033 0.461975 -0.951416 2 9 0.500000 4 0.500000
  1 2.719238 0.000000 0.357422 0.049897 0.220841 -0.974033 0.455963 -0.974792 2 9 0.500000 4 0.500000
PelipperDh.png
  1 -1.893555 0.000000 7.234863 -0.699447 -0.296655 0.650208 0.739929 -0.546875 2 4 0.200000 9 0.800000
  1 -2.821289 0.000000 6.236873 -0.699447 -0.296655 0.650208 0.780334 -0.578247 1 4 1.000000
  1 -1.764160 -0.880859 6.972168 -0.699447 -0.296655 0.650208 0.725128 -0.578064 2 4 0.300000 9 0.700000
PelipperDh.png
  1 -1.764160 -0.880859 6.972168 -0.572677 -0.392478 0.719724 0.725128 -0.578064 2 4 0.300000 9 0.700000
  1 -2.713379 -0.978516 6.163630 -0.572677 -0.392478 0.719724 0.772003 -0.603455 1 4 1.000000
  1 -1.588379 -1.548340 6.748047 -0.572677 -0.392478 0.719724 0.710602 -0.589264 2 4 0.400000 9 0.600000
PelipperDh.png
  1 -1.311105 -2.230957 6.468171 -0.614871 -0.499852 0.609985 0.692871 -0.593872 1 9 1.000000
  1 -0.947018 -1.424805 7.495776 -0.614871 -0.499852 0.609985 0.661438 -0.534088 1 9 1.000000
  1 -1.588379 -1.548340 6.748047 -0.614871 -0.499852 0.609985 0.710602 -0.589264 2 4 0.400000 9 0.600000
PelipperDh.png
  1 -1.588379 -1.548340 6.748047 -0.723443 -0.383317 0.574194 0.710602 -0.589264 2 4 0.400000 9 0.600000
  1 -1.111923 -0.766113 7.870542 -0.723443 -0.383317 0.574194 0.672546 -0.521790 1 9 1.000000
  1 -1.764160 -0.880859 6.972168 -0.723443 -0.383317 0.574194 0.725128 -0.578064 2 4 0.300000 9 0.700000
PelipperDh.png
  1 -0.947018 -1.424805 7.495776 -0.614408 -0.500729 0.609733 0.661438 -0.534088 1 9 1.000000
  1 -1.111923 -0.766113 7.870542 -0.614408 -0.500729 0.609733 0.672546 -0.521790 1 9 1.000000
  1 -1.588379 -1.548340 6.748047 -0.614408 -0.500729 0.609733 0.710602 -0.589264 2 4 0.400000 9 0.600000
PelipperDh.png
  1 -0.947018 1.424805 7.495776 -0.614871 0.499852 0.609985 0.661438 -0.534088 1 9 1.000000
  1 -1.311105 2.230957 6.468171 -0.614871 0.499852 0.609985 0.692871 -0.593872 1 9 1.000000
  1 -1.588379 1.548340 6.748047 -0.614871 0.499852 0.609985 0.710602 -0.589264 2 4 0.400000 9 0.600000
PelipperDh.png
  1 -1.111923 0.766113 7.870542 -0.723443 0.383317 0.574194 0.672546 -0.521790 1 9 1.000000
  1 -1.588379 1.548340 6.748047 -0.723443 0.383317 0.574194 0.710602 -0.589264 2 4 0.400000 9 0.600000
  1 -1.764160 0.880859 6.972168 -0.723443 0.383317 0.574194 0.725128 -0.578064 2 4 0.300000 9 0.700000
PelipperDh.png
  1 -5.023926 -0.684570 5.813965 -0.817647 -0.572266 0.062968 0.914703 -0.645660 2 4 0.200000 20 0.800000
  1 -5.507771 0.000000 5.752694 -0.817647 -0.572266 0.062968 0.952332 -0.648438 1 20 1.000000
  1 -5.123535 -0.579590 5.474609 -0.817647 -0.572266 0.062968 0.914917 -0.673767 2 4 0.200000 20 0.800000
PelipperDh.png
  1 -5.532624 0.000000 6.235453 -0.026928 -0.193066 0.980816 0.948883 -0.612152 1 20 1.000000
  1 -4.929688 -0.508789 6.151855 -0.026928 -0.193066 0.980816 0.896088 -0.635864 2 4 0.200000 20 0.800000
  1 -4.931641 0.000000 6.251953 -0.026928 -0.193066 0.980816 0.918182 -0.609894 2 4 0.200000 20 0.800000
PelipperDh.png
  1 -5.532624 0.000000 6.235453 -0.814130 -0.579167 -0.041914 0.948883 -0.612152 1 20 1.000000
  1 -5.507771 0.000000 5.752694 -0.814130 -0.579167 -0.041914 0.952332 -0.648438 1 20 1.000000
  1 -5.023926 -0.684570 5.813965 -0.814130 -0.579167 -0.041914 0.914703 -0.645660 2 4 0.200000 20 0.800000
PelipperDh.png
  1 -5.507771 0.000000 5.752694 -0.817647 0.572266 0.062968 0.952332 -0.648438 1 20 1.000000
  1 -5.023926 0.684570 5.813965 -0.817647 0.572266 0.062968 0.914703 -0.645660 2 4 0.200000 20 0.800000
  1 -5.123535 0.579590 5.474609 -0.817647 0.572266 0.062968 0.914917 -0.673767 2 4 0.200000 20 0.800000
PelipperDh.png
  1 3.660645 0.355469 9.115234 0.324632 0.334954 0.884545 0.317322 -0.377930 2 10 0.300000 13 0.700000
  1 4.346901 0.423828 8.837489 0.324632 0.334954 0.884545 0.268890 -0.398010 1 13 1.000000
  1 3.170410 1.315430 8.931641 0.324632 0.334954 0.884545 0.344513 -0.426331 2 10 0.300000 13 0.700000
PelipperDh.png
  1 -4.929688 0.508789 6.151855 -0.026928 0.193066 0.980816 0.896088 -0.635864 2 4 0.200000 20 0.800000
  1 -5.532624 0.000000 6.235453 -0.026928 0.193066 0.980816 0.948883 -0.612152 1 20 1.000000
  1 -4.931641 0.000000 6.251953 -0.026928 0.193066 0.980816 0.918182 -0.609894 2 4 0.200000 20 0.800000
PelipperDh.png
  1 -5.507771 0.000000 5.752694 -0.814130 0.579167 -0.041914 0.952332 -0.648438 1 20 1.000000
  1 -5.532624 0.000000 6.235453 -0.814130 0.579167 -0.041914 0.948883 -0.612152 1 20 1.000000
  1 -5.023926 0.684570 5.813965 -0.814130 0.579167 -0.041914 0.914703 -0.645660 2 4 0.200000 20 0.800000
PelipperDh.png
  1 -5.023926 -0.684570 5.813965 -0.769654 -0.637821 0.028601 0.914703 -0.645660 2 4 0.200000 20 0.800000
  1 -5.123535 -0.579590 5.474609 -0.769654 -0.637821 0.028601 0.914917 -0.673767 2 4 0.200000 20 0.800000
  1 -4.346680 -1.522949 5.342285 -0.769654 -0.637821 0.028601 0.868622 -0.671295 2 4 0.400000 20 0.600000
PelipperDh.png
  1 -5.218262 0.000000 5.113770 -0.806264 -0.405169 -0.431017 0.938324 -0.707581 2 4 0.200000 20 0.800000
  1 -4.689941 0.000000 4.125488 -0.806264 -0.405169 -0.431017 0.904724 -0.774261 2 4 0.400000 20 0.600000
  1 -4.526367 -0.849609 4.618164 -0.806264 -0.405169 -0.431017 0.893921 -0.726288 2 4 0.400000 20 0.600000
PelipperDh.png
  1 -4.526367 -0.849609 4.618164 -0.805598 -0.402392 -0.434848 0.893921 -0.726288 2 4 0.400000 20 0.600000
  1 -5.123535 -0.579590 5.474609 -0.805598 -0.402392 -0.434848 0.914917 -0.673767 2 4 0.200000 20 0.800000
  1 -5.218262 0.000000 5.113770 -0.805598 -0.402392 -0.434848 0.938324 -0.707581 2 4 0.200000 20 0.800000
PelipperDh.png
  1 -4.346680 -1.522949 5.342285 -0.748240 -0.568118 -0.342605 0.868622 -0.671295 2 4 0.400000 20 0.600000
  1 -5.123535 -0.579590 5.474609 -0.748240 -0.568118 -0.342605 0.914917 -0.673767 2 4 0.200000 20 0.800000
  1 -4.526367 -0.849609 4.618164 -0.748240 -0.568118 -0.342605 0.893921 -0.726288 2 4 0.400000 20 0.600000
PelipperDh.png
  1 -5.123535 0.579590 5.474609 -0.769654 0.637821 0.028601 0.914917 -0.673767 2 4 0.200000 20 0.800000
  1 -5.023926 0.684570 5.813965 -0.769654 0.637821 0.028601 0.914703 -0.645660 2 4 0.200000 20 0.800000
  1 -4.346680 1.522949 5.342285 -0.769654 0.637821 0.028601 0.868622 -0.671295 2 4 0.400000 20 0.600000
PelipperDh.png
  1 -4.689941 0.000000 4.125488 -0.806264 0.405169 -0.431017 0.904724 -0.774261 2 4 0.400000 20 0.600000
  1 -5.218262 0.000000 5.113770 -0.806264 0.405169 -0.431017 0.938324 -0.707581 2 4 0.200000 20 0.800000
  1 -4.526367 0.849609 4.618164 -0.806264 0.405169 -0.431017 0.893921 -0.726288 2 4 0.400000 20 0.600000
PelipperDh.png
  1 -5.123535 0.579590 5.474609 -0.805598 0.402392 -0.434848 0.914917 -0.673767 2 4 0.200000 20 0.800000
  1 -4.526367 0.849609 4.618164 -0.805598 0.402392 -0.434848 0.893921 -0.726288 2 4 0.400000 20 0.600000
  1 -5.218262 0.000000 5.113770 -0.805598 0.402392 -0.434848 0.938324 -0.707581 2 4 0.200000 20 0.800000
PelipperDh.png
  1 -5.123535 0.579590 5.474609 -0.748240 0.568118 -0.342605 0.914917 -0.673767 2 4 0.200000 20 0.800000
  1 -4.346680 1.522949 5.342285 -0.748240 0.568118 -0.342605 0.868622 -0.671295 2 4 0.400000 20 0.600000
  1 -4.526367 0.849609 4.618164 -0.748240 0.568118 -0.342605 0.893921 -0.726288 2 4 0.400000 20 0.600000
PelipperDh.png
  1 -4.526367 -0.849609 4.618164 -0.787030 -0.564872 -0.247999 0.893921 -0.726288 2 4 0.400000 20 0.600000
  1 -3.841797 -1.312500 3.500000 -0.787030 -0.564872 -0.247999 0.849548 -0.796600 2 20 0.200000 4 0.800000
  1 -3.644531 -1.820801 4.031738 -0.787030 -0.564872 -0.247999 0.836182 -0.757690 2 20 0.200000 4 0.800000
PelipperDh.png
  1 1.881002 2.419922 8.549856 -0.092498 0.347184 0.933224 0.413940 -0.450409 1 10 1.000000
  1 2.313131 1.419434 8.964895 -0.092498 0.347184 0.933224 0.418793 -0.421906 1 10 1.000000
  1 2.539063 1.999512 8.771484 -0.092498 0.347184 0.933224 0.387421 -0.430481 2 13 0.300000 10 0.700000
PelipperDh.png
  1 -3.286133 -0.994141 6.005371 -0.035598 -0.442264 0.896178 0.805756 -0.618652 2 20 0.200000 4 0.800000
  1 -4.284180 -0.858398 6.032715 -0.035598 -0.442264 0.896178 0.862122 -0.634644 2 4 0.400000 20 0.600000
  1 -3.284180 -1.695801 5.659180 -0.035598 -0.442264 0.896178 0.803986 -0.652435 2 20 0.200000 4 0.800000
PelipperDh.png
  1 3.798340 0.000000 9.292480 0.573841 -0.532526 0.622192 0.295258 -0.358246 2 10 0.300000 13 0.700000
  1 3.172994 -0.247070 9.657766 0.573841 -0.532526 0.622192 0.346069 -0.331177 1 10 1.000000
  1 3.660645 -0.355469 9.115234 0.573841 -0.532526 0.622192 0.317322 -0.377930 2 10 0.300000 13 0.700000
PelipperDh.png
  1 3.245260 0.000000 9.799368 0.574201 -0.527025 0.626528 0.330414 -0.310699 1 10 1.000000
  1 3.172994 -0.247070 9.657766 0.574201 -0.527025 0.626528 0.346069 -0.331177 1 10 1.000000
  1 3.798340 0.000000 9.292480 0.574201 -0.527025 0.626528 0.295258 -0.358246 2 10 0.300000 13 0.700000
PelipperDh.png
  1 -4.346680 -1.522949 5.342285 -0.310066 -0.670793 0.673718 0.868622 -0.671295 2 4 0.400000 20 0.600000
  1 -3.284180 -1.695801 5.659180 -0.310066 -0.670793 0.673718 0.803986 -0.652435 2 20 0.200000 4 0.800000
  1 -4.284180 -0.858398 6.032715 -0.310066 -0.670793 0.673718 0.862122 -0.634644 2 4 0.400000 20 0.600000
PelipperDh.png
  1 3.033345 -0.534668 9.309622 0.367366 -0.352236 0.860797 0.365570 -0.380249 1 10 1.000000
  1 3.170410 -1.315430 8.931641 0.367366 -0.352236 0.860797 0.344513 -0.426331 2 10 0.300000 13 0.700000
  1 3.660645 -0.355469 9.115234 0.367366 -0.352236 0.860797 0.317322 -0.377930 2 10 0.300000 13 0.700000
PelipperDh.png
  1 -4.346680 1.522949 5.342285 -0.288457 0.795125 0.533450 0.868622 -0.671295 2 4 0.400000 20 0.600000
  1 -3.284180 1.695801 5.659180 -0.288457 0.795125 0.533450 0.803986 -0.652435 2 20 0.200000 4 0.800000
  1 -3.412109 2.194824 4.846191 -0.288457 0.795125 0.533450 0.812469 -0.696655 2 20 0.200000 4 0.800000
PelipperDh.png
  1 3.172994 0.247070 9.657766 0.573841 0.532526 0.622192 0.346069 -0.331177 1 10 1.000000
  1 3.798340 0.000000 9.292480 0.573841 0.532526 0.622192 0.295258 -0.358246 2 10 0.300000 13 0.700000
  1 3.660645 0.355469 9.115234 0.573841 0.532526 0.622192 0.317322 -0.377930 2 10 0.300000 13 0.700000
PelipperDh.png
  1 3.172994 0.247070 9.657766 0.574201 0.527025 0.626528 0.346069 -0.331177 1 10 1.000000
  1 3.245260 0.000000 9.799368 0.574201 0.527025 0.626528 0.330414 -0.310699 1 10 1.000000
  1 3.798340 0.000000 9.292480 0.574201 0.527025 0.626528 0.295258 -0.358246 2 10 0.300000 13 0.700000
PelipperDh.png
  1 -4.346680 1.522949 5.342285 -0.632412 0.756437 -0.166908 0.868622 -0.671295 2 4 0.400000 20 0.600000
  1 -3.412109 2.194824 4.846191 -0.632412 0.756437 -0.166908 0.812469 -0.696655 2 20 0.200000 4 0.800000
  1 -3.644531 1.820801 4.031738 -0.632412 0.756437 -0.166908 0.836182 -0.757690 2 20 0.200000 4 0.800000
PelipperDh.png
  1 3.170410 1.315430 8.931641 0.367366 0.352236 0.860797 0.344513 -0.426331 2 10 0.300000 13 0.700000
  1 3.033345 0.534668 9.309622 0.367366 0.352236 0.860797 0.365570 -0.380249 1 10 1.000000
  1 3.660645 0.355469 9.115234 0.367366 0.352236 0.860797 0.317322 -0.377930 2 10 0.300000 13 0.700000
PelipperDh.png
  1 -3.841797 1.312500 3.500000 -0.787030 0.564872 -0.247999 0.849548 -0.796600 2 20 0.200000 4 0.800000
  1 -4.526367 0.849609 4.618164 -0.787030 0.564872 -0.247999 0.893921 -0.726288 2 4 0.400000 20 0.600000
  1 -3.644531 1.820801 4.031738 -0.787030 0.564872 -0.247999 0.836182 -0.757690 2 20 0.200000 4 0.800000
PelipperDh.png
  1 -4.284180 0.858398 6.032715 -0.035598 0.442264 0.896178 0.862122 -0.634644 2 4 0.400000 20 0.600000
  1 -3.286133 0.994141 6.005371 -0.035598 0.442264 0.896178 0.805756 -0.618652 2 20 0.200000 4 0.800000
  1 -3.284180 1.695801 5.659180 -0.035598 0.442264 0.896178 0.803986 -0.652435 2 20 0.200000 4 0.800000
PelipperDh.png
  1 -3.284180 1.695801 5.659180 -0.310066 0.670793 0.673718 0.803986 -0.652435 2 20 0.200000 4 0.800000
  1 -4.346680 1.522949 5.342285 -0.310066 0.670793 0.673718 0.868622 -0.671295 2 4 0.400000 20 0.600000
  1 -4.284180 0.858398 6.032715 -0.310066 0.670793 0.673718 0.862122 -0.634644 2 4 0.400000 20 0.600000
PelipperDh.png
  1 -4.346680 1.522949 5.342285 -0.789407 0.534787 -0.301396 0.868622 -0.671295 2 4 0.400000 20 0.600000
  1 -3.644531 1.820801 4.031738 -0.789407 0.534787 -0.301396 0.836182 -0.757690 2 20 0.200000 4 0.800000
  1 -4.526367 0.849609 4.618164 -0.789407 0.534787 -0.301396 0.893921 -0.726288 2 4 0.400000 20 0.600000
PelipperDh.png
  1 -2.791992 2.079102 2.546443 -0.758641 0.429073 -0.490266 0.770966 -0.853241 1 4 1.000000
  1 -2.964355 1.125488 1.978572 -0.758641 0.429073 -0.490266 0.784637 -0.892670 1 4 1.000000
  1 -3.841797 1.312500 3.500000 -0.758641 0.429073 -0.490266 0.849548 -0.796600 2 20 0.200000 4 0.800000
PelipperDh.png
  1 2.356445 -3.602539 8.125488 -0.116986 -0.592059 0.797359 0.389008 -0.470215 2 13 0.100000 10 0.900000
  1 3.396829 -4.235352 7.808251 -0.116986 -0.592059 0.797359 0.319366 -0.485870 1 13 1.000000
  1 2.972656 -3.118652 8.575195 -0.116986 -0.592059 0.797359 0.348328 -0.438873 2 10 0.300000 13 0.700000
PelipperDh.png
  1 3.396829 4.235352 7.808251 -0.116986 0.592059 0.797359 0.319366 -0.485870 1 13 1.000000
  1 2.356445 3.602539 8.125488 -0.116986 0.592059 0.797359 0.389008 -0.470215 2 13 0.100000 10 0.900000
  1 2.972656 3.118652 8.575195 -0.116986 0.592059 0.797359 0.348328 -0.438873 2 10 0.300000 13 0.700000
PelipperDh.png
  1 4.412433 -1.764160 8.724182 0.089686 -0.202594 0.975147 0.273682 -0.420044 1 13 1.000000
  1 3.170410 -1.315430 8.931641 0.089686 -0.202594 0.975147 0.344513 -0.426331 2 10 0.300000 13 0.700000
  1 2.972656 -3.118652 8.575195 0.089686 -0.202594 0.975147 0.348328 -0.438873 2 10 0.300000 13 0.700000
PelipperDh.png
  1 -2.570801 2.726074 3.260310 -0.732829 0.606676 -0.308069 0.765503 -0.795776 1 4 1.000000
  1 -3.841797 1.312500 3.500000 -0.732829 0.606676 -0.308069 0.849548 -0.796600 2 20 0.200000 4 0.800000
  1 -3.644531 1.820801 4.031738 -0.732829 0.606676 -0.308069 0.836182 -0.757690 2 20 0.200000 4 0.800000
PelipperDh.png
  1 -2.791992 -2.079102 2.546443 -0.730861 -0.602893 -0.319941 0.770966 -0.853241 1 4 1.000000
  1 -2.570801 -2.726074 3.260310 -0.730861 -0.602893 -0.319941 0.765503 -0.795776 1 4 1.000000
  1 -3.841797 -1.312500 3.500000 -0.730861 -0.602893 -0.319941 0.849548 -0.796600 2 20 0.200000 4 0.800000
PelipperDh.png
  1 3.170410 1.315430 8.931641 0.089686 0.202594 0.975147 0.344513 -0.426331 2 10 0.300000 13 0.700000
  1 4.412433 1.764160 8.724182 0.089686 0.202594 0.975147 0.273682 -0.420044 1 13 1.000000
  1 2.972656 3.118652 8.575195 0.089686 0.202594 0.975147 0.348328 -0.438873 2 10 0.300000 13 0.700000
PelipperDh.png
  1 -2.964355 -1.125488 1.978572 -0.758641 -0.429073 -0.490266 0.784637 -0.892670 1 4 1.000000
  1 -2.791992 -2.079102 2.546443 -0.758641 -0.429073 -0.490266 0.770966 -0.853241 1 4 1.000000
  1 -3.841797 -1.312500 3.500000 -0.758641 -0.429073 -0.490266 0.849548 -0.796600 2 20 0.200000 4 0.800000
PelipperDh.png
  1 -3.841797 -1.312500 3.500000 -0.732829 -0.606676 -0.308069 0.849548 -0.796600 2 20 0.200000 4 0.800000
  1 -2.570801 -2.726074 3.260310 -0.732829 -0.606676 -0.308069 0.765503 -0.795776 1 4 1.000000
  1 -3.644531 -1.820801 4.031738 -0.732829 -0.606676 -0.308069 0.836182 -0.757690 2 20 0.200000 4 0.800000
PelipperDh.png
  1 -2.570801 2.726074 3.260310 -0.730861 0.602893 -0.319941 0.765503 -0.795776 1 4 1.000000
  1 -2.791992 2.079102 2.546443 -0.730861 0.602893 -0.319941 0.770966 -0.853241 1 4 1.000000
  1 -3.841797 1.312500 3.500000 -0.730861 0.602893 -0.319941 0.849548 -0.796600 2 20 0.200000 4 0.800000
PelipperDh.png
  1 0.553711 -2.089355 0.225586 0.008781 -0.818508 0.574428 0.979614 -0.362305 2 8 0.300000 7 0.700000
  1 1.282657 -2.065913 0.247846 0.008781 -0.818508 0.574428 0.975433 -0.379456 1 8 1.000000
  1 0.706543 -1.870117 0.535645 0.008781 -0.818508 0.574428 0.931183 -0.306366 2 8 0.300000 7 0.700000
PelipperDh.png
  1 -3.644531 -1.820801 4.031738 -0.789407 -0.534787 -0.301396 0.836182 -0.757690 2 20 0.200000 4 0.800000
  1 -4.346680 -1.522949 5.342285 -0.789407 -0.534787 -0.301396 0.868622 -0.671295 2 4 0.400000 20 0.600000
  1 -4.526367 -0.849609 4.618164 -0.789407 -0.534787 -0.301396 0.893921 -0.726288 2 4 0.400000 20 0.600000
PelipperDh.png
  1 -3.284180 -1.695801 5.659180 -0.288457 -0.795125 0.533450 0.803986 -0.652435 2 20 0.200000 4 0.800000
  1 -4.346680 -1.522949 5.342285 -0.288457 -0.795125 0.533450 0.868622 -0.671295 2 4 0.400000 20 0.600000
  1 -3.412109 -2.194824 4.846191 -0.288457 -0.795125 0.533450 0.812469 -0.696655 2 20 0.200000 4 0.800000
PelipperDh.png
  1 -3.412109 -2.194824 4.846191 -0.632412 -0.756437 -0.166908 0.812469 -0.696655 2 20 0.200000 4 0.800000
  1 -4.346680 -1.522949 5.342285 -0.632412 -0.756437 -0.166908 0.868622 -0.671295 2 4 0.400000 20 0.600000
  1 -3.644531 -1.820801 4.031738 -0.632412 -0.756437 -0.166908 0.836182 -0.757690 2 20 0.200000 4 0.800000
PelipperDh.png
  1 -4.284180 -0.858398 6.032715 -0.351520 -0.658399 0.665541 0.862122 -0.634644 2 4 0.400000 20 0.600000
  1 -5.023926 -0.684570 5.813965 -0.351520 -0.658399 0.665541 0.914703 -0.645660 2 4 0.200000 20 0.800000
  1 -4.346680 -1.522949 5.342285 -0.351520 -0.658399 0.665541 0.868622 -0.671295 2 4 0.400000 20 0.600000
PelipperDh.png
  1 -4.929688 -0.508789 6.151855 -0.336372 -0.793760 0.506753 0.896088 -0.635864 2 4 0.200000 20 0.800000
  1 -5.023926 -0.684570 5.813965 -0.336372 -0.793760 0.506753 0.914703 -0.645660 2 4 0.200000 20 0.800000
  1 -4.284180 -0.858398 6.032715 -0.336372 -0.793760 0.506753 0.862122 -0.634644 2 4 0.400000 20 0.600000
PelipperDh.png
  1 0.706543 -1.870117 0.535645 -0.015467 -0.812797 0.582342 0.931183 -0.306366 2 8 0.300000 7 0.700000
  1 -0.382338 -1.903315 0.460388 -0.015467 -0.812797 0.582342 0.936676 -0.269897 1 7 1.000000
  1 0.553711 -2.089355 0.225586 -0.015467 -0.812797 0.582342 0.979614 -0.362305 2 8 0.300000 7 0.700000
PelipperDh.png
  1 -4.289063 0.000000 6.216309 0.067271 -0.208309 0.975747 0.887512 -0.607666 2 4 0.400000 20 0.600000
  1 -4.929688 -0.508789 6.151855 0.067271 -0.208309 0.975747 0.896088 -0.635864 2 4 0.200000 20 0.800000
  1 -4.284180 -0.858398 6.032715 0.067271 -0.208309 0.975747 0.862122 -0.634644 2 4 0.400000 20 0.600000
PelipperDh.png
  1 -4.931641 0.000000 6.251953 0.054350 -0.192551 0.979781 0.918182 -0.609894 2 4 0.200000 20 0.800000
  1 -4.929688 -0.508789 6.151855 0.054350 -0.192551 0.979781 0.896088 -0.635864 2 4 0.200000 20 0.800000
  1 -4.289063 0.000000 6.216309 0.054350 -0.192551 0.979781 0.887512 -0.607666 2 4 0.400000 20 0.600000
PelipperDh.png
  1 -4.929688 0.508789 6.151855 0.067271 0.208309 0.975747 0.896088 -0.635864 2 4 0.200000 20 0.800000
  1 -4.289063 0.000000 6.216309 0.067271 0.208309 0.975747 0.887512 -0.607666 2 4 0.400000 20 0.600000
  1 -4.284180 0.858398 6.032715 0.067271 0.208309 0.975747 0.862122 -0.634644 2 4 0.400000 20 0.600000
PelipperDh.png
  1 -4.931641 0.000000 6.251953 0.054350 0.192551 0.979781 0.918182 -0.609894 2 4 0.200000 20 0.800000
  1 -4.289063 0.000000 6.216309 0.054350 0.192551 0.979781 0.887512 -0.607666 2 4 0.400000 20 0.600000
  1 -4.929688 0.508789 6.151855 0.054350 0.192551 0.979781 0.896088 -0.635864 2 4 0.200000 20 0.800000
PelipperDh.png
  1 1.282657 -0.329096 0.247846 0.008770 0.818506 0.574432 0.760864 -0.379456 1 8 1.000000
  1 0.553711 -0.305664 0.225586 0.008770 0.818506 0.574432 0.756714 -0.362305 2 8 0.300000 7 0.700000
  1 0.706543 -0.524902 0.535645 0.008770 0.818506 0.574432 0.805115 -0.306366 2 8 0.300000 7 0.700000
PelipperDh.png
  1 -5.023926 0.684570 5.813965 -0.351520 0.658399 0.665541 0.914703 -0.645660 2 4 0.200000 20 0.800000
  1 -4.284180 0.858398 6.032715 -0.351520 0.658399 0.665541 0.862122 -0.634644 2 4 0.400000 20 0.600000
  1 -4.346680 1.522949 5.342285 -0.351520 0.658399 0.665541 0.868622 -0.671295 2 4 0.400000 20 0.600000
PelipperDh.png
  1 -4.929688 0.508789 6.151855 -0.336372 0.793760 0.506753 0.896088 -0.635864 2 4 0.200000 20 0.800000
  1 -4.284180 0.858398 6.032715 -0.336372 0.793760 0.506753 0.862122 -0.634644 2 4 0.400000 20 0.600000
  1 -5.023926 0.684570 5.813965 -0.336372 0.793760 0.506753 0.914703 -0.645660 2 4 0.200000 20 0.800000
PelipperDh.png
  1 -3.286133 -0.994141 6.005371 -0.239183 -0.112740 0.964407 0.805756 -0.618652 2 20 0.200000 4 0.800000
  1 -2.821289 0.000000 6.236873 -0.239183 -0.112740 0.964407 0.780334 -0.578247 1 4 1.000000
  1 -3.345215 0.000000 6.106934 -0.239183 -0.112740 0.964407 0.823700 -0.592194 2 20 0.200000 4 0.800000
PelipperDh.png
  1 -2.713379 -0.978516 6.163630 -0.262422 -0.100772 0.959677 0.772003 -0.603455 1 4 1.000000
  1 -2.821289 0.000000 6.236873 -0.262422 -0.100772 0.959677 0.780334 -0.578247 1 4 1.000000
  1 -3.286133 -0.994141 6.005371 -0.262422 -0.100772 0.959677 0.805756 -0.618652 2 20 0.200000 4 0.800000
PelipperDh.png
  1 -0.382338 -0.491694 0.460388 -0.015459 0.812799 0.582339 0.799622 -0.269897 1 7 1.000000
  1 0.706543 -0.524902 0.535645 -0.015459 0.812799 0.582339 0.805115 -0.306366 2 8 0.300000 7 0.700000
  1 0.553711 -0.305664 0.225586 -0.015459 0.812799 0.582339 0.756714 -0.362305 2 8 0.300000 7 0.700000
PelipperDh.png
  1 -3.286133 0.994141 6.005371 -0.229355 0.431183 0.872627 0.805756 -0.618652 2 20 0.200000 4 0.800000
  1 -2.713379 0.978516 6.163630 -0.229355 0.431183 0.872627 0.772003 -0.603455 1 4 1.000000
  1 -3.284180 1.695801 5.659180 -0.229355 0.431183 0.872627 0.803986 -0.652435 2 20 0.200000 4 0.800000
PelipperDh.png
  1 -3.412109 2.194824 4.846191 -0.565171 0.798939 -0.205615 0.812469 -0.696655 2 20 0.200000 4 0.800000
  1 -2.300293 2.891113 4.495662 -0.565171 0.798939 -0.205615 0.752319 -0.719971 1 4 1.000000
  1 -3.644531 1.820801 4.031738 -0.565171 0.798939 -0.205615 0.836182 -0.757690 2 20 0.200000 4 0.800000
PelipperDh.png
  1 -2.821289 0.000000 6.236873 -0.239183 0.112740 0.964407 0.780334 -0.578247 1 4 1.000000
  1 -3.286133 0.994141 6.005371 -0.239183 0.112740 0.964407 0.805756 -0.618652 2 20 0.200000 4 0.800000
  1 -3.345215 0.000000 6.106934 -0.239183 0.112740 0.964407 0.823700 -0.592194 2 20 0.200000 4 0.800000
PelipperDh.png
  1 -4.050293 0.000000 2.937500 -0.804600 -0.406127 -0.433221 0.871124 -0.840912 2 20 0.200000 4 0.800000
  1 -4.526367 -0.849609 4.618164 -0.804600 -0.406127 -0.433221 0.893921 -0.726288 2 4 0.400000 20 0.600000
  1 -4.689941 0.000000 4.125488 -0.804600 -0.406127 -0.433221 0.904724 -0.774261 2 4 0.400000 20 0.600000
PelipperDh.png
  1 -3.841797 -1.312500 3.500000 -0.862773 -0.308669 -0.400432 0.849548 -0.796600 2 20 0.200000 4 0.800000
  1 -4.526367 -0.849609 4.618164 -0.862773 -0.308669 -0.400432 0.893921 -0.726288 2 4 0.400000 20 0.600000
  1 -4.050293 0.000000 2.937500 -0.862773 -0.308669 -0.400432 0.871124 -0.840912 2 20 0.200000 4 0.800000
PelipperDh.png
  1 -4.284180 -0.858398 6.032715 0.112613 -0.207206 0.971794 0.862122 -0.634644 2 4 0.400000 20 0.600000
  1 -3.345215 0.000000 6.106934 0.112613 -0.207206 0.971794 0.823700 -0.592194 2 20 0.200000 4 0.800000
  1 -4.289063 0.000000 6.216309 0.112613 -0.207206 0.971794 0.887512 -0.607666 2 4 0.400000 20 0.600000
PelipperDh.png
  1 -3.286133 -0.994141 6.005371 0.013542 -0.100826 0.994812 0.805756 -0.618652 2 20 0.200000 4 0.800000
  1 -3.345215 0.000000 6.106934 0.013542 -0.100826 0.994812 0.823700 -0.592194 2 20 0.200000 4 0.800000
  1 -4.284180 -0.858398 6.032715 0.013542 -0.100826 0.994812 0.862122 -0.634644 2 4 0.400000 20 0.600000
PelipperDh.png
  1 -4.526367 0.849609 4.618164 -0.804600 0.406127 -0.433221 0.893921 -0.726288 2 4 0.400000 20 0.600000
  1 -4.050293 0.000000 2.937500 -0.804600 0.406127 -0.433221 0.871124 -0.840912 2 20 0.200000 4 0.800000
  1 -4.689941 0.000000 4.125488 -0.804600 0.406127 -0.433221 0.904724 -0.774261 2 4 0.400000 20 0.600000
PelipperDh.png
  1 -3.841797 1.312500 3.500000 -0.862773 0.308669 -0.400432 0.849548 -0.796600 2 20 0.200000 4 0.800000
  1 -4.050293 0.000000 2.937500 -0.862773 0.308669 -0.400432 0.871124 -0.840912 2 20 0.200000 4 0.800000
  1 -4.526367 0.849609 4.618164 -0.862773 0.308669 -0.400432 0.893921 -0.726288 2 4 0.400000 20 0.600000
PelipperDh.png
  1 -3.345215 0.000000 6.106934 0.112613 0.207206 0.971794 0.823700 -0.592194 2 20 0.200000 4 0.800000
  1 -4.284180 0.858398 6.032715 0.112613 0.207206 0.971794 0.862122 -0.634644 2 4 0.400000 20 0.600000
  1 -4.289063 0.000000 6.216309 0.112613 0.207206 0.971794 0.887512 -0.607666 2 4 0.400000 20 0.600000
PelipperDh.png
  1 -3.286133 0.994141 6.005371 0.013542 0.100826 0.994812 0.805756 -0.618652 2 20 0.200000 4 0.800000
  1 -4.284180 0.858398 6.032715 0.013542 0.100826 0.994812 0.862122 -0.634644 2 4 0.400000 20 0.600000
  1 -3.345215 0.000000 6.106934 0.013542 0.100826 0.994812 0.823700 -0.592194 2 20 0.200000 4 0.800000
PelipperDh.png
  1 3.145020 2.319336 4.575684 0.241469 -0.239508 0.940388 0.251526 -0.082825 2 12 0.500000 11 0.500000
  1 5.250488 0.000000 3.444336 0.241469 -0.239508 0.940388 0.206116 -0.161560 3 10 0.200000 11 0.300000 12 0.500000
  1 4.626465 3.678711 4.541504 0.241469 -0.239508 0.940388 0.281067 -0.147217 2 12 0.500000 11 0.500000
PelipperDh.png
  1 4.626465 3.678711 4.541504 -0.110772 -0.301257 0.947087 0.281067 -0.147217 2 12 0.500000 11 0.500000
  1 5.250488 0.000000 3.444336 -0.110772 -0.301257 0.947087 0.206116 -0.161560 3 10 0.200000 11 0.300000 12 0.500000
  1 7.476563 2.601563 4.532227 -0.110772 -0.301257 0.947087 0.261658 -0.218536 2 12 0.500000 11 0.500000
PelipperDh.png
  1 5.250488 0.000000 3.444336 -0.362497 -0.078175 0.928700 0.206116 -0.161560 3 10 0.200000 11 0.300000 12 0.500000
  1 8.097656 0.000000 4.555664 -0.362497 -0.078175 0.928700 0.206116 -0.244843 2 12 0.500000 11 0.500000
  1 7.476563 2.601563 4.532227 -0.362497 -0.078175 0.928700 0.261658 -0.218536 2 12 0.500000 11 0.500000
PelipperDh.png
  1 5.250488 0.000000 3.444336 0.241469 0.239508 0.940388 0.206116 -0.161560 3 10 0.200000 11 0.300000 12 0.500000
  1 3.145020 -2.319336 4.575684 0.241469 0.239508 0.940388 0.251526 -0.082825 2 12 0.500000 11 0.500000
  1 4.626465 -3.678711 4.541504 0.241469 0.239508 0.940388 0.281067 -0.147217 2 12 0.500000 11 0.500000
PelipperDh.png
  1 5.250488 0.000000 3.444336 -0.110772 0.301257 0.947087 0.206116 -0.161560 3 10 0.200000 11 0.300000 12 0.500000
  1 4.626465 -3.678711 4.541504 -0.110772 0.301257 0.947087 0.281067 -0.147217 2 12 0.500000 11 0.500000
  1 7.476563 -2.601563 4.532227 -0.110772 0.301257 0.947087 0.261658 -0.218536 2 12 0.500000 11 0.500000
PelipperDh.png
  1 8.097656 0.000000 4.555664 -0.362497 0.078175 0.928700 0.206116 -0.244843 2 12 0.500000 11 0.500000
  1 5.250488 0.000000 3.444336 -0.362497 0.078175 0.928700 0.206116 -0.161560 3 10 0.200000 11 0.300000 12 0.500000
  1 7.476563 -2.601563 4.532227 -0.362497 0.078175 0.928700 0.261658 -0.218536 2 12 0.500000 11 0.500000
PelipperDh.png
  1 1.832170 0.000000 4.608950 0.317987 -0.166608 0.933341 0.206116 -0.073822 1 11 1.000000
  1 5.250488 0.000000 3.444336 0.317987 -0.166608 0.933341 0.206116 -0.161560 3 10 0.200000 11 0.300000 12 0.500000
  1 3.145020 2.319336 4.575684 0.317987 -0.166608 0.933341 0.251526 -0.082825 2 12 0.500000 11 0.500000
PelipperDh.png
  1 1.028320 -0.872070 0.577637 0.121443 0.144855 0.981972 0.822174 -0.331360 2 8 0.200000 7 0.800000
  1 -0.212048 -0.836421 0.725777 0.121443 0.144855 0.981972 0.840027 -0.296631 1 7 1.000000
  1 1.021973 -1.197754 0.626465 0.121443 0.144855 0.981972 0.868164 -0.335480 2 8 0.200000 7 0.800000
PelipperDh.png
  1 5.250488 0.000000 3.444336 0.317987 0.166608 0.933341 0.206116 -0.161560 3 10 0.200000 11 0.300000 12 0.500000
  1 1.832170 0.000000 4.608950 0.317987 0.166608 0.933341 0.206116 -0.073822 1 11 1.000000
  1 3.145020 -2.319336 4.575684 0.317987 0.166608 0.933341 0.251526 -0.082825 2 12 0.500000 11 0.500000
PelipperDh.png
  1 0.706543 -1.870117 0.535645 0.303341 -0.386506 0.870975 0.931183 -0.306366 2 8 0.300000 7 0.700000
  1 1.356387 -1.862300 0.312788 0.303341 -0.386506 0.870975 0.947510 -0.366974 1 8 1.000000
  1 1.028320 -1.522949 0.577637 0.303341 -0.386506 0.870975 0.914154 -0.331360 2 8 0.200000 7 0.800000
PelipperDh.png
  1 1.356387 -0.532710 0.312788 0.303336 0.386502 0.870979 0.788818 -0.366974 1 8 1.000000
  1 0.706543 -0.524902 0.535645 0.303336 0.386502 0.870979 0.805115 -0.306366 2 8 0.300000 7 0.700000
  1 1.028320 -0.872070 0.577637 0.303336 0.386502 0.870979 0.822174 -0.331360 2 8 0.200000 7 0.800000
PelipperDh.png
  1 7.611834 0.000000 2.367543 0.868328 0.233936 -0.437356 0.125885 -0.832947 1 11 1.000000
  1 7.948730 2.308105 4.270996 0.868328 0.233936 -0.437356 0.139587 -0.731903 2 12 0.500000 11 0.500000
  1 8.537109 0.000000 4.204590 0.868328 0.233936 -0.437356 0.066223 -0.735931 2 12 0.500000 11 0.500000
PelipperDh.png
  1 1.355899 -1.662593 0.220014 0.526625 0.835646 0.156083 0.932159 -0.381958 1 8 1.000000
  1 1.319766 -1.583003 -0.084185 0.526625 0.835646 0.156083 0.914154 -0.430664 1 8 1.000000
  1 1.028320 -1.522949 0.577637 0.526625 0.835646 0.156083 0.914154 -0.331360 2 8 0.200000 7 0.800000
PelipperDh.png
  1 7.001363 -2.109863 2.403065 0.851440 -0.254081 -0.458794 0.181427 -0.822784 1 11 1.000000
  1 7.611834 0.000000 2.367543 0.851440 -0.254081 -0.458794 0.125885 -0.832947 1 11 1.000000
  1 7.948730 -2.308105 4.270996 0.851440 -0.254081 -0.458794 0.139587 -0.731903 2 12 0.500000 11 0.500000
PelipperDh.png
  1 -0.741211 -0.426270 8.512207 -0.770090 -0.515660 0.375575 0.643677 -0.486542 2 10 0.300000 9 0.700000
  1 -0.507813 -0.370117 9.067871 -0.770090 -0.515660 0.375575 0.651428 -0.439972 2 9 0.200000 10 0.800000
  1 -0.708496 0.000000 9.164551 -0.770090 -0.515660 0.375575 0.666168 -0.433807 2 9 0.200000 10 0.800000
PelipperDh.png
  1 -0.741211 0.426270 8.512207 -0.619599 0.642485 0.450900 0.643677 -0.486542 2 10 0.300000 9 0.700000
  1 -0.991699 0.000000 8.775391 -0.619599 0.642485 0.450900 0.677002 -0.477356 2 10 0.300000 9 0.700000
  1 -0.708496 0.000000 9.164551 -0.619599 0.642485 0.450900 0.666168 -0.433807 2 9 0.200000 10 0.800000
PelipperDh.png
  1 -0.991699 0.000000 8.775391 -0.619599 -0.642485 0.450900 0.677002 -0.477356 2 10 0.300000 9 0.700000
  1 -0.741211 -0.426270 8.512207 -0.619599 -0.642485 0.450900 0.643677 -0.486542 2 10 0.300000 9 0.700000
  1 -0.708496 0.000000 9.164551 -0.619599 -0.642485 0.450900 0.666168 -0.433807 2 9 0.200000 10 0.800000
PelipperDh.png
  1 1.319766 -0.812007 -0.084185 0.526642 -0.835636 0.156079 0.822174 -0.430664 1 8 1.000000
  1 1.355899 -0.732417 0.220014 0.526642 -0.835636 0.156079 0.804138 -0.381958 1 8 1.000000
  1 1.028320 -0.872070 0.577637 0.526642 -0.835636 0.156079 0.822174 -0.331360 2 8 0.200000 7 0.800000
PelipperDh.png
  1 -0.507813 0.370117 9.067871 -0.770090 0.515660 0.375575 0.651428 -0.439972 2 9 0.200000 10 0.800000
  1 -0.741211 0.426270 8.512207 -0.770090 0.515660 0.375575 0.643677 -0.486542 2 10 0.300000 9 0.700000
  1 -0.708496 0.000000 9.164551 -0.770090 0.515660 0.375575 0.666168 -0.433807 2 9 0.200000 10 0.800000
PelipperDh.png
  1 -0.507813 0.370117 9.067871 -0.730252 0.577447 0.365085 0.651428 -0.439972 2 9 0.200000 10 0.800000
  1 -0.330386 1.089355 8.285162 -0.730252 0.577447 0.365085 0.622498 -0.489014 1 9 1.000000
  1 -0.741211 0.426270 8.512207 -0.730252 0.577447 0.365085 0.643677 -0.486542 2 10 0.300000 9 0.700000
PelipperDh.png
  1 -0.330386 -1.089355 8.285162 -0.730252 -0.577447 0.365085 0.622498 -0.489014 1 9 1.000000
  1 -0.507813 -0.370117 9.067871 -0.730252 -0.577447 0.365085 0.651428 -0.439972 2 9 0.200000 10 0.800000
  1 -0.741211 -0.426270 8.512207 -0.730252 -0.577447 0.365085 0.643677 -0.486542 2 10 0.300000 9 0.700000
PelipperDh.png
  1 2.539063 -1.999512 8.771484 -0.172348 -0.234571 0.956699 0.387421 -0.430481 2 13 0.300000 10 0.700000
  1 1.881002 -2.419922 8.549856 -0.172348 -0.234571 0.956699 0.413940 -0.450409 1 10 1.000000
  1 2.972656 -3.118652 8.575195 -0.172348 -0.234571 0.956699 0.348328 -0.438873 2 10 0.300000 13 0.700000
PelipperDh.png
  1 -0.368510 -0.405762 9.622122 -0.886591 -0.419029 0.195883 0.642487 -0.400208 1 10 1.000000
  1 -0.567729 0.000000 9.588430 -0.886591 -0.419029 0.195883 0.667816 -0.407318 1 10 1.000000
  1 -0.507813 -0.370117 9.067871 -0.886591 -0.419029 0.195883 0.651428 -0.439972 2 9 0.200000 10 0.800000
PelipperDh.png
  1 -0.567729 0.000000 9.588430 -0.814901 0.512543 0.270623 0.667816 -0.407318 1 10 1.000000
  1 -0.507813 0.370117 9.067871 -0.814901 0.512543 0.270623 0.651428 -0.439972 2 9 0.200000 10 0.800000
  1 -0.708496 0.000000 9.164551 -0.814901 0.512543 0.270623 0.666168 -0.433807 2 9 0.200000 10 0.800000
PelipperDh.png
  1 -0.507813 -0.370117 9.067871 -0.814901 -0.512543 0.270623 0.651428 -0.439972 2 9 0.200000 10 0.800000
  1 -0.567729 0.000000 9.588430 -0.814901 -0.512543 0.270623 0.667816 -0.407318 1 10 1.000000
  1 -0.708496 0.000000 9.164551 -0.814901 -0.512543 0.270623 0.666168 -0.433807 2 9 0.200000 10 0.800000
PelipperDh.png
  1 -0.567729 0.000000 9.588430 -0.886591 0.419029 0.195883 0.667816 -0.407318 1 10 1.000000
  1 -0.368510 0.405762 9.622122 -0.886591 0.419029 0.195883 0.642487 -0.400208 1 10 1.000000
  1 -0.507813 0.370117 9.067871 -0.886591 0.419029 0.195883 0.651428 -0.439972 2 9 0.200000 10 0.800000
PelipperDh.png
  1 0.906392 1.771973 8.365774 -0.477533 0.810644 0.338849 0.559998 -0.479431 1 10 1.000000
  1 0.418945 1.514648 8.294434 -0.477533 0.810644 0.338849 0.591003 -0.488464 2 10 0.500000 9 0.500000
  1 0.403320 1.265625 8.868164 -0.477533 0.810644 0.338849 0.593384 -0.439148 2 9 0.200000 10 0.800000
PelipperDh.png
  1 4.626465 -3.678711 4.541504 -0.352165 0.932506 0.080077 0.281067 -0.147217 2 12 0.500000 11 0.500000
  1 4.637106 -3.831543 6.368038 -0.352165 0.932506 0.080077 0.292664 -0.146942 1 12 1.000000
  1 7.476563 -2.601563 4.532227 -0.352165 0.932506 0.080077 0.261658 -0.218536 2 12 0.500000 11 0.500000
PelipperDh.png
  1 7.476563 -2.601563 4.532227 -0.963707 0.228836 0.137490 0.261658 -0.218536 2 12 0.500000 11 0.500000
  1 7.734762 -2.611328 6.358273 -0.963707 0.228836 0.137490 0.273987 -0.227142 1 12 1.000000
  1 8.097656 0.000000 4.555664 -0.963707 0.228836 0.137490 0.206116 -0.244843 2 12 0.500000 11 0.500000
PelipperDh.png
  1 6.510153 -3.906250 6.411495 0.378333 -0.925099 -0.032497 0.217499 -0.601898 1 12 1.000000
  1 4.746582 -4.559570 4.478027 0.378333 -0.925099 -0.032497 0.315063 -0.719330 2 12 0.500000 11 0.500000
  1 6.529297 -3.826660 4.368652 0.378333 -0.925099 -0.032497 0.223480 -0.725983 2 12 0.500000 11 0.500000
PelipperDh.png
  1 4.746582 -4.559570 4.478027 -0.159353 -0.987073 -0.017110 0.315063 -0.719330 2 12 0.500000 11 0.500000
  1 4.771872 -4.597168 6.411495 -0.159353 -0.987073 -0.017110 0.313568 -0.601898 1 12 1.000000
  1 3.249512 -4.320313 4.618164 -0.159353 -0.987073 -0.017110 0.394470 -0.710846 2 12 0.500000 11 0.500000
PelipperDh.png
  1 9.023336 0.000000 6.411495 0.946265 -0.247219 -0.208482 0.045837 -0.601898 1 12 1.000000
  1 7.948730 -2.308105 4.270996 0.946265 -0.247219 -0.208482 0.139587 -0.731903 2 12 0.500000 11 0.500000
  1 8.537109 0.000000 4.204590 0.946265 -0.247219 -0.208482 0.066223 -0.735931 2 12 0.500000 11 0.500000
PelipperDh.png
  1 7.948730 -2.308105 4.270996 0.720896 -0.681827 -0.124183 0.139587 -0.731903 2 12 0.500000 11 0.500000
  1 8.252340 -2.376953 6.411495 0.720896 -0.681827 -0.124183 0.130493 -0.601898 1 12 1.000000
  1 6.529297 -3.826660 4.368652 0.720896 -0.681827 -0.124183 0.223480 -0.725983 2 12 0.500000 11 0.500000
PelipperDh.png
  1 4.746582 4.559570 4.478027 0.378333 0.925099 -0.032497 0.315063 -0.719330 2 12 0.500000 11 0.500000
  1 6.510153 3.906250 6.411495 0.378333 0.925099 -0.032497 0.217499 -0.601898 1 12 1.000000
  1 6.529297 3.826660 4.368652 0.378333 0.925099 -0.032497 0.223480 -0.725983 2 12 0.500000 11 0.500000
PelipperDh.png
  1 4.771872 4.597168 6.411495 0.369268 0.929041 -0.022896 0.313568 -0.601898 1 12 1.000000
  1 6.510153 3.906250 6.411495 0.369268 0.929041 -0.022896 0.217499 -0.601898 1 12 1.000000
  1 4.746582 4.559570 4.478027 0.369268 0.929041 -0.022896 0.315063 -0.719330 2 12 0.500000 11 0.500000
PelipperDh.png
  1 7.948730 2.308105 4.270996 0.946265 0.247219 -0.208482 0.139587 -0.731903 2 12 0.500000 11 0.500000
  1 9.023336 0.000000 6.411495 0.946265 0.247219 -0.208482 0.045837 -0.601898 1 12 1.000000
  1 8.537109 0.000000 4.204590 0.946265 0.247219 -0.208482 0.066223 -0.735931 2 12 0.500000 11 0.500000
PelipperDh.png
  1 8.252340 2.376953 6.411495 0.941388 0.305352 -0.143349 0.130493 -0.601898 1 12 1.000000
  1 9.023336 0.000000 6.411495 0.941388 0.305352 -0.143349 0.045837 -0.601898 1 12 1.000000
  1 7.948730 2.308105 4.270996 0.941388 0.305352 -0.143349 0.139587 -0.731903 2 12 0.500000 11 0.500000
PelipperDh.png
  1 1.157515 -2.676758 6.326765 0.389436 -0.871927 0.296787 0.547424 -0.597809 1 9 1.000000
  1 2.083464 -2.915039 4.411713 0.389436 -0.871927 0.296787 0.489319 -0.713562 1 9 1.000000
  1 1.441406 -2.509277 6.446289 0.389436 -0.871927 0.296787 0.525604 -0.597626 2 10 0.300000 9 0.700000
PelipperDh.png
  1 -1.111923 -0.766113 7.870542 -0.606274 -0.502483 0.616395 0.672546 -0.521790 1 9 1.000000
  1 -0.947018 -1.424805 7.495776 -0.606274 -0.502483 0.616395 0.661438 -0.534088 1 9 1.000000
  1 -0.741211 -0.426270 8.512207 -0.606274 -0.502483 0.616395 0.643677 -0.486542 2 10 0.300000 9 0.700000
PelipperDh.png
  1 2.972656 -3.118652 8.575195 -0.043964 -0.189089 0.980975 0.348328 -0.438873 2 10 0.300000 13 0.700000
  1 3.170410 -1.315430 8.931641 -0.043964 -0.189089 0.980975 0.344513 -0.426331 2 10 0.300000 13 0.700000
  1 2.539063 -1.999512 8.771484 -0.043964 -0.189089 0.980975 0.387421 -0.430481 2 13 0.300000 10 0.700000
PelipperDh.png
  1 2.313131 -1.419434 8.964895 -0.092498 -0.347184 0.933224 0.418793 -0.421906 1 10 1.000000
  1 1.881002 -2.419922 8.549856 -0.092498 -0.347184 0.933224 0.413940 -0.450409 1 10 1.000000
  1 2.539063 -1.999512 8.771484 -0.092498 -0.347184 0.933224 0.387421 -0.430481 2 13 0.300000 10 0.700000
PelipperDh.png
  1 1.881002 2.419922 8.549856 -0.172348 0.234571 0.956699 0.413940 -0.450409 1 10 1.000000
  1 2.539063 1.999512 8.771484 -0.172348 0.234571 0.956699 0.387421 -0.430481 2 13 0.300000 10 0.700000
  1 2.972656 3.118652 8.575195 -0.172348 0.234571 0.956699 0.348328 -0.438873 2 10 0.300000 13 0.700000
PelipperDh.png
  1 3.170410 1.315430 8.931641 -0.043964 0.189089 0.980975 0.344513 -0.426331 2 10 0.300000 13 0.700000
  1 2.972656 3.118652 8.575195 -0.043964 0.189089 0.980975 0.348328 -0.438873 2 10 0.300000 13 0.700000
  1 2.539063 1.999512 8.771484 -0.043964 0.189089 0.980975 0.387421 -0.430481 2 13 0.300000 10 0.700000
PelipperDh.png
  1 -0.991699 0.000000 8.775391 -0.460600 -0.646295 0.608400 0.677002 -0.477356 2 10 0.300000 9 0.700000
  1 -1.111923 -0.766113 7.870542 -0.460600 -0.646295 0.608400 0.672546 -0.521790 1 9 1.000000
  1 -0.741211 -0.426270 8.512207 -0.460600 -0.646295 0.608400 0.643677 -0.486542 2 10 0.300000 9 0.700000
PelipperDh.png
  1 -1.366056 0.000000 8.357752 -0.618198 -0.557467 0.554131 0.703033 -0.506805 1 9 1.000000
  1 -1.111923 -0.766113 7.870542 -0.618198 -0.557467 0.554131 0.672546 -0.521790 1 9 1.000000
  1 -0.991699 0.000000 8.775391 -0.618198 -0.557467 0.554131 0.677002 -0.477356 2 10 0.300000 9 0.700000
PelipperDh.png
  1 -1.111923 0.766113 7.870542 -0.460600 0.646295 0.608400 0.672546 -0.521790 1 9 1.000000
  1 -0.991699 0.000000 8.775391 -0.460600 0.646295 0.608400 0.677002 -0.477356 2 10 0.300000 9 0.700000
  1 -0.741211 0.426270 8.512207 -0.460600 0.646295 0.608400 0.643677 -0.486542 2 10 0.300000 9 0.700000
PelipperDh.png
  1 0.403463 -1.265625 8.868216 -0.633720 -0.759474 -0.146965 0.593384 -0.439148 1 10 1.000000
  1 -0.110698 -0.993164 9.677298 -0.633720 -0.759474 -0.146965 0.602631 -0.394775 1 10 1.000000
  1 -0.130371 -0.833496 8.937012 -0.633720 -0.759474 -0.146965 0.636688 -0.446136 2 9 0.200000 10 0.800000
PelipperDh.png
  1 -0.110698 -0.993164 9.677298 -0.785639 -0.608753 -0.110419 0.602631 -0.394775 1 10 1.000000
  1 -0.507813 -0.370117 9.067871 -0.785639 -0.608753 -0.110419 0.651428 -0.439972 2 9 0.200000 10 0.800000
  1 -0.130371 -0.833496 8.937012 -0.785639 -0.608753 -0.110419 0.636688 -0.446136 2 9 0.200000 10 0.800000
PelipperDh.png
  1 -0.110698 0.993164 9.677298 -0.633830 0.759386 -0.146943 0.602631 -0.394775 1 10 1.000000
  1 0.403320 1.265625 8.868164 -0.633830 0.759386 -0.146943 0.593384 -0.439148 2 9 0.200000 10 0.800000
  1 -0.130371 0.833496 8.937012 -0.633830 0.759386 -0.146943 0.636688 -0.446136 2 9 0.200000 10 0.800000
PelipperDh.png
  1 -0.507813 0.370117 9.067871 -0.785639 0.608753 -0.110419 0.651428 -0.439972 2 9 0.200000 10 0.800000
  1 -0.110698 0.993164 9.677298 -0.785639 0.608753 -0.110419 0.602631 -0.394775 1 10 1.000000
  1 -0.130371 0.833496 8.937012 -0.785639 0.608753 -0.110419 0.636688 -0.446136 2 9 0.200000 10 0.800000
PelipperDh.png
  1 -0.368510 0.405762 9.622122 -0.903524 0.377509 0.202809 0.642487 -0.400208 1 10 1.000000
  1 -0.110698 0.993164 9.677298 -0.903524 0.377509 0.202809 0.602631 -0.394775 1 10 1.000000
  1 -0.507813 0.370117 9.067871 -0.903524 0.377509 0.202809 0.651428 -0.439972 2 9 0.200000 10 0.800000
PelipperDh.png
  1 2.083464 2.915039 4.411713 0.389436 0.871927 0.296787 0.489319 -0.713562 1 9 1.000000
  1 1.157515 2.676758 6.326765 0.389436 0.871927 0.296787 0.547424 -0.597809 1 9 1.000000
  1 1.441406 2.509277 6.446289 0.389436 0.871927 0.296787 0.525604 -0.597626 2 10 0.300000 9 0.700000
PelipperDh.png
  1 1.441406 2.509277 6.446289 0.361716 0.863668 0.351054 0.525604 -0.597626 2 10 0.300000 9 0.700000
  1 1.157515 2.676758 6.326765 0.361716 0.863668 0.351054 0.547424 -0.597809 1 9 1.000000
  1 1.111328 2.257324 7.406250 0.361716 0.863668 0.351054 0.550232 -0.541443 2 10 0.500000 9 0.500000
PelipperDh.png
  1 1.832170 0.000000 4.608950 0.832832 0.467163 0.296900 0.206116 -0.073822 1 11 1.000000
  1 1.180806 0.000000 6.436087 0.832832 0.467163 0.296900 0.206451 -0.052429 1 10 1.000000
  1 3.145020 -2.319336 4.575684 0.832832 0.467163 0.296900 0.251526 -0.082825 2 12 0.500000 11 0.500000
PelipperDh.png
  1 -0.044322 -2.208008 7.307205 -0.052652 -0.805412 0.590372 0.611969 -0.547455 1 9 1.000000
  1 0.776337 -2.345703 7.192545 -0.052652 -0.805412 0.590372 0.569489 -0.554413 1 9 1.000000
  1 0.418945 -1.514648 8.294434 -0.052652 -0.805412 0.590372 0.590363 -0.491211 2 10 0.500000 9 0.500000
PelipperDh.png
  1 3.145020 -2.319336 4.575684 0.604779 0.647426 0.463769 0.251526 -0.082825 2 12 0.500000 11 0.500000
  1 2.054342 -2.609375 6.402884 0.604779 0.647426 0.463769 0.258148 -0.072571 1 10 1.000000
  1 4.626465 -3.678711 4.541504 0.604779 0.647426 0.463769 0.281067 -0.147217 2 12 0.500000 11 0.500000
PelipperDh.png
  1 -0.330386 1.089355 8.285162 -0.467154 0.815647 0.341303 0.622498 -0.489014 1 9 1.000000
  1 0.403320 1.265625 8.868164 -0.467154 0.815647 0.341303 0.593384 -0.439148 2 9 0.200000 10 0.800000
  1 0.418945 1.514648 8.294434 -0.467154 0.815647 0.341303 0.591003 -0.488464 2 10 0.500000 9 0.500000
PelipperDh.png
  1 0.403463 -1.265625 8.868216 -0.467141 -0.815623 0.341378 0.593384 -0.439148 1 10 1.000000
  1 -0.330386 -1.089355 8.285162 -0.467141 -0.815623 0.341378 0.622498 -0.489014 1 9 1.000000
  1 0.418945 -1.514648 8.294434 -0.467141 -0.815623 0.341378 0.591003 -0.488464 2 10 0.500000 9 0.500000
PelipperDh.png
  1 2.460449 3.645508 4.666992 -0.643838 0.738314 -0.200911 0.468384 -0.703644 3 9 0.200000 12 0.400000 11 0.400000
  1 3.249512 4.320313 4.618164 -0.643838 0.738314 -0.200911 0.394470 -0.710846 2 12 0.500000 11 0.500000
  1 2.838867 3.479492 2.844238 -0.643838 0.738314 -0.200911 0.433411 -0.806671 2 4 0.300000 11 0.700000
PelipperDh.png
  1 3.249512 -4.320313 4.618164 -0.643838 -0.738314 -0.200911 0.394470 -0.710846 2 12 0.500000 11 0.500000
  1 2.460449 -3.645508 4.666992 -0.643838 -0.738314 -0.200911 0.468384 -0.703644 3 9 0.200000 12 0.400000 11 0.400000
  1 2.838867 -3.479492 2.844238 -0.643838 -0.738314 -0.200911 0.433411 -0.806671 2 4 0.300000 11 0.700000
PelipperDh.png
  1 7.948730 -2.308105 4.270996 0.868328 -0.233936 -0.437356 0.139587 -0.731903 2 12 0.500000 11 0.500000
  1 7.611834 0.000000 2.367543 0.868328 -0.233936 -0.437356 0.125885 -0.832947 1 11 1.000000
  1 8.537109 0.000000 4.204590 0.868328 -0.233936 -0.437356 0.066223 -0.735931 2 12 0.500000 11 0.500000
PelipperDh.png
  1 4.617188 0.000000 0.662598 0.337382 0.183005 -0.923408 0.334167 -0.943817 2 11 0.500000 4 0.500000
  1 4.435059 1.483887 0.890137 0.337382 0.183005 -0.923408 0.349182 -0.924255 2 11 0.500000 4 0.500000
  1 6.131348 0.000000 1.215820 0.337382 0.183005 -0.923408 0.203827 -0.897614 2 4 0.100000 11 0.900000
PelipperDh.png
  1 5.851563 2.003906 1.469727 0.179044 0.473494 -0.862408 0.243561 -0.878662 2 4 0.100000 11 0.900000
  1 4.435059 1.483887 0.890137 0.179044 0.473494 -0.862408 0.349182 -0.924255 2 11 0.500000 4 0.500000
  1 3.904297 2.690430 1.442383 0.179044 0.473494 -0.862408 0.373169 -0.898407 2 11 0.500000 4 0.500000
PelipperDh.png
  1 4.435059 -1.483887 0.890137 0.179044 -0.473494 -0.862408 0.349182 -0.924255 2 11 0.500000 4 0.500000
  1 5.851563 -2.003906 1.469727 0.179044 -0.473494 -0.862408 0.243561 -0.878662 2 4 0.100000 11 0.900000
  1 3.904297 -2.690430 1.442383 0.179044 -0.473494 -0.862408 0.373169 -0.898407 2 11 0.500000 4 0.500000
PelipperDh.png
  1 4.746582 4.559570 4.478027 -0.175638 0.951869 -0.251190 0.315063 -0.719330 2 12 0.500000 11 0.500000
  1 4.483408 4.026855 2.643353 -0.175638 0.951869 -0.251190 0.356262 -0.826599 1 11 1.000000
  1 3.249512 4.320313 4.618164 -0.175638 0.951869 -0.251190 0.394470 -0.710846 2 12 0.500000 11 0.500000
PelipperDh.png
  1 5.704827 3.376465 2.523015 0.335372 0.869771 -0.361973 0.250671 -0.821564 1 11 1.000000
  1 4.746582 4.559570 4.478027 0.335372 0.869771 -0.361973 0.315063 -0.719330 2 12 0.500000 11 0.500000
  1 6.529297 3.826660 4.368652 0.335372 0.869771 -0.361973 0.223480 -0.725983 2 12 0.500000 11 0.500000
PelipperDh.png
  1 4.483408 -4.026855 2.643353 0.423316 -0.851984 -0.308104 0.356262 -0.826599 1 11 1.000000
  1 5.704827 -3.376465 2.523015 0.423316 -0.851984 -0.308104 0.250671 -0.821564 1 11 1.000000
  1 4.746582 -4.559570 4.478027 0.423316 -0.851984 -0.308104 0.315063 -0.719330 2 12 0.500000 11 0.500000
PelipperDh.png
  1 4.483408 -4.026855 2.643353 -0.175638 -0.951869 -0.251190 0.356262 -0.826599 1 11 1.000000
  1 4.746582 -4.559570 4.478027 -0.175638 -0.951869 -0.251190 0.315063 -0.719330 2 12 0.500000 11 0.500000
  1 3.249512 -4.320313 4.618164 -0.175638 -0.951869 -0.251190 0.394470 -0.710846 2 12 0.500000 11 0.500000
PelipperDh.png
  1 4.746582 -4.559570 4.478027 0.335372 -0.869771 -0.361973 0.315063 -0.719330 2 12 0.500000 11 0.500000
  1 5.704827 -3.376465 2.523015 0.335372 -0.869771 -0.361973 0.250671 -0.821564 1 11 1.000000
  1 6.529297 -3.826660 4.368652 0.335372 -0.869771 -0.361973 0.223480 -0.725983 2 12 0.500000 11 0.500000
PelipperDh.png
  1 5.704827 3.376465 2.523015 0.423316 0.851984 -0.308104 0.250671 -0.821564 1 11 1.000000
  1 4.483408 4.026855 2.643353 0.423316 0.851984 -0.308104 0.356262 -0.826599 1 11 1.000000
  1 4.746582 4.559570 4.478027 0.423316 0.851984 -0.308104 0.315063 -0.719330 2 12 0.500000 11 0.500000
PelipperDh.png
  1 4.483408 4.026855 2.643353 -0.334122 0.879290 -0.339428 0.356262 -0.826599 1 11 1.000000
  1 2.838867 3.479492 2.844238 -0.334122 0.879290 -0.339428 0.433411 -0.806671 2 4 0.300000 11 0.700000
  1 3.249512 4.320313 4.618164 -0.334122 0.879290 -0.339428 0.394470 -0.710846 2 12 0.500000 11 0.500000
PelipperDh.png
  1 2.838867 -3.479492 2.844238 -0.334122 -0.879290 -0.339428 0.433411 -0.806671 2 4 0.300000 11 0.700000
  1 4.483408 -4.026855 2.643353 -0.334122 -0.879290 -0.339428 0.356262 -0.826599 1 11 1.000000
  1 3.249512 -4.320313 4.618164 -0.334122 -0.879290 -0.339428 0.394470 -0.710846 2 12 0.500000 11 0.500000
PelipperDh.png
  1 5.704827 -3.376465 2.523015 0.238184 -0.590039 -0.771442 0.250671 -0.821564 1 11 1.000000
  1 4.483408 -4.026855 2.643353 0.238184 -0.590039 -0.771442 0.356262 -0.826599 1 11 1.000000
  1 3.904297 -2.690430 1.442383 0.238184 -0.590039 -0.771442 0.373169 -0.898407 2 11 0.500000 4 0.500000
PelipperDh.png
  1 4.483408 4.026855 2.643353 0.238184 0.590039 -0.771442 0.356262 -0.826599 1 11 1.000000
  1 5.704827 3.376465 2.523015 0.238184 0.590039 -0.771442 0.250671 -0.821564 1 11 1.000000
  1 3.904297 2.690430 1.442383 0.238184 0.590039 -0.771442 0.373169 -0.898407 2 11 0.500000 4 0.500000
PelipperDh.png
  1 6.131348 0.000000 1.215820 0.609402 -0.182837 -0.771492 0.203827 -0.897614 2 4 0.100000 11 0.900000
  1 7.001363 -2.109863 2.403065 0.609402 -0.182837 -0.771492 0.181427 -0.822784 1 11 1.000000
  1 5.851563 -2.003906 1.469727 0.609402 -0.182837 -0.771492 0.243561 -0.878662 2 4 0.100000 11 0.900000
PelipperDh.png
  1 7.611834 0.000000 2.367543 0.603121 -0.187561 -0.775284 0.125885 -0.832947 1 11 1.000000
  1 7.001363 -2.109863 2.403065 0.603121 -0.187561 -0.775284 0.181427 -0.822784 1 11 1.000000
  1 6.131348 0.000000 1.215820 0.603121 -0.187561 -0.775284 0.203827 -0.897614 2 4 0.100000 11 0.900000
PelipperDh.png
  1 7.001363 2.109863 2.403065 0.609402 0.182837 -0.771492 0.181427 -0.822784 1 11 1.000000
  1 6.131348 0.000000 1.215820 0.609402 0.182837 -0.771492 0.203827 -0.897614 2 4 0.100000 11 0.900000
  1 5.851563 2.003906 1.469727 0.609402 0.182837 -0.771492 0.243561 -0.878662 2 4 0.100000 11 0.900000
PelipperDh.png
  1 4.435059 -1.483887 0.890137 0.321746 -0.163097 -0.932673 0.349182 -0.924255 2 11 0.500000 4 0.500000
  1 6.131348 0.000000 1.215820 0.321746 -0.163097 -0.932673 0.203827 -0.897614 2 4 0.100000 11 0.900000
  1 5.851563 -2.003906 1.469727 0.321746 -0.163097 -0.932673 0.243561 -0.878662 2 4 0.100000 11 0.900000
PelipperDh.png
  1 4.617188 0.000000 0.662598 0.337382 -0.183005 -0.923408 0.334167 -0.943817 2 11 0.500000 4 0.500000
  1 6.131348 0.000000 1.215820 0.337382 -0.183005 -0.923408 0.203827 -0.897614 2 4 0.100000 11 0.900000
  1 4.435059 -1.483887 0.890137 0.337382 -0.183005 -0.923408 0.349182 -0.924255 2 11 0.500000 4 0.500000
PelipperDh.png
  1 6.131348 0.000000 1.215820 0.321746 0.163097 -0.932673 0.203827 -0.897614 2 4 0.100000 11 0.900000
  1 4.435059 1.483887 0.890137 0.321746 0.163097 -0.932673 0.349182 -0.924255 2 11 0.500000 4 0.500000
  1 5.851563 2.003906 1.469727 0.321746 0.163097 -0.932673 0.243561 -0.878662 2 4 0.100000 11 0.900000
PelipperDh.png
  1 -1.411133 -7.237305 7.084961 -0.031257 0.040223 0.998702 0.601379 -0.040283 2 18 0.500000 17 0.500000
  1 -0.099609 -6.412109 7.092773 -0.031257 0.040223 0.998702 0.580597 -0.118561 2 18 0.200000 17 0.800000
  1 -1.284668 -6.411621 7.055664 -0.031257 0.040223 0.998702 0.581482 -0.042358 2 18 0.200000 17 0.800000
PelipperDh.png
  1 3.197164 -4.375000 6.449093 -0.633485 -0.771863 -0.054077 0.398804 -0.599579 1 12 1.000000
  1 2.294332 -3.637207 6.494503 -0.633485 -0.771863 -0.054077 0.472046 -0.597290 1 12 1.000000
  1 2.460449 -3.645508 4.666992 -0.633485 -0.771863 -0.054077 0.468384 -0.703644 3 9 0.200000 12 0.400000 11 0.400000
PelipperDh.png
  1 2.294332 3.637207 6.494503 -0.633485 0.771863 -0.054077 0.472046 -0.597290 1 12 1.000000
  1 3.197164 4.375000 6.449093 -0.633485 0.771863 -0.054077 0.398804 -0.599579 1 12 1.000000
  1 2.460449 3.645508 4.666992 -0.633485 0.771863 -0.054077 0.468384 -0.703644 3 9 0.200000 12 0.400000 11 0.400000
PelipperDh.png
  1 2.838867 3.479492 2.844238 -0.833677 0.506869 -0.219243 0.433411 -0.806671 2 4 0.300000 11 0.700000
  1 2.083464 2.915039 4.411713 -0.833677 0.506869 -0.219243 0.489319 -0.713562 1 9 1.000000
  1 2.460449 3.645508 4.666992 -0.833677 0.506869 -0.219243 0.468384 -0.703644 3 9 0.200000 12 0.400000 11 0.400000
PelipperDh.png
  1 2.083464 -2.915039 4.411713 -0.833677 -0.506869 -0.219243 0.489319 -0.713562 1 9 1.000000
  1 2.838867 -3.479492 2.844238 -0.833677 -0.506869 -0.219243 0.433411 -0.806671 2 4 0.300000 11 0.700000
  1 2.460449 -3.645508 4.666992 -0.833677 -0.506869 -0.219243 0.468384 -0.703644 3 9 0.200000 12 0.400000 11 0.400000
end
