<?xml version="1.0" encoding="utf-8"?>
<COLLADA xmlns="http://www.collada.org/2005/11/COLLADASchema" version="1.4.1">
  <asset>
    <created>2012-01-09T19:16:19Z</created>
    <modified>2012-01-09T19:16:19Z</modified>
  </asset>
  <library_images>
    <image id="Image">
      <init_from>PelipperEyeDh.PNG</init_from>
    </image>
    <image id="Image1">
      <init_from>PelipperDh.PNG</init_from>
    </image>
  </library_images>
  <library_materials>
    <material id="VisualMaterial" name="PelipperEyeDh">
      <instance_effect url="#Effect"/>
      <extra>
        <technique profile="FCOLLADA">
          <user_properties>PelipperEyeDh</user_properties>
        </technique>
      </extra>
    </material>
    <material id="VisualMaterial1" name="PelipperDh">
      <instance_effect url="#Effect1"/>
      <extra>
        <technique profile="FCOLLADA">
          <user_properties>PelipperDh</user_properties>
        </technique>
      </extra>
    </material>
  </library_materials>
  <library_effects>
    <effect id="Effect" name="PelipperEyeDh">
      <profile_COMMON>
        <newparam sid="Image-surface">
          <surface type="2D">
            <init_from>Image</init_from>
            <format>A8R8G8B8</format>
          </surface>
        </newparam>
        <newparam sid="Image-sampler">
          <sampler2D>
            <source>Image-surface</source>
            <wrap_s>WRAP</wrap_s>
            <wrap_t>WRAP</wrap_t>
            <minfilter>NONE</minfilter>
            <magfilter>NONE</magfilter>
            <mipfilter>NONE</mipfilter>
          </sampler2D>
        </newparam>
        <technique sid="common">
          <phong>
            <emission>
              <color>0 0 0 1</color>
            </emission>
            <ambient>
              <color>0 0 0 1</color>
            </ambient>
            <diffuse>
              <texture texture="Image-sampler" texcoord=""/>
            </diffuse>
            <specular>
              <color>1 1 1 1</color>
            </specular>
            <shininess>
              <float>0</float>
            </shininess>
            <transparent opaque="A_ONE">
              <color>0 0 0 1</color>
            </transparent>
            <transparency>
              <float>1</float>
            </transparency>
            <index_of_refraction>
              <float>1.55</float>
            </index_of_refraction>
          </phong>
          <extra>
            <technique profile="FCOLLADA">
              <spec_level>
                <float>0</float>
              </spec_level>
            </technique>
          </extra>
        </technique>
      </profile_COMMON>
      <extra>
        <technique profile="FCOLLADA">
          <user_properties>PelipperEyeDh</user_properties>
        </technique>
      </extra>
    </effect>
    <effect id="Effect1" name="PelipperDh">
      <profile_COMMON>
        <newparam sid="Image1-surface">
          <surface type="2D">
            <init_from>Image1</init_from>
            <format>A8R8G8B8</format>
          </surface>
        </newparam>
        <newparam sid="Image1-sampler">
          <sampler2D>
            <source>Image1-surface</source>
            <wrap_s>WRAP</wrap_s>
            <wrap_t>WRAP</wrap_t>
            <minfilter>NONE</minfilter>
            <magfilter>NONE</magfilter>
            <mipfilter>NONE</mipfilter>
          </sampler2D>
        </newparam>
        <technique sid="common">
          <phong>
            <emission>
              <color>0 0 0 1</color>
            </emission>
            <ambient>
              <color>0 0 0 1</color>
            </ambient>
            <diffuse>
              <texture texture="Image1-sampler" texcoord=""/>
            </diffuse>
            <specular>
              <color>1 1 1 1</color>
            </specular>
            <shininess>
              <float>0</float>
            </shininess>
            <transparent opaque="A_ONE">
              <color>0 0 0 1</color>
            </transparent>
            <transparency>
              <float>1</float>
            </transparency>
            <index_of_refraction>
              <float>1.55</float>
            </index_of_refraction>
          </phong>
          <extra>
            <technique profile="FCOLLADA">
              <spec_level>
                <float>0</float>
              </spec_level>
            </technique>
          </extra>
        </technique>
      </profile_COMMON>
      <extra>
        <technique profile="FCOLLADA">
          <user_properties>PelipperDh</user_properties>
        </technique>
      </extra>
    </effect>
  </library_effects>
  <library_geometries>
    <geometry id="Geometry" name="mesh0000">
      <mesh>
        <source id="GeometrySource" name="mesh0000Pos">
          <float_array id="GeometrySource-array" count="234">2.70595 1.17236 9.35235 3.02431 0.553223 9.81939 2.81569 1.04626 9.88433 3.03335 0.534668 9.30962 3.02431 0.553223 9.81939 2.70595 1.17236 9.35235 3.02431 -0.553223 9.81939 2.70595 -1.17236 9.35235 2.81569 -1.04626 9.88433 3.03335 -0.534668 9.30962 2.70595 -1.17236 9.35235 3.02431 -0.553223 9.81939 2.81569 1.04626 9.88433 3.02431 0.553223 9.81939 2.92836 0.711182 10.3509 2.78933 0.976929 9.11407 3.03335 0.534668 9.30962 2.70595 1.17236 9.35235 2.70595 1.17236 9.35235 2.31337 1.41956 8.96514 2.78933 0.976929 9.11407 2.31337 1.41956 8.96514 2.70595 1.17236 9.35235 2.08657 1.5636 9.3001 2.81569 1.04626 9.88433 2.92836 0.711182 10.3509 2.68129 1.10547 10.6176 2.41176 1.44189 9.94414 2.33327 1.51428 10.7383 2.02273 1.65564 10.0821 2.41176 1.44189 9.94414 2.81569 1.04626 9.88433 2.68129 1.10547 10.6176 2.08657 1.5636 9.3001 2.41176 1.44189 9.94414 2.02273 1.65564 10.0821 2.33327 1.51428 10.7383 2.41176 1.44189 9.94414 2.68129 1.10547 10.6176 2.41176 1.44189 9.94414 2.08657 1.5636 9.3001 2.70595 1.17236 9.35235 2.41176 1.44189 9.94414 2.70595 1.17236 9.35235 2.81569 1.04626 9.88433 2.81569 -1.04626 9.88433 2.92836 -0.711182 10.3509 3.02431 -0.553223 9.81939 2.78933 -0.976929 9.11407 2.70595 -1.17236 9.35235 3.03335 -0.534668 9.30962 2.70595 -1.17236 9.35235 2.78933 -0.976929 9.11407 2.31337 -1.41956 8.96514 2.31337 -1.41956 8.96514 2.08657 -1.5636 9.3001 2.70595 -1.17236 9.35235 2.81569 -1.04626 9.88433 2.68129 -1.10547 10.6176 2.92836 -0.711182 10.3509 2.41176 -1.44189 9.94414 2.02273 -1.65564 10.0821 2.33327 -1.51428 10.7383 2.41176 -1.44189 9.94414 2.68129 -1.10547 10.6176 2.81569 -1.04626 9.88433 2.08657 -1.5636 9.3001 2.02273 -1.65564 10.0821 2.41176 -1.44189 9.94414 2.33327 -1.51428 10.7383 2.68129 -1.10547 10.6176 2.41176 -1.44189 9.94414 2.41176 -1.44189 9.94414 2.70595 -1.17236 9.35235 2.08657 -1.5636 9.3001 2.41176 -1.44189 9.94414 2.81569 -1.04626 9.88433 2.70595 -1.17236 9.35235</float_array>
          <technique_common>
            <accessor source="#GeometrySource-array" count="78" stride="3">
              <param name="X" type="float"/>
              <param name="Y" type="float"/>
              <param name="Z" type="float"/>
            </accessor>
          </technique_common>
        </source>
        <source id="GeometrySource1" name="mesh0000Nrm">
          <float_array id="GeometrySource1-array" count="234">0.9124 0.398411 -0.093779 0.9124 0.398411 -0.093779 0.9124 0.398411 -0.093779 0.889584 0.45677 -0.000862 0.889584 0.45677 -0.000862 0.889584 0.45677 -0.000862 0.9124 -0.398411 -0.093779 0.9124 -0.398411 -0.093779 0.9124 -0.398411 -0.093779 0.889584 -0.45677 -0.000862 0.889584 -0.45677 -0.000862 0.889584 -0.45677 -0.000862 0.922144 0.383258 0.052565 0.922144 0.383258 0.052565 0.922144 0.383258 0.052565 0.885802 0.459241 -0.066722 0.885802 0.459241 -0.066722 0.885802 0.459241 -0.066722 0.698757 0.653335 -0.291362 0.698757 0.653335 -0.291362 0.698757 0.653335 -0.291362 0.534148 0.845389 -0.001862 0.534148 0.845389 -0.001862 0.534148 0.845389 -0.001862 0.876256 0.465885 0.12299 0.876256 0.465885 0.12299 0.876256 0.465885 0.12299 0.472068 0.88092 -0.033637 0.472068 0.88092 -0.033637 0.472068 0.88092 -0.033637 0.703329 0.707229 0.071809 0.703329 0.707229 0.071809 0.703329 0.707229 0.071809 0.462299 0.88424 -0.066333 0.462299 0.88424 -0.066333 0.462299 0.88424 -0.066333 0.76377 0.645274 0.01667 0.76377 0.645274 0.01667 0.76377 0.645274 0.01667 0.537412 0.835655 -0.113441 0.537412 0.835655 -0.113441 0.537412 0.835655 -0.113441 0.701349 0.712408 0.024186 0.701349 0.712408 0.024186 0.701349 0.712408 0.024186 0.922144 -0.383258 0.052565 0.922144 -0.383258 0.052565 0.922144 -0.383258 0.052565 0.885802 -0.459241 -0.066722 0.885802 -0.459241 -0.066722 0.885802 -0.459241 -0.066722 0.698757 -0.653335 -0.291362 0.698757 -0.653335 -0.291362 0.698757 -0.653335 -0.291362 0.534148 -0.845389 -0.001862 0.534148 -0.845389 -0.001862 0.534148 -0.845389 -0.001862 0.876256 -0.465885 0.12299 0.876256 -0.465885 0.12299 0.876256 -0.465885 0.12299 0.472068 -0.88092 -0.033637 0.472068 -0.88092 -0.033637 0.472068 -0.88092 -0.033637 0.703329 -0.707229 0.071809 0.703329 -0.707229 0.071809 0.703329 -0.707229 0.071809 0.462299 -0.88424 -0.066333 0.462299 -0.88424 -0.066333 0.462299 -0.88424 -0.066333 0.76377 -0.645274 0.01667 0.76377 -0.645274 0.01667 0.76377 -0.645274 0.01667 0.537412 -0.835655 -0.113441 0.537412 -0.835655 -0.113441 0.537412 -0.835655 -0.113441 0.701349 -0.712408 0.024186 0.701349 -0.712408 0.024186 0.701349 -0.712408 0.024186</float_array>
          <technique_common>
            <accessor source="#GeometrySource1-array" count="78" stride="3">
              <param name="X" type="float"/>
              <param name="Y" type="float"/>
              <param name="Z" type="float"/>
            </accessor>
          </technique_common>
        </source>
        <source id="GeometrySource2" name="mesh0000UV">
          <float_array id="GeometrySource2-array" count="156">0.259613 -0.200104 0.02359 -0.134491 0.197845 -0.119568 0.018829 -0.212067 0.02359 -0.134491 0.259613 -0.200104 0.02359 -0.134491 0.259613 -0.200104 0.197845 -0.119568 0.018829 -0.212067 0.259613 -0.200104 0.02359 -0.134491 0.197845 -0.119568 0.02359 -0.134491 0.081512 -0.050689 0.198334 -0.237732 0.018829 -0.212067 0.259613 -0.200104 0.259613 -0.200104 0.410431 -0.248413 0.198334 -0.237732 0.410431 -0.248413 0.259613 -0.200104 0.478821 -0.196594 0.197845 -0.119568 0.081512 -0.050689 0.214783 -0.005035 0.375061 -0.101166 0.359802 0.019958 0.476318 -0.067535 0.375061 -0.101166 0.197845 -0.119568 0.214783 -0.005035 0.478821 -0.196594 0.375061 -0.101166 0.476318 -0.067535 0.359802 0.019958 0.375061 -0.101166 0.214783 -0.005035 0.375061 -0.101166 0.478821 -0.196594 0.259613 -0.200104 0.375061 -0.101166 0.259613 -0.200104 0.197845 -0.119568 0.197845 -0.119568 0.081512 -0.050689 0.02359 -0.134491 0.198334 -0.237732 0.259613 -0.200104 0.018829 -0.212067 0.259613 -0.200104 0.198334 -0.237732 0.410431 -0.248413 0.410431 -0.248413 0.478821 -0.196594 0.259613 -0.200104 0.197845 -0.119568 0.214783 -0.005035 0.081512 -0.050689 0.375061 -0.101166 0.476318 -0.067535 0.359802 0.019958 0.375061 -0.101166 0.214783 -0.005035 0.197845 -0.119568 0.478821 -0.196594 0.476318 -0.067535 0.375061 -0.101166 0.359802 0.019958 0.214783 -0.005035 0.375061 -0.101166 0.375061 -0.101166 0.259613 -0.200104 0.478821 -0.196594 0.375061 -0.101166 0.197845 -0.119568 0.259613 -0.200104</float_array>
          <technique_common>
            <accessor source="#GeometrySource2-array" count="78" stride="2">
              <param name="S" type="float"/>
              <param name="T" type="float"/>
            </accessor>
          </technique_common>
        </source>
        <vertices id="Geometry-vertices">
          <input semantic="POSITION" source="#GeometrySource"/>
          <input semantic="NORMAL" source="#GeometrySource1"/>
          <input semantic="TEXCOORD" source="#GeometrySource2"/>
        </vertices>
        <triangles material="VisualMaterial0" count="26">
          <input semantic="VERTEX" source="#Geometry-vertices" offset="0"/>
          <p>2 1 0 5 4 3 8 7 6 11 10 9 14 13 12 17 16 15 20 19 18 23 22 21 26 25 24 29 28 27 32 31 30 35 34 33 38 37 36 41 40 39 44 43 42 47 46 45 50 49 48 53 52 51 56 55 54 59 58 57 62 61 60 65 64 63 68 67 66 71 70 69 74 73 72 77 76 75</p>
        </triangles>
      </mesh>
    </geometry>
    <geometry id="Geometry1" name="mesh0001">
      <mesh>
        <source id="GeometrySource3" name="mesh0001Pos">
          <float_array id="GeometrySource3-array" count="13464">7.61183 0 2.36754 7.94873 2.30811 4.271 7.00136 2.10986 2.40307 4.69028 3.61475 8.42789 6.49257 3.07275 8.36627 4.41243 1.76416 8.72418 7.97926 1.99951 8.32842 6.34805 0.678711 8.60596 6.49257 3.07275 8.36627 9.56001 0 8.1426 8.65005 0 8.59298 8.22907 0.723633 8.55191 9.56001 0 8.1426 7.97926 1.99951 8.32842 8.9725 1.67383 7.91215 7.97926 1.99951 8.32842 7.74814 2.98828 7.9942 8.9725 1.67383 7.91215 8.65005 0 8.59298 7.84344 0 8.80422 8.22907 0.723633 8.55191 4.7936 4.41992 8.00136 6.49257 3.07275 8.36627 4.69028 3.61475 8.42789 7.00136 2.10986 2.40307 6.13135 0 1.21582 7.61183 0 2.36754 6.49257 3.07275 8.36627 7.74814 2.98828 7.9942 7.97926 1.99951 8.32842 7.97926 1.99951 8.32842 9.56001 0 8.1426 8.22907 0.723633 8.55191 6.49257 3.07275 8.36627 4.7936 4.41992 8.00136 6.466 3.77295 7.79438 4.48341 -4.02686 2.64335 3.9043 -2.69043 1.44238 2.83887 -3.47949 2.84424 4.48341 4.02686 2.64335 2.83887 3.47949 2.84424 3.9043 2.69043 1.44238 4.69028 3.61475 8.42789 3.39683 4.23535 7.80825 4.7936 4.41992 8.00136 7.74814 2.98828 7.9942 6.49257 3.07275 8.36627 6.466 3.77295 7.79438 7.97926 1.99951 8.32842 8.22907 0.723633 8.55191 6.34805 0.678711 8.60596 4.41243 1.76416 8.72418 6.49257 3.07275 8.36627 6.34805 0.678711 8.60596 7.00136 2.10986 2.40307 7.94873 2.30811 4.271 6.5293 3.82666 4.36865 7.84492 0 8.32919 4.7936 4.41992 8.00136 2.67254 0 8.98382 7.00136 2.10986 2.40307 6.5293 3.82666 4.36865 5.70483 3.37646 2.52301 9.56001 0 8.1426 8.9725 1.67383 7.91215 7.84492 0 8.32919 7.84492 0 8.32919 8.9725 1.67383 7.91215 7.74814 2.98828 7.9942 7.00136 -2.10986 2.40307 6.5293 -3.82666 4.36865 7.94873 -2.30811 4.271 6.466 3.77295 7.79438 7.84492 0 8.32919 7.74814 2.98828 7.9942 7.84492 0 8.32919 6.466 3.77295 7.79438 4.7936 4.41992 8.00136 7.00136 -2.10986 2.40307 5.70483 -3.37646 2.52301 6.5293 -3.82666 4.36865 4.7936 4.41992 8.00136 3.39683 4.23535 7.80825 2.67254 0 8.98382 5.70483 -3.37646 2.52301 5.85156 -2.00391 1.46973 3.9043 -2.69043 1.44238 5.70483 3.37646 2.52301 3.9043 2.69043 1.44238 5.85156 2.00391 1.46973 4.3469 -0.423828 8.83749 6.34805 -0.678711 8.60596 4.41243 -1.76416 8.72418 4.69028 -3.61475 8.42789 4.41243 -1.76416 8.72418 6.49257 -3.07275 8.36627 7.00136 2.10986 2.40307 5.70483 3.37646 2.52301 5.85156 2.00391 1.46973 7.00136 -2.10986 2.40307 5.85156 -2.00391 1.46973 5.70483 -3.37646 2.52301 7.97926 -1.99951 8.32842 6.49257 -3.07275 8.36627 6.34805 -0.678711 8.60596 9.56001 0 8.1426 8.22907 -0.723633 8.55191 8.65005 0 8.59298 9.56001 0 8.1426 8.9725 -1.67383 7.91215 7.97926 -1.99951 8.32842 7.97926 -1.99951 8.32842 8.9725 -1.67383 7.91215 7.74814 -2.98828 7.9942 0.403463 -1.26563 8.86822 -0.330386 -1.08936 8.28516 -0.130371 -0.833496 8.93701 8.65005 0 8.59298 8.22907 -0.723633 8.55191 7.84344 0 8.80422 4.63711 -3.83154 6.36804 2.37441 -3.58252 8.12487 2.05434 -2.60938 6.40288 3.39638 -4.18701 7.80896 2.37441 -3.58252 8.12487 4.63711 -3.83154 6.36804 -0.330386 1.08936 8.28516 0.40332 1.26563 8.86816 -0.130371 0.833496 8.93701 4.7936 -4.41992 8.00136 4.69028 -3.61475 8.42789 6.49257 -3.07275 8.36627 6.49257 -3.07275 8.36627 7.97926 -1.99951 8.32842 7.74814 -2.98828 7.9942 4.63711 -3.83154 6.36804 2.05434 -2.60938 6.40288 4.62646 -3.67871 4.5415 1.18081 0 6.43609 3.14502 2.31934 4.57568 1.83217 0 4.60895 2.05434 2.60938 6.40288 3.14502 2.31934 4.57568 1.18081 0 6.43609 0.776337 2.3457 7.19254 0.418945 1.51465 8.29443 -0.044322 2.20801 7.30721 0.906392 1.77197 8.36577 0.418945 1.51465 8.29443 0.776337 2.3457 7.19254 7.97926 -1.99951 8.32842 8.22907 -0.723633 8.55191 9.56001 0 8.1426 0.906392 -1.77197 8.36577 0.776337 -2.3457 7.19254 0.418945 -1.51465 8.29443 6.49257 -3.07275 8.36627 6.466 -3.77295 7.79438 4.7936 -4.41992 8.00136 2.05434 -2.60938 6.40288 1.18081 0 6.43609 3.14502 -2.31934 4.57568 4.69028 -3.61475 8.42789 4.7936 -4.41992 8.00136 3.39683 -4.23535 7.80825 0.776337 2.3457 7.19254 1.15751 2.67676 6.32677 1.11133 2.25732 7.40625 1.15751 -2.67676 6.32677 1.11133 -2.25732 7.40625 1.44141 -2.50928 6.44629 0.776337 -2.3457 7.19254 1.11133 -2.25732 7.40625 1.15751 -2.67676 6.32677 -0.947018 1.4248 7.49578 -0.741211 0.42627 8.51221 -1.11192 0.766113 7.87054 -0.330386 1.08936 8.28516 -0.741211 0.42627 8.51221 -0.947018 1.4248 7.49578 2.08346 2.91504 4.41171 1.15751 2.67676 6.32677 1.25858 3.06982 5.46256 7.74814 -2.98828 7.9942 6.466 -3.77295 7.79438 6.49257 -3.07275 8.36627 7.97926 -1.99951 8.32842 6.34805 -0.678711 8.60596 8.22907 -0.723633 8.55191 4.41243 -1.76416 8.72418 6.34805 -0.678711 8.60596 6.49257 -3.07275 8.36627 1.16958 1.69043 9.85113 0.40332 1.26563 8.86816 1.18227 1.61133 9.02447 0.491353 1.46338 9.75738 0.40332 1.26563 8.86816 1.16958 1.69043 9.85113 -0.110698 0.993164 9.6773 0.40332 1.26563 8.86816 0.491353 1.46338 9.75738 7.84492 0 8.32919 2.67254 0 8.98382 4.7936 -4.41992 8.00136 -0.110698 -0.993164 9.6773 -0.507813 -0.370117 9.06787 -0.36851 -0.405762 9.62212 9.56001 0 8.1426 7.84492 0 8.32919 8.9725 -1.67383 7.91215 0.403463 -1.26563 8.86822 -0.110698 -0.993164 9.6773 0.491353 -1.46338 9.75738 7.84492 0 8.32919 7.74814 -2.98828 7.9942 8.9725 -1.67383 7.91215 -1.11192 0.766113 7.87054 -0.991699 0 8.77539 -1.36606 0 8.35775 6.466 -3.77295 7.79438 7.74814 -2.98828 7.9942 7.84492 0 8.32919 7.84492 0 8.32919 4.7936 -4.41992 8.00136 6.466 -3.77295 7.79438 4.7936 -4.41992 8.00136 2.67254 0 8.98382 3.39683 -4.23535 7.80825 1.89057 -1.41455 -0.084185 2.29731 -1.19775 -0.084185 1.89057 -0.980464 -0.084185 -0.330386 -1.08936 8.28516 -0.947018 -1.4248 7.49578 -0.741211 -0.42627 8.51221 1.15751 -2.67676 6.32677 2.08346 -2.91504 4.41171 1.25858 -3.06982 5.46256 2.29731 -1.19775 -0.084185 1.7519 -1.19775 0.318159 1.67621 -0.97021 0.174116 8.25234 2.37695 6.4115 6.5293 3.82666 4.36865 7.94873 2.30811 4.271 6.51015 3.90625 6.4115 6.5293 3.82666 4.36865 8.25234 2.37695 6.4115 -0.069193 1.07373 11.4551 0.639791 0 11.7608 -0.124369 0 11.5743 0.756978 1.16455 11.6656 0.639791 0 11.7608 -0.069193 1.07373 11.4551 1.64223 1.06201 11.8038 2.37661 0 11.8506 1.6271 0 11.8936 2.37465 0.929199 11.7149 2.37661 0 11.8506 1.64223 1.06201 11.8038 2.85805 1.604 10.9483 3.32534 0.739258 10.8882 2.98696 1.19775 11.2945 3.19155 1.17285 10.6817 3.32534 0.739258 10.8882 2.85805 1.604 10.9483 1.00649 2.1084 11.4317 2.30092 2.06396 11.0557 2.34292 1.66553 11.4297 1.20376 2.56689 11.0987 2.30092 2.06396 11.0557 1.00649 2.1084 11.4317 1.20376 2.56689 11.0987 0.016255 1.98486 11.2051 0.078267 2.38574 10.9932 1.00649 2.1084 11.4317 0.016255 1.98486 11.2051 1.20376 2.56689 11.0987 -0.124369 0 11.5743 -1.05699 0.764648 11.0787 -0.069193 1.07373 11.4551 -1.11851 0 11.1768 -1.05699 0.764648 11.0787 -0.124369 0 11.5743 2.34292 1.66553 11.4297 2.85805 1.604 10.9483 2.98696 1.19775 11.2945 2.30092 2.06396 11.0557 2.85805 1.604 10.9483 2.34292 1.66553 11.4297 3.19155 1.17285 10.6817 3.39614 0.456543 10.4351 3.32534 0.739258 10.8882 3.27407 0.781738 10.3814 3.39614 0.456543 10.4351 3.19155 1.17285 10.6817 0.639791 0 11.7608 1.64223 1.06201 11.8038 1.6271 0 11.8936 0.756978 1.16455 11.6656 1.64223 1.06201 11.8038 0.639791 0 11.7608 2.37465 0.929199 11.7149 3.09096 0 11.5425 2.37661 0 11.8506 3.03823 0.619141 11.4268 3.09096 0 11.5425 2.37465 0.929199 11.7149 3.39614 0.456543 10.4351 3.46889 0 10.9981 3.32534 0.739258 10.8882 3.45815 0 10.4615 3.46889 0 10.9981 3.39614 0.456543 10.4351 1.00649 2.1084 11.4317 -0.069193 1.07373 11.4551 0.016255 1.98486 11.2051 0.756978 1.16455 11.6656 -0.069193 1.07373 11.4551 1.00649 2.1084 11.4317 3.32534 -0.739258 10.8882 2.85805 -1.604 10.9483 2.98696 -1.19775 11.2945 3.19155 -1.17285 10.6817 2.85805 -1.604 10.9483 3.32534 -0.739258 10.8882 2.30092 -2.06396 11.0557 1.00649 -2.1084 11.4317 2.34292 -1.66553 11.4297 1.20376 -2.56689 11.0987 1.00649 -2.1084 11.4317 2.30092 -2.06396 11.0557 0.016255 -1.98486 11.2051 1.20376 -2.56689 11.0987 0.078267 -2.38574 10.9932 1.00649 -2.1084 11.4317 1.20376 -2.56689 11.0987 0.016255 -1.98486 11.2051 -1.05699 -0.764648 11.0787 -0.124369 0 11.5743 -0.069193 -1.07373 11.4551 -1.11851 0 11.1768 -0.124369 0 11.5743 -1.05699 -0.764648 11.0787 2.85805 -1.604 10.9483 2.34292 -1.66553 11.4297 2.98696 -1.19775 11.2945 2.30092 -2.06396 11.0557 2.34292 -1.66553 11.4297 2.85805 -1.604 10.9483 3.39614 -0.456543 10.4351 3.19155 -1.17285 10.6817 3.32534 -0.739258 10.8882 3.27407 -0.781738 10.3814 3.19155 -1.17285 10.6817 3.39614 -0.456543 10.4351 0.403463 -1.26563 8.86822 1.16958 -1.69043 9.85113 1.18227 -1.61133 9.02447 0.491353 -1.46338 9.75738 1.16958 -1.69043 9.85113 0.403463 -1.26563 8.86822 1.64223 -1.06201 11.8038 0.639791 0 11.7608 1.6271 0 11.8936 0.756978 -1.16455 11.6656 0.639791 0 11.7608 1.64223 -1.06201 11.8038 3.09096 0 11.5425 2.37465 -0.929199 11.7149 2.37661 0 11.8506 3.03823 -0.619141 11.4268 2.37465 -0.929199 11.7149 3.09096 0 11.5425 3.46889 0 10.9981 3.39614 -0.456543 10.4351 3.32534 -0.739258 10.8882 3.45815 0 10.4615 3.39614 -0.456543 10.4351 3.46889 0 10.9981 -0.069193 -1.07373 11.4551 1.00649 -2.1084 11.4317 0.016255 -1.98486 11.2051 0.756978 -1.16455 11.6656 1.00649 -2.1084 11.4317 -0.069193 -1.07373 11.4551 0.639791 0 11.7608 -0.069193 -1.07373 11.4551 -0.124369 0 11.5743 0.756978 -1.16455 11.6656 -0.069193 -1.07373 11.4551 0.639791 0 11.7608 2.37661 0 11.8506 1.64223 -1.06201 11.8038 1.6271 0 11.8936 2.37465 -0.929199 11.7149 1.64223 -1.06201 11.8038 2.37661 0 11.8506 1.89057 -0.980464 -0.084185 2.29731 -1.19775 -0.084185 1.67621 -0.97021 0.174116 1.95063 -0.455073 -0.084185 1.3559 -0.732417 0.220014 1.35639 -0.53271 0.312788 4.77187 4.59717 6.4115 3.24951 4.32031 4.61816 4.74658 4.55957 4.47803 3.19716 4.375 6.44909 3.24951 4.32031 4.61816 4.77187 4.59717 6.4115 1.95063 -0.455073 -0.084185 1.35639 -0.53271 0.312788 1.28266 -0.329096 0.247846 1.3559 -0.732417 0.220014 1.95063 -0.455073 -0.084185 1.31977 -0.812007 -0.084185 7.73476 2.61133 6.35827 8.09766 0 4.55566 7.47656 2.60156 4.53223 8.5956 0 6.3822 8.09766 0 4.55566 7.73476 2.61133 6.35827 4.63711 3.83154 6.36804 7.47656 2.60156 4.53223 4.62646 3.67871 4.5415 7.73476 2.61133 6.35827 7.47656 2.60156 4.53223 4.63711 3.83154 6.36804 8.95351 1.66553 7.91247 8.5956 0 6.3822 7.73476 2.61133 6.35827 9.53798 0 8.14148 8.5956 0 6.3822 8.95351 1.66553 7.91247 4.79482 4.39551 8.00134 7.73476 2.61133 6.35827 4.63711 3.83154 6.36804 6.45888 3.75146 7.79528 7.73476 2.61133 6.35827 4.79482 4.39551 8.00134 8.5956 0 6.3822 8.95351 -1.66553 7.91247 7.73476 -2.61133 6.35827 9.53798 0 8.14148 8.95351 -1.66553 7.91247 8.5956 0 6.3822 7.73476 -2.61133 6.35827 4.79482 -4.39551 8.00134 4.63711 -3.83154 6.36804 6.45888 -3.75146 7.79528 4.79482 -4.39551 8.00134 7.73476 -2.61133 6.35827 1.28266 -0.329096 0.247846 1.27191 -0.27978 -0.043169 1.95063 -0.455073 -0.084185 6.51015 -3.90625 6.4115 8.25234 -2.37695 6.4115 6.5293 -3.82666 4.36865 9.02334 0 6.4115 7.94873 -2.30811 4.271 8.25234 -2.37695 6.4115 1.67621 -0.97021 0.174116 1.31977 -0.812007 -0.084185 1.89057 -0.980464 -0.084185 1.31977 -0.812007 -0.084185 1.95063 -0.455073 -0.084185 1.27191 -0.27978 -0.043169 3.19716 -4.375 6.44909 4.77187 -4.59717 6.4115 3.24951 -4.32031 4.61816 6.51015 -3.90625 6.4115 4.74658 -4.55957 4.47803 4.77187 -4.59717 6.4115 2.29731 -1.19775 -0.084185 1.67621 -1.4248 0.174116 1.7519 -1.19775 0.318159 1.89057 -1.41455 -0.084185 1.67621 -1.4248 0.174116 2.29731 -1.19775 -0.084185 8.5956 0 6.3822 7.73476 -2.61133 6.35827 8.09766 0 4.55566 1.95063 -1.93994 -0.084185 1.35639 -1.8623 0.312788 1.3559 -1.66259 0.220014 7.73476 -2.61133 6.35827 4.63711 -3.83154 6.36804 7.47656 -2.60156 4.53223 2.05434 2.60938 6.40288 4.62646 3.67871 4.5415 3.14502 2.31934 4.57568 4.63711 3.83154 6.36804 4.62646 3.67871 4.5415 2.05434 2.60938 6.40288 2.37441 3.58252 8.12487 4.63711 3.83154 6.36804 2.05434 2.60938 6.40288 3.39638 4.18701 7.80896 4.63711 3.83154 6.36804 2.37441 3.58252 8.12487 1.95063 -1.93994 -0.084185 1.28266 -2.06591 0.247846 1.35639 -1.8623 0.312788 -0.330386 1.08936 8.28516 -0.130371 0.833496 8.93701 -0.507813 0.370117 9.06787 -0.330386 -1.08936 8.28516 -0.507813 -0.370117 9.06787 -0.130371 -0.833496 8.93701 0.906392 1.77197 8.36577 0.776337 2.3457 7.19254 1.11133 2.25732 7.40625 -0.044322 2.20801 7.30721 0.418945 1.51465 8.29443 -0.330386 1.08936 8.28516 0.906392 -1.77197 8.36577 1.11133 -2.25732 7.40625 0.776337 -2.3457 7.19254 0.403463 -1.26563 8.86822 0.906392 -1.77197 8.36577 0.418945 -1.51465 8.29443 -0.044322 -2.20801 7.30721 -0.330386 -1.08936 8.28516 0.418945 -1.51465 8.29443 1.18227 1.61133 9.02447 0.40332 1.26563 8.86816 0.906392 1.77197 8.36577 1.3559 -1.66259 0.220014 1.31977 -1.583 -0.084185 1.95063 -1.93994 -0.084185 1.28266 -2.06591 0.247846 1.95063 -1.93994 -0.084185 1.27191 -2.11523 -0.043169 1.67621 -1.4248 0.174116 1.89057 -1.41455 -0.084185 1.31977 -1.583 -0.084185 1.31977 -1.583 -0.084185 1.27191 -2.11523 -0.043169 1.95063 -1.93994 -0.084185 2.34292 1.66553 11.4297 2.37465 0.929199 11.7149 1.64223 1.06201 11.8038 2.34292 1.66553 11.4297 1.64223 1.06201 11.8038 1.00649 2.1084 11.4317 -0.110698 0.993164 9.6773 0.491353 1.46338 9.75738 0.189107 1.7207 10.3921 0.189107 1.7207 10.3921 -0.627299 1.02051 10.2364 -0.110698 0.993164 9.6773 -0.627299 1.02051 10.2364 -1.09703 0 9.99761 -0.36851 0.405762 9.62212 2.31313 -1.41943 8.9649 1.76821 -1.65332 8.98736 2.08657 -1.56348 9.29986 3.02407 -0.553223 9.81939 3.17299 -0.24707 9.65777 3.03335 -0.534668 9.30962 3.19155 -1.17285 10.6817 2.92836 -0.710938 10.3511 2.68129 -1.10547 10.6177 2.68129 -1.10547 10.6177 2.33315 -1.51416 10.7383 2.85805 -1.604 10.9483 2.92836 -0.710938 10.3511 3.22133 -0.452148 9.99029 3.02407 -0.553223 9.81939 2.33315 -1.51416 10.7383 1.93422 -1.82373 10.6709 2.30092 -2.06396 11.0557 3.22133 -0.452148 9.99029 3.17299 -0.24707 9.65777 3.02407 -0.553223 9.81939 2.33315 -1.51416 10.7383 2.30092 -2.06396 11.0557 2.85805 -1.604 10.9483 2.92836 -0.710938 10.3511 3.27407 -0.781738 10.3814 3.22133 -0.452148 9.99029 -0.99058 -1.46582 10.8174 0.189107 -1.7207 10.3921 -0.627299 -1.02051 10.2364 -0.627299 -1.02051 10.2364 -0.110698 -0.993164 9.6773 -0.36851 -0.405762 9.62212 -1.09703 0 9.99761 -0.36851 -0.405762 9.62212 -0.567729 0 9.58843 1.93422 -1.82373 10.6709 1.16274 -2.02441 10.5601 1.20376 -2.56689 11.0987 3.28872 0 10.0606 3.24526 0 9.79937 3.22133 -0.452148 9.99029 -1.05699 -0.764648 11.0787 -2.0023 0 10.5899 -1.11851 0 11.1768 -1.64976 0 10.3736 -2.0023 0 10.5899 -0.99058 -1.46582 10.8174 1.20376 -2.56689 11.0987 2.30092 -2.06396 11.0557 1.93422 -1.82373 10.6709 3.32534 -0.739258 10.8882 2.98696 -1.19775 11.2945 3.03823 -0.619141 11.4268 2.98696 -1.19775 11.2945 2.37465 -0.929199 11.7149 3.03823 -0.619141 11.4268 3.24526 0 9.79937 3.17299 -0.24707 9.65777 3.22133 -0.452148 9.99029 3.28872 0 10.0606 3.39614 -0.456543 10.4351 3.45815 0 10.4615 0.078267 -2.38574 10.9932 1.16274 -2.02441 10.5601 0.189107 -1.7207 10.3921 0.491353 -1.46338 9.75738 0.189107 -1.7207 10.3921 1.16958 -1.69043 9.85113 1.18227 -1.61133 9.02447 1.76821 -1.65332 8.98736 0.906392 -1.77197 8.36577 3.22133 -0.452148 9.99029 3.27407 -0.781738 10.3814 3.39614 -0.456543 10.4351 -1.09703 0 9.99761 -1.64976 0 10.3736 -0.627299 -1.02051 10.2364 2.0226 -1.65576 10.0821 1.16958 -1.69043 9.85113 1.16274 -2.02441 10.5601 0.906392 -1.77197 8.36577 1.76821 -1.65332 8.98736 2.31313 -1.41943 8.9649 -0.627299 -1.02051 10.2364 -1.64976 0 10.3736 -0.99058 -1.46582 10.8174 0.078267 -2.38574 10.9932 0.189107 -1.7207 10.3921 -0.99058 -1.46582 10.8174 1.20376 -2.56689 11.0987 1.16274 -2.02441 10.5601 0.078267 -2.38574 10.9932 3.22133 -0.452148 9.99029 3.39614 -0.456543 10.4351 3.28872 0 10.0606 1.18227 -1.61133 9.02447 1.16958 -1.69043 9.85113 2.08657 -1.56348 9.29986 1.76821 -1.65332 8.98736 1.18227 -1.61133 9.02447 2.08657 -1.56348 9.29986 2.33315 -1.51416 10.7383 2.0226 -1.65576 10.0821 1.93422 -1.82373 10.6709 3.46889 0 10.9981 3.32534 -0.739258 10.8882 3.03823 -0.619141 11.4268 1.64223 -1.06201 11.8038 1.00649 -2.1084 11.4317 0.756978 -1.16455 11.6656 -0.99058 -1.46582 10.8174 0.016255 -1.98486 11.2051 0.078267 -2.38574 10.9932 -1.05699 -0.764648 11.0787 0.016255 -1.98486 11.2051 -0.99058 -1.46582 10.8174 -0.99058 -1.46582 10.8174 -2.0023 0 10.5899 -1.05699 -0.764648 11.0787 3.46889 0 10.9981 3.03823 -0.619141 11.4268 3.09096 0 11.5425 2.98696 -1.19775 11.2945 2.34292 -1.66553 11.4297 2.37465 -0.929199 11.7149 -1.05699 -0.764648 11.0787 -0.069193 -1.07373 11.4551 0.016255 -1.98486 11.2051 1.28139 -2.43896 8.20269 0.906392 -1.77197 8.36577 1.881 -2.41992 8.54986 2.31313 -1.41943 8.9649 1.881 -2.41992 8.54986 0.906392 -1.77197 8.36577 2.0226 -1.65576 10.0821 1.16274 -2.02441 10.5601 1.93422 -1.82373 10.6709 1.16958 -1.69043 9.85113 0.189107 -1.7207 10.3921 1.16274 -2.02441 10.5601 2.08657 -1.56348 9.29986 1.16958 -1.69043 9.85113 2.0226 -1.65576 10.0821 2.68129 -1.10547 10.6177 2.85805 -1.604 10.9483 3.19155 -1.17285 10.6817 3.27407 -0.781738 10.3814 2.92836 -0.710938 10.3511 3.19155 -1.17285 10.6817 0.906392 -1.77197 8.36577 0.906392 0 8.36577 1.18081 0 6.43609 2.31313 1.41943 8.9649 2.08657 1.56348 9.29986 1.76821 1.65332 8.98736 3.02407 0.553223 9.81939 3.03335 0.534668 9.30962 3.17299 0.24707 9.65777 3.19155 1.17285 10.6817 2.68129 1.10547 10.6177 2.92836 0.710938 10.3511 2.68129 1.10547 10.6177 2.85805 1.604 10.9483 2.33315 1.51416 10.7383 2.92836 0.710938 10.3511 3.02407 0.553223 9.81939 3.22133 0.452148 9.99029 2.33315 1.51416 10.7383 2.30092 2.06396 11.0557 1.93422 1.82373 10.6709 3.22133 0.452148 9.99029 3.02407 0.553223 9.81939 3.17299 0.24707 9.65777 2.33315 1.51416 10.7383 2.85805 1.604 10.9483 2.30092 2.06396 11.0557 2.92836 0.710938 10.3511 3.22133 0.452148 9.99029 3.27407 0.781738 10.3814 -0.99058 1.46582 10.8174 -0.627299 1.02051 10.2364 0.189107 1.7207 10.3921 -0.627299 1.02051 10.2364 -0.36851 0.405762 9.62212 -0.110698 0.993164 9.6773 -1.09703 0 9.99761 -0.567729 0 9.58843 -0.36851 0.405762 9.62212 1.93422 1.82373 10.6709 1.20376 2.56689 11.0987 1.16274 2.02441 10.5601 3.28872 0 10.0606 3.22133 0.452148 9.99029 3.24526 0 9.79937 -1.05699 0.764648 11.0787 -1.11851 0 11.1768 -2.0023 0 10.5899 -1.64976 0 10.3736 -0.99058 1.46582 10.8174 -2.0023 0 10.5899 1.20376 2.56689 11.0987 1.93422 1.82373 10.6709 2.30092 2.06396 11.0557 3.32534 0.739258 10.8882 3.03823 0.619141 11.4268 2.98696 1.19775 11.2945 2.98696 1.19775 11.2945 3.03823 0.619141 11.4268 2.37465 0.929199 11.7149 3.24526 0 9.79937 3.22133 0.452148 9.99029 3.17299 0.24707 9.65777 3.28872 0 10.0606 3.45815 0 10.4615 3.39614 0.456543 10.4351 0.078267 2.38574 10.9932 0.189107 1.7207 10.3921 1.16274 2.02441 10.5601 0.491353 1.46338 9.75738 1.16958 1.69043 9.85113 0.189107 1.7207 10.3921 1.18227 1.61133 9.02447 0.906392 1.77197 8.36577 1.76821 1.65332 8.98736 -0.110698 -0.993164 9.6773 0.189107 -1.7207 10.3921 0.491353 -1.46338 9.75738 0.189107 -1.7207 10.3921 -0.110698 -0.993164 9.6773 -0.627299 -1.02051 10.2364 -0.627299 -1.02051 10.2364 -0.36851 -0.405762 9.62212 -1.09703 0 9.99761 1.30459 -2.42529 8.20153 1.11133 -2.25732 7.40625 0.906392 -1.77197 8.36577 1.30459 2.42529 8.20153 0.906392 1.77197 8.36577 1.11133 2.25732 7.40625 1.30459 2.42529 8.20153 1.11133 2.25732 7.40625 1.44141 2.50928 6.44629 2.29433 -3.63721 6.4945 1.44141 -2.50928 6.44629 1.30459 -2.42529 8.20153 1.30459 -2.42529 8.20153 1.44141 -2.50928 6.44629 1.11133 -2.25732 7.40625 2.29433 3.63721 6.4945 1.30459 2.42529 8.20153 1.44141 2.50928 6.44629 -1.09703 0 9.99761 -0.627299 1.02051 10.2364 -1.64976 0 10.3736 2.0226 1.65576 10.0821 1.16274 2.02441 10.5601 1.16958 1.69043 9.85113 2.08346 -2.91504 4.41171 1.44141 -2.50928 6.44629 2.46045 -3.64551 4.66699 2.08346 2.91504 4.41171 2.46045 3.64551 4.66699 1.44141 2.50928 6.44629 0.906392 1.77197 8.36577 2.31313 1.41943 8.9649 1.76821 1.65332 8.98736 -0.627299 1.02051 10.2364 -0.99058 1.46582 10.8174 -1.64976 0 10.3736 0.078267 2.38574 10.9932 -0.99058 1.46582 10.8174 0.189107 1.7207 10.3921 1.20376 2.56689 11.0987 0.078267 2.38574 10.9932 1.16274 2.02441 10.5601 3.22133 0.452148 9.99029 3.28872 0 10.0606 3.39614 0.456543 10.4351 1.18227 1.61133 9.02447 2.08657 1.56348 9.29986 1.16958 1.69043 9.85113 1.7519 -1.19775 0.318159 1.02832 -0.87207 0.577637 1.67621 -0.97021 0.174116 1.3559 -0.732417 0.220014 1.02832 -0.87207 0.577637 1.35639 -0.53271 0.312788 1.7519 -1.19775 0.318159 1.02197 -1.19775 0.626465 1.02832 -0.87207 0.577637 1.67621 -0.97021 0.174116 1.02832 -0.87207 0.577637 1.31977 -0.812007 -0.084185 1.7519 -1.19775 0.318159 1.67621 -1.4248 0.174116 1.02832 -1.52295 0.577637 1.3559 -1.66259 0.220014 1.35639 -1.8623 0.312788 1.02832 -1.52295 0.577637 2.29433 -3.63721 6.4945 2.46045 -3.64551 4.66699 1.44141 -2.50928 6.44629 2.29433 3.63721 6.4945 1.44141 2.50928 6.44629 2.46045 3.64551 4.66699 3.19716 4.375 6.44909 2.46045 3.64551 4.66699 3.24951 4.32031 4.61816 1.7519 -1.19775 0.318159 1.02832 -1.52295 0.577637 1.02197 -1.19775 0.626465 3.19716 -4.375 6.44909 3.24951 -4.32031 4.61816 2.46045 -3.64551 4.66699 1.67621 -1.4248 0.174116 1.31977 -1.583 -0.084185 1.02832 -1.52295 0.577637 1.76821 1.65332 8.98736 2.08657 1.56348 9.29986 1.18227 1.61133 9.02447 2.33315 1.51416 10.7383 1.93422 1.82373 10.6709 2.0226 1.65576 10.0821 3.46889 0 10.9981 3.03823 0.619141 11.4268 3.32534 0.739258 10.8882 1.64223 1.06201 11.8038 0.756978 1.16455 11.6656 1.00649 2.1084 11.4317 -0.99058 1.46582 10.8174 0.078267 2.38574 10.9932 0.016255 1.98486 11.2051 -1.05699 0.764648 11.0787 -0.99058 1.46582 10.8174 0.016255 1.98486 11.2051 -0.99058 1.46582 10.8174 -1.05699 0.764648 11.0787 -2.0023 0 10.5899 3.46889 0 10.9981 3.09096 0 11.5425 3.03823 0.619141 11.4268 2.98696 1.19775 11.2945 2.37465 0.929199 11.7149 2.34292 1.66553 11.4297 -1.05699 0.764648 11.0787 0.016255 1.98486 11.2051 -0.069193 1.07373 11.4551 1.28139 2.43896 8.20269 1.881 2.41992 8.54986 0.906392 1.77197 8.36577 2.31313 1.41943 8.9649 0.906392 1.77197 8.36577 1.881 2.41992 8.54986 2.0226 1.65576 10.0821 1.93422 1.82373 10.6709 1.16274 2.02441 10.5601 1.16958 1.69043 9.85113 1.16274 2.02441 10.5601 0.189107 1.7207 10.3921 2.08657 1.56348 9.29986 2.0226 1.65576 10.0821 1.16958 1.69043 9.85113 2.68129 1.10547 10.6177 3.19155 1.17285 10.6817 2.85805 1.604 10.9483 7.73427 2.97217 7.9945 8.25234 2.37695 6.4115 8.95351 1.66553 7.91247 8.25234 2.37695 6.4115 9.02334 0 6.4115 8.95351 1.66553 7.91247 8.95351 -1.66553 7.91247 7.73427 -2.97217 7.9945 7.73476 -2.61133 6.35827 7.73427 -2.97217 7.9945 6.45888 -3.75146 7.79528 7.73476 -2.61133 6.35827 4.79482 -4.39551 8.00134 3.39638 -4.18701 7.80896 4.63711 -3.83154 6.36804 8.95351 -1.66553 7.91247 9.53798 0 8.14148 9.02334 0 6.4115 6.51015 -3.90625 6.4115 4.77187 -4.59717 6.4115 4.79482 -4.39551 8.00134 7.73427 -2.97217 7.9945 8.25234 -2.37695 6.4115 6.51015 -3.90625 6.4115 4.79482 -4.39551 8.00134 4.77187 -4.59717 6.4115 3.19716 -4.375 6.44909 3.19716 -4.375 6.44909 2.29433 -3.63721 6.4945 2.37441 -3.58252 8.12487 1.30459 -2.42529 8.20153 2.37441 -3.58252 8.12487 2.29433 -3.63721 6.4945 2.37441 -3.58252 8.12487 3.39638 -4.18701 7.80896 3.19716 -4.375 6.44909 4.79482 -4.39551 8.00134 6.45888 -3.75146 7.79528 6.51015 -3.90625 6.4115 6.51015 -3.90625 6.4115 6.45888 -3.75146 7.79528 7.73427 -2.97217 7.9945 3.19716 -4.375 6.44909 3.39638 -4.18701 7.80896 4.79482 -4.39551 8.00134 7.73427 -2.97217 7.9945 8.95351 -1.66553 7.91247 8.25234 -2.37695 6.4115 8.25234 -2.37695 6.4115 8.95351 -1.66553 7.91247 9.02334 0 6.4115 8.95351 1.66553 7.91247 7.73476 2.61133 6.35827 7.73427 2.97217 7.9945 3.22133 0.452148 9.99029 3.39614 0.456543 10.4351 3.27407 0.781738 10.3814 4.79482 4.39551 8.00134 4.63711 3.83154 6.36804 3.39638 4.18701 7.80896 8.95351 1.66553 7.91247 9.02334 0 6.4115 9.53798 0 8.14148 6.51015 3.90625 6.4115 4.79482 4.39551 8.00134 4.77187 4.59717 6.4115 7.73427 2.97217 7.9945 6.51015 3.90625 6.4115 8.25234 2.37695 6.4115 4.79482 4.39551 8.00134 3.19716 4.375 6.44909 4.77187 4.59717 6.4115 3.19716 4.375 6.44909 2.37441 3.58252 8.12487 2.29433 3.63721 6.4945 1.30459 2.42529 8.20153 2.29433 3.63721 6.4945 2.37441 3.58252 8.12487 2.37441 3.58252 8.12487 3.19716 4.375 6.44909 3.39638 4.18701 7.80896 4.79482 4.39551 8.00134 6.51015 3.90625 6.4115 6.45888 3.75146 7.79528 6.51015 3.90625 6.4115 7.73427 2.97217 7.9945 6.45888 3.75146 7.79528 3.19716 4.375 6.44909 4.79482 4.39551 8.00134 3.39638 4.18701 7.80896 3.27407 0.781738 10.3814 3.19155 1.17285 10.6817 2.92836 0.710938 10.3511 0.906392 1.77197 8.36577 1.18227 -1.61133 9.02447 0.906392 -1.77197 8.36577 0.403463 -1.26563 8.86822 2.34292 -1.66553 11.4297 1.64223 -1.06201 11.8038 2.37465 -0.929199 11.7149 2.37441 -3.58252 8.12487 1.30459 -2.42529 8.20153 2.05434 -2.60938 6.40288 1.30459 -2.42529 8.20153 0.906392 -1.77197 8.36577 1.18081 0 6.43609 1.30459 -2.42529 8.20153 1.18081 0 6.43609 2.05434 -2.60938 6.40288 2.37441 3.58252 8.12487 2.05434 2.60938 6.40288 1.30459 2.42529 8.20153 1.30459 2.42529 8.20153 1.18081 0 6.43609 0.906392 1.77197 8.36577 1.30459 2.42529 8.20153 2.05434 2.60938 6.40288 1.18081 0 6.43609 -0.212048 -1.55859 0.725777 1.02197 -1.19775 0.626465 1.02832 -1.52295 0.577637 -0.212048 -1.55859 0.725777 -0.212048 -0.836421 0.725777 1.02197 -1.19775 0.626465 -0.212048 -0.836421 0.725777 0.706543 -0.524902 0.535645 1.02832 -0.87207 0.577637 -0.212048 -1.55859 0.725777 1.02832 -1.52295 0.577637 0.706543 -1.87012 0.535645 -0.382338 -1.90332 0.460388 -0.883416 -1.4663 0.679403 -0.212048 -1.55859 0.725777 -0.883416 -0.928706 0.679403 -0.382338 -0.491694 0.460388 -0.212048 -0.836421 0.725777 -1.10872 -0.763667 0.004618 -0.465236 -0.424311 0.019999 -1.09087 -0.746089 0.373053 -0.465236 -1.9707 0.019999 -1.09087 -1.64892 0.373053 -0.382338 -1.90332 0.460388 2.34292 -1.66553 11.4297 1.00649 -2.1084 11.4317 1.64223 -1.06201 11.8038 7.73427 2.97217 7.9945 7.73476 2.61133 6.35827 6.45888 3.75146 7.79528 -0.465236 -0.424311 0.019999 0.553711 -0.305664 0.225586 -0.382338 -0.491694 0.460388 -0.465236 -1.9707 0.019999 0.553711 -2.08936 0.225586 0.527838 -2.14013 0.002184 -1.10872 -0.763667 0.004618 -1.25939 -1.19775 0.404305 -1.10872 -1.63134 0.004618 -1.10872 -1.63134 0.004618 -1.25939 -1.19775 0.404305 -1.09087 -1.64892 0.373053 -1.10872 -0.763667 0.004618 -0.523467 -0.617671 -0.08451 -0.465236 -0.424311 0.019999 0.528034 -0.625483 -0.106189 1.31977 -0.812007 -0.084185 0.527838 -0.254878 0.002184 -0.523467 -1.77734 -0.08451 -1.10872 -1.63134 0.004618 -0.465236 -1.9707 0.019999 -0.883416 -1.4663 0.679403 -1.25939 -1.19775 0.404305 -0.883416 -0.928706 0.679403 -2.79199 2.0791 2.54644 -1.4707 1.44287 0.987849 -1.43311 2.43457 1.59429 -2.96436 1.12549 1.97857 -1.4707 1.44287 0.987849 -2.79199 2.0791 2.54644 -2.82129 0 6.23687 -3.28613 0.994141 6.00537 -2.71338 0.978516 6.16363 -0.465236 -0.424311 0.019999 0.527838 -0.254878 0.002184 0.553711 -0.305664 0.225586 0.527838 -0.254878 0.002184 1.31977 -0.812007 -0.084185 1.27191 -0.27978 -0.043169 -2.5708 2.72607 3.26031 -2.30029 2.89111 4.49566 -3.64453 1.8208 4.03174 -1.09087 -0.746089 0.373053 -0.465236 -0.424311 0.019999 -0.382338 -0.491694 0.460388 -2.47852 1.88281 5.93121 -2.71338 0.978516 6.16363 -3.28418 1.6958 5.65918 -2.30029 -2.89111 4.49566 -3.64453 -1.8208 4.03174 -3.41211 -2.19482 4.84619 -2.5708 -2.72607 3.26031 -3.64453 -1.8208 4.03174 -2.30029 -2.89111 4.49566 -1.4707 1.44287 0.987849 0.374023 2.65967 1.32232 -1.43311 2.43457 1.59429 0.503906 1.5459 0.549373 0.374023 2.65967 1.32232 -1.4707 1.44287 0.987849 -1.09087 -0.746089 0.373053 -0.382338 -0.491694 0.460388 -0.883416 -0.928706 0.679403 1.35639 -0.53271 0.312788 0.706543 -0.524902 0.535645 1.28266 -0.329096 0.247846 -2.71338 -0.978516 6.16363 -3.28418 -1.6958 5.65918 -3.28613 -0.994141 6.00537 -2.47852 -1.88281 5.93121 -3.28418 -1.6958 5.65918 -2.71338 -0.978516 6.16363 -2.79199 2.0791 2.54644 -1.31689 3.17676 2.8941 -2.5708 2.72607 3.26031 -1.43311 2.43457 1.59429 -1.31689 3.17676 2.8941 -2.79199 2.0791 2.54644 -1.48926 0 0.732966 0.503906 1.5459 0.549373 -1.4707 1.44287 0.987849 0.556641 0 0.246638 0.503906 1.5459 0.549373 -1.48926 0 0.732966 -3.07568 0 1.65094 -1.4707 1.44287 0.987849 -2.96436 1.12549 1.97857 -1.48926 0 0.732966 -1.4707 1.44287 0.987849 -3.07568 0 1.65094 -1.4707 -1.44287 0.987849 -3.07568 0 1.65094 -2.96436 -1.12549 1.97857 -1.48926 0 0.732966 -3.07568 0 1.65094 -1.4707 -1.44287 0.987849 -1.4707 -1.44287 0.987849 -2.79199 -2.0791 2.54644 -1.43311 -2.43457 1.59429 -2.96436 -1.12549 1.97857 -2.79199 -2.0791 2.54644 -1.4707 -1.44287 0.987849 0.374023 -2.65967 1.32232 -1.4707 -1.44287 0.987849 -1.43311 -2.43457 1.59429 0.503906 -1.5459 0.549373 -1.4707 -1.44287 0.987849 0.374023 -2.65967 1.32232 0.503906 -1.5459 0.549373 -1.48926 0 0.732966 -1.4707 -1.44287 0.987849 0.556641 0 0.246638 -1.48926 0 0.732966 0.503906 -1.5459 0.549373 -1.31689 -3.17676 2.8941 -2.79199 -2.0791 2.54644 -2.5708 -2.72607 3.26031 -1.43311 -2.43457 1.59429 -2.79199 -2.0791 2.54644 -1.31689 -3.17676 2.8941 -0.883416 -0.928706 0.679403 -1.25939 -1.19775 0.404305 -1.09087 -0.746089 0.373053 -0.382338 -0.491694 0.460388 0.706543 -0.524902 0.535645 -0.212048 -0.836421 0.725777 -0.465236 -1.9707 0.019999 -0.382338 -1.90332 0.460388 0.553711 -2.08936 0.225586 0.527838 -2.14013 0.002184 1.27191 -2.11523 -0.043169 1.31977 -1.583 -0.084185 -1.10872 -0.763667 0.004618 -1.09087 -0.746089 0.373053 -1.25939 -1.19775 0.404305 -1.10872 -1.63134 0.004618 -1.09087 -1.64892 0.373053 -0.465236 -1.9707 0.019999 -1.09087 -1.64892 0.373053 -0.883416 -1.4663 0.679403 -0.382338 -1.90332 0.460388 1.35639 -1.8623 0.312788 1.28266 -2.06591 0.247846 0.706543 -1.87012 0.535645 -1.25939 -1.19775 0.404305 -0.883416 -1.4663 0.679403 -1.09087 -1.64892 0.373053 0.527838 -2.14013 0.002184 1.31977 -1.583 -0.084185 0.528034 -1.76953 -0.106189 -0.382338 -1.90332 0.460388 -0.212048 -1.55859 0.725777 0.706543 -1.87012 0.535645 -1.67529 2.63672 5.58453 -2.47852 1.88281 5.93121 -3.28418 1.6958 5.65918 1.28139 -2.43896 8.20269 2.35645 -3.60254 8.12549 2.67254 0 8.98382 -2.96436 1.12549 1.97857 -3.8418 1.3125 3.5 -4.05029 0 2.9375 -2.30029 2.89111 4.49566 -3.28418 1.6958 5.65918 -3.41211 2.19482 4.84619 4.69028 3.61475 8.42789 2.97266 3.11865 8.5752 3.39683 4.23535 7.80825 -1.67529 -2.63672 5.58453 -2.30029 -2.89111 4.49566 -3.28418 -1.6958 5.65918 -2.96436 -1.12549 1.97857 -3.07568 0 1.65094 -4.05029 0 2.9375 4.69028 3.61475 8.42789 4.41243 1.76416 8.72418 2.97266 3.11865 8.5752 -1.67529 -2.63672 5.58453 -3.28418 -1.6958 5.65918 -2.47852 -1.88281 5.93121 4.69028 -3.61475 8.42789 3.39683 -4.23535 7.80825 2.97266 -3.11865 8.5752 4.69028 -3.61475 8.42789 2.97266 -3.11865 8.5752 4.41243 -1.76416 8.72418 -1.67529 2.63672 5.58453 -3.28418 1.6958 5.65918 -2.30029 2.89111 4.49566 -2.96436 1.12549 1.97857 -4.05029 0 2.9375 -3.07568 0 1.65094 1.53755 0 8.80897 0.906392 1.77197 8.36577 0.906392 0 8.36577 -2.30029 -2.89111 4.49566 -3.41211 -2.19482 4.84619 -3.28418 -1.6958 5.65918 -2.96436 -1.12549 1.97857 -4.05029 0 2.9375 -3.8418 -1.3125 3.5 0.906392 -1.77197 8.36577 2.67254 0 8.98382 3.39683 4.23535 7.80825 2.35645 3.60254 8.12549 1.28139 2.43896 8.20269 2.67254 0 8.98382 2.35645 3.60254 8.12549 2.67254 0 8.98382 2.35645 -3.60254 8.12549 3.39683 -4.23535 7.80825 3.03335 0.534668 9.30962 2.7892 0.977051 9.11382 3.17041 1.31543 8.93164 0.374023 2.65967 1.32232 -1.31689 3.17676 2.8941 -1.43311 2.43457 1.59429 0.374023 2.65967 1.32232 0.125488 3.44141 2.89947 -1.31689 3.17676 2.8941 -1.67529 2.63672 5.58453 -2.30029 2.89111 4.49566 -1.03516 3.29297 4.38238 -1.31689 3.17676 2.8941 -1.03516 3.29297 4.38238 -2.30029 2.89111 4.49566 -1.31689 -3.17676 2.8941 -2.5708 -2.72607 3.26031 -2.30029 -2.89111 4.49566 0.125488 -3.44141 2.89947 -1.31689 -3.17676 2.8941 -1.03516 -3.29297 4.38238 -0.193848 -3.08691 5.37115 -1.03516 -3.29297 4.38238 -1.67529 -2.63672 5.58453 0.374023 -2.65967 1.32232 -1.43311 -2.43457 1.59429 -1.31689 -3.17676 2.8941 -1.31689 3.17676 2.8941 -2.30029 2.89111 4.49566 -2.5708 2.72607 3.26031 0.125488 3.44141 2.89947 -1.03516 3.29297 4.38238 -1.31689 3.17676 2.8941 -0.193848 3.08691 5.37115 -1.67529 2.63672 5.58453 -1.03516 3.29297 4.38238 0.374023 -2.65967 1.32232 -1.31689 -3.17676 2.8941 0.125488 -3.44141 2.89947 -1.67529 -2.63672 5.58453 -1.03516 -3.29297 4.38238 -2.30029 -2.89111 4.49566 -1.31689 -3.17676 2.8941 -2.30029 -2.89111 4.49566 -1.03516 -3.29297 4.38238 3.03335 0.534668 9.30962 3.66064 0.355469 9.11523 3.17299 0.24707 9.65777 3.03335 -0.534668 9.30962 3.17041 -1.31543 8.93164 2.7892 -0.977051 9.11382 3.03335 -0.534668 9.30962 3.17299 -0.24707 9.65777 3.66064 -0.355469 9.11523 8.22907 -0.723633 8.55191 6.34805 -0.678711 8.60596 7.84344 0 8.80422 7.84344 0 8.80422 6.34805 -0.678711 8.60596 6.29052 0 8.77638 6.29052 0 8.77638 6.34805 -0.678711 8.60596 4.3732 0 9.06796 4.3732 0 9.06796 6.34805 -0.678711 8.60596 4.3469 -0.423828 8.83749 8.22907 0.723633 8.55191 7.84344 0 8.80422 6.34805 0.678711 8.60596 6.34805 0.678711 8.60596 7.84344 0 8.80422 6.29052 0 8.77638 6.29052 0 8.77638 4.3732 0 9.06796 6.34805 0.678711 8.60596 6.34805 0.678711 8.60596 4.3732 0 9.06796 4.3469 0.423828 8.83749 1.31977 -0.812007 -0.084185 1.31977 -1.583 -0.084185 1.89057 -0.980464 -0.084185 1.89057 -0.980464 -0.084185 1.31977 -1.583 -0.084185 1.89057 -1.41455 -0.084185 -5.50777 0 5.75269 -5.21826 0 5.11377 -5.12354 0.57959 5.47461 4.41243 1.76416 8.72418 4.3469 0.423828 8.83749 3.17041 1.31543 8.93164 -5.53262 0 6.23545 -5.02393 0.68457 5.81396 -4.92969 0.508789 6.15186 4.3732 0 9.06796 3.79834 0 9.29248 4.3469 0.423828 8.83749 4.3469 0.423828 8.83749 3.79834 0 9.29248 3.66064 0.355469 9.11523 -5.50777 0 5.75269 -5.12354 -0.57959 5.47461 -5.21826 0 5.11377 -0.465236 -0.424311 0.019999 -0.523467 -0.617671 -0.08451 0.527838 -0.254878 0.002184 -5.53262 0 6.23545 -4.92969 -0.508789 6.15186 -5.02393 -0.68457 5.81396 0.527838 -0.254878 0.002184 -0.523467 -0.617671 -0.08451 0.528034 -0.625483 -0.106189 -1.11192 0.766113 7.87054 -1.58838 1.54834 6.74805 -0.947018 1.4248 7.49578 -1.10872 -1.63134 0.004618 -0.523467 -1.77734 -0.08451 -1.10872 -0.763667 0.004618 -0.947018 1.4248 7.49578 -1.3111 2.23096 6.46817 -0.837703 2.14453 7.13284 -1.10872 -0.763667 0.004618 -0.523467 -1.77734 -0.08451 -0.523467 -0.617671 -0.08451 -1.07246 2.66699 6.13633 -0.193848 3.08691 5.37115 -0.051583 2.91064 5.90904 -1.67529 2.63672 5.58453 -0.193848 3.08691 5.37115 -1.07246 2.66699 6.13633 -0.193848 3.08691 5.37115 0.83001 2.86475 6.08691 -0.051583 2.91064 5.90904 1.25858 3.06982 5.46256 0.83001 2.86475 6.08691 -0.193848 3.08691 5.37115 -0.330386 1.08936 8.28516 -0.837703 2.14453 7.13284 -0.044322 2.20801 7.30721 -0.947018 1.4248 7.49578 -0.837703 2.14453 7.13284 -0.330386 1.08936 8.28516 0.83001 -2.86475 6.08691 -0.193848 -3.08691 5.37115 -0.051583 -2.91064 5.90904 1.25858 -3.06982 5.46256 -0.193848 -3.08691 5.37115 0.83001 -2.86475 6.08691 -0.837703 -2.14453 7.13284 -0.330386 -1.08936 8.28516 -0.044322 -2.20801 7.30721 -0.947018 -1.4248 7.49578 -0.330386 -1.08936 8.28516 -0.837703 -2.14453 7.13284 -0.193848 -3.08691 5.37115 -1.07246 -2.66699 6.13633 -0.051583 -2.91064 5.90904 -1.67529 -2.63672 5.58453 -1.07246 -2.66699 6.13633 -0.193848 -3.08691 5.37115 -0.523467 -0.617671 -0.08451 -0.523467 -1.77734 -0.08451 0.528034 -0.625483 -0.106189 0.528034 -0.625483 -0.106189 -0.523467 -1.77734 -0.08451 0.528034 -1.76953 -0.106189 -2.71338 0.978516 6.16363 -1.58838 1.54834 6.74805 -1.76416 0.880859 6.97217 -2.47852 1.88281 5.93121 -1.58838 1.54834 6.74805 -2.71338 0.978516 6.16363 -1.3111 -2.23096 6.46817 -0.947018 -1.4248 7.49578 -0.837703 -2.14453 7.13284 0.528034 -1.76953 -0.106189 1.31977 -1.583 -0.084185 0.528034 -0.625483 -0.106189 0.528034 -0.625483 -0.106189 1.31977 -1.583 -0.084185 1.31977 -0.812007 -0.084185 -2.47852 -1.88281 5.93121 -2.71338 -0.978516 6.16363 -1.58838 -1.54834 6.74805 -2.82129 0 6.23687 -1.76416 0.880859 6.97217 -1.89355 0 7.23486 -2.71338 0.978516 6.16363 -1.76416 0.880859 6.97217 -2.82129 0 6.23687 1.53755 0 8.80897 0.906392 -1.77197 8.36577 2.67254 0 8.98382 -2.71338 -0.978516 6.16363 -2.82129 0 6.23687 -1.76416 -0.880859 6.97217 0.556641 0 0.246638 2.64697 1.43555 0.679199 0.503906 1.5459 0.549373 2.67254 0 8.98382 0.906392 -1.77197 8.36577 1.28139 -2.43896 8.20269 0.374023 2.65967 1.32232 2.64697 1.43555 0.679199 2.44092 2.53467 1.30615 0.503906 1.5459 0.549373 2.64697 1.43555 0.679199 0.374023 2.65967 1.32232 1.53755 0 8.80897 2.67254 0 8.98382 0.906392 1.77197 8.36577 0.906392 1.77197 8.36577 2.67254 0 8.98382 1.28139 2.43896 8.20269 1.28139 -2.43896 8.20269 1.881 -2.41992 8.54986 2.35645 -3.60254 8.12549 0.503906 -1.5459 0.549373 0.374023 -2.65967 1.32232 2.64697 -1.43555 0.679199 1.28139 2.43896 8.20269 2.35645 3.60254 8.12549 1.881 2.41992 8.54986 1.881 2.41992 8.54986 2.35645 3.60254 8.12549 2.97266 3.11865 8.5752 -0.523467 -1.77734 -0.08451 -0.465236 -1.9707 0.019999 0.528034 -1.76953 -0.106189 0.528034 -1.76953 -0.106189 -0.465236 -1.9707 0.019999 0.527838 -2.14013 0.002184 1.28266 -0.329096 0.247846 0.527838 -0.254878 0.002184 1.27191 -0.27978 -0.043169 -0.883416 -1.4663 0.679403 -0.883416 -0.928706 0.679403 -0.212048 -1.55859 0.725777 -0.212048 -1.55859 0.725777 -0.883416 -0.928706 0.679403 -0.212048 -0.836421 0.725777 0.527838 -2.14013 0.002184 1.28266 -2.06591 0.247846 1.27191 -2.11523 -0.043169 2.08346 2.91504 4.41171 1.25858 3.06982 5.46256 0.855469 3.42383 4.48975 0.125488 3.44141 2.89947 0.855469 3.42383 4.48975 -1.03516 3.29297 4.38238 -0.193848 -3.08691 5.37115 0.855469 -3.42383 4.48975 -1.03516 -3.29297 4.38238 0.125488 -3.44141 2.89947 0.855469 -3.42383 4.48975 1.18066 -3.36084 3.10059 0.125488 -3.44141 2.89947 -1.03516 -3.29297 4.38238 0.855469 -3.42383 4.48975 -0.193848 3.08691 5.37115 -1.03516 3.29297 4.38238 0.855469 3.42383 4.48975 0.125488 3.44141 2.89947 1.18066 3.36084 3.10059 0.855469 3.42383 4.48975 4.41243 -1.76416 8.72418 3.17041 -1.31543 8.93164 4.3469 -0.423828 8.83749 -1.36606 0 8.35775 -1.76416 0.880859 6.97217 -1.11192 0.766113 7.87054 -1.36606 0 8.35775 -1.11192 -0.766113 7.87054 -1.76416 -0.880859 6.97217 4.3469 -0.423828 8.83749 3.17041 -1.31543 8.93164 3.66064 -0.355469 9.11523 -2.47852 1.88281 5.93121 -1.3111 2.23096 6.46817 -1.58838 1.54834 6.74805 -1.36606 0 8.35775 -1.89355 0 7.23486 -1.76416 0.880859 6.97217 -1.36606 0 8.35775 -1.76416 -0.880859 6.97217 -1.89355 0 7.23486 -2.47852 -1.88281 5.93121 -1.58838 -1.54834 6.74805 -1.3111 -2.23096 6.46817 -1.3111 2.23096 6.46817 -1.67529 2.63672 5.58453 -1.07246 2.66699 6.13633 4.3732 0 9.06796 4.3469 -0.423828 8.83749 3.79834 0 9.29248 2.7892 -0.977051 9.11382 3.17041 -1.31543 8.93164 2.31313 -1.41943 8.9649 2.31313 -1.41943 8.9649 3.17041 -1.31543 8.93164 2.53906 -1.99951 8.77148 2.7892 0.977051 9.11382 2.31313 1.41943 8.9649 3.17041 1.31543 8.93164 -0.382338 1.90332 0.460388 -0.212048 1.55859 0.725777 -0.883416 1.46631 0.679403 -0.883416 0.92871 0.679403 -0.212048 0.836425 0.725777 -0.382338 0.491698 0.460388 1.25858 3.06982 5.46256 1.15751 2.67676 6.32677 0.83001 2.86475 6.08691 -2.47852 -1.88281 5.93121 -1.3111 -2.23096 6.46817 -1.67529 -2.63672 5.58453 -1.3111 -2.23096 6.46817 -1.07246 -2.66699 6.13633 -1.67529 -2.63672 5.58453 -2.47852 1.88281 5.93121 -1.67529 2.63672 5.58453 -1.3111 2.23096 6.46817 0.374023 2.65967 1.32232 2.26563 3.2002 2.19971 0.125488 3.44141 2.89947 -1.10872 0.763671 0.004619 -1.09087 0.746093 0.373054 -0.465236 0.424315 0.019999 0.374023 -2.65967 1.32232 0.125488 -3.44141 2.89947 2.26563 -3.2002 2.19971 -0.465236 1.9707 0.019999 -0.382338 1.90332 0.460388 -1.09087 1.64892 0.373054 -1.10872 0.763671 0.004619 -1.10872 1.63135 0.004619 -1.25939 1.19775 0.404305 -1.10872 1.63135 0.004619 -1.09087 1.64892 0.373054 -1.25939 1.19775 0.404305 -1.10872 0.763671 0.004619 -0.465236 0.424315 0.019999 -0.523467 0.617675 -0.08451 -0.523467 1.77734 -0.08451 -0.465236 1.9707 0.019999 -1.10872 1.63135 0.004619 1.25858 -3.06982 5.46256 0.83001 -2.86475 6.08691 1.15751 -2.67676 6.32677 1.25858 3.06982 5.46256 -0.193848 3.08691 5.37115 0.855469 3.42383 4.48975 2.08346 -2.91504 4.41171 0.855469 -3.42383 4.48975 1.25858 -3.06982 5.46256 1.25858 -3.06982 5.46256 0.855469 -3.42383 4.48975 -0.193848 -3.08691 5.37115 -0.883416 1.46631 0.679403 -0.883416 0.92871 0.679403 -1.25939 1.19775 0.404305 -1.09087 0.746093 0.373054 -0.382338 0.491698 0.460388 -0.465236 0.424315 0.019999 -1.09087 0.746093 0.373054 -0.883416 0.92871 0.679403 -0.382338 0.491698 0.460388 -0.883416 0.92871 0.679403 -1.09087 0.746093 0.373054 -1.25939 1.19775 0.404305 -1.10872 0.763671 0.004619 -1.25939 1.19775 0.404305 -1.09087 0.746093 0.373054 0.661229 11.3755 6.22271 0.675781 9.77881 6.24365 1.0752 11.4077 6.04834 0.661229 11.3755 6.22271 0.499023 9.77881 6.64307 0.675781 9.77881 6.24365 -1.10872 1.63135 0.004619 -0.465236 1.9707 0.019999 -1.09087 1.64892 0.373054 -1.09087 1.64892 0.373054 -0.382338 1.90332 0.460388 -0.883416 1.46631 0.679403 -1.25939 1.19775 0.404305 -1.09087 1.64892 0.373054 -0.883416 1.46631 0.679403 1.26621 -13.5855 6.64311 1.17002 -13.5855 6.41997 0.924413 -13.6665 6.64311 1.17002 -13.5855 6.86626 1.26621 -13.5855 6.64311 0.924413 -13.6665 6.64311 -0.465236 0.424315 0.019999 -0.382338 0.491698 0.460388 0.553711 0.305664 0.225586 -0.465236 1.9707 0.019999 0.527832 2.14014 0.001953 0.553711 2.08936 0.225586 -0.212048 1.55859 0.725777 1.02832 1.52295 0.577637 1.02197 1.19775 0.626465 -0.465236 0.424315 0.019999 0.553711 0.305664 0.225586 0.527832 0.254883 0.001953 -0.212048 1.55859 0.725777 1.02197 1.19775 0.626465 -0.212048 0.836425 0.725777 -0.212048 0.836425 0.725777 1.02832 0.87207 0.577637 0.706543 0.524902 0.535645 -0.382338 0.491698 0.460388 -0.212048 0.836425 0.725777 0.706543 0.524902 0.535645 -0.465236 1.9707 0.019999 0.553711 2.08936 0.225586 -0.382338 1.90332 0.460388 -0.212048 1.55859 0.725777 0.706543 1.87012 0.535645 1.02832 1.52295 0.577637 -0.382338 1.90332 0.460388 0.706543 1.87012 0.535645 -0.212048 1.55859 0.725777 0.937596 -13.5855 6.95903 1.17002 -13.5855 6.86626 0.924413 -13.6665 6.64311 -1.37149 -13.586 6.41802 -1.12344 -13.6685 6.64311 -1.13711 -13.586 6.32475 -1.46817 -13.586 6.64311 -1.12344 -13.6685 6.64311 -1.37149 -13.586 6.41802 1.89057 1.41455 -0.084185 1.89057 0.980468 -0.084185 2.29731 1.19775 -0.084185 2.29731 1.19775 -0.084185 1.67621 0.970214 0.174115 1.7519 1.19775 0.318158 1.89057 0.980468 -0.084185 1.67621 0.970214 0.174115 2.29731 1.19775 -0.084185 1.95063 0.455077 -0.084185 1.35639 0.532714 0.312787 1.3559 0.732421 0.220014 1.95063 0.455077 -0.084185 1.28266 0.3291 0.247846 1.35639 0.532714 0.312787 1.3559 0.732421 0.220014 1.31977 0.812011 -0.084185 1.95063 0.455077 -0.084185 1.28266 0.3291 0.247846 1.95063 0.455077 -0.084185 1.27191 0.279784 -0.04317 1.67621 0.970214 0.174115 1.89057 0.980468 -0.084185 1.31977 0.812011 -0.084185 1.31977 0.812011 -0.084185 1.27191 0.279784 -0.04317 1.95063 0.455077 -0.084185 2.29731 1.19775 -0.084185 1.7519 1.19775 0.318158 1.67621 1.4248 0.174115 1.89057 1.41455 -0.084185 2.29731 1.19775 -0.084185 1.67621 1.4248 0.174115 1.95063 1.93994 -0.084185 1.3559 1.6626 0.220014 1.35639 1.8623 0.312787 1.95063 1.93994 -0.084185 1.35639 1.8623 0.312787 1.28266 2.06592 0.247846 1.3559 1.6626 0.220014 1.95063 1.93994 -0.084185 1.31977 1.58301 -0.084185 1.28266 2.06592 0.247846 1.27191 2.11523 -0.04317 1.95063 1.93994 -0.084185 1.67621 1.4248 0.174115 1.31977 1.58301 -0.084185 1.89057 1.41455 -0.084185 1.31977 1.58301 -0.084185 1.95063 1.93994 -0.084185 1.27191 2.11523 -0.04317 -1.13711 -13.586 6.96147 -1.12344 -13.6685 6.64311 -1.37149 -13.586 6.86821 1.7519 1.19775 0.318158 1.67621 0.970214 0.174115 1.02832 0.87207 0.577637 1.3559 0.732421 0.220014 1.35639 0.532714 0.312787 1.02832 0.87207 0.577637 1.7519 1.19775 0.318158 1.02832 0.87207 0.577637 1.02197 1.19775 0.626465 1.35639 0.532714 0.312787 1.28266 0.3291 0.247846 0.706543 0.524902 0.535645 1.67621 0.970214 0.174115 1.31977 0.812011 -0.084185 1.02832 0.87207 0.577637 1.7519 1.19775 0.318158 1.02832 1.52295 0.577637 1.67621 1.4248 0.174115 1.3559 1.6626 0.220014 1.02832 1.52295 0.577637 1.35639 1.8623 0.312787 1.7519 1.19775 0.318158 1.02197 1.19775 0.626465 1.02832 1.52295 0.577637 1.35639 1.8623 0.312787 0.706543 1.87012 0.535645 1.28266 2.06592 0.247846 1.67621 1.4248 0.174115 1.02832 1.52295 0.577637 1.31977 1.58301 -0.084185 -0.902736 -13.586 6.41802 -1.13711 -13.586 6.32475 -1.12344 -13.6685 6.64311 -0.805568 -13.586 6.64311 -0.902736 -13.586 6.41802 -1.12344 -13.6685 6.64311 -0.902736 -13.586 6.86821 -0.805568 -13.586 6.64311 -1.12344 -13.6685 6.64311 0.619236 12.8711 6.24322 0.487793 11.4077 6.64307 0.661229 11.3755 6.22271 0.455174 12.8711 6.64312 0.487793 11.4077 6.64307 0.619236 12.8711 6.24322 -1.13711 -13.586 6.96147 -0.902736 -13.586 6.86821 -1.12344 -13.6685 6.64311 -0.330958 -13.6045 6.42095 -0.100001 -13.6929 6.64311 -0.100001 -13.6045 6.32915 -0.426661 -13.6045 6.64311 -0.100001 -13.6929 6.64311 -0.330958 -13.6045 6.42095 -0.330958 -13.6045 6.86528 -0.100001 -13.6929 6.64311 -0.426661 -13.6045 6.64311 -0.100001 -13.6045 6.95757 -0.100001 -13.6929 6.64311 -0.330958 -13.6045 6.86528 0.131444 -13.6045 6.42095 -0.100001 -13.6045 6.32915 -0.100001 -13.6929 6.64311 0.227147 -13.6045 6.64311 0.131444 -13.6045 6.42095 -0.100001 -13.6929 6.64311 0.131444 -13.6045 6.86528 0.227147 -13.6045 6.64311 -0.100001 -13.6929 6.64311 -0.100001 -13.6045 6.95757 0.131444 -13.6045 6.86528 -0.100001 -13.6929 6.64311 -1.37149 -13.586 6.86821 -1.12344 -13.6685 6.64311 -1.46817 -13.586 6.64311 0.705175 -13.5855 6.41997 0.924413 -13.6665 6.64311 0.937596 -13.5855 6.32768 0.608983 -13.5855 6.64311 0.924413 -13.6665 6.64311 0.705175 -13.5855 6.41997 0.705175 -13.5855 6.86626 0.924413 -13.6665 6.64311 0.608983 -13.5855 6.64311 0.937596 -13.5855 6.95903 0.924413 -13.6665 6.64311 0.705175 -13.5855 6.86626 1.17002 -13.5855 6.41997 0.937596 -13.5855 6.32768 0.924413 -13.6665 6.64311 -1.10872 1.63135 0.004619 -1.10872 0.763671 0.004619 -0.523467 1.77734 -0.08451 -0.523467 1.77734 -0.08451 -1.10872 0.763671 0.004619 -0.523467 0.617675 -0.08451 -0.883416 1.46631 0.679403 -0.212048 1.55859 0.725777 -0.883416 0.92871 0.679403 -0.883416 0.92871 0.679403 -0.212048 1.55859 0.725777 -0.212048 0.836425 0.725777 -0.465236 0.424315 0.019999 0.527832 0.254883 0.001953 -0.523467 0.617675 -0.08451 -0.523467 0.617675 -0.08451 0.527832 0.254883 0.001953 0.527832 0.625488 -0.105957 -0.523467 0.617675 -0.08451 0.527832 0.625488 -0.105957 -0.523467 1.77734 -0.08451 0.527832 1.76953 -0.105957 -0.818752 12.8711 6.24322 -1.20938 12.8711 6.07769 -0.86084 11.4077 6.22266 -0.523467 1.77734 -0.08451 0.527832 1.76953 -0.105957 -0.465236 1.9707 0.019999 -0.654689 12.8711 6.64312 -0.818752 12.8711 6.24322 -0.687012 11.4077 6.64307 -0.465236 1.9707 0.019999 0.527832 1.76953 -0.105957 0.527832 2.14014 0.001953 -0.818752 12.8711 7.04302 -0.654689 12.8711 6.64312 -0.86084 11.4077 7.06348 1.31977 0.812011 -0.084185 1.89057 0.980468 -0.084185 1.31977 1.58301 -0.084185 -1.20938 12.8711 7.20855 -0.818752 12.8711 7.04302 -1.27441 11.4077 7.23779 -1.6 12.8711 7.04302 -1.27441 11.4077 7.23779 -1.68848 11.4077 7.06348 -1.20938 12.8711 7.20855 -1.27441 11.4077 7.23779 -1.6 12.8711 7.04302 -1.76211 12.8711 6.64312 -1.68848 11.4077 7.06348 -1.85986 11.4077 6.64307 -1.6 12.8711 7.04302 -1.68848 11.4077 7.06348 -1.76211 12.8711 6.64312 -1.6 12.8711 6.24322 -1.85986 11.4077 6.64307 -1.68848 11.4077 6.22266 -1.76211 12.8711 6.64312 -1.85986 11.4077 6.64307 -1.6 12.8711 6.24322 -1.20938 12.8711 6.07769 -1.68848 11.4077 6.22266 -1.27441 11.4077 6.04834 -1.6 12.8711 6.24322 -1.68848 11.4077 6.22266 -1.20938 12.8711 6.07769 1.31977 1.58301 -0.084185 1.89057 0.980468 -0.084185 1.89057 1.41455 -0.084185 1.40049 12.8711 6.24322 1.00986 12.8711 6.07769 1.48877 11.4077 6.22266 1.31977 1.58301 -0.084185 0.527832 0.625488 -0.105957 1.31977 0.812011 -0.084185 1.56211 12.8711 6.64312 1.40049 12.8711 6.24322 1.66016 11.4077 6.64307 1.28266 2.06592 0.247846 0.527832 2.14014 0.001953 1.27191 2.11523 -0.04317 1.40049 12.8711 7.04302 1.56211 12.8711 6.64312 1.48877 11.4077 7.06348 0.619237 -12.8711 6.24321 1.00986 -12.8711 6.07768 0.661229 -11.3755 6.2227 1.00986 12.8711 7.20855 1.40049 12.8711 7.04302 1.0752 11.4077 7.23779 0.619236 12.8711 7.04302 1.0752 11.4077 7.23779 0.661133 11.4077 7.06348 1.00986 12.8711 7.20855 1.0752 11.4077 7.23779 0.619236 12.8711 7.04302 0.455174 12.8711 6.64312 0.661133 11.4077 7.06348 0.487793 11.4077 6.64307 0.619236 12.8711 7.04302 0.661133 11.4077 7.06348 0.455174 12.8711 6.64312 0.661229 -11.3755 6.2227 1.00986 -12.8711 6.07768 1.0752 -11.4077 6.04834 0.455175 -12.8711 6.64311 0.619237 -12.8711 6.24321 0.487793 -11.4077 6.64307 1.00986 12.8711 6.07769 0.661229 11.3755 6.22271 1.0752 11.4077 6.04834 0.619236 12.8711 6.24322 0.661229 11.3755 6.22271 1.00986 12.8711 6.07769 0.619237 -12.8711 7.04302 0.455175 -12.8711 6.64311 0.661133 -11.4077 7.06348 0.291111 12.8711 6.24322 -0.100002 12.8711 6.07769 0.313965 11.4077 6.22266 1.00986 -12.8711 7.20854 0.619237 -12.8711 7.04302 1.0752 -11.4077 7.23779 0.455174 12.8711 6.64312 0.291111 12.8711 6.24322 0.487793 11.4077 6.64307 1.00986 -12.8711 7.20854 1.0752 -11.4077 7.23779 1.40049 -12.8711 7.04302 0.291111 12.8711 7.04302 0.455174 12.8711 6.64312 0.313965 11.4077 7.06348 1.40049 -12.8711 7.04302 1.0752 -11.4077 7.23779 1.48877 -11.4077 7.06348 -0.100002 12.8711 7.20855 0.291111 12.8711 7.04302 -0.099609 11.4077 7.23779 -0.490627 12.8711 7.04302 -0.099609 11.4077 7.23779 -0.513672 11.4077 7.06348 -0.100002 12.8711 7.20855 -0.099609 11.4077 7.23779 -0.490627 12.8711 7.04302 -0.654689 12.8711 6.64312 -0.513672 11.4077 7.06348 -0.687012 11.4077 6.64307 -0.490627 12.8711 7.04302 -0.513672 11.4077 7.06348 -0.654689 12.8711 6.64312 -0.490627 12.8711 6.24322 -0.687012 11.4077 6.64307 -0.513672 11.4077 6.22266 -0.654689 12.8711 6.64312 -0.687012 11.4077 6.64307 -0.490627 12.8711 6.24322 -0.100002 12.8711 6.07769 -0.513672 11.4077 6.22266 -0.099609 11.4077 6.04834 -0.490627 12.8711 6.24322 -0.513672 11.4077 6.22266 -0.100002 12.8711 6.07769 -0.818752 12.8711 7.04302 -1.16641 13.3018 7.14068 -0.801662 13.3018 6.99517 -1.20938 12.8711 7.20855 -1.16641 13.3018 7.14068 -0.818752 12.8711 7.04302 -0.654689 12.8711 6.64312 -0.801662 13.3018 6.99517 -0.650783 13.3018 6.64312 -0.818752 12.8711 7.04302 -0.801662 13.3018 6.99517 -0.654689 12.8711 6.64312 -0.818752 12.8711 6.24322 -0.650783 13.3018 6.64312 -0.801662 13.3018 6.29107 -0.654689 12.8711 6.64312 -0.650783 13.3018 6.64312 -0.818752 12.8711 6.24322 -1.20938 12.8711 6.07769 -0.801662 13.3018 6.29107 -1.16641 13.3018 6.14556 -0.818752 12.8711 6.24322 -0.801662 13.3018 6.29107 -1.20938 12.8711 6.07769 -1.16641 13.3018 7.14068 -1.6 12.8711 7.04302 -1.53067 13.3018 6.99517 -1.20938 12.8711 7.20855 -1.6 12.8711 7.04302 -1.16641 13.3018 7.14068 -1.53067 13.3018 6.99517 -1.76211 12.8711 6.64312 -1.68154 13.3018 6.64312 -1.6 12.8711 7.04302 -1.76211 12.8711 6.64312 -1.53067 13.3018 6.99517 -1.68154 13.3018 6.64312 -1.6 12.8711 6.24322 -1.53067 13.3018 6.29107 -1.76211 12.8711 6.64312 -1.6 12.8711 6.24322 -1.68154 13.3018 6.64312 -1.53067 13.3018 6.29107 -1.20938 12.8711 6.07769 -1.16641 13.3018 6.14556 -1.6 12.8711 6.24322 -1.20938 12.8711 6.07769 -1.53067 13.3018 6.29107 -1.37149 13.586 6.86822 -1.68154 13.3018 6.64312 -1.46817 13.586 6.64312 -1.53067 13.3018 6.99517 -1.68154 13.3018 6.64312 -1.37149 13.586 6.86822 -1.68154 13.3018 6.64312 -1.37149 13.586 6.41802 -1.46817 13.586 6.64312 -1.53067 13.3018 6.29107 -1.37149 13.586 6.41802 -1.68154 13.3018 6.64312 -1.53067 13.3018 6.29107 -1.13711 13.586 6.32476 -1.37149 13.586 6.41802 -1.16641 13.3018 6.14556 -1.13711 13.586 6.32476 -1.53067 13.3018 6.29107 -1.16641 13.3018 6.14556 -0.902736 13.586 6.41802 -1.13711 13.586 6.32476 -0.801662 13.3018 6.29107 -0.902736 13.586 6.41802 -1.16641 13.3018 6.14556 -0.801662 13.3018 6.29107 -0.805568 13.586 6.64312 -0.902736 13.586 6.41802 -0.650783 13.3018 6.64312 -0.805568 13.586 6.64312 -0.801662 13.3018 6.29107 -0.650783 13.3018 6.64312 -0.902736 13.586 6.86822 -0.805568 13.586 6.64312 -0.801662 13.3018 6.99517 -0.902736 13.586 6.86822 -0.650783 13.3018 6.64312 -0.801662 13.3018 6.99517 -1.13711 13.586 6.96148 -0.902736 13.586 6.86822 -1.16641 13.3018 7.14068 -1.13711 13.586 6.96148 -0.801662 13.3018 6.99517 -1.16641 13.3018 7.14068 -1.37149 13.586 6.86822 -1.13711 13.586 6.96148 -1.53067 13.3018 6.99517 -1.37149 13.586 6.86822 -1.16641 13.3018 7.14068 1.40049 12.8711 7.04302 0.966893 13.3038 7.13677 1.32822 13.3038 6.99224 1.00986 12.8711 7.20855 0.966893 13.3038 7.13677 1.40049 12.8711 7.04302 1.56211 12.8711 6.64312 1.32822 13.3038 6.99224 1.47763 13.3038 6.64312 1.40049 12.8711 7.04302 1.32822 13.3038 6.99224 1.56211 12.8711 6.64312 1.40049 12.8711 6.24322 1.47763 13.3038 6.64312 1.32822 13.3038 6.294 1.56211 12.8711 6.64312 1.47763 13.3038 6.64312 1.40049 12.8711 6.24322 1.00986 12.8711 6.07769 1.32822 13.3038 6.294 0.966893 13.3038 6.14947 1.40049 12.8711 6.24322 1.32822 13.3038 6.294 1.00986 12.8711 6.07769 0.966893 13.3038 7.13677 0.619236 12.8711 7.04302 0.605564 13.3038 6.99224 1.00986 12.8711 7.20855 0.619236 12.8711 7.04302 0.966893 13.3038 7.13677 0.605564 13.3038 6.99224 0.455174 12.8711 6.64312 0.455662 13.3038 6.64312 0.619236 12.8711 7.04302 0.455174 12.8711 6.64312 0.605564 13.3038 6.99224 0.455662 13.3038 6.64312 0.619236 12.8711 6.24322 0.605565 13.3038 6.294 0.455174 12.8711 6.64312 0.619236 12.8711 6.24322 0.455662 13.3038 6.64312 0.605565 13.3038 6.294 1.00986 12.8711 6.07769 0.966893 13.3038 6.14947 0.619236 12.8711 6.24322 1.00986 12.8711 6.07769 0.605565 13.3038 6.294 0.705174 13.5855 6.86626 0.455662 13.3038 6.64312 0.608982 13.5855 6.64312 0.605564 13.3038 6.99224 0.455662 13.3038 6.64312 0.705174 13.5855 6.86626 0.455662 13.3038 6.64312 0.705174 13.5855 6.41997 0.608982 13.5855 6.64312 0.605565 13.3038 6.294 0.705174 13.5855 6.41997 0.455662 13.3038 6.64312 0.605565 13.3038 6.294 0.937596 13.5855 6.32769 0.705174 13.5855 6.41997 0.966893 13.3038 6.14947 0.937596 13.5855 6.32769 0.605565 13.3038 6.294 0.966893 13.3038 6.14947 1.17002 13.5855 6.41997 0.937596 13.5855 6.32769 1.32822 13.3038 6.294 1.17002 13.5855 6.41997 0.966893 13.3038 6.14947 1.32822 13.3038 6.294 1.26621 13.5855 6.64312 1.17002 13.5855 6.41997 1.47763 13.3038 6.64312 1.26621 13.5855 6.64312 1.32822 13.3038 6.294 1.47763 13.3038 6.64312 1.17002 13.5855 6.86626 1.26621 13.5855 6.64312 1.32822 13.3038 6.99224 1.17002 13.5855 6.86626 1.47763 13.3038 6.64312 1.32822 13.3038 6.99224 0.937596 13.5855 6.95904 1.17002 13.5855 6.86626 0.966893 13.3038 7.13677 0.937596 13.5855 6.95904 1.32822 13.3038 6.99224 0.966893 13.3038 7.13677 0.705174 13.5855 6.86626 0.937596 13.5855 6.95904 0.605564 13.3038 6.99224 0.705174 13.5855 6.86626 0.966893 13.3038 7.13677 0.291111 12.8711 7.04302 -0.100002 13.3077 7.13433 0.259861 13.3077 6.99029 -0.100002 12.8711 7.20855 -0.100002 13.3077 7.13433 0.291111 12.8711 7.04302 0.455174 12.8711 6.64312 0.259861 13.3077 6.99029 0.408787 13.3077 6.64312 0.291111 12.8711 7.04302 0.259861 13.3077 6.99029 0.455174 12.8711 6.64312 0.291111 12.8711 6.24322 0.408787 13.3077 6.64312 0.259861 13.3077 6.29595 0.455174 12.8711 6.64312 0.408787 13.3077 6.64312 0.291111 12.8711 6.24322 -0.100002 12.8711 6.07769 0.259861 13.3077 6.29595 -0.100002 13.3077 6.15191 0.291111 12.8711 6.24322 0.259861 13.3077 6.29595 -0.100002 12.8711 6.07769 -0.100002 13.3077 7.13433 -0.490627 12.8711 7.04302 -0.459377 13.3077 6.99029 -0.100002 12.8711 7.20855 -0.490627 12.8711 7.04302 -0.100002 13.3077 7.13433 -0.459377 13.3077 6.99029 -0.654689 12.8711 6.64312 -0.608303 13.3077 6.64312 -0.490627 12.8711 7.04302 -0.654689 12.8711 6.64312 -0.459377 13.3077 6.99029 -0.608303 13.3077 6.64312 -0.490627 12.8711 6.24322 -0.459377 13.3077 6.29595 -0.654689 12.8711 6.64312 -0.490627 12.8711 6.24322 -0.608303 13.3077 6.64312 -0.459377 13.3077 6.29595 -0.100002 12.8711 6.07769 -0.100002 13.3077 6.15191 -0.490627 12.8711 6.24322 -0.100002 12.8711 6.07769 -0.459377 13.3077 6.29595 -0.330959 13.6045 6.86529 -0.608303 13.3077 6.64312 -0.426662 13.6045 6.64312 -0.459377 13.3077 6.99029 -0.608303 13.3077 6.64312 -0.330959 13.6045 6.86529 -0.608303 13.3077 6.64312 -0.330959 13.6045 6.42095 -0.426662 13.6045 6.64312 -0.459377 13.3077 6.29595 -0.330959 13.6045 6.42095 -0.608303 13.3077 6.64312 -0.459377 13.3077 6.29595 -0.100002 13.6045 6.32915 -0.330959 13.6045 6.42095 -0.100002 13.3077 6.15191 -0.100002 13.6045 6.32915 -0.459377 13.3077 6.29595 -0.100002 13.3077 6.15191 0.131443 13.6045 6.42095 -0.100002 13.6045 6.32915 0.259861 13.3077 6.29595 0.131443 13.6045 6.42095 -0.100002 13.3077 6.15191 0.259861 13.3077 6.29595 0.227147 13.6045 6.64312 0.131443 13.6045 6.42095 0.408787 13.3077 6.64312 0.227147 13.6045 6.64312 0.259861 13.3077 6.29595 0.408787 13.3077 6.64312 0.131443 13.6045 6.86529 0.227147 13.6045 6.64312 0.259861 13.3077 6.99029 0.131443 13.6045 6.86529 0.408787 13.3077 6.64312 0.259861 13.3077 6.99029 -0.100002 13.6045 6.95757 0.131443 13.6045 6.86529 -0.100002 13.3077 7.13433 -0.100002 13.6045 6.95757 0.259861 13.3077 6.99029 -0.100002 13.3077 7.13433 -0.330959 13.6045 6.86529 -0.100002 13.6045 6.95757 -0.459377 13.3077 6.99029 -0.330959 13.6045 6.86529 -0.100002 13.3077 7.13433 1.40049 -12.8711 7.04302 1.48877 -11.4077 7.06348 1.56211 -12.8711 6.64311 1.56211 -12.8711 6.64311 1.48877 -11.4077 7.06348 1.66016 -11.4077 6.64307 1.56211 -12.8711 6.64311 1.66016 -11.4077 6.64307 1.40049 -12.8711 6.24321 1.40049 -12.8711 6.24321 1.66016 -11.4077 6.64307 1.48877 -11.4077 6.22266 1.40049 -12.8711 6.24321 1.48877 -11.4077 6.22266 1.00986 -12.8711 6.07768 1.00986 -12.8711 6.07768 1.48877 -11.4077 6.22266 1.0752 -11.4077 6.04834 0.605565 -13.3038 6.99224 0.966893 -13.3038 7.13677 0.705175 -13.5855 6.86626 0.705175 -13.5855 6.86626 0.966893 -13.3038 7.13677 0.937596 -13.5855 6.95903 0.966893 -13.3038 7.13677 1.32822 -13.3038 6.99224 0.937596 -13.5855 6.95903 0.937596 -13.5855 6.95903 1.32822 -13.3038 6.99224 1.17002 -13.5855 6.86626 1.32822 -13.3038 6.99224 1.47764 -13.3038 6.64311 1.17002 -13.5855 6.86626 1.17002 -13.5855 6.86626 1.47764 -13.3038 6.64311 1.26621 -13.5855 6.64311 1.47764 -13.3038 6.64311 1.32822 -13.3038 6.29399 1.26621 -13.5855 6.64311 1.26621 -13.5855 6.64311 1.32822 -13.3038 6.29399 1.17002 -13.5855 6.41997 1.32822 -13.3038 6.29399 0.966893 -13.3038 6.14946 1.17002 -13.5855 6.41997 1.17002 -13.5855 6.41997 0.966893 -13.3038 6.14946 0.937596 -13.5855 6.32768 0.966893 -13.3038 6.14946 0.605565 -13.3038 6.29399 0.937596 -13.5855 6.32768 0.937596 -13.5855 6.32768 0.605565 -13.3038 6.29399 0.705175 -13.5855 6.41997 0.605565 -13.3038 6.29399 0.455663 -13.3038 6.64311 0.705175 -13.5855 6.41997 0.705175 -13.5855 6.41997 0.455663 -13.3038 6.64311 0.608983 -13.5855 6.64311 0.605565 -13.3038 6.99224 0.705175 -13.5855 6.86626 0.455663 -13.3038 6.64311 0.455663 -13.3038 6.64311 0.705175 -13.5855 6.86626 0.608983 -13.5855 6.64311 0.619237 -12.8711 6.24321 0.605565 -13.3038 6.29399 1.00986 -12.8711 6.07768 1.00986 -12.8711 6.07768 0.605565 -13.3038 6.29399 0.966893 -13.3038 6.14946 0.455175 -12.8711 6.64311 0.455663 -13.3038 6.64311 0.619237 -12.8711 6.24321 0.619237 -12.8711 6.24321 0.455663 -13.3038 6.64311 0.605565 -13.3038 6.29399 0.619237 -12.8711 7.04302 0.605565 -13.3038 6.99224 0.455175 -12.8711 6.64311 0.455175 -12.8711 6.64311 0.605565 -13.3038 6.99224 0.455663 -13.3038 6.64311 1.00986 -12.8711 7.20854 0.966893 -13.3038 7.13677 0.619237 -12.8711 7.04302 0.619237 -12.8711 7.04302 0.966893 -13.3038 7.13677 0.605565 -13.3038 6.99224 1.40049 -12.8711 6.24321 1.00986 -12.8711 6.07768 1.32822 -13.3038 6.29399 -0.051583 2.91064 5.90904 0.83001 2.86475 6.08691 0.021972 2.77783 6.31396 0.776337 2.3457 7.19254 -0.05371 2.54053 7.00146 0.706543 2.62842 6.87988 -0.044322 2.20801 7.30721 -0.05371 2.54053 7.00146 0.776337 2.3457 7.19254 1.32822 -13.3038 6.29399 1.00986 -12.8711 6.07768 0.966893 -13.3038 6.14946 1.56211 -12.8711 6.64311 1.40049 -12.8711 6.24321 1.47764 -13.3038 6.64311 -0.837703 2.14453 7.13284 -0.961914 2.64307 6.42676 -0.796875 2.50391 6.9248 -1.3111 2.23096 6.46817 -0.961914 2.64307 6.42676 -0.837703 2.14453 7.13284 1.47764 -13.3038 6.64311 1.40049 -12.8711 6.24321 1.32822 -13.3038 6.29399 -1.07246 2.66699 6.13633 -0.051583 2.91064 5.90904 -0.961914 2.64307 6.42676 1.15751 2.67676 6.32677 0.706543 2.62842 6.87988 0.802734 2.80518 6.35742 0.776337 2.3457 7.19254 0.706543 2.62842 6.87988 1.15751 2.67676 6.32677 1.40049 -12.8711 7.04302 1.56211 -12.8711 6.64311 1.32822 -13.3038 6.99224 1.32822 -13.3038 6.99224 1.56211 -12.8711 6.64311 1.47764 -13.3038 6.64311 1.00986 -12.8711 7.20854 1.40049 -12.8711 7.04302 0.966893 -13.3038 7.13677 0.966893 -13.3038 7.13677 1.40049 -12.8711 7.04302 1.32822 -13.3038 6.99224 -1.6 -12.8711 6.24321 -1.20938 -12.8711 6.07768 -1.68848 -11.4077 6.22266 -1.76211 -12.8711 6.64311 -1.6 -12.8711 6.24321 -1.85986 -11.4077 6.64307 -1.6 -12.8711 7.04302 -1.76211 -12.8711 6.64311 -1.68848 -11.4077 7.06348 -1.20938 -12.8711 7.20854 -1.6 -12.8711 7.04302 -1.27441 -11.4077 7.23779 -1.20938 -12.8711 7.20854 -1.27441 -11.4077 7.23779 -0.818751 -12.8711 7.04302 -0.818751 -12.8711 7.04302 -1.27441 -11.4077 7.23779 -0.86084 -11.4077 7.06348 -0.818751 -12.8711 7.04302 -0.86084 -11.4077 7.06348 -0.654689 -12.8711 6.64311 -0.654689 -12.8711 6.64311 -0.86084 -11.4077 7.06348 -0.687012 -11.4077 6.64307 -0.818751 -12.8711 6.24321 -0.86084 -11.4077 6.22266 -1.20938 -12.8711 6.07768 -1.20938 -12.8711 6.07768 -0.86084 -11.4077 6.22266 -1.27441 -11.4077 6.04834 -1.53067 -13.3018 6.99516 -1.16641 -13.3018 7.14067 -1.37149 -13.586 6.86821 -1.37149 -13.586 6.86821 -1.16641 -13.3018 7.14067 -1.13711 -13.586 6.96147 -1.16641 -13.3018 7.14067 -0.801661 -13.3018 6.99516 -1.13711 -13.586 6.96147 -1.13711 -13.586 6.96147 -0.801661 -13.3018 6.99516 -0.902736 -13.586 6.86821 -0.801661 -13.3018 6.99516 -0.650782 -13.3018 6.64311 -0.902736 -13.586 6.86821 -0.902736 -13.586 6.86821 -0.650782 -13.3018 6.64311 -0.805568 -13.586 6.64311 -0.650782 -13.3018 6.64311 -0.801661 -13.3018 6.29106 -0.805568 -13.586 6.64311 -0.805568 -13.586 6.64311 -0.801661 -13.3018 6.29106 -0.902736 -13.586 6.41802 -0.801661 -13.3018 6.29106 -1.16641 -13.3018 6.14556 -0.902736 -13.586 6.41802 -0.902736 -13.586 6.41802 -1.16641 -13.3018 6.14556 -1.13711 -13.586 6.32475 -1.16641 -13.3018 6.14556 -1.53067 -13.3018 6.29106 -1.13711 -13.586 6.32475 -0.426662 13.6045 6.64312 -0.330959 13.6045 6.42095 -0.100002 13.6929 6.64312 -1.13711 -13.586 6.32475 -1.53067 -13.3018 6.29106 -1.37149 -13.586 6.41802 -1.53067 -13.3018 6.29106 -1.68154 -13.3018 6.64311 -1.37149 -13.586 6.41802 -0.330959 13.6045 6.42095 -0.100002 13.6045 6.32915 -0.100002 13.6929 6.64312 -1.13711 13.586 6.96148 -1.12344 13.6685 6.64312 -0.902736 13.586 6.86822 -0.902736 13.586 6.86822 -1.12344 13.6685 6.64312 -0.805568 13.586 6.64312 -0.805568 13.586 6.64312 -1.12344 13.6685 6.64312 -0.902736 13.586 6.41802 -1.37149 -13.586 6.41802 -1.68154 -13.3018 6.64311 -1.46817 -13.586 6.64311 -1.53067 -13.3018 6.99516 -1.37149 -13.586 6.86821 -1.68154 -13.3018 6.64311 -1.68154 -13.3018 6.64311 -1.37149 -13.586 6.86821 -1.46817 -13.586 6.64311 -1.6 -12.8711 6.24321 -1.53067 -13.3018 6.29106 -1.20938 -12.8711 6.07768 -1.20938 -12.8711 6.07768 -1.53067 -13.3018 6.29106 -1.16641 -13.3018 6.14556 -1.76211 -12.8711 6.64311 -1.68154 -13.3018 6.64311 -1.6 -12.8711 6.24321 -1.6 -12.8711 6.24321 -1.68154 -13.3018 6.64311 -1.53067 -13.3018 6.29106 -1.6 -12.8711 7.04302 -1.53067 -13.3018 6.99516 -1.76211 -12.8711 6.64311 -1.76211 -12.8711 6.64311 -1.53067 -13.3018 6.99516 -1.68154 -13.3018 6.64311 -1.20938 -12.8711 7.20854 -1.16641 -13.3018 7.14067 -1.6 -12.8711 7.04302 -1.6 -12.8711 7.04302 -1.16641 -13.3018 7.14067 -1.53067 -13.3018 6.99516 -0.818751 -12.8711 6.24321 -1.20938 -12.8711 6.07768 -0.801661 -13.3018 6.29106 -0.902736 13.586 6.41802 -1.12344 13.6685 6.64312 -1.13711 13.586 6.32476 -1.13711 13.586 6.96148 -1.37149 13.586 6.86822 -1.12344 13.6685 6.64312 -1.37149 13.586 6.86822 -1.46817 13.586 6.64312 -1.12344 13.6685 6.64312 -1.46817 13.586 6.64312 -1.37149 13.586 6.41802 -1.12344 13.6685 6.64312 -0.801661 -13.3018 6.29106 -1.20938 -12.8711 6.07768 -1.16641 -13.3018 6.14556 -0.654689 -12.8711 6.64311 -0.818751 -12.8711 6.24321 -0.650782 -13.3018 6.64311 -0.650782 -13.3018 6.64311 -0.818751 -12.8711 6.24321 -0.801661 -13.3018 6.29106 -0.818751 -12.8711 7.04302 -0.654689 -12.8711 6.64311 -0.801661 -13.3018 6.99516 -0.801661 -13.3018 6.99516 -0.654689 -12.8711 6.64311 -0.650782 -13.3018 6.64311 -1.20938 -12.8711 7.20854 -0.818751 -12.8711 7.04302 -1.16641 -13.3018 7.14067 -1.37149 13.586 6.41802 -1.13711 13.586 6.32476 -1.12344 13.6685 6.64312 0.937596 13.5855 6.95904 0.924412 13.6666 6.64312 1.17002 13.5855 6.86626 1.17002 13.5855 6.86626 0.924412 13.6666 6.64312 1.26621 13.5855 6.64312 1.26621 13.5855 6.64312 0.924412 13.6666 6.64312 1.17002 13.5855 6.41997 1.17002 13.5855 6.41997 0.924412 13.6666 6.64312 0.937596 13.5855 6.32769 0.937596 13.5855 6.95904 0.705174 13.5855 6.86626 0.924412 13.6666 6.64312 0.83001 2.86475 6.08691 1.15751 2.67676 6.32677 0.802734 2.80518 6.35742 -1.3111 2.23096 6.46817 -1.07246 2.66699 6.13633 -0.961914 2.64307 6.42676 0.705174 13.5855 6.86626 0.608982 13.5855 6.64312 0.924412 13.6666 6.64312 0.608982 13.5855 6.64312 0.705174 13.5855 6.41997 0.924412 13.6666 6.64312 0.705174 13.5855 6.41997 0.937596 13.5855 6.32769 0.924412 13.6666 6.64312 -0.100002 13.6045 6.95757 -0.100002 13.6929 6.64312 0.131443 13.6045 6.86529 0.131443 13.6045 6.86529 -0.100002 13.6929 6.64312 0.227147 13.6045 6.64312 0.227147 13.6045 6.64312 -0.100002 13.6929 6.64312 0.131443 13.6045 6.42095 0.131443 13.6045 6.42095 -0.100002 13.6929 6.64312 -0.100002 13.6045 6.32915 -0.100002 13.6045 6.95757 -0.330959 13.6045 6.86529 -0.100002 13.6929 6.64312 -0.330959 13.6045 6.86529 -0.426662 13.6045 6.64312 -0.100002 13.6929 6.64312 -1.16641 -13.3018 7.14067 -0.818751 -12.8711 7.04302 -0.801661 -13.3018 6.99516 -0.490626 -12.8711 6.24321 -0.100001 -12.8711 6.07768 -0.513672 -11.4077 6.22266 -0.654689 -12.8711 6.64311 -0.490626 -12.8711 6.24321 -0.687012 -11.4077 6.64307 -0.490626 -12.8711 7.04302 -0.654689 -12.8711 6.64311 -0.513672 -11.4077 7.06348 -0.100001 -12.8711 7.20854 -0.490626 -12.8711 7.04302 -0.099609 -11.4077 7.23779 -0.100001 -12.8711 7.20854 -0.099609 -11.4077 7.23779 0.291112 -12.8711 7.04302 0.291112 -12.8711 7.04302 -0.099609 -11.4077 7.23779 0.313965 -11.4077 7.06348 0.291112 -12.8711 7.04302 0.313965 -11.4077 7.06348 0.455175 -12.8711 6.64311 0.455175 -12.8711 6.64311 0.313965 -11.4077 7.06348 0.487793 -11.4077 6.64307 0.455175 -12.8711 6.64311 0.487793 -11.4077 6.64307 0.291112 -12.8711 6.24321 0.291112 -12.8711 6.24321 0.487793 -11.4077 6.64307 0.313965 -11.4077 6.22266 0.291112 -12.8711 6.24321 0.313965 -11.4077 6.22266 -0.100001 -12.8711 6.07768 -0.100001 -12.8711 6.07768 0.313965 -11.4077 6.22266 -0.099609 -11.4077 6.04834 -0.459376 -13.3077 6.99028 -0.100001 -13.3077 7.13433 -0.330958 -13.6045 6.86528 -0.330958 -13.6045 6.86528 -0.100001 -13.3077 7.13433 -0.100001 -13.6045 6.95757 -0.100001 -13.3077 7.13433 0.259862 -13.3077 6.99028 -0.100001 -13.6045 6.95757 -0.100001 -13.6045 6.95757 0.259862 -13.3077 6.99028 0.131444 -13.6045 6.86528 0.259862 -13.3077 6.99028 0.408788 -13.3077 6.64311 0.131444 -13.6045 6.86528 0.131444 -13.6045 6.86528 0.408788 -13.3077 6.64311 0.227147 -13.6045 6.64311 0.408788 -13.3077 6.64311 0.259862 -13.3077 6.29595 0.227147 -13.6045 6.64311 0.227147 -13.6045 6.64311 0.259862 -13.3077 6.29595 0.131444 -13.6045 6.42095 0.259862 -13.3077 6.29595 -0.100001 -13.3077 6.1519 0.131444 -13.6045 6.42095 0.131444 -13.6045 6.42095 -0.100001 -13.3077 6.1519 -0.100001 -13.6045 6.32915 -0.100001 -13.3077 6.1519 -0.459376 -13.3077 6.29595 -0.100001 -13.6045 6.32915 -0.100001 -13.6045 6.32915 -0.459376 -13.3077 6.29595 -0.330958 -13.6045 6.42095 -0.459376 -13.3077 6.29595 -0.608302 -13.3077 6.64311 -0.330958 -13.6045 6.42095 -0.330958 -13.6045 6.42095 -0.608302 -13.3077 6.64311 -0.426661 -13.6045 6.64311 -0.459376 -13.3077 6.99028 -0.330958 -13.6045 6.86528 -0.608302 -13.3077 6.64311 -0.608302 -13.3077 6.64311 -0.330958 -13.6045 6.86528 -0.426661 -13.6045 6.64311 -0.490626 -12.8711 6.24321 -0.459376 -13.3077 6.29595 -0.100001 -12.8711 6.07768 -0.100001 -12.8711 6.07768 -0.459376 -13.3077 6.29595 -0.100001 -13.3077 6.1519 -0.654689 -12.8711 6.64311 -0.608302 -13.3077 6.64311 -0.490626 -12.8711 6.24321 -0.490626 -12.8711 6.24321 -0.608302 -13.3077 6.64311 -0.459376 -13.3077 6.29595 -0.490626 -12.8711 7.04302 -0.459376 -13.3077 6.99028 -0.654689 -12.8711 6.64311 0.776337 -2.3457 7.19254 1.15751 -2.67676 6.32677 0.706543 -2.62842 6.87988 0.83001 -2.86475 6.08691 0.021972 -2.77783 6.31396 0.802734 -2.80518 6.35742 -0.051583 -2.91064 5.90904 0.021972 -2.77783 6.31396 0.83001 -2.86475 6.08691 -0.654689 -12.8711 6.64311 -0.459376 -13.3077 6.99028 -0.608302 -13.3077 6.64311 -0.044322 -2.20801 7.30721 0.776337 -2.3457 7.19254 -0.05371 -2.54053 7.00146 -0.044322 -2.20801 7.30721 -0.796875 -2.50391 6.9248 -0.837703 -2.14453 7.13284 -0.100001 -12.8711 7.20854 -0.100001 -13.3077 7.13433 -0.490626 -12.8711 7.04302 -0.490626 -12.8711 7.04302 -0.100001 -13.3077 7.13433 -0.459376 -13.3077 6.99028 -1.3111 -2.23096 6.46817 -0.837703 -2.14453 7.13284 -0.961914 -2.64307 6.42676 -0.051583 -2.91064 5.90904 -0.961914 -2.64307 6.42676 0.021972 -2.77783 6.31396 -1.07246 -2.66699 6.13633 -0.961914 -2.64307 6.42676 -0.051583 -2.91064 5.90904 0.291112 -12.8711 6.24321 -0.100001 -12.8711 6.07768 0.259862 -13.3077 6.29595 0.259862 -13.3077 6.29595 -0.100001 -12.8711 6.07768 -0.100001 -13.3077 6.1519 0.455175 -12.8711 6.64311 0.291112 -12.8711 6.24321 0.408788 -13.3077 6.64311 0.408788 -13.3077 6.64311 0.291112 -12.8711 6.24321 0.259862 -13.3077 6.29595 0.291112 -12.8711 7.04302 0.455175 -12.8711 6.64311 0.259862 -13.3077 6.99028 0.259862 -13.3077 6.99028 0.455175 -12.8711 6.64311 0.408788 -13.3077 6.64311 -0.100001 -12.8711 7.20854 0.291112 -12.8711 7.04302 -0.100001 -13.3077 7.13433 -0.100001 -13.3077 7.13433 0.291112 -12.8711 7.04302 0.259862 -13.3077 6.99028 -0.654689 -12.8711 6.64311 -0.687012 -11.4077 6.64307 -0.818751 -12.8711 6.24321 -0.818751 -12.8711 6.24321 -0.687012 -11.4077 6.64307 -0.86084 -11.4077 6.22266 0.661229 -11.3755 6.2227 1.0752 -11.4077 6.04834 0.675781 -9.77881 6.24365 0.83001 -2.86475 6.08691 0.802734 -2.80518 6.35742 1.15751 -2.67676 6.32677 -1.3111 -2.23096 6.46817 -0.961914 -2.64307 6.42676 -1.07246 -2.66699 6.13633 4.3469 0.423828 8.83749 4.41243 1.76416 8.72418 6.34805 0.678711 8.60596 1.08496 -6.41162 6.35693 1.38477 -7.2373 6.69434 1.25049 -6.41162 6.70654 1.21143 -7.2373 6.31738 1.38477 -7.2373 6.69434 1.08496 -6.41162 6.35693 1.21143 -7.2373 6.31738 -0.099609 -6.41211 6.31982 -0.099609 -7.2373 6.27393 1.08496 -6.41162 6.35693 -0.099609 -6.41211 6.31982 1.21143 -7.2373 6.31738 -0.099609 -7.2373 6.27393 -1.28467 -6.41162 6.35693 -1.41113 -7.2373 6.31738 -0.099609 -6.41211 6.31982 -1.28467 -6.41162 6.35693 -0.099609 -7.2373 6.27393 -1.4502 -6.41162 6.70654 -1.41113 -7.2373 6.31738 -1.28467 -6.41162 6.35693 -1.58447 -7.2373 6.69434 -1.41113 -7.2373 6.31738 -1.4502 -6.41162 6.70654 -0.099609 -8.2207 7.17578 0.821289 -9.27393 7.20996 -0.099609 -9.22656 7.22266 -0.099609 -9.22656 6.09961 0.821289 -9.27393 6.0791 -0.099609 -8.2207 6.20459 -0.099609 -8.2207 6.20459 -1.02051 -9.27393 6.0791 -0.099609 -9.22656 6.09961 -0.099609 -8.2207 7.17578 -0.099609 -9.22656 7.22266 -1.02051 -9.27393 7.20996 -1.54199 -8.2207 7.12695 -1.02051 -9.27393 7.20996 -1.68652 -9.32129 7.14844 -0.099609 -8.2207 7.17578 -1.02051 -9.27393 7.20996 -1.54199 -8.2207 7.12695 1.48682 -9.32129 7.14844 0.821289 -9.27393 7.20996 1.34229 -8.2207 7.12695 1.34229 -8.2207 6.25342 0.821289 -9.27393 6.0791 1.48682 -9.32129 6.17432 -0.099609 -8.2207 6.20459 0.821289 -9.27393 6.0791 1.34229 -8.2207 6.25342 -1.68652 -9.32129 6.17432 -1.02051 -9.27393 6.0791 -1.54199 -8.2207 6.25342 -1.54199 -8.2207 6.25342 -1.02051 -9.27393 6.0791 -0.099609 -8.2207 6.20459 -1.41113 -7.2373 7.08496 -0.099609 -6.41211 7.09277 -0.099609 -7.2373 7.12842 -0.099609 -6.41211 7.09277 1.08496 -6.41162 7.05566 -0.099609 -7.2373 7.12842 1.34229 -8.2207 7.12695 0.821289 -9.27393 7.20996 -0.099609 -8.2207 7.17578 1.25049 -6.41162 6.70654 0.706543 -2.62842 6.87988 0.802734 -2.80518 6.35742 0.802734 -2.80518 6.35742 1.08496 -6.41162 6.35693 1.25049 -6.41162 6.70654 -1.4502 -6.41162 6.70654 -1.28467 -6.41162 6.35693 -0.961914 -2.64307 6.42676 -0.796875 -2.50391 6.9248 -1.4502 -6.41162 6.70654 -0.961914 -2.64307 6.42676 1.25049 -6.41162 6.70654 1.08496 -6.41162 7.05566 0.706543 -2.62842 6.87988 -1.28467 -6.41162 7.05566 -1.4502 -6.41162 6.70654 -0.796875 -2.50391 6.9248 0.675781 -9.77881 6.24365 1.0752 -11.4077 6.04834 1.09766 -9.77881 6.07813 -0.099609 -7.2373 7.12842 1.08496 -6.41162 7.05566 1.21143 -7.2373 7.08496 0.499023 -9.77881 6.64307 0.661229 -11.3755 6.2227 0.675781 -9.77881 6.24365 0.487793 -11.4077 6.64307 0.661229 -11.3755 6.2227 0.499023 -9.77881 6.64307 -0.05371 -2.54053 7.00146 -0.099609 -6.41211 7.09277 -0.796875 -2.50391 6.9248 -0.796875 -2.50391 6.9248 -0.099609 -6.41211 7.09277 -1.28467 -6.41162 7.05566 -0.961914 -2.64307 6.42676 -1.28467 -6.41162 6.35693 0.021972 -2.77783 6.31396 0.021972 -2.77783 6.31396 -1.28467 -6.41162 6.35693 -0.099609 -6.41211 6.31982 0.021972 -2.77783 6.31396 -0.099609 -6.41211 6.31982 0.802734 -2.80518 6.35742 0.802734 -2.80518 6.35742 -0.099609 -6.41211 6.31982 1.08496 -6.41162 6.35693 1.08496 -6.41162 7.05566 -0.099609 -6.41211 7.09277 0.706543 -2.62842 6.87988 0.706543 -2.62842 6.87988 -0.099609 -6.41211 7.09277 -0.05371 -2.54053 7.00146 1.38477 -7.2373 6.69434 1.21143 -7.2373 7.08496 1.25049 -6.41162 6.70654 1.25049 -6.41162 6.70654 1.21143 -7.2373 7.08496 1.08496 -6.41162 7.05566 -0.961914 -2.64307 6.42676 -0.837703 -2.14453 7.13284 -0.796875 -2.50391 6.9248 -0.05371 -2.54053 7.00146 -0.796875 -2.50391 6.9248 -0.044322 -2.20801 7.30721 -0.05371 -2.54053 7.00146 0.776337 -2.3457 7.19254 0.706543 -2.62842 6.87988 0.706543 -2.62842 6.87988 1.15751 -2.67676 6.32677 0.802734 -2.80518 6.35742 -1.41113 -7.2373 7.08496 -1.58447 -7.2373 6.69434 -1.28467 -6.41162 7.05566 -1.28467 -6.41162 7.05566 -1.58447 -7.2373 6.69434 -1.4502 -6.41162 6.70654 -1.68652 -9.32129 7.14844 -1.85156 -9.34912 6.64209 -1.54199 -8.2207 7.12695 -1.54199 -8.2207 7.12695 -1.85156 -9.34912 6.64209 -1.72852 -8.2207 6.69043 -1.85156 -9.34912 6.64209 -1.68652 -9.32129 6.17432 -1.72852 -8.2207 6.69043 -1.72852 -8.2207 6.69043 -1.68652 -9.32129 6.17432 -1.54199 -8.2207 6.25342 1.48682 -9.32129 6.17432 1.65234 -9.34912 6.64209 1.34229 -8.2207 6.25342 1.34229 -8.2207 6.25342 1.65234 -9.34912 6.64209 1.52881 -8.2207 6.69043 1.65234 -9.34912 6.64209 1.48682 -9.32129 7.14844 1.52881 -8.2207 6.69043 1.52881 -8.2207 6.69043 1.48682 -9.32129 7.14844 1.34229 -8.2207 7.12695 -1.41113 -7.2373 7.08496 -0.099609 -7.2373 7.12842 -1.54199 -8.2207 7.12695 -1.54199 -8.2207 7.12695 -0.099609 -7.2373 7.12842 -0.099609 -8.2207 7.17578 -1.54199 -8.2207 7.12695 -1.72852 -8.2207 6.69043 -1.41113 -7.2373 7.08496 -1.41113 -7.2373 7.08496 -1.72852 -8.2207 6.69043 -1.58447 -7.2373 6.69434 -1.72852 -8.2207 6.69043 -1.54199 -8.2207 6.25342 -1.58447 -7.2373 6.69434 -1.58447 -7.2373 6.69434 -1.54199 -8.2207 6.25342 -1.41113 -7.2373 6.31738 -0.099609 -7.2373 6.27393 -1.41113 -7.2373 6.31738 -0.099609 -8.2207 6.20459 -0.099609 -8.2207 6.20459 -1.41113 -7.2373 6.31738 -1.54199 -8.2207 6.25342 1.21143 -7.2373 6.31738 -0.099609 -7.2373 6.27393 1.34229 -8.2207 6.25342 1.34229 -8.2207 6.25342 -0.099609 -7.2373 6.27393 -0.099609 -8.2207 6.20459 1.34229 -8.2207 6.25342 1.52881 -8.2207 6.69043 1.21143 -7.2373 6.31738 1.21143 -7.2373 6.31738 1.52881 -8.2207 6.69043 1.38477 -7.2373 6.69434 1.52881 -8.2207 6.69043 1.34229 -8.2207 7.12695 1.38477 -7.2373 6.69434 1.38477 -7.2373 6.69434 1.34229 -8.2207 7.12695 1.21143 -7.2373 7.08496 -0.099609 -7.2373 7.12842 1.21143 -7.2373 7.08496 -0.099609 -8.2207 7.17578 -0.099609 -8.2207 7.17578 1.21143 -7.2373 7.08496 1.34229 -8.2207 7.12695 -0.796875 2.50391 6.9248 -0.961914 2.64307 6.42676 -1.4502 6.41162 6.70654 -0.099609 9.22656 7.22266 -0.69873 9.59863 7.12354 -0.099609 9.77881 7.2085 -0.099609 -11.4077 7.23779 -0.490626 -12.8711 7.04302 -0.513672 -11.4077 7.06348 -1.29736 9.77881 6.07813 -1.68652 9.32129 6.17432 -1.02051 9.27393 6.0791 -0.513672 -11.4077 7.06348 -0.654689 -12.8711 6.64311 -0.687012 -11.4077 6.64307 -1.68652 9.32129 6.17432 -1.29736 9.77881 6.07813 -1.71924 9.77881 6.24365 -0.687012 -11.4077 6.64307 -0.490626 -12.8711 6.24321 -0.513672 -11.4077 6.22266 -1.68652 9.32129 7.14844 -1.71924 9.77881 7.04297 -1.29736 9.77881 7.2085 -0.513672 -11.4077 6.22266 -0.100001 -12.8711 6.07768 -0.099609 -11.4077 6.04834 1.48682 9.32129 6.17432 1.51953 9.77881 6.24365 1.09766 9.77881 6.07813 1.48682 9.32129 7.14844 1.09766 9.77881 7.2085 1.51953 9.77881 7.04297 -1.28467 6.41162 7.05566 -0.796875 2.50391 6.9248 -1.4502 6.41162 6.70654 1.25049 6.41162 6.70654 0.706543 2.62842 6.87988 1.08496 6.41162 7.05566 -0.099609 9.22656 6.09961 0.821289 9.27393 6.0791 0.499023 9.59863 6.16309 -1.4502 6.41162 6.70654 -0.961914 2.64307 6.42676 -1.28467 6.41162 6.35693 0.802734 2.80518 6.35742 1.25049 6.41162 6.70654 1.08496 6.41162 6.35693 1.25049 6.41162 6.70654 0.802734 2.80518 6.35742 0.706543 2.62842 6.87988 -1.54199 8.2207 6.25342 -0.099609 8.2207 6.20459 -1.02051 9.27393 6.0791 -1.68652 9.32129 6.17432 -1.54199 8.2207 6.25342 -1.02051 9.27393 6.0791 -0.099609 8.2207 6.20459 1.34229 8.2207 6.25342 0.821289 9.27393 6.0791 1.34229 8.2207 6.25342 1.48682 9.32129 6.17432 0.821289 9.27393 6.0791 1.34229 8.2207 7.12695 -0.099609 8.2207 7.17578 0.821289 9.27393 7.20996 1.48682 9.32129 7.14844 1.34229 8.2207 7.12695 0.821289 9.27393 7.20996 -0.099609 8.2207 7.17578 -1.54199 8.2207 7.12695 -1.02051 9.27393 7.20996 -1.54199 8.2207 7.12695 -1.68652 9.32129 7.14844 -1.02051 9.27393 7.20996 -0.099609 8.2207 7.17578 -1.02051 9.27393 7.20996 -0.099609 9.22656 7.22266 -0.099609 8.2207 6.20459 -0.099609 9.22656 6.09961 -1.02051 9.27393 6.0791 -0.099609 9.22656 6.09961 -0.099609 8.2207 6.20459 0.821289 9.27393 6.0791 -0.099609 8.2207 7.17578 -0.099609 9.22656 7.22266 0.821289 9.27393 7.20996 0.499023 9.59863 7.12354 0.821289 9.27393 7.20996 -0.099609 9.22656 7.22266 -0.099609 9.22656 7.22266 -1.02051 9.27393 7.20996 -0.69873 9.59863 7.12354 -0.69873 9.59863 6.16309 -1.29736 9.77881 6.07813 -1.02051 9.27393 6.0791 0.821289 9.27393 6.0791 1.48682 9.32129 6.17432 1.09766 9.77881 6.07813 -1.02051 9.27393 7.20996 -1.29736 9.77881 7.2085 -0.69873 9.59863 7.12354 1.09766 9.77881 7.2085 1.48682 9.32129 7.14844 0.821289 9.27393 7.20996 -0.69873 9.59863 6.16309 -1.02051 9.27393 6.0791 -0.099609 9.22656 6.09961 0.821289 9.27393 6.0791 1.09766 9.77881 6.07813 0.499023 9.59863 6.16309 0.499023 9.59863 7.12354 -0.099609 9.22656 7.22266 -0.099609 9.77881 7.2085 -1.02051 9.27393 7.20996 -1.68652 9.32129 7.14844 -1.29736 9.77881 7.2085 0.499023 9.59863 7.12354 1.09766 9.77881 7.2085 0.821289 9.27393 7.20996 0.499023 9.59863 7.12354 0.675781 9.77881 7.04297 1.09766 9.77881 7.2085 1.09766 9.77881 6.07813 0.675781 9.77881 6.24365 0.499023 9.59863 6.16309 -0.69873 9.59863 6.16309 -0.875488 9.77881 6.24365 -1.29736 9.77881 6.07813 -0.69873 9.77881 6.64307 -0.69873 9.59863 6.16309 -0.521484 9.77881 6.24365 -0.69873 9.59863 6.16309 -0.69873 9.77881 6.64307 -0.875488 9.77881 6.24365 -0.69873 9.77881 6.64307 -0.69873 9.59863 7.12354 -0.875488 9.77881 7.04297 -0.69873 9.59863 7.12354 -1.29736 9.77881 7.2085 -0.875488 9.77881 7.04297 -0.69873 9.59863 7.12354 -0.69873 9.77881 6.64307 -0.521484 9.77881 7.04297 -1.27441 -11.4077 7.23779 -1.6 -12.8711 7.04302 -1.68848 -11.4077 7.06348 -0.69873 9.59863 7.12354 -0.521484 9.77881 7.04297 -0.099609 9.77881 7.2085 -1.68848 -11.4077 7.06348 -1.76211 -12.8711 6.64311 -1.85986 -11.4077 6.64307 0.499023 9.77881 6.64307 0.321777 9.77881 6.24365 0.499023 9.59863 6.16309 -1.85986 -11.4077 6.64307 -1.6 -12.8711 6.24321 -1.68848 -11.4077 6.22266 0.499023 9.59863 6.16309 0.675781 9.77881 6.24365 0.499023 9.77881 6.64307 -1.68848 -11.4077 6.22266 -1.20938 -12.8711 6.07768 -1.27441 -11.4077 6.04834 0.499023 9.77881 6.64307 0.675781 9.77881 7.04297 0.499023 9.59863 7.12354 0.499023 9.59863 7.12354 0.321777 9.77881 7.04297 0.499023 9.77881 6.64307 -0.099609 9.77881 7.2085 0.321777 9.77881 7.04297 0.499023 9.59863 7.12354 -0.099609 7.2373 7.12842 -0.099609 8.2207 7.17578 1.21143 7.2373 7.08496 1.21143 7.2373 7.08496 -0.099609 8.2207 7.17578 1.34229 8.2207 7.12695 -0.961914 2.64307 6.42676 -0.051583 2.91064 5.90904 0.021972 2.77783 6.31396 -0.05371 2.54053 7.00146 -0.044322 2.20801 7.30721 -0.796875 2.50391 6.9248 -0.796875 2.50391 6.9248 -0.044322 2.20801 7.30721 -0.837703 2.14453 7.13284 0.021972 2.77783 6.31396 0.83001 2.86475 6.08691 0.802734 2.80518 6.35742 -0.05371 2.54053 7.00146 -0.796875 2.50391 6.9248 -0.099609 6.41211 7.09277 -0.099609 6.41211 7.09277 -0.796875 2.50391 6.9248 -1.28467 6.41162 7.05566 -0.961914 2.64307 6.42676 0.021972 2.77783 6.31396 -1.28467 6.41162 6.35693 -1.28467 6.41162 6.35693 0.021972 2.77783 6.31396 -0.099609 6.41211 6.31982 0.021972 2.77783 6.31396 0.802734 2.80518 6.35742 -0.099609 6.41211 6.31982 -0.099609 6.41211 6.31982 0.802734 2.80518 6.35742 1.08496 6.41162 6.35693 1.08496 6.41162 7.05566 0.706543 2.62842 6.87988 -0.099609 6.41211 7.09277 -0.099609 6.41211 7.09277 0.706543 2.62842 6.87988 -0.05371 2.54053 7.00146 -1.68652 9.32129 7.14844 -1.54199 8.2207 7.12695 -1.85156 9.34912 6.64209 -1.85156 9.34912 6.64209 -1.54199 8.2207 7.12695 -1.72852 8.2207 6.69043 -1.85156 9.34912 6.64209 -1.72852 8.2207 6.69043 -1.68652 9.32129 6.17432 -1.68652 9.32129 6.17432 -1.72852 8.2207 6.69043 -1.54199 8.2207 6.25342 1.48682 9.32129 6.17432 1.34229 8.2207 6.25342 1.65234 9.34912 6.64209 1.65234 9.34912 6.64209 1.34229 8.2207 6.25342 1.52881 8.2207 6.69043 1.65234 9.34912 6.64209 1.52881 8.2207 6.69043 1.48682 9.32129 7.14844 1.48682 9.32129 7.14844 1.52881 8.2207 6.69043 1.34229 8.2207 7.12695 -1.28467 6.41162 7.05566 -1.41113 7.2373 7.08496 -0.099609 6.41211 7.09277 -0.099609 6.41211 7.09277 -1.41113 7.2373 7.08496 -0.099609 7.2373 7.12842 -1.85156 9.34912 6.64209 -1.68652 9.32129 6.17432 -1.89404 9.77881 6.64307 -1.89404 9.77881 6.64307 -1.68652 9.32129 6.17432 -1.71924 9.77881 6.24365 -1.68652 9.32129 7.14844 -1.85156 9.34912 6.64209 -1.71924 9.77881 7.04297 -1.71924 9.77881 7.04297 -1.85156 9.34912 6.64209 -1.89404 9.77881 6.64307 1.65234 9.34912 6.64209 1.69434 9.77881 6.64307 1.48682 9.32129 6.17432 1.48682 9.32129 6.17432 1.69434 9.77881 6.64307 1.51953 9.77881 6.24365 1.48682 9.32129 7.14844 1.51953 9.77881 7.04297 1.65234 9.34912 6.64209 1.65234 9.34912 6.64209 1.51953 9.77881 7.04297 1.69434 9.77881 6.64307 -0.099609 9.22656 6.09961 0.499023 9.59863 6.16309 -0.099609 9.77881 6.07813 -0.099609 9.77881 6.07813 0.499023 9.59863 6.16309 0.321777 9.77881 6.24365 -0.69873 9.59863 6.16309 -0.099609 9.22656 6.09961 -0.521484 9.77881 6.24365 -0.521484 9.77881 6.24365 -0.099609 9.22656 6.09961 -0.099609 9.77881 6.07813 -0.099609 11.4077 7.23779 0.291111 12.8711 7.04302 0.313965 11.4077 7.06348 0.313965 11.4077 7.06348 0.455174 12.8711 6.64312 0.487793 11.4077 6.64307 1.0752 -11.4077 7.23779 0.619237 -12.8711 7.04302 0.661133 -11.4077 7.06348 0.487793 11.4077 6.64307 0.291111 12.8711 6.24322 0.313965 11.4077 6.22266 0.661133 -11.4077 7.06348 0.455175 -12.8711 6.64311 0.487793 -11.4077 6.64307 0.313965 11.4077 6.22266 -0.100002 12.8711 6.07769 -0.099609 11.4077 6.04834 0.487793 -11.4077 6.64307 0.619237 -12.8711 6.24321 0.661229 -11.3755 6.2227 -1.41113 7.2373 7.08496 -1.28467 6.41162 7.05566 -1.58447 7.2373 6.69434 -1.58447 7.2373 6.69434 -1.28467 6.41162 7.05566 -1.4502 6.41162 6.70654 1.0752 11.4077 7.23779 1.40049 12.8711 7.04302 1.48877 11.4077 7.06348 -1.71924 -9.77881 6.24365 -1.27441 -11.4077 6.04834 -1.29736 -9.77881 6.07813 -1.68848 -11.4077 6.22266 -1.27441 -11.4077 6.04834 -1.71924 -9.77881 6.24365 -1.89404 -9.77881 6.64307 -1.68848 -11.4077 6.22266 -1.71924 -9.77881 6.24365 -1.85986 -11.4077 6.64307 -1.68848 -11.4077 6.22266 -1.89404 -9.77881 6.64307 -1.71924 -9.77881 7.04297 -1.85986 -11.4077 6.64307 -1.89404 -9.77881 6.64307 -1.68848 -11.4077 7.06348 -1.85986 -11.4077 6.64307 -1.71924 -9.77881 7.04297 1.0752 -11.4077 6.04834 1.51953 -9.77881 6.24365 1.09766 -9.77881 6.07813 1.48877 -11.4077 6.22266 1.51953 -9.77881 6.24365 1.0752 -11.4077 6.04834 1.48877 -11.4077 6.22266 1.69434 -9.77881 6.64307 1.51953 -9.77881 6.24365 1.66016 -11.4077 6.64307 1.69434 -9.77881 6.64307 1.48877 -11.4077 6.22266 -0.099609 -11.4077 6.04834 0.321777 -9.77881 6.24365 -0.099609 -9.77881 6.07813 0.313965 -11.4077 6.22266 0.321777 -9.77881 6.24365 -0.099609 -11.4077 6.04834 0.313965 -11.4077 6.22266 0.499023 -9.77881 6.64307 0.321777 -9.77881 6.24365 0.487793 -11.4077 6.64307 0.499023 -9.77881 6.64307 0.313965 -11.4077 6.22266 0.487793 -11.4077 6.64307 0.321777 -9.77881 7.04297 0.499023 -9.77881 6.64307 0.313965 -11.4077 7.06348 0.321777 -9.77881 7.04297 0.487793 -11.4077 6.64307 0.313965 -11.4077 7.06348 -0.099609 -9.77881 7.2085 0.321777 -9.77881 7.04297 -0.099609 -11.4077 7.23779 -0.099609 -9.77881 7.2085 0.313965 -11.4077 7.06348 -0.099609 -9.77881 7.2085 -0.513672 -11.4077 7.06348 -0.521484 -9.77881 7.04297 -0.099609 -11.4077 7.23779 -0.513672 -11.4077 7.06348 -0.099609 -9.77881 7.2085 -0.521484 -9.77881 6.24365 -0.099609 -11.4077 6.04834 -0.099609 -9.77881 6.07813 -0.513672 -11.4077 6.22266 -0.099609 -11.4077 6.04834 -0.521484 -9.77881 6.24365 -0.69873 -9.77881 6.64307 -0.513672 -11.4077 6.22266 -0.521484 -9.77881 6.24365 -0.687012 -11.4077 6.64307 -0.513672 -11.4077 6.22266 -0.69873 -9.77881 6.64307 -0.521484 -9.77881 7.04297 -0.687012 -11.4077 6.64307 -0.69873 -9.77881 6.64307 -0.513672 -11.4077 7.06348 -0.687012 -11.4077 6.64307 -0.521484 -9.77881 7.04297 1.66016 -11.4077 6.64307 1.51953 -9.77881 7.04297 1.69434 -9.77881 6.64307 1.48877 -11.4077 7.06348 1.51953 -9.77881 7.04297 1.66016 -11.4077 6.64307 -1.27441 -11.4077 6.04834 -0.875488 -9.77881 6.24365 -1.29736 -9.77881 6.07813 -0.86084 -11.4077 6.22266 -0.875488 -9.77881 6.24365 -1.27441 -11.4077 6.04834 -0.86084 -11.4077 6.22266 -0.69873 -9.77881 6.64307 -0.875488 -9.77881 6.24365 -0.687012 -11.4077 6.64307 -0.69873 -9.77881 6.64307 -0.86084 -11.4077 6.22266 -0.687012 -11.4077 6.64307 -0.875488 -9.77881 7.04297 -0.69873 -9.77881 6.64307 -0.86084 -11.4077 7.06348 -0.875488 -9.77881 7.04297 -0.687012 -11.4077 6.64307 -0.86084 -11.4077 7.06348 -1.29736 -9.77881 7.2085 -0.875488 -9.77881 7.04297 -1.27441 -11.4077 7.23779 -1.29736 -9.77881 7.2085 -0.86084 -11.4077 7.06348 -1.29736 -9.77881 7.2085 -1.68848 -11.4077 7.06348 -1.71924 -9.77881 7.04297 -1.27441 -11.4077 7.23779 -1.68848 -11.4077 7.06348 -1.29736 -9.77881 7.2085 1.48877 -11.4077 7.06348 1.09766 -9.77881 7.2085 1.51953 -9.77881 7.04297 1.0752 -11.4077 7.23779 1.09766 -9.77881 7.2085 1.48877 -11.4077 7.06348 1.09766 -9.77881 7.2085 0.661133 -11.4077 7.06348 0.675781 -9.77881 7.04297 1.0752 -11.4077 7.23779 0.661133 -11.4077 7.06348 1.09766 -9.77881 7.2085 0.675781 -9.77881 7.04297 0.487793 -11.4077 6.64307 0.499023 -9.77881 6.64307 0.661133 -11.4077 7.06348 0.487793 -11.4077 6.64307 0.675781 -9.77881 7.04297 0.499023 -9.59814 6.16309 -0.099609 -9.77881 6.07813 0.321777 -9.77881 6.24365 -0.099609 -9.22656 6.09961 -0.099609 -9.77881 6.07813 0.499023 -9.59814 6.16309 1.51953 -9.77881 7.04297 1.65234 -9.34912 6.64209 1.69434 -9.77881 6.64307 1.48682 -9.32129 7.14844 1.65234 -9.34912 6.64209 1.51953 -9.77881 7.04297 1.69434 -9.77881 6.64307 1.48682 -9.32129 6.17432 1.51953 -9.77881 6.24365 1.65234 -9.34912 6.64209 1.48682 -9.32129 6.17432 1.69434 -9.77881 6.64307 -1.85156 -9.34912 6.64209 -1.71924 -9.77881 7.04297 -1.89404 -9.77881 6.64307 -1.68652 -9.32129 7.14844 -1.71924 -9.77881 7.04297 -1.85156 -9.34912 6.64209 -1.68652 -9.32129 6.17432 -1.89404 -9.77881 6.64307 -1.71924 -9.77881 6.24365 -1.85156 -9.34912 6.64209 -1.89404 -9.77881 6.64307 -1.68652 -9.32129 6.17432 -0.099609 -9.22656 6.09961 -0.521484 -9.77881 6.24365 -0.099609 -9.77881 6.07813 -0.69873 -9.59814 6.16309 -0.521484 -9.77881 6.24365 -0.099609 -9.22656 6.09961 1.48877 11.4077 7.06348 1.56211 12.8711 6.64312 1.66016 11.4077 6.64307 0.553711 2.08936 0.225586 0.527832 2.14014 0.001953 1.28266 2.06592 0.247846 0.527832 0.254883 0.001953 1.28266 0.3291 0.247846 1.27191 0.279784 -0.04317 0.553711 0.305664 0.225586 1.28266 0.3291 0.247846 0.527832 0.254883 0.001953 1.66016 11.4077 6.64307 1.40049 12.8711 6.24322 1.48877 11.4077 6.22266 0.527832 1.76953 -0.105957 0.527832 0.625488 -0.105957 1.31977 1.58301 -0.084185 1.48877 11.4077 6.22266 1.00986 12.8711 6.07769 1.0752 11.4077 6.04834 -1.27441 11.4077 7.23779 -0.818752 12.8711 7.04302 -0.86084 11.4077 7.06348 -0.86084 11.4077 7.06348 -0.654689 12.8711 6.64312 -0.687012 11.4077 6.64307 -0.687012 11.4077 6.64307 -0.818752 12.8711 6.24322 -0.86084 11.4077 6.22266 -0.86084 11.4077 6.22266 -1.20938 12.8711 6.07769 -1.27441 11.4077 6.04834 -1.58447 7.2373 6.69434 -1.4502 6.41162 6.70654 -1.41113 7.2373 6.31738 -1.41113 7.2373 6.31738 -1.4502 6.41162 6.70654 -1.28467 6.41162 6.35693 -0.099609 6.41211 6.31982 -0.099609 7.2373 6.27393 -1.28467 6.41162 6.35693 -1.28467 6.41162 6.35693 -0.099609 7.2373 6.27393 -1.41113 7.2373 6.31738 1.08496 6.41162 6.35693 1.21143 7.2373 6.31738 -0.099609 6.41211 6.31982 -0.099609 6.41211 6.31982 1.21143 7.2373 6.31738 -0.099609 7.2373 6.27393 1.21143 7.2373 6.31738 1.08496 6.41162 6.35693 1.38477 7.2373 6.69434 1.38477 7.2373 6.69434 1.08496 6.41162 6.35693 1.25049 6.41162 6.70654 1.38477 7.2373 6.69434 1.25049 6.41162 6.70654 1.21143 7.2373 7.08496 1.21143 7.2373 7.08496 1.25049 6.41162 6.70654 1.08496 6.41162 7.05566 -0.099609 6.41211 7.09277 -0.099609 7.2373 7.12842 1.08496 6.41162 7.05566 1.08496 6.41162 7.05566 -0.099609 7.2373 7.12842 1.21143 7.2373 7.08496 -1.41113 7.2373 7.08496 -1.54199 8.2207 7.12695 -0.099609 7.2373 7.12842 -0.099609 7.2373 7.12842 -1.54199 8.2207 7.12695 -0.099609 8.2207 7.17578 -1.54199 8.2207 7.12695 -1.41113 7.2373 7.08496 -1.72852 8.2207 6.69043 -1.72852 8.2207 6.69043 -1.41113 7.2373 7.08496 -1.58447 7.2373 6.69434 -1.72852 8.2207 6.69043 -1.58447 7.2373 6.69434 -1.54199 8.2207 6.25342 -1.54199 8.2207 6.25342 -1.58447 7.2373 6.69434 -1.41113 7.2373 6.31738 -0.099609 7.2373 6.27393 -0.099609 8.2207 6.20459 -1.41113 7.2373 6.31738 -1.41113 7.2373 6.31738 -0.099609 8.2207 6.20459 -1.54199 8.2207 6.25342 1.21143 7.2373 6.31738 1.34229 8.2207 6.25342 -0.099609 7.2373 6.27393 -0.099609 7.2373 6.27393 1.34229 8.2207 6.25342 -0.099609 8.2207 6.20459 -0.099609 -9.77881 7.2085 0.499023 -9.59814 7.12354 0.321777 -9.77881 7.04297 0.499023 -9.59814 7.12354 0.499023 -9.77881 6.64307 0.321777 -9.77881 7.04297 0.499023 -9.59814 7.12354 1.09766 -9.77881 7.2085 0.675781 -9.77881 7.04297 1.48682 -9.32129 7.14844 1.51953 -9.77881 7.04297 1.09766 -9.77881 7.2085 1.48682 -9.32129 6.17432 1.09766 -9.77881 6.07813 1.51953 -9.77881 6.24365 0.499023 -9.77881 6.64307 0.499023 -9.59814 7.12354 0.675781 -9.77881 7.04297 0.499023 -9.59814 6.16309 0.499023 -9.77881 6.64307 0.675781 -9.77881 6.24365 0.499023 -9.77881 6.64307 0.499023 -9.59814 6.16309 0.321777 -9.77881 6.24365 -0.69873 -9.59814 7.12354 -0.099609 -9.77881 7.2085 -0.521484 -9.77881 7.04297 -0.69873 -9.59814 7.12354 -0.521484 -9.77881 7.04297 -0.69873 -9.77881 6.64307 -0.69873 -9.59814 7.12354 -0.875488 -9.77881 7.04297 -1.29736 -9.77881 7.2085 -1.68652 -9.32129 7.14844 -1.29736 -9.77881 7.2085 -1.71924 -9.77881 7.04297 -1.68652 -9.32129 6.17432 -1.71924 -9.77881 6.24365 -1.29736 -9.77881 6.07813 -0.69873 -9.77881 6.64307 -0.875488 -9.77881 7.04297 -0.69873 -9.59814 7.12354 -0.69873 -9.59814 6.16309 -0.875488 -9.77881 6.24365 -0.69873 -9.77881 6.64307 -0.69873 -9.77881 6.64307 -0.521484 -9.77881 6.24365 -0.69873 -9.59814 6.16309 -1.29736 -9.77881 6.07813 -1.02051 -9.27393 6.0791 -1.68652 -9.32129 6.17432 -0.099609 -9.22656 7.22266 -0.099609 -9.77881 7.2085 -0.69873 -9.59814 7.12354 -0.69873 -9.59814 6.16309 -1.29736 -9.77881 6.07813 -0.875488 -9.77881 6.24365 1.09766 -9.77881 6.07813 0.499023 -9.59814 6.16309 0.675781 -9.77881 6.24365 0.499023 -9.59814 7.12354 0.821289 -9.27393 7.20996 1.09766 -9.77881 7.2085 -1.02051 -9.27393 7.20996 -1.29736 -9.77881 7.2085 -1.68652 -9.32129 7.14844 0.499023 -9.59814 7.12354 -0.099609 -9.77881 7.2085 -0.099609 -9.22656 7.22266 0.821289 -9.27393 6.0791 0.499023 -9.59814 6.16309 1.09766 -9.77881 6.07813 -0.69873 -9.59814 6.16309 -0.099609 -9.22656 6.09961 -1.02051 -9.27393 6.0791 1.09766 -9.77881 7.2085 0.821289 -9.27393 7.20996 1.48682 -9.32129 7.14844 -1.02051 -9.27393 7.20996 -0.69873 -9.59814 7.12354 -1.29736 -9.77881 7.2085 0.821289 -9.27393 6.0791 1.09766 -9.77881 6.07813 1.48682 -9.32129 6.17432 -0.69873 -9.59814 6.16309 -1.02051 -9.27393 6.0791 -1.29736 -9.77881 6.07813 -0.099609 -9.22656 6.09961 0.499023 -9.59814 6.16309 0.821289 -9.27393 6.0791 -0.099609 -9.22656 7.22266 -0.69873 -9.59814 7.12354 -1.02051 -9.27393 7.20996 0.499023 -9.59814 7.12354 -0.099609 -9.22656 7.22266 0.821289 -9.27393 7.20996 1.34229 8.2207 6.25342 1.21143 7.2373 6.31738 1.52881 8.2207 6.69043 1.52881 8.2207 6.69043 1.21143 7.2373 6.31738 1.38477 7.2373 6.69434 1.52881 8.2207 6.69043 1.38477 7.2373 6.69434 1.34229 8.2207 7.12695 0.706543 1.87012 0.535645 0.553711 2.08936 0.225586 1.28266 2.06592 0.247846 0.527832 2.14014 0.001953 0.527832 1.76953 -0.105957 1.31977 1.58301 -0.084185 1.34229 8.2207 7.12695 1.38477 7.2373 6.69434 1.21143 7.2373 7.08496 -0.513672 11.4077 7.06348 -0.521484 9.77881 7.04297 -0.687012 11.4077 6.64307 1.02832 1.52295 0.577637 1.3559 1.6626 0.220014 1.31977 1.58301 -0.084185 -0.687012 11.4077 6.64307 -0.521484 9.77881 7.04297 -0.69873 9.77881 6.64307 0.527832 2.14014 0.001953 1.31977 1.58301 -0.084185 1.27191 2.11523 -0.04317 -0.687012 11.4077 6.64307 -0.69873 9.77881 6.64307 -0.513672 11.4077 6.22266 1.02832 1.52295 0.577637 0.706543 1.87012 0.535645 1.35639 1.8623 0.312787 -0.513672 11.4077 6.22266 -0.69873 9.77881 6.64307 -0.521484 9.77881 6.24365 0.706543 0.524902 0.535645 1.28266 0.3291 0.247846 0.553711 0.305664 0.225586 -0.513672 11.4077 6.22266 -0.521484 9.77881 6.24365 -0.099609 11.4077 6.04834 -0.099609 11.4077 6.04834 -0.521484 9.77881 6.24365 -0.099609 9.77881 6.07813 1.02832 0.87207 0.577637 1.31977 0.812011 -0.084185 1.3559 0.732421 0.220014 -0.099609 11.4077 7.23779 -0.099609 9.77881 7.2085 -0.513672 11.4077 7.06348 0.527832 0.254883 0.001953 1.27191 0.279784 -0.04317 1.31977 0.812011 -0.084185 -0.513672 11.4077 7.06348 -0.099609 9.77881 7.2085 -0.521484 9.77881 7.04297 1.02832 0.87207 0.577637 1.35639 0.532714 0.312787 0.706543 0.524902 0.535645 -0.099609 11.4077 7.23779 0.313965 11.4077 7.06348 -0.099609 9.77881 7.2085 0.527832 0.625488 -0.105957 0.527832 0.254883 0.001953 1.31977 0.812011 -0.084185 -0.099609 9.77881 7.2085 0.313965 11.4077 7.06348 0.321777 9.77881 7.04297 0.313965 11.4077 7.06348 0.487793 11.4077 6.64307 0.321777 9.77881 7.04297 0.321777 9.77881 7.04297 0.487793 11.4077 6.64307 0.499023 9.77881 6.64307 0.487793 11.4077 6.64307 0.313965 11.4077 6.22266 0.499023 9.77881 6.64307 0.499023 9.77881 6.64307 0.313965 11.4077 6.22266 0.321777 9.77881 6.24365 0.313965 11.4077 6.22266 -0.099609 11.4077 6.04834 0.321777 9.77881 6.24365 0.321777 9.77881 6.24365 -0.099609 11.4077 6.04834 -0.099609 9.77881 6.07813 0.661133 11.4077 7.06348 0.675781 9.77881 7.04297 0.487793 11.4077 6.64307 0.487793 11.4077 6.64307 0.675781 9.77881 7.04297 0.499023 9.77881 6.64307 1.0752 11.4077 7.23779 1.09766 9.77881 7.2085 0.661133 11.4077 7.06348 0.661133 11.4077 7.06348 1.09766 9.77881 7.2085 0.675781 9.77881 7.04297 1.0752 11.4077 7.23779 1.48877 11.4077 7.06348 1.09766 9.77881 7.2085 1.09766 9.77881 7.2085 1.48877 11.4077 7.06348 1.51953 9.77881 7.04297 1.48877 11.4077 7.06348 1.66016 11.4077 6.64307 1.51953 9.77881 7.04297 1.51953 9.77881 7.04297 1.66016 11.4077 6.64307 1.69434 9.77881 6.64307 1.66016 11.4077 6.64307 1.48877 11.4077 6.22266 1.69434 9.77881 6.64307 1.69434 9.77881 6.64307 1.48877 11.4077 6.22266 1.51953 9.77881 6.24365 1.48877 11.4077 6.22266 1.0752 11.4077 6.04834 1.51953 9.77881 6.24365 1.51953 9.77881 6.24365 1.0752 11.4077 6.04834 1.09766 9.77881 6.07813 -1.68848 11.4077 7.06348 -1.71924 9.77881 7.04297 -1.85986 11.4077 6.64307 -1.85986 11.4077 6.64307 -1.71924 9.77881 7.04297 -1.89404 9.77881 6.64307 -1.85986 11.4077 6.64307 -1.89404 9.77881 6.64307 -1.68848 11.4077 6.22266 -1.68848 11.4077 6.22266 -1.89404 9.77881 6.64307 -1.71924 9.77881 6.24365 0.553711 2.08936 0.225586 0.706543 1.87012 0.535645 -0.382338 1.90332 0.460388 -1.68848 11.4077 6.22266 -1.71924 9.77881 6.24365 -1.27441 11.4077 6.04834 -1.27441 11.4077 6.04834 -1.71924 9.77881 6.24365 -1.29736 9.77881 6.07813 -1.27441 11.4077 7.23779 -1.29736 9.77881 7.2085 -1.68848 11.4077 7.06348 -1.68848 11.4077 7.06348 -1.29736 9.77881 7.2085 -1.71924 9.77881 7.04297 0.553711 0.305664 0.225586 -0.382338 0.491698 0.460388 0.706543 0.524902 0.535645 -1.27441 11.4077 7.23779 -0.86084 11.4077 7.06348 -1.29736 9.77881 7.2085 1.02197 1.19775 0.626465 1.02832 0.87207 0.577637 -0.212048 0.836425 0.725777 -1.29736 9.77881 7.2085 -0.86084 11.4077 7.06348 -0.875488 9.77881 7.04297 -0.86084 11.4077 7.06348 -0.687012 11.4077 6.64307 -0.875488 9.77881 7.04297 -0.875488 9.77881 7.04297 -0.687012 11.4077 6.64307 -0.69873 9.77881 6.64307 -0.687012 11.4077 6.64307 -0.86084 11.4077 6.22266 -0.69873 9.77881 6.64307 -0.69873 9.77881 6.64307 -0.86084 11.4077 6.22266 -0.875488 9.77881 6.24365 -0.86084 11.4077 6.22266 -1.27441 11.4077 6.04834 -0.875488 9.77881 6.24365 -0.875488 9.77881 6.24365 -1.27441 11.4077 6.04834 -1.29736 9.77881 6.07813 0.487793 11.4077 6.64307 0.499023 9.77881 6.64307 0.661229 11.3755 6.22271 1.0752 11.4077 6.04834 0.675781 9.77881 6.24365 1.09766 9.77881 6.07813 1.94531 3.12012 3.72754 2.83887 3.47949 2.84424 2.08346 2.91504 4.41171 1.94531 -3.12012 3.72754 2.08346 -2.91504 4.41171 2.83887 -3.47949 2.84424 3.9043 -2.69043 1.44238 2.44092 -2.53467 1.30615 2.26563 -3.2002 2.19971 3.9043 2.69043 1.44238 2.26563 3.2002 2.19971 2.44092 2.53467 1.30615 2.83887 3.47949 2.84424 2.26563 3.2002 2.19971 3.9043 2.69043 1.44238 2.83887 -3.47949 2.84424 3.9043 -2.69043 1.44238 2.26563 -3.2002 2.19971 1.94531 3.12012 3.72754 2.26563 3.2002 2.19971 2.83887 3.47949 2.84424 1.94531 -3.12012 3.72754 2.83887 -3.47949 2.84424 2.26563 -3.2002 2.19971 2.44092 2.53467 1.30615 2.26563 3.2002 2.19971 0.374023 2.65967 1.32232 2.44092 -2.53467 1.30615 0.374023 -2.65967 1.32232 2.26563 -3.2002 2.19971 2.26563 -3.2002 2.19971 0.125488 -3.44141 2.89947 1.18066 -3.36084 3.10059 2.26563 3.2002 2.19971 1.18066 3.36084 3.10059 0.125488 3.44141 2.89947 3.17041 1.31543 8.93164 2.31313 1.41943 8.9649 2.53906 1.99951 8.77148 1.18066 -3.36084 3.10059 0.855469 -3.42383 4.48975 1.94531 -3.12012 3.72754 1.18066 3.36084 3.10059 1.94531 3.12012 3.72754 0.855469 3.42383 4.48975 2.26563 -3.2002 2.19971 1.18066 -3.36084 3.10059 1.94531 -3.12012 3.72754 3.79834 0 9.29248 4.3469 -0.423828 8.83749 3.66064 -0.355469 9.11523 2.26563 3.2002 2.19971 1.94531 3.12012 3.72754 1.18066 3.36084 3.10059 0.855469 -3.42383 4.48975 2.08346 -2.91504 4.41171 1.94531 -3.12012 3.72754 0.855469 3.42383 4.48975 1.94531 3.12012 3.72754 2.08346 2.91504 4.41171 4.43506 -1.48389 0.890137 2.64697 -1.43555 0.679199 3.9043 -2.69043 1.44238 0.553711 -2.08936 0.225586 1.28266 -2.06591 0.247846 0.527838 -2.14013 0.002184 3.9043 -2.69043 1.44238 2.64697 -1.43555 0.679199 2.44092 -2.53467 1.30615 4.61719 0 0.662598 2.71924 0 0.357422 4.43506 -1.48389 0.890137 4.43506 -1.48389 0.890137 2.71924 0 0.357422 2.64697 -1.43555 0.679199 0.553711 -0.305664 0.225586 0.527838 -0.254878 0.002184 1.28266 -0.329096 0.247846 4.43506 1.48389 0.890137 3.9043 2.69043 1.44238 2.64697 1.43555 0.679199 2.64697 1.43555 0.679199 3.9043 2.69043 1.44238 2.44092 2.53467 1.30615 4.61719 0 0.662598 4.43506 1.48389 0.890137 2.71924 0 0.357422 2.71924 0 0.357422 4.43506 1.48389 0.890137 2.64697 1.43555 0.679199 2.35645 -3.60254 8.12549 1.881 -2.41992 8.54986 2.97266 -3.11865 8.5752 2.64697 -1.43555 0.679199 0.374023 -2.65967 1.32232 2.44092 -2.53467 1.30615 2.71924 0 0.357422 0.556641 0 0.246638 2.64697 -1.43555 0.679199 2.64697 -1.43555 0.679199 0.556641 0 0.246638 0.503906 -1.5459 0.549373 2.71924 0 0.357422 2.64697 1.43555 0.679199 0.556641 0 0.246638 -1.76416 -0.880859 6.97217 -2.82129 0 6.23687 -1.89355 0 7.23486 -1.58838 -1.54834 6.74805 -2.71338 -0.978516 6.16363 -1.76416 -0.880859 6.97217 -1.58838 -1.54834 6.74805 -0.947018 -1.4248 7.49578 -1.3111 -2.23096 6.46817 -1.76416 -0.880859 6.97217 -1.11192 -0.766113 7.87054 -1.58838 -1.54834 6.74805 -1.58838 -1.54834 6.74805 -1.11192 -0.766113 7.87054 -0.947018 -1.4248 7.49578 -1.58838 1.54834 6.74805 -1.3111 2.23096 6.46817 -0.947018 1.4248 7.49578 -1.76416 0.880859 6.97217 -1.58838 1.54834 6.74805 -1.11192 0.766113 7.87054 -5.12354 -0.57959 5.47461 -5.50777 0 5.75269 -5.02393 -0.68457 5.81396 -4.93164 0 6.25195 -4.92969 -0.508789 6.15186 -5.53262 0 6.23545 -5.02393 -0.68457 5.81396 -5.50777 0 5.75269 -5.53262 0 6.23545 -5.12354 0.57959 5.47461 -5.02393 0.68457 5.81396 -5.50777 0 5.75269 3.17041 1.31543 8.93164 4.3469 0.423828 8.83749 3.66064 0.355469 9.11523 -4.93164 0 6.25195 -5.53262 0 6.23545 -4.92969 0.508789 6.15186 -5.02393 0.68457 5.81396 -5.53262 0 6.23545 -5.50777 0 5.75269 -4.34668 -1.52295 5.34229 -5.12354 -0.57959 5.47461 -5.02393 -0.68457 5.81396 -4.52637 -0.849609 4.61816 -4.68994 0 4.12549 -5.21826 0 5.11377 -5.21826 0 5.11377 -5.12354 -0.57959 5.47461 -4.52637 -0.849609 4.61816 -4.52637 -0.849609 4.61816 -5.12354 -0.57959 5.47461 -4.34668 -1.52295 5.34229 -4.34668 1.52295 5.34229 -5.02393 0.68457 5.81396 -5.12354 0.57959 5.47461 -4.52637 0.849609 4.61816 -5.21826 0 5.11377 -4.68994 0 4.12549 -5.21826 0 5.11377 -4.52637 0.849609 4.61816 -5.12354 0.57959 5.47461 -4.52637 0.849609 4.61816 -4.34668 1.52295 5.34229 -5.12354 0.57959 5.47461 -3.64453 -1.8208 4.03174 -3.8418 -1.3125 3.5 -4.52637 -0.849609 4.61816 2.53906 1.99951 8.77148 2.31313 1.41943 8.9649 1.881 2.41992 8.54986 -3.28418 -1.6958 5.65918 -4.28418 -0.858398 6.03271 -3.28613 -0.994141 6.00537 3.66064 -0.355469 9.11523 3.17299 -0.24707 9.65777 3.79834 0 9.29248 3.79834 0 9.29248 3.17299 -0.24707 9.65777 3.24526 0 9.79937 -4.28418 -0.858398 6.03271 -3.28418 -1.6958 5.65918 -4.34668 -1.52295 5.34229 3.66064 -0.355469 9.11523 3.17041 -1.31543 8.93164 3.03335 -0.534668 9.30962 -3.41211 2.19482 4.84619 -3.28418 1.6958 5.65918 -4.34668 1.52295 5.34229 3.66064 0.355469 9.11523 3.79834 0 9.29248 3.17299 0.24707 9.65777 3.79834 0 9.29248 3.24526 0 9.79937 3.17299 0.24707 9.65777 -3.64453 1.8208 4.03174 -3.41211 2.19482 4.84619 -4.34668 1.52295 5.34229 3.66064 0.355469 9.11523 3.03335 0.534668 9.30962 3.17041 1.31543 8.93164 -3.64453 1.8208 4.03174 -4.52637 0.849609 4.61816 -3.8418 1.3125 3.5 -3.28418 1.6958 5.65918 -3.28613 0.994141 6.00537 -4.28418 0.858398 6.03271 -4.28418 0.858398 6.03271 -4.34668 1.52295 5.34229 -3.28418 1.6958 5.65918 -4.52637 0.849609 4.61816 -3.64453 1.8208 4.03174 -4.34668 1.52295 5.34229 -3.8418 1.3125 3.5 -2.96436 1.12549 1.97857 -2.79199 2.0791 2.54644 2.97266 -3.11865 8.5752 3.39683 -4.23535 7.80825 2.35645 -3.60254 8.12549 2.97266 3.11865 8.5752 2.35645 3.60254 8.12549 3.39683 4.23535 7.80825 2.97266 -3.11865 8.5752 3.17041 -1.31543 8.93164 4.41243 -1.76416 8.72418 -3.64453 1.8208 4.03174 -3.8418 1.3125 3.5 -2.5708 2.72607 3.26031 -3.8418 -1.3125 3.5 -2.5708 -2.72607 3.26031 -2.79199 -2.0791 2.54644 2.97266 3.11865 8.5752 4.41243 1.76416 8.72418 3.17041 1.31543 8.93164 -3.8418 -1.3125 3.5 -2.79199 -2.0791 2.54644 -2.96436 -1.12549 1.97857 -3.64453 -1.8208 4.03174 -2.5708 -2.72607 3.26031 -3.8418 -1.3125 3.5 -3.8418 1.3125 3.5 -2.79199 2.0791 2.54644 -2.5708 2.72607 3.26031 0.706543 -1.87012 0.535645 1.28266 -2.06591 0.247846 0.553711 -2.08936 0.225586 -4.52637 -0.849609 4.61816 -4.34668 -1.52295 5.34229 -3.64453 -1.8208 4.03174 -3.41211 -2.19482 4.84619 -4.34668 -1.52295 5.34229 -3.28418 -1.6958 5.65918 -3.64453 -1.8208 4.03174 -4.34668 -1.52295 5.34229 -3.41211 -2.19482 4.84619 -4.34668 -1.52295 5.34229 -5.02393 -0.68457 5.81396 -4.28418 -0.858398 6.03271 -4.28418 -0.858398 6.03271 -5.02393 -0.68457 5.81396 -4.92969 -0.508789 6.15186 0.553711 -2.08936 0.225586 -0.382338 -1.90332 0.460388 0.706543 -1.87012 0.535645 -4.28418 -0.858398 6.03271 -4.92969 -0.508789 6.15186 -4.28906 0 6.21631 -4.28906 0 6.21631 -4.92969 -0.508789 6.15186 -4.93164 0 6.25195 -4.28418 0.858398 6.03271 -4.28906 0 6.21631 -4.92969 0.508789 6.15186 -4.92969 0.508789 6.15186 -4.28906 0 6.21631 -4.93164 0 6.25195 0.706543 -0.524902 0.535645 0.553711 -0.305664 0.225586 1.28266 -0.329096 0.247846 -4.34668 1.52295 5.34229 -4.28418 0.858398 6.03271 -5.02393 0.68457 5.81396 -5.02393 0.68457 5.81396 -4.28418 0.858398 6.03271 -4.92969 0.508789 6.15186 -3.34521 0 6.10693 -2.82129 0 6.23687 -3.28613 -0.994141 6.00537 -3.28613 -0.994141 6.00537 -2.82129 0 6.23687 -2.71338 -0.978516 6.16363 0.553711 -0.305664 0.225586 0.706543 -0.524902 0.535645 -0.382338 -0.491694 0.460388 -3.28418 1.6958 5.65918 -2.71338 0.978516 6.16363 -3.28613 0.994141 6.00537 -3.64453 1.8208 4.03174 -2.30029 2.89111 4.49566 -3.41211 2.19482 4.84619 -3.34521 0 6.10693 -3.28613 0.994141 6.00537 -2.82129 0 6.23687 -4.68994 0 4.12549 -4.52637 -0.849609 4.61816 -4.05029 0 2.9375 -4.05029 0 2.9375 -4.52637 -0.849609 4.61816 -3.8418 -1.3125 3.5 -4.28906 0 6.21631 -3.34521 0 6.10693 -4.28418 -0.858398 6.03271 -4.28418 -0.858398 6.03271 -3.34521 0 6.10693 -3.28613 -0.994141 6.00537 -4.68994 0 4.12549 -4.05029 0 2.9375 -4.52637 0.849609 4.61816 -4.52637 0.849609 4.61816 -4.05029 0 2.9375 -3.8418 1.3125 3.5 -4.28906 0 6.21631 -4.28418 0.858398 6.03271 -3.34521 0 6.10693 -3.34521 0 6.10693 -4.28418 0.858398 6.03271 -3.28613 0.994141 6.00537 4.62646 3.67871 4.5415 5.25049 0 3.44434 3.14502 2.31934 4.57568 7.47656 2.60156 4.53223 5.25049 0 3.44434 4.62646 3.67871 4.5415 7.47656 2.60156 4.53223 8.09766 0 4.55566 5.25049 0 3.44434 4.62646 -3.67871 4.5415 3.14502 -2.31934 4.57568 5.25049 0 3.44434 7.47656 -2.60156 4.53223 4.62646 -3.67871 4.5415 5.25049 0 3.44434 7.47656 -2.60156 4.53223 5.25049 0 3.44434 8.09766 0 4.55566 3.14502 2.31934 4.57568 5.25049 0 3.44434 1.83217 0 4.60895 1.02197 -1.19775 0.626465 -0.212048 -0.836421 0.725777 1.02832 -0.87207 0.577637 3.14502 -2.31934 4.57568 1.83217 0 4.60895 5.25049 0 3.44434 1.02832 -1.52295 0.577637 1.35639 -1.8623 0.312788 0.706543 -1.87012 0.535645 1.02832 -0.87207 0.577637 0.706543 -0.524902 0.535645 1.35639 -0.53271 0.312788 8.53711 0 4.20459 7.94873 2.30811 4.271 7.61183 0 2.36754 1.02832 -1.52295 0.577637 1.31977 -1.583 -0.084185 1.3559 -1.66259 0.220014 7.94873 -2.30811 4.271 7.61183 0 2.36754 7.00136 -2.10986 2.40307 -0.708496 0 9.16455 -0.507813 -0.370117 9.06787 -0.741211 -0.42627 8.51221 -0.708496 0 9.16455 -0.991699 0 8.77539 -0.741211 0.42627 8.51221 -0.708496 0 9.16455 -0.741211 -0.42627 8.51221 -0.991699 0 8.77539 1.02832 -0.87207 0.577637 1.3559 -0.732417 0.220014 1.31977 -0.812007 -0.084185 -0.708496 0 9.16455 -0.741211 0.42627 8.51221 -0.507813 0.370117 9.06787 -0.741211 0.42627 8.51221 -0.330386 1.08936 8.28516 -0.507813 0.370117 9.06787 -0.741211 -0.42627 8.51221 -0.507813 -0.370117 9.06787 -0.330386 -1.08936 8.28516 2.97266 -3.11865 8.5752 1.881 -2.41992 8.54986 2.53906 -1.99951 8.77148 -0.507813 -0.370117 9.06787 -0.567729 0 9.58843 -0.36851 -0.405762 9.62212 -0.708496 0 9.16455 -0.507813 0.370117 9.06787 -0.567729 0 9.58843 -0.708496 0 9.16455 -0.567729 0 9.58843 -0.507813 -0.370117 9.06787 -0.507813 0.370117 9.06787 -0.36851 0.405762 9.62212 -0.567729 0 9.58843 0.40332 1.26563 8.86816 0.418945 1.51465 8.29443 0.906392 1.77197 8.36577 7.47656 -2.60156 4.53223 4.63711 -3.83154 6.36804 4.62646 -3.67871 4.5415 8.09766 0 4.55566 7.73476 -2.61133 6.35827 7.47656 -2.60156 4.53223 6.5293 -3.82666 4.36865 4.74658 -4.55957 4.47803 6.51015 -3.90625 6.4115 3.24951 -4.32031 4.61816 4.77187 -4.59717 6.4115 4.74658 -4.55957 4.47803 8.53711 0 4.20459 7.94873 -2.30811 4.271 9.02334 0 6.4115 6.5293 -3.82666 4.36865 8.25234 -2.37695 6.4115 7.94873 -2.30811 4.271 6.5293 3.82666 4.36865 6.51015 3.90625 6.4115 4.74658 4.55957 4.47803 4.74658 4.55957 4.47803 6.51015 3.90625 6.4115 4.77187 4.59717 6.4115 8.53711 0 4.20459 9.02334 0 6.4115 7.94873 2.30811 4.271 7.94873 2.30811 4.271 9.02334 0 6.4115 8.25234 2.37695 6.4115 1.44141 -2.50928 6.44629 2.08346 -2.91504 4.41171 1.15751 -2.67676 6.32677 -0.741211 -0.42627 8.51221 -0.947018 -1.4248 7.49578 -1.11192 -0.766113 7.87054 2.53906 -1.99951 8.77148 3.17041 -1.31543 8.93164 2.97266 -3.11865 8.5752 2.53906 -1.99951 8.77148 1.881 -2.41992 8.54986 2.31313 -1.41943 8.9649 2.97266 3.11865 8.5752 2.53906 1.99951 8.77148 1.881 2.41992 8.54986 2.53906 1.99951 8.77148 2.97266 3.11865 8.5752 3.17041 1.31543 8.93164 -0.741211 -0.42627 8.51221 -1.11192 -0.766113 7.87054 -0.991699 0 8.77539 -0.991699 0 8.77539 -1.11192 -0.766113 7.87054 -1.36606 0 8.35775 -0.741211 0.42627 8.51221 -0.991699 0 8.77539 -1.11192 0.766113 7.87054 -0.130371 -0.833496 8.93701 -0.110698 -0.993164 9.6773 0.403463 -1.26563 8.86822 -0.130371 -0.833496 8.93701 -0.507813 -0.370117 9.06787 -0.110698 -0.993164 9.6773 -0.130371 0.833496 8.93701 0.40332 1.26563 8.86816 -0.110698 0.993164 9.6773 -0.130371 0.833496 8.93701 -0.110698 0.993164 9.6773 -0.507813 0.370117 9.06787 -0.507813 0.370117 9.06787 -0.110698 0.993164 9.6773 -0.36851 0.405762 9.62212 1.44141 2.50928 6.44629 1.15751 2.67676 6.32677 2.08346 2.91504 4.41171 1.11133 2.25732 7.40625 1.15751 2.67676 6.32677 1.44141 2.50928 6.44629 3.14502 -2.31934 4.57568 1.18081 0 6.43609 1.83217 0 4.60895 0.418945 -1.51465 8.29443 0.776337 -2.3457 7.19254 -0.044322 -2.20801 7.30721 4.62646 -3.67871 4.5415 2.05434 -2.60938 6.40288 3.14502 -2.31934 4.57568 0.418945 1.51465 8.29443 0.40332 1.26563 8.86816 -0.330386 1.08936 8.28516 0.418945 -1.51465 8.29443 -0.330386 -1.08936 8.28516 0.403463 -1.26563 8.86822 2.83887 3.47949 2.84424 3.24951 4.32031 4.61816 2.46045 3.64551 4.66699 2.83887 -3.47949 2.84424 2.46045 -3.64551 4.66699 3.24951 -4.32031 4.61816 8.53711 0 4.20459 7.61183 0 2.36754 7.94873 -2.30811 4.271 6.13135 0 1.21582 4.43506 1.48389 0.890137 4.61719 0 0.662598 3.9043 2.69043 1.44238 4.43506 1.48389 0.890137 5.85156 2.00391 1.46973 3.9043 -2.69043 1.44238 5.85156 -2.00391 1.46973 4.43506 -1.48389 0.890137 3.24951 4.32031 4.61816 4.48341 4.02686 2.64335 4.74658 4.55957 4.47803 6.5293 3.82666 4.36865 4.74658 4.55957 4.47803 5.70483 3.37646 2.52301 4.74658 -4.55957 4.47803 5.70483 -3.37646 2.52301 4.48341 -4.02686 2.64335 3.24951 -4.32031 4.61816 4.74658 -4.55957 4.47803 4.48341 -4.02686 2.64335 6.5293 -3.82666 4.36865 5.70483 -3.37646 2.52301 4.74658 -4.55957 4.47803 4.74658 4.55957 4.47803 4.48341 4.02686 2.64335 5.70483 3.37646 2.52301 3.24951 4.32031 4.61816 2.83887 3.47949 2.84424 4.48341 4.02686 2.64335 3.24951 -4.32031 4.61816 4.48341 -4.02686 2.64335 2.83887 -3.47949 2.84424 3.9043 -2.69043 1.44238 4.48341 -4.02686 2.64335 5.70483 -3.37646 2.52301 3.9043 2.69043 1.44238 5.70483 3.37646 2.52301 4.48341 4.02686 2.64335 5.85156 -2.00391 1.46973 7.00136 -2.10986 2.40307 6.13135 0 1.21582 6.13135 0 1.21582 7.00136 -2.10986 2.40307 7.61183 0 2.36754 5.85156 2.00391 1.46973 6.13135 0 1.21582 7.00136 2.10986 2.40307 5.85156 -2.00391 1.46973 6.13135 0 1.21582 4.43506 -1.48389 0.890137 4.43506 -1.48389 0.890137 6.13135 0 1.21582 4.61719 0 0.662598 5.85156 2.00391 1.46973 4.43506 1.48389 0.890137 6.13135 0 1.21582 -1.28467 -6.41162 7.05566 -0.099609 -6.41211 7.09277 -1.41113 -7.2373 7.08496 2.46045 -3.64551 4.66699 2.29433 -3.63721 6.4945 3.19716 -4.375 6.44909 2.46045 3.64551 4.66699 3.19716 4.375 6.44909 2.29433 3.63721 6.4945 2.46045 3.64551 4.66699 2.08346 2.91504 4.41171 2.83887 3.47949 2.84424 2.46045 -3.64551 4.66699 2.83887 -3.47949 2.84424 2.08346 -2.91504 4.41171</float_array>
          <technique_common>
            <accessor source="#GeometrySource3-array" count="4488" stride="3">
              <param name="X" type="float"/>
              <param name="Y" type="float"/>
              <param name="Z" type="float"/>
            </accessor>
          </technique_common>
        </source>
        <source id="GeometrySource4" name="mesh0001Nrm">
          <float_array id="GeometrySource4-array" count="13464">0.85144 0.254081 -0.458794 0.85144 0.254081 -0.458794 0.85144 0.254081 -0.458794 0.077692 0.146234 0.986195 0.077692 0.146234 0.986195 0.077692 0.146234 0.986195 0.092837 0.093641 0.991268 0.092837 0.093641 0.991268 0.092837 0.093641 0.991268 0.423816 0.29515 0.85631 0.423816 0.29515 0.85631 0.423816 0.29515 0.85631 0.446784 0.274072 0.851627 0.446784 0.274072 0.851627 0.446784 0.274072 0.851627 0.46064 0.378968 0.802617 0.46064 0.378968 0.802617 0.46064 0.378968 0.802617 0.248314 0.198264 0.948173 0.248314 0.198264 0.948173 0.248314 0.198264 0.948173 0.163995 0.445257 0.880257 0.163995 0.445257 0.880257 0.163995 0.445257 0.880257 0.603121 0.187561 -0.775284 0.603121 0.187561 -0.775284 0.603121 0.187561 -0.775284 0.286944 0.366267 0.885162 0.286944 0.366267 0.885162 0.286944 0.366267 0.885162 0.399577 0.233514 0.886459 0.399577 0.233514 0.886459 0.399577 0.233514 0.886459 0.324256 0.605745 0.726589 0.324256 0.605745 0.726589 0.324256 0.605745 0.726589 -0.312659 -0.706268 -0.635162 -0.312659 -0.706268 -0.635162 -0.312659 -0.706268 -0.635162 -0.312659 0.706268 -0.635162 -0.312659 0.706268 -0.635162 -0.312659 0.706268 -0.635162 -0.181987 0.478426 0.859063 -0.181987 0.478426 0.859063 -0.181987 0.478426 0.859063 0.261549 0.616488 0.742654 0.261549 0.616488 0.742654 0.261549 0.616488 0.742654 0.024043 0.177056 0.983907 0.024043 0.177056 0.983907 0.024043 0.177056 0.983907 0.11218 0.092286 0.989393 0.11218 0.092286 0.989393 0.11218 0.092286 0.989393 0.656331 0.63926 -0.400719 0.656331 0.63926 -0.400719 0.656331 0.63926 -0.400719 -0.123979 -0.158247 -0.979585 -0.123979 -0.158247 -0.979585 -0.123979 -0.158247 -0.979585 0.608719 0.664199 -0.433937 0.608719 0.664199 -0.433937 0.608719 0.664199 -0.433937 -0.106539 -0.172221 -0.97928 -0.106539 -0.172221 -0.97928 -0.106539 -0.172221 -0.97928 -0.189283 -0.115442 -0.975113 -0.189283 -0.115442 -0.975113 -0.189283 -0.115442 -0.975113 0.656331 -0.63926 -0.400719 0.656331 -0.63926 -0.400719 0.656331 -0.63926 -0.400719 0.088136 -0.108151 -0.99022 0.088136 -0.108151 -0.99022 0.088136 -0.108151 -0.99022 -0.199168 -0.208519 -0.957524 -0.199168 -0.208519 -0.957524 -0.199168 -0.208519 -0.957524 0.608719 -0.664199 -0.433937 0.608719 -0.664199 -0.433937 0.608719 -0.664199 -0.433937 0.168589 -0.290286 -0.941972 0.168589 -0.290286 -0.941972 0.168589 -0.290286 -0.941972 0.225114 -0.608199 -0.761195 0.225114 -0.608199 -0.761195 0.225114 -0.608199 -0.761195 0.225114 0.608199 -0.761195 0.225114 0.608199 -0.761195 0.225114 0.608199 -0.761195 0.104678 -0.07869 0.991388 0.104678 -0.07869 0.991388 0.104678 -0.07869 0.991388 0.077692 -0.146234 0.986195 0.077692 -0.146234 0.986195 0.077692 -0.146234 0.986195 0.488773 0.563404 -0.666091 0.488773 0.563404 -0.666091 0.488773 0.563404 -0.666091 0.488773 -0.563404 -0.666091 0.488773 -0.563404 -0.666091 0.488773 -0.563404 -0.666091 0.092837 -0.093641 0.991268 0.092837 -0.093641 0.991268 0.092837 -0.093641 0.991268 0.423816 -0.29515 0.85631 0.423816 -0.29515 0.85631 0.423816 -0.29515 0.85631 0.446784 -0.274072 0.851627 0.446784 -0.274072 0.851627 0.446784 -0.274072 0.851627 0.46064 -0.378968 0.802617 0.46064 -0.378968 0.802617 0.46064 -0.378968 0.802617 -0.527812 -0.723 0.445741 -0.527812 -0.723 0.445741 -0.527812 -0.723 0.445741 0.248314 -0.198264 0.948173 0.248314 -0.198264 0.948173 0.248314 -0.198264 0.948173 0.397403 0.828573 0.394384 0.397403 0.828573 0.394384 0.397403 0.828573 0.394384 0.535328 0.588293 0.606082 0.535328 0.588293 0.606082 0.535328 0.588293 0.606082 -0.527873 0.722955 0.445742 -0.527873 0.722955 0.445742 -0.527873 0.722955 0.445742 0.163995 -0.445257 0.880257 0.163995 -0.445257 0.880257 0.163995 -0.445257 0.880257 0.286944 -0.366267 0.885162 0.286944 -0.366267 0.885162 0.286944 -0.366267 0.885162 0.427395 0.90112 0.072909 0.427395 0.90112 0.072909 0.427395 0.90112 0.072909 0.832832 -0.467163 0.2969 0.832832 -0.467163 0.2969 0.832832 -0.467163 0.2969 0.80912 -0.264188 0.524909 0.80912 -0.264188 0.524909 0.80912 -0.264188 0.524909 -0.052651 0.805412 0.590372 -0.052651 0.805412 0.590372 -0.052651 0.805412 0.590372 -0.469979 0.771268 0.429262 -0.469979 0.771268 0.429262 -0.469979 0.771268 0.429262 0.399577 -0.233514 0.886459 0.399577 -0.233514 0.886459 0.399577 -0.233514 0.886459 -0.469979 -0.771268 0.429262 -0.469979 -0.771268 0.429262 -0.469979 -0.771268 0.429262 0.324256 -0.605745 0.726589 0.324256 -0.605745 0.726589 0.324256 -0.605745 0.726589 0.80912 0.264188 0.524909 0.80912 0.264188 0.524909 0.80912 0.264188 0.524909 -0.181987 -0.478426 0.859063 -0.181987 -0.478426 0.859063 -0.181987 -0.478426 0.859063 0.014469 0.931805 0.362672 0.014469 0.931805 0.362672 0.014469 0.931805 0.362672 0.361716 -0.863668 0.351054 0.361716 -0.863668 0.351054 0.361716 -0.863668 0.351054 0.014469 -0.931805 0.362672 0.014469 -0.931805 0.362672 0.014469 -0.931805 0.362672 -0.606274 0.502483 0.616395 -0.606274 0.502483 0.616395 -0.606274 0.502483 0.616395 -0.529137 0.549289 0.646758 -0.529137 0.549289 0.646758 -0.529137 0.549289 0.646758 0.618131 0.685786 0.384203 0.618131 0.685786 0.384203 0.618131 0.685786 0.384203 0.261549 -0.616488 0.742654 0.261549 -0.616488 0.742654 0.261549 -0.616488 0.742654 0.024043 -0.177056 0.983907 0.024043 -0.177056 0.983907 0.024043 -0.177056 0.983907 0.11218 -0.092286 0.989393 0.11218 -0.092286 0.989393 0.11218 -0.092286 0.989393 -0.3881 0.916842 -0.093691 -0.3881 0.916842 -0.093691 -0.3881 0.916842 -0.093691 -0.289743 0.939958 -0.180355 -0.289743 0.939958 -0.180355 -0.289743 0.939958 -0.180355 -0.601722 0.790213 -0.116166 -0.601722 0.790213 -0.116166 -0.601722 0.790213 -0.116166 -0.123979 0.158247 -0.979585 -0.123979 0.158247 -0.979585 -0.123979 0.158247 -0.979585 -0.903524 -0.377509 0.202809 -0.903524 -0.377509 0.202809 -0.903524 -0.377509 0.202809 -0.106539 0.172221 -0.97928 -0.106539 0.172221 -0.97928 -0.106539 0.172221 -0.97928 -0.601706 -0.79021 -0.11627 -0.601706 -0.79021 -0.11627 -0.601706 -0.79021 -0.11627 -0.189283 0.115442 -0.975113 -0.189283 0.115442 -0.975113 -0.189283 0.115442 -0.975113 -0.618198 0.557467 0.554131 -0.618198 0.557467 0.554131 -0.618198 0.557467 0.554131 0.088136 0.108151 -0.99022 0.088136 0.108151 -0.99022 0.088136 0.108151 -0.99022 -0.199168 0.208519 -0.957524 -0.199168 0.208519 -0.957524 -0.199168 0.208519 -0.957524 0.168589 0.290286 -0.941972 0.168589 0.290286 -0.941972 0.168589 0.290286 -0.941972 0 0 -1 0 0 -1 0 0 -1 -0.529137 -0.549289 0.646758 -0.529137 -0.549289 0.646758 -0.529137 -0.549289 0.646758 0.618131 -0.685786 0.384203 0.618131 -0.685786 0.384203 0.618131 -0.685786 0.384203 0.484756 0.577231 0.657127 0.484756 0.577231 0.657127 0.484756 0.577231 0.657127 0.720896 0.681827 -0.124183 0.720896 0.681827 -0.124183 0.720896 0.681827 -0.124183 0.659521 0.751332 -0.023091 0.659521 0.751332 -0.023091 0.659521 0.751332 -0.023091 -0.235439 0.119126 0.964561 -0.235439 0.119126 0.964561 -0.235439 0.119126 0.964561 -0.256255 0.104356 0.96096 -0.256255 0.104356 0.96096 -0.256255 0.104356 0.96096 0.057035 0.083352 0.994887 0.057035 0.083352 0.994887 0.057035 0.083352 0.994887 0.144779 0.143326 0.979029 0.144779 0.143326 0.979029 0.144779 0.143326 0.979029 0.866231 0.453526 0.20966 0.866231 0.453526 0.20966 0.866231 0.453526 0.20966 0.832934 0.425525 0.353764 0.832934 0.425525 0.353764 0.832934 0.425525 0.353764 0.226114 0.679252 0.698204 0.226114 0.679252 0.698204 0.226114 0.679252 0.698204 0.258304 0.492497 0.831099 0.258304 0.492497 0.831099 0.258304 0.492497 0.831099 -0.158171 0.480473 0.862628 -0.158171 0.480473 0.862628 -0.158171 0.480473 0.862628 -0.246592 0.636729 0.730595 -0.246592 0.636729 0.730595 -0.246592 0.636729 0.730595 -0.386418 0.121308 0.914312 -0.386418 0.121308 0.914312 -0.386418 0.121308 0.914312 -0.367177 0.147421 0.918394 -0.367177 0.147421 0.918394 -0.367177 0.147421 0.918394 0.568846 0.630511 0.528081 0.568846 0.630511 0.528081 0.568846 0.630511 0.528081 0.59009 0.584742 0.55666 0.59009 0.584742 0.55666 0.59009 0.584742 0.55666 0.958729 0.283056 -0.026803 0.958729 0.283056 -0.026803 0.958729 0.283056 -0.026803 0.932119 0.322768 -0.164242 0.932119 0.322768 -0.164242 0.932119 0.322768 -0.164242 -0.132832 0.085429 0.98745 -0.132832 0.085429 0.98745 -0.132832 0.085429 0.98745 -0.142789 0.094918 0.985191 -0.142789 0.094918 0.985191 -0.142789 0.094918 0.985191 0.39248 0.13376 0.909982 0.39248 0.13376 0.909982 0.39248 0.13376 0.909982 0.467537 0.200728 0.860882 0.467537 0.200728 0.860882 0.467537 0.200728 0.860882 0.98029 0.195039 0.031481 0.98029 0.195039 0.031481 0.98029 0.195039 0.031481 0.990858 0.133442 -0.019835 0.990858 0.133442 -0.019835 0.990858 0.133442 -0.019835 -0.247059 0.277881 0.928302 -0.247059 0.277881 0.928302 -0.247059 0.277881 0.928302 -0.266252 0.297575 0.91682 -0.266252 0.297575 0.91682 -0.266252 0.297575 0.91682 0.866231 -0.453526 0.20966 0.866231 -0.453526 0.20966 0.866231 -0.453526 0.20966 0.832934 -0.425525 0.353764 0.832934 -0.425525 0.353764 0.832934 -0.425525 0.353764 0.226114 -0.679252 0.698204 0.226114 -0.679252 0.698204 0.226114 -0.679252 0.698204 0.258304 -0.492497 0.831099 0.258304 -0.492497 0.831099 0.258304 -0.492497 0.831099 -0.158171 -0.480473 0.862628 -0.158171 -0.480473 0.862628 -0.158171 -0.480473 0.862628 -0.246592 -0.636729 0.730595 -0.246592 -0.636729 0.730595 -0.246592 -0.636729 0.730595 -0.386418 -0.121308 0.914312 -0.386418 -0.121308 0.914312 -0.386418 -0.121308 0.914312 -0.367177 -0.147421 0.918394 -0.367177 -0.147421 0.918394 -0.367177 -0.147421 0.918394 0.568846 -0.630511 0.528081 0.568846 -0.630511 0.528081 0.568846 -0.630511 0.528081 0.59009 -0.584742 0.55666 0.59009 -0.584742 0.55666 0.59009 -0.584742 0.55666 0.958729 -0.283056 -0.026803 0.958729 -0.283056 -0.026803 0.958729 -0.283056 -0.026803 0.932119 -0.322768 -0.164242 0.932119 -0.322768 -0.164242 0.932119 -0.322768 -0.164242 -0.388166 -0.916815 -0.093689 -0.388166 -0.916815 -0.093689 -0.388166 -0.916815 -0.093689 -0.289732 -0.939951 -0.180411 -0.289732 -0.939951 -0.180411 -0.289732 -0.939951 -0.180411 -0.132832 -0.085429 0.98745 -0.132832 -0.085429 0.98745 -0.132832 -0.085429 0.98745 -0.142789 -0.094918 0.985191 -0.142789 -0.094918 0.985191 -0.142789 -0.094918 0.985191 0.39248 -0.13376 0.909982 0.39248 -0.13376 0.909982 0.39248 -0.13376 0.909982 0.467537 -0.200728 0.860882 0.467537 -0.200728 0.860882 0.467537 -0.200728 0.860882 0.98029 -0.195039 0.031481 0.98029 -0.195039 0.031481 0.98029 -0.195039 0.031481 0.990858 -0.133442 -0.019835 0.990858 -0.133442 -0.019835 0.990858 -0.133442 -0.019835 -0.247059 -0.277881 0.928302 -0.247059 -0.277881 0.928302 -0.247059 -0.277881 0.928302 -0.266252 -0.297575 0.91682 -0.266252 -0.297575 0.91682 -0.266252 -0.297575 0.91682 -0.235439 -0.119126 0.964561 -0.235439 -0.119126 0.964561 -0.235439 -0.119126 0.964561 -0.256255 -0.104356 0.96096 -0.256255 -0.104356 0.96096 -0.256255 -0.104356 0.96096 0.057035 -0.083352 0.994887 0.057035 -0.083352 0.994887 0.057035 -0.083352 0.994887 0.144779 -0.143326 0.979029 0.144779 -0.143326 0.979029 0.144779 -0.143326 0.979029 0.4439 0.830942 0.335392 0.4439 0.830942 0.335392 0.4439 0.830942 0.335392 0.551225 -0.352628 0.756178 0.551225 -0.352628 0.756178 0.551225 -0.352628 0.756178 -0.159353 0.987073 -0.01711 -0.159353 0.987073 -0.01711 -0.159353 0.987073 -0.01711 -0.140409 0.989524 -0.03357 -0.140409 0.989524 -0.03357 -0.140409 0.989524 -0.03357 0.466381 0.417597 0.779808 0.466381 0.417597 0.779808 0.466381 0.417597 0.779808 0.485532 -0.858149 0.166852 0.485532 -0.858149 0.166852 0.485532 -0.858149 0.166852 -0.963707 -0.228836 0.13749 -0.963707 -0.228836 0.13749 -0.963707 -0.228836 0.13749 -0.920047 -0.301001 0.250821 -0.920047 -0.301001 0.250821 -0.920047 -0.301001 0.250821 -0.352165 -0.932506 0.080077 -0.352165 -0.932506 0.080077 -0.352165 -0.932506 0.080077 -0.365761 -0.928981 0.056686 -0.365761 -0.928981 0.056686 -0.365761 -0.928981 0.056686 -0.830591 -0.269344 0.487414 -0.830591 -0.269344 0.487414 -0.830591 -0.269344 0.487414 -0.856292 -0.237426 0.458686 -0.856292 -0.237426 0.458686 -0.856292 -0.237426 0.458686 -0.344285 -0.876697 0.335961 -0.344285 -0.876697 0.335961 -0.344285 -0.876697 0.335961 -0.278155 -0.857293 0.433218 -0.278155 -0.857293 0.433218 -0.278155 -0.857293 0.433218 -0.830591 0.269344 0.487414 -0.830591 0.269344 0.487414 -0.830591 0.269344 0.487414 -0.856292 0.237426 0.458686 -0.856292 0.237426 0.458686 -0.856292 0.237426 0.458686 -0.344285 0.876697 0.335961 -0.344285 0.876697 0.335961 -0.344285 0.876697 0.335961 -0.278155 0.857293 0.433218 -0.278155 0.857293 0.433218 -0.278155 0.857293 0.433218 0.255769 0.95466 0.152338 0.255769 0.95466 0.152338 0.255769 0.95466 0.152338 0.659521 -0.751332 -0.023091 0.659521 -0.751332 -0.023091 0.659521 -0.751332 -0.023091 0.941388 -0.305352 -0.143349 0.941388 -0.305352 -0.143349 0.941388 -0.305352 -0.143349 0.277726 0.941049 0.193119 0.277726 0.941049 0.193119 0.277726 0.941049 0.193119 -0.041345 0.073074 -0.996469 -0.041345 0.073074 -0.996469 -0.041345 0.073074 -0.996469 -0.140409 -0.989524 -0.03357 -0.140409 -0.989524 -0.03357 -0.140409 -0.989524 -0.03357 0.369268 -0.929041 -0.022895 0.369268 -0.929041 -0.022895 0.369268 -0.929041 -0.022895 0.484409 -0.578058 0.656656 0.484409 -0.578058 0.656656 0.484409 -0.578058 0.656656 0.443222 -0.831541 0.334805 0.443222 -0.831541 0.334805 0.443222 -0.831541 0.334805 -0.920047 0.301001 0.250821 -0.920047 0.301001 0.250821 -0.920047 0.301001 0.250821 0.551225 0.352628 0.756178 0.551225 0.352628 0.756178 0.551225 0.352628 0.756178 -0.365761 0.928981 0.056686 -0.365761 0.928981 0.056686 -0.365761 0.928981 0.056686 0.604779 -0.647426 0.463769 0.604779 -0.647426 0.463769 0.604779 -0.647426 0.463769 0.427395 -0.90112 0.072909 0.427395 -0.90112 0.072909 0.427395 -0.90112 0.072909 0.397403 -0.828573 0.394384 0.397403 -0.828573 0.394384 0.397403 -0.828573 0.394384 0.535328 -0.588293 0.606082 0.535328 -0.588293 0.606082 0.535328 -0.588293 0.606082 0.466381 -0.417598 0.779808 0.466381 -0.417598 0.779808 0.466381 -0.417598 0.779808 -0.629463 0.637987 0.443564 -0.629463 0.637987 0.443564 -0.629463 0.637987 0.443564 -0.629463 -0.637987 0.443564 -0.629463 -0.637987 0.443564 -0.629463 -0.637987 0.443564 -0.046382 0.895333 0.442976 -0.046382 0.895333 0.442976 -0.046382 0.895333 0.442976 -0.38342 0.661503 0.644517 -0.38342 0.661503 0.644517 -0.38342 0.661503 0.644517 -0.046382 -0.895333 0.442976 -0.046382 -0.895333 0.442976 -0.046382 -0.895333 0.442976 -0.477529 -0.810615 0.338924 -0.477529 -0.810615 0.338924 -0.477529 -0.810615 0.338924 -0.38342 -0.661503 0.644517 -0.38342 -0.661503 0.644517 -0.38342 -0.661503 0.644517 -0.437847 0.813913 0.381884 -0.437847 0.813913 0.381884 -0.437847 0.813913 0.381884 0.485532 0.858149 0.166852 0.485532 0.858149 0.166852 0.485532 0.858149 0.166852 0.255769 -0.95466 0.152338 0.255769 -0.95466 0.152338 0.255769 -0.95466 0.152338 0.277726 -0.941049 0.193119 0.277726 -0.941049 0.193119 0.277726 -0.941049 0.193119 -0.041345 -0.073074 -0.996469 -0.041345 -0.073074 -0.996469 -0.041345 -0.073074 -0.996469 0.176705 0.362064 0.915251 0.176705 0.362064 0.915251 0.176705 0.362064 0.915251 0.135146 0.403833 0.904795 0.135146 0.403833 0.904795 0.135146 0.403833 0.904795 -0.483287 0.706771 -0.516633 -0.483287 0.706771 -0.516633 -0.483287 0.706771 -0.516633 -0.505954 0.701559 -0.501822 -0.505954 0.701559 -0.501822 -0.505954 0.701559 -0.501822 -0.591444 0.431596 -0.681116 -0.591444 0.431596 -0.681116 -0.591444 0.431596 -0.681116 0.386434 -0.912936 -0.131211 0.386434 -0.912936 -0.131211 0.386434 -0.912936 -0.131211 0.899344 -0.437241 0.000452 0.899344 -0.437241 0.000452 0.899344 -0.437241 0.000452 0.027364 -0.571394 -0.820219 0.027364 -0.571394 -0.820219 0.027364 -0.571394 -0.820219 0.257696 -0.468837 -0.844858 0.257696 -0.468837 -0.844858 0.257696 -0.468837 -0.844858 0.548154 -0.823602 -0.145625 0.548154 -0.823602 -0.145625 0.548154 -0.823602 -0.145625 0.482228 -0.459004 -0.746171 0.482228 -0.459004 -0.746171 0.482228 -0.459004 -0.746171 0.68463 -0.571718 -0.452129 0.68463 -0.571718 -0.452129 0.68463 -0.571718 -0.452129 0.248274 -0.495165 -0.832569 0.248274 -0.495165 -0.832569 0.248274 -0.495165 -0.832569 -0.101741 -0.767438 -0.632999 -0.101741 -0.767438 -0.632999 -0.101741 -0.767438 -0.632999 -0.382708 -0.602104 -0.700718 -0.382708 -0.602104 -0.700718 -0.382708 -0.602104 -0.700718 -0.677111 -0.357598 -0.643152 -0.677111 -0.357598 -0.643152 -0.677111 -0.357598 -0.643152 -0.574357 -0.343685 -0.742963 -0.574357 -0.343685 -0.742963 -0.574357 -0.343685 -0.742963 0.27313 -0.66728 -0.69292 0.27313 -0.66728 -0.69292 0.27313 -0.66728 -0.69292 0.979244 -0.120602 -0.162902 0.979244 -0.120602 -0.162902 0.979244 -0.120602 -0.162902 -0.546976 -0.149727 0.82365 -0.546976 -0.149727 0.82365 -0.546976 -0.149727 0.82365 -0.46902 -0.44238 -0.764408 -0.46902 -0.44238 -0.764408 -0.46902 -0.44238 -0.764408 0.280658 -0.670912 -0.686374 0.280658 -0.670912 -0.686374 0.280658 -0.670912 -0.686374 0.848618 -0.188254 0.494377 0.848618 -0.188254 0.494377 0.848618 -0.188254 0.494377 0.477628 -0.235866 0.846309 0.477628 -0.235866 0.846309 0.477628 -0.235866 0.846309 0.961443 -0.148587 -0.231409 0.961443 -0.148587 -0.231409 0.961443 -0.148587 -0.231409 0.916294 -0.102092 -0.387276 0.916294 -0.102092 -0.387276 0.916294 -0.102092 -0.387276 -0.077595 -0.661358 -0.746046 -0.077595 -0.661358 -0.746046 -0.077595 -0.661358 -0.746046 -0.225151 -0.860918 -0.456209 -0.225151 -0.860918 -0.456209 -0.225151 -0.860918 -0.456209 -0.052842 -0.964848 0.257443 -0.052842 -0.964848 0.257443 -0.052842 -0.964848 0.257443 0.893383 -0.276917 -0.353813 0.893383 -0.276917 -0.353813 0.893383 -0.276917 -0.353813 -0.512443 -0.412135 -0.753357 -0.512443 -0.412135 -0.753357 -0.512443 -0.412135 -0.753357 0.150125 -0.894954 -0.420142 0.150125 -0.894954 -0.420142 0.150125 -0.894954 -0.420142 0.360254 -0.871333 -0.333161 0.360254 -0.871333 -0.333161 0.360254 -0.871333 -0.333161 -0.551535 -0.45894 -0.696551 -0.551535 -0.45894 -0.696551 -0.551535 -0.45894 -0.696551 -0.384072 -0.58305 -0.71592 -0.384072 -0.58305 -0.71592 -0.384072 -0.58305 -0.71592 -0.047303 -0.705557 -0.707072 -0.047303 -0.705557 -0.707072 -0.047303 -0.705557 -0.707072 0.927351 -0.081405 -0.36523 0.927351 -0.081405 -0.36523 0.927351 -0.081405 -0.36523 0.081045 -0.992296 -0.093706 0.081045 -0.992296 -0.093706 0.081045 -0.992296 -0.093706 -0.04751 -0.946089 0.320402 -0.04751 -0.946089 0.320402 -0.04751 -0.946089 0.320402 0.621412 -0.773081 -0.127251 0.621412 -0.773081 -0.127251 0.621412 -0.773081 -0.127251 0.834675 -0.236033 0.4976 0.834675 -0.236033 0.4976 0.834675 -0.236033 0.4976 -0.11818 -0.268164 0.956097 -0.11818 -0.268164 0.956097 -0.11818 -0.268164 0.956097 -0.515808 -0.461379 0.721853 -0.515808 -0.461379 0.721853 -0.515808 -0.461379 0.721853 -0.486872 -0.345064 0.802426 -0.486872 -0.345064 0.802426 -0.486872 -0.345064 0.802426 -0.627665 -0.323287 0.708183 -0.627665 -0.323287 0.708183 -0.627665 -0.323287 0.708183 0.808964 -0.173863 0.561559 0.808964 -0.173863 0.561559 0.808964 -0.173863 0.561559 0.424912 -0.342778 0.837826 0.424912 -0.342778 0.837826 0.424912 -0.342778 0.837826 -0.416606 -0.276677 0.865962 -0.416606 -0.276677 0.865962 -0.416606 -0.276677 0.865962 -0.43976 -0.438842 0.7836 -0.43976 -0.438842 0.7836 -0.43976 -0.438842 0.7836 -0.329917 -0.236612 0.913876 -0.329917 -0.236612 0.913876 -0.329917 -0.236612 0.913876 0.275462 -0.934555 -0.225231 0.275462 -0.934555 -0.225231 0.275462 -0.934555 -0.225231 -0.20378 -0.884908 -0.418822 -0.20378 -0.884908 -0.418822 -0.20378 -0.884908 -0.418822 0.070393 -0.991302 -0.111195 0.070393 -0.991302 -0.111195 0.070393 -0.991302 -0.111195 0.033242 -0.544108 -0.838357 0.033242 -0.544108 -0.838357 0.033242 -0.544108 -0.838357 -0.05326 -0.601034 -0.797446 -0.05326 -0.601034 -0.797446 -0.05326 -0.601034 -0.797446 0.990039 0 0.14079 0.990039 0 0.14079 0.990039 0 0.14079 0.386434 0.912936 -0.131211 0.386434 0.912936 -0.131211 0.386434 0.912936 -0.131211 0.899344 0.437241 0.000452 0.899344 0.437241 0.000452 0.899344 0.437241 0.000452 0.027364 0.571394 -0.820219 0.027364 0.571394 -0.820219 0.027364 0.571394 -0.820219 0.257696 0.468837 -0.844858 0.257696 0.468837 -0.844858 0.257696 0.468837 -0.844858 0.548154 0.823602 -0.145625 0.548154 0.823602 -0.145625 0.548154 0.823602 -0.145625 0.482228 0.459004 -0.746171 0.482228 0.459004 -0.746171 0.482228 0.459004 -0.746171 0.68463 0.571718 -0.452129 0.68463 0.571718 -0.452129 0.68463 0.571718 -0.452129 0.248274 0.495165 -0.832569 0.248274 0.495165 -0.832569 0.248274 0.495165 -0.832569 -0.101741 0.767438 -0.632999 -0.101741 0.767438 -0.632999 -0.101741 0.767438 -0.632999 -0.382708 0.602104 -0.700718 -0.382708 0.602104 -0.700718 -0.382708 0.602104 -0.700718 -0.677111 0.357598 -0.643152 -0.677111 0.357598 -0.643152 -0.677111 0.357598 -0.643152 -0.574357 0.343685 -0.742963 -0.574357 0.343685 -0.742963 -0.574357 0.343685 -0.742963 0.27313 0.66728 -0.69292 0.27313 0.66728 -0.69292 0.27313 0.66728 -0.69292 0.979244 0.120602 -0.162902 0.979244 0.120602 -0.162902 0.979244 0.120602 -0.162902 -0.546976 0.149727 0.82365 -0.546976 0.149727 0.82365 -0.546976 0.149727 0.82365 -0.46902 0.44238 -0.764408 -0.46902 0.44238 -0.764408 -0.46902 0.44238 -0.764408 0.280658 0.670912 -0.686374 0.280658 0.670912 -0.686374 0.280658 0.670912 -0.686374 0.848618 0.188254 0.494377 0.848618 0.188254 0.494377 0.848618 0.188254 0.494377 0.477628 0.235866 0.846309 0.477628 0.235866 0.846309 0.477628 0.235866 0.846309 0.961443 0.148587 -0.231409 0.961443 0.148587 -0.231409 0.961443 0.148587 -0.231409 0.916294 0.102092 -0.387276 0.916294 0.102092 -0.387276 0.916294 0.102092 -0.387276 -0.077595 0.661358 -0.746046 -0.077595 0.661358 -0.746046 -0.077595 0.661358 -0.746046 -0.225151 0.860918 -0.456209 -0.225151 0.860918 -0.456209 -0.225151 0.860918 -0.456209 -0.052842 0.964848 0.257443 -0.052842 0.964848 0.257443 -0.052842 0.964848 0.257443 -0.483287 -0.706771 -0.516633 -0.483287 -0.706771 -0.516633 -0.483287 -0.706771 -0.516633 -0.505954 -0.701559 -0.501822 -0.505954 -0.701559 -0.501822 -0.505954 -0.701559 -0.501822 -0.591444 -0.431596 -0.681116 -0.591444 -0.431596 -0.681116 -0.591444 -0.431596 -0.681116 -0.839994 -0.534885 0.091151 -0.839994 -0.534885 0.091151 -0.839994 -0.534885 0.091151 -0.839994 0.534885 0.091151 -0.839994 0.534885 0.091151 -0.839994 0.534885 0.091151 -0.628032 0.778099 -0.011724 -0.628032 0.778099 -0.011724 -0.628032 0.778099 -0.011724 -0.796502 -0.603724 -0.0332 -0.796502 -0.603724 -0.0332 -0.796502 -0.603724 -0.0332 -0.628032 -0.778099 -0.011724 -0.628032 -0.778099 -0.011724 -0.628032 -0.778099 -0.011724 -0.796502 0.603724 -0.0332 -0.796502 0.603724 -0.0332 -0.796502 0.603724 -0.0332 -0.512443 0.412135 -0.753357 -0.512443 0.412135 -0.753357 -0.512443 0.412135 -0.753357 0.150125 0.894954 -0.420142 0.150125 0.894954 -0.420142 0.150125 0.894954 -0.420142 -0.850518 -0.498029 -0.169077 -0.850518 -0.498029 -0.169077 -0.850518 -0.498029 -0.169077 -0.850518 0.498029 -0.169077 -0.850518 0.498029 -0.169077 -0.850518 0.498029 -0.169077 0.360254 0.871333 -0.333161 0.360254 0.871333 -0.333161 0.360254 0.871333 -0.333161 -0.551535 0.45894 -0.696551 -0.551535 0.45894 -0.696551 -0.551535 0.45894 -0.696551 -0.384072 0.58305 -0.71592 -0.384072 0.58305 -0.71592 -0.384072 0.58305 -0.71592 -0.047303 0.705557 -0.707072 -0.047303 0.705557 -0.707072 -0.047303 0.705557 -0.707072 0.927351 0.081405 -0.36523 0.927351 0.081405 -0.36523 0.927351 0.081405 -0.36523 0.081045 0.992296 -0.093706 0.081045 0.992296 -0.093706 0.081045 0.992296 -0.093706 0.493118 0.576478 0.651543 0.493118 0.576478 0.651543 0.493118 0.576478 0.651543 0.76004 -0.275325 0.588673 0.76004 -0.275325 0.588673 0.76004 -0.275325 0.588673 0.385823 0.129429 0.913449 0.385823 0.129429 0.913449 0.385823 0.129429 0.913449 0.269711 0.941046 0.204177 0.269711 0.941046 0.204177 0.269711 0.941046 0.204177 0.492902 -0.577291 0.650985 0.492902 -0.577291 0.650985 0.492902 -0.577291 0.650985 0.760036 0.275327 0.588677 0.760036 0.275327 0.588677 0.760036 0.275327 0.588677 -0.794268 -0.603584 -0.069455 -0.794268 -0.603584 -0.069455 -0.794268 -0.603584 -0.069455 -0.794268 0.603584 -0.069455 -0.794268 0.603584 -0.069455 -0.794268 0.603584 -0.069455 -0.650859 0.758077 -0.041251 -0.650859 0.758077 -0.041251 -0.650859 0.758077 -0.041251 0.385815 -0.12962 0.913425 0.385815 -0.12962 0.913425 0.385815 -0.12962 0.913425 -0.650859 -0.758077 -0.041251 -0.650859 -0.758077 -0.041251 -0.650859 -0.758077 -0.041251 0.269719 -0.941046 0.204166 0.269719 -0.941046 0.204166 0.269719 -0.941046 0.204166 -0.04751 0.946089 0.320402 -0.04751 0.946089 0.320402 -0.04751 0.946089 0.320402 0.621412 0.773081 -0.127251 0.621412 0.773081 -0.127251 0.621412 0.773081 -0.127251 0.834675 0.236033 0.4976 0.834675 0.236033 0.4976 0.834675 0.236033 0.4976 -0.11818 0.268164 0.956097 -0.11818 0.268164 0.956097 -0.11818 0.268164 0.956097 -0.515808 0.461379 0.721853 -0.515808 0.461379 0.721853 -0.515808 0.461379 0.721853 -0.486872 0.345064 0.802426 -0.486872 0.345064 0.802426 -0.486872 0.345064 0.802426 -0.627664 0.323287 0.708183 -0.627664 0.323287 0.708183 -0.627664 0.323287 0.708183 0.808964 0.173863 0.561559 0.808964 0.173863 0.561559 0.808964 0.173863 0.561559 0.424912 0.342778 0.837826 0.424912 0.342778 0.837826 0.424912 0.342778 0.837826 -0.416606 0.276677 0.865962 -0.416606 0.276677 0.865962 -0.416606 0.276677 0.865962 -0.43976 0.438842 0.7836 -0.43976 0.438842 0.7836 -0.43976 0.438842 0.7836 -0.329917 0.236612 0.913876 -0.329917 0.236612 0.913876 -0.329917 0.236612 0.913876 0.275462 0.934555 -0.225231 0.275462 0.934555 -0.225231 0.275462 0.934555 -0.225231 -0.20378 0.884908 -0.418822 -0.20378 0.884908 -0.418822 -0.20378 0.884908 -0.418822 0.070393 0.991302 -0.111195 0.070393 0.991302 -0.111195 0.070393 0.991302 -0.111195 0.033242 0.544108 -0.838357 0.033242 0.544108 -0.838357 0.033242 0.544108 -0.838357 0.73047 0.682716 -0.017644 0.73047 0.682716 -0.017644 0.73047 0.682716 -0.017644 0.911568 0.295679 -0.285689 0.911568 0.295679 -0.285689 0.911568 0.295679 -0.285689 -0.7182 0.679554 0.149649 -0.7182 0.679554 0.149649 -0.7182 0.679554 0.149649 -0.533234 0.826151 0.182033 -0.533234 0.826151 0.182033 -0.533234 0.826151 0.182033 0.097153 0.943623 0.316444 0.097153 0.943623 0.316444 0.097153 0.943623 0.316444 0.918781 -0.28484 -0.273326 0.918781 -0.28484 -0.273326 0.918781 -0.28484 -0.273326 0.367047 -0.923455 0.111835 0.367047 -0.923455 0.111835 0.367047 -0.923455 0.111835 0.658235 -0.749867 -0.066533 0.658235 -0.749867 -0.066533 0.658235 -0.749867 -0.066533 -0.135613 -0.98264 0.126598 -0.135613 -0.98264 0.126598 -0.135613 -0.98264 0.126598 -0.630037 -0.774476 0.056923 -0.630037 -0.774476 0.056923 -0.630037 -0.774476 0.056923 -0.731084 -0.679757 0.058709 -0.731084 -0.679757 0.058709 -0.731084 -0.679757 0.058709 -0.456614 -0.869762 0.18713 -0.456614 -0.869762 0.18713 -0.456614 -0.869762 0.18713 0.371015 -0.921253 0.116794 0.371015 -0.921253 0.116794 0.371015 -0.921253 0.116794 0.5049 -0.855562 0.114406 0.5049 -0.855562 0.114406 0.5049 -0.855562 0.114406 -0.166947 -0.973065 0.158975 -0.166947 -0.973065 0.158975 -0.166947 -0.973065 0.158975 0.73047 -0.682716 -0.017644 0.73047 -0.682716 -0.017644 0.73047 -0.682716 -0.017644 0.911568 -0.295679 -0.285689 0.911568 -0.295679 -0.285689 0.911568 -0.295679 -0.285689 -0.7182 -0.679554 0.149649 -0.7182 -0.679554 0.149649 -0.7182 -0.679554 0.149649 0.893383 0.276917 -0.353813 0.893383 0.276917 -0.353813 0.893383 0.276917 -0.353813 0.097153 -0.943623 0.316444 0.097153 -0.943623 0.316444 0.097153 -0.943623 0.316444 0.918781 0.28484 -0.273326 0.918781 0.28484 -0.273326 0.918781 0.28484 -0.273326 0.367047 0.923455 0.111835 0.367047 0.923455 0.111835 0.367047 0.923455 0.111835 0.658235 0.749867 -0.066533 0.658235 0.749867 -0.066533 0.658235 0.749867 -0.066533 -0.135613 0.98264 0.126598 -0.135613 0.98264 0.126598 -0.135613 0.98264 0.126598 -0.630037 0.774476 0.056923 -0.630037 0.774476 0.056923 -0.630037 0.774476 0.056923 -0.731084 0.679757 0.058709 -0.731084 0.679757 0.058709 -0.731084 0.679757 0.058709 -0.456614 0.869762 0.18713 -0.456614 0.869762 0.18713 -0.456614 0.869762 0.18713 0.371015 0.921253 0.116794 0.371015 0.921253 0.116794 0.371015 0.921253 0.116794 0.5049 0.855562 0.114406 0.5049 0.855562 0.114406 0.5049 0.855562 0.114406 -0.166947 0.973065 0.158975 -0.166947 0.973065 0.158975 -0.166947 0.973065 0.158975 -0.05326 0.601034 -0.797446 -0.05326 0.601034 -0.797446 -0.05326 0.601034 -0.797446 0.990039 0 0.14079 -0.437891 -0.813884 0.381895 -0.437891 -0.813884 0.381895 -0.437891 -0.813884 0.381895 0.176705 -0.362064 0.915251 0.176705 -0.362064 0.915251 0.176705 -0.362064 0.915251 0.72157 0.651564 0.234098 0.72157 0.651564 0.234098 0.72157 0.651564 0.234098 0.805179 0.375324 0.45915 0.805179 0.375324 0.45915 0.805179 0.375324 0.45915 0.892437 0.294409 0.341875 0.892437 0.294409 0.341875 0.892437 0.294409 0.341875 0.72157 -0.651564 0.234098 0.72157 -0.651564 0.234098 0.72157 -0.651564 0.234098 0.805179 -0.375324 0.45915 0.805179 -0.375324 0.45915 0.805179 -0.375324 0.45915 0.892437 -0.294409 0.341875 0.892437 -0.294409 0.341875 0.892437 -0.294409 0.341875 0.121444 -0.145068 0.98194 0.121444 -0.145068 0.98194 0.121444 -0.145068 0.98194 0.080219 0 0.996777 0.080219 0 0.996777 0.080219 0 0.996777 0.121925 0.2298 0.96557 0.121925 0.2298 0.96557 0.121925 0.2298 0.96557 0.121923 -0.229798 0.965571 0.121923 -0.229798 0.965571 0.121923 -0.229798 0.965571 -0.133657 -0.562249 0.816095 -0.133657 -0.562249 0.816095 -0.133657 -0.562249 0.816095 -0.133657 0.562249 0.816095 -0.133657 0.562249 0.816095 -0.133657 0.562249 0.816095 -0.466019 0.884558 -0.019614 -0.466019 0.884558 -0.019614 -0.466019 0.884558 -0.019614 -0.353074 -0.912613 0.206099 -0.353074 -0.912613 0.206099 -0.353074 -0.912613 0.206099 0.135146 -0.403833 0.904795 0.135146 -0.403833 0.904795 0.135146 -0.403833 0.904795 -0.533234 -0.826151 0.182033 -0.533234 -0.826151 0.182033 -0.533234 -0.826151 0.182033 -0.148977 0.972888 0.176902 -0.148977 0.972888 0.176902 -0.148977 0.972888 0.176902 -0.159301 -0.958531 0.23631 -0.159301 -0.958531 0.23631 -0.159301 -0.958531 0.23631 -0.935722 0 -0.352737 -0.935722 0 -0.352737 -0.935722 0 -0.352737 -0.935747 -0.351511 0.028585 -0.935747 -0.351511 0.028585 -0.935747 -0.351511 0.028585 -0.253618 0.51794 -0.816955 -0.253618 0.51794 -0.816955 -0.253618 0.51794 -0.816955 0.092409 0.279512 -0.955685 0.092409 0.279512 -0.955685 0.092409 0.279512 -0.955685 -0.253618 -0.51794 -0.816955 -0.253618 -0.51794 -0.816955 -0.253618 -0.51794 -0.816955 -0.5905 0 0.807038 -0.5905 0 0.807038 -0.5905 0 0.807038 -0.589966 0.437401 -0.678691 -0.589966 0.437401 -0.678691 -0.589966 0.437401 -0.678691 -0.550262 0.498399 -0.669932 -0.550262 0.498399 -0.669932 -0.550262 0.498399 -0.669932 -0.262422 0.100772 0.959677 -0.262422 0.100772 0.959677 -0.262422 0.100772 0.959677 -0.159298 0.958521 0.236352 -0.159298 0.958521 0.236352 -0.159298 0.958521 0.236352 -0.0583 0.071493 -0.995736 -0.0583 0.071493 -0.995736 -0.0583 0.071493 -0.995736 -0.629726 0.776063 0.034213 -0.629726 0.776063 0.034213 -0.629726 0.776063 0.034213 -0.353074 0.912613 0.206099 -0.353074 0.912613 0.206099 -0.353074 0.912613 0.206099 -0.36893 0.320093 0.8726 -0.36893 0.320093 0.8726 -0.36893 0.320093 0.8726 -0.565171 -0.798939 -0.205615 -0.565171 -0.798939 -0.205615 -0.565171 -0.798939 -0.205615 -0.629726 -0.776063 0.034213 -0.629726 -0.776063 0.034213 -0.629726 -0.776063 0.034213 -0.190023 0.517433 -0.834359 -0.190023 0.517433 -0.834359 -0.190023 0.517433 -0.834359 -0.209121 0.540964 -0.814633 -0.209121 0.540964 -0.814633 -0.209121 0.540964 -0.814633 -0.328705 0.696537 0.6378 -0.328705 0.696537 0.6378 -0.328705 0.696537 0.6378 0.303215 0.387468 0.870591 0.303215 0.387468 0.870591 0.303215 0.387468 0.870591 -0.229355 -0.431183 0.872627 -0.229355 -0.431183 0.872627 -0.229355 -0.431183 0.872627 -0.36893 -0.320093 0.8726 -0.36893 -0.320093 0.8726 -0.36893 -0.320093 0.8726 -0.419766 0.733446 -0.534652 -0.419766 0.733446 -0.534652 -0.419766 0.733446 -0.534652 -0.484267 0.777726 -0.400784 -0.484267 0.777726 -0.400784 -0.484267 0.777726 -0.400784 -0.222095 0.172381 -0.959666 -0.222095 0.172381 -0.959666 -0.222095 0.172381 -0.959666 -0.227502 0.179661 -0.957061 -0.227502 0.179661 -0.957061 -0.227502 0.179661 -0.957061 -0.571231 0.281002 -0.77119 -0.571231 0.281002 -0.77119 -0.571231 0.281002 -0.77119 -0.494598 0.157353 -0.854759 -0.494598 0.157353 -0.854759 -0.494598 0.157353 -0.854759 -0.571231 -0.281002 -0.77119 -0.571231 -0.281002 -0.77119 -0.571231 -0.281002 -0.77119 -0.494598 -0.157353 -0.854759 -0.494598 -0.157353 -0.854759 -0.494598 -0.157353 -0.854759 -0.589966 -0.437401 -0.678691 -0.589966 -0.437401 -0.678691 -0.589966 -0.437401 -0.678691 -0.550262 -0.498399 -0.669932 -0.550262 -0.498399 -0.669932 -0.550262 -0.498399 -0.669932 -0.190023 -0.517433 -0.834359 -0.190023 -0.517433 -0.834359 -0.190023 -0.517433 -0.834359 -0.209121 -0.540964 -0.814633 -0.209121 -0.540964 -0.814633 -0.209121 -0.540964 -0.814633 -0.222095 -0.172381 -0.959666 -0.222095 -0.172381 -0.959666 -0.222095 -0.172381 -0.959666 -0.227502 -0.179661 -0.957061 -0.227502 -0.179661 -0.957061 -0.227502 -0.179661 -0.957061 -0.419766 -0.733446 -0.534652 -0.419766 -0.733446 -0.534652 -0.419766 -0.733446 -0.534652 -0.484267 -0.777726 -0.400784 -0.484267 -0.777726 -0.400784 -0.484267 -0.777726 -0.400784 -0.694665 0.304298 0.6518 -0.694665 0.304298 0.6518 -0.694665 0.304298 0.6518 -0.037094 0.598031 0.800614 -0.037094 0.598031 0.800614 -0.037094 0.598031 0.800614 -0.148987 -0.972886 0.176904 -0.148987 -0.972886 0.176904 -0.148987 -0.972886 0.176904 -0.0583 -0.071493 -0.995736 -0.0583 -0.071493 -0.995736 -0.0583 -0.071493 -0.995736 -0.935871 0.351179 0.028607 -0.935871 0.351179 0.028607 -0.935871 0.351179 0.028607 -0.466019 -0.884558 -0.019614 -0.466019 -0.884558 -0.019614 -0.466019 -0.884558 -0.019614 -0.328705 -0.696537 0.6378 -0.328705 -0.696537 0.6378 -0.328705 -0.696537 0.6378 0.30322 -0.387469 0.870589 0.30322 -0.387469 0.870589 0.30322 -0.387469 0.870589 -0.6945 -0.304569 0.65185 -0.6945 -0.304569 0.65185 -0.6945 -0.304569 0.65185 0.092409 -0.279512 -0.955685 0.092409 -0.279512 -0.955685 0.092409 -0.279512 -0.955685 -0.0371 -0.598029 0.800615 -0.0371 -0.598029 0.800615 -0.0371 -0.598029 0.800615 -0.370871 0.683995 0.628177 -0.370871 0.683995 0.628177 -0.370871 0.683995 0.628177 0.163608 0.21504 -0.962803 0.163608 0.21504 -0.962803 0.163608 0.21504 -0.962803 -0.795596 0.340992 -0.500752 -0.795596 0.340992 -0.500752 -0.795596 0.340992 -0.500752 -0.322869 0.783116 0.531493 -0.322869 0.783116 0.531493 -0.322869 0.783116 0.531493 -0.101393 0.5891 0.801674 -0.101393 0.5891 0.801674 -0.101393 0.5891 0.801674 -0.439252 -0.785647 0.435679 -0.439252 -0.785647 0.435679 -0.439252 -0.785647 0.435679 -0.772463 -0.246753 -0.585162 -0.772463 -0.246753 -0.585162 -0.772463 -0.246753 -0.585162 0.040796 0.151989 0.98754 0.040796 0.151989 0.98754 0.040796 0.151989 0.98754 -0.370871 -0.683995 0.628177 -0.370871 -0.683995 0.628177 -0.370871 -0.683995 0.628177 -0.101393 -0.5891 0.801674 -0.101393 -0.5891 0.801674 -0.101393 -0.5891 0.801674 0.040796 -0.151989 0.98754 0.040796 -0.151989 0.98754 0.040796 -0.151989 0.98754 -0.439252 0.785647 0.435679 -0.439252 0.785647 0.435679 -0.439252 0.785647 0.435679 -0.772463 0.246753 -0.585162 -0.772463 0.246753 -0.585162 -0.772463 0.246753 -0.585162 0.574667 0 -0.818388 0.574667 0 -0.818388 0.574667 0 -0.818388 -0.322869 -0.783116 0.531493 -0.322869 -0.783116 0.531493 -0.322869 -0.783116 0.531493 -0.795596 -0.340992 -0.500752 -0.795596 -0.340992 -0.500752 -0.795596 -0.340992 -0.500752 0.574667 0 -0.818388 -0.145733 -0.241378 -0.959426 -0.145733 -0.241378 -0.959426 -0.145733 -0.241378 -0.959426 0.163608 -0.21504 -0.962803 0.163608 -0.21504 -0.962803 0.163608 -0.21504 -0.962803 -0.145733 0.241378 -0.959426 -0.145733 0.241378 -0.959426 -0.145733 0.241378 -0.959426 0.051498 0.427825 0.902393 0.051498 0.427825 0.902393 0.051498 0.427825 0.902393 -0.178872 0.8612 -0.475752 -0.178872 0.8612 -0.475752 -0.178872 0.8612 -0.475752 -0.158734 0.874434 -0.458441 -0.158734 0.874434 -0.458441 -0.158734 0.874434 -0.458441 -0.253829 0.89942 0.355829 -0.253829 0.89942 0.355829 -0.253829 0.89942 0.355829 -0.304058 0.952505 -0.016816 -0.304058 0.952505 -0.016816 -0.304058 0.952505 -0.016816 -0.350298 -0.935394 -0.04826 -0.350298 -0.935394 -0.04826 -0.350298 -0.935394 -0.04826 -0.18015 -0.982715 -0.042631 -0.18015 -0.982715 -0.042631 -0.18015 -0.982715 -0.042631 -0.219754 -0.900731 0.374689 -0.219754 -0.900731 0.374689 -0.219754 -0.900731 0.374689 -0.178872 -0.8612 -0.475752 -0.178872 -0.8612 -0.475752 -0.178872 -0.8612 -0.475752 -0.350298 0.935394 -0.04826 -0.350298 0.935394 -0.04826 -0.350298 0.935394 -0.04826 -0.18015 0.982715 -0.042631 -0.18015 0.982715 -0.042631 -0.18015 0.982715 -0.042631 -0.219754 0.900731 0.374689 -0.219754 0.900731 0.374689 -0.219754 0.900731 0.374689 -0.158734 -0.874434 -0.458441 -0.158734 -0.874434 -0.458441 -0.158734 -0.874434 -0.458441 -0.253829 -0.89942 0.355829 -0.253829 -0.89942 0.355829 -0.253829 -0.89942 0.355829 -0.304058 -0.952505 -0.016816 -0.304058 -0.952505 -0.016816 -0.304058 -0.952505 -0.016816 0.377054 0.78264 0.495284 0.377054 0.78264 0.495284 0.377054 0.78264 0.495284 0.051498 -0.427825 0.902393 0.051498 -0.427825 0.902393 0.051498 -0.427825 0.902393 0.377054 -0.78264 0.495284 0.377054 -0.78264 0.495284 0.377054 -0.78264 0.495284 0.019581 -0.319843 0.947268 0.019581 -0.319843 0.947268 0.019581 -0.319843 0.947268 -0.017375 -0.244881 0.969398 -0.017375 -0.244881 0.969398 -0.017375 -0.244881 0.969398 0.146345 -0.229222 0.96231 0.146345 -0.229222 0.96231 0.146345 -0.229222 0.96231 0.040393 -0.479263 0.876741 0.040393 -0.479263 0.876741 0.040393 -0.479263 0.876741 0.019581 0.319843 0.947268 0.019581 0.319843 0.947268 0.019581 0.319843 0.947268 -0.017375 0.244881 0.969398 -0.017375 0.244881 0.969398 -0.017375 0.244881 0.969398 0.146345 0.229222 0.96231 0.146345 0.229222 0.96231 0.146345 0.229222 0.96231 0.040393 0.479263 0.876741 0.040393 0.479263 0.876741 0.040393 0.479263 0.876741 0 0 -1 0 0 -1 0 0 -1 0 0 -1 0 0 -1 0 0 -1 -0.844003 0.376036 -0.382434 -0.844003 0.376036 -0.382434 -0.844003 0.376036 -0.382434 0.137217 0.076776 0.987561 0.137217 0.076776 0.987561 0.137217 0.076776 0.987561 -0.51502 0.693172 0.50425 -0.51502 0.693172 0.50425 -0.51502 0.693172 0.50425 0.321569 0.467667 0.823335 0.321569 0.467667 0.823335 0.321569 0.467667 0.823335 0.277737 0.512678 0.812418 0.277737 0.512678 0.812418 0.277737 0.512678 0.812418 -0.844003 -0.376036 -0.382434 -0.844003 -0.376036 -0.382434 -0.844003 -0.376036 -0.382434 -0.100141 0.496268 -0.862374 -0.100141 0.496268 -0.862374 -0.100141 0.496268 -0.862374 -0.51502 -0.693172 0.50425 -0.51502 -0.693172 0.50425 -0.51502 -0.693172 0.50425 -0.017699 0.280615 -0.959657 -0.017699 0.280615 -0.959657 -0.017699 0.280615 -0.959657 -0.614408 0.500729 0.609733 -0.614408 0.500729 0.609733 -0.614408 0.500729 0.609733 -0.150555 0 -0.988602 -0.150555 0 -0.988602 -0.150555 0 -0.988602 -0.723059 0.395439 0.566404 -0.723059 0.395439 0.566404 -0.723059 0.395439 0.566404 -0.150555 0 -0.988602 -0.150555 0 -0.988602 -0.150555 0 -0.988602 -0.145256 0.928189 0.342588 -0.145256 0.928189 0.342588 -0.145256 0.928189 0.342588 -0.25344 0.940757 0.225264 -0.25344 0.940757 0.225264 -0.25344 0.940757 0.225264 -0.014089 0.949073 0.314741 -0.014089 0.949073 0.314741 -0.014089 0.949073 0.314741 -0.008124 0.95167 0.307015 -0.008124 0.95167 0.307015 -0.008124 0.95167 0.307015 -0.209678 0.673387 0.708932 -0.209678 0.673387 0.708932 -0.209678 0.673387 0.708932 -0.615335 0.42744 0.662312 -0.615335 0.42744 0.662312 -0.615335 0.42744 0.662312 -0.014089 -0.949073 0.314741 -0.014089 -0.949073 0.314741 -0.014089 -0.949073 0.314741 -0.008124 -0.95167 0.307015 -0.008124 -0.95167 0.307015 -0.008124 -0.95167 0.307015 -0.209678 -0.673387 0.708932 -0.209678 -0.673387 0.708932 -0.209678 -0.673387 0.708932 -0.615335 -0.42744 0.662312 -0.615335 -0.42744 0.662312 -0.615335 -0.42744 0.662312 -0.145256 -0.928189 0.342588 -0.145256 -0.928189 0.342588 -0.145256 -0.928189 0.342588 -0.25344 -0.940757 0.225264 -0.25344 -0.940757 0.225264 -0.25344 -0.940757 0.225264 -0.020611 0 -0.999788 -0.020611 0 -0.999788 -0.020611 0 -0.999788 -0.020611 0 -0.999788 -0.020611 0 -0.999788 -0.020611 0 -0.999788 -0.572677 0.392478 0.719724 -0.572677 0.392478 0.719724 -0.572677 0.392478 0.719724 -0.563355 0.339869 0.753074 -0.563355 0.339869 0.753074 -0.563355 0.339869 0.753074 -0.723059 -0.395439 0.566404 -0.723059 -0.395439 0.566404 -0.723059 -0.395439 0.566404 0.02778 0 -0.999614 0.02778 0 -0.999614 0.02778 0 -0.999614 0.02778 0 -0.999614 0.02778 0 -0.999614 0.02778 0 -0.999614 -0.563355 -0.339869 0.753074 -0.563355 -0.339869 0.753074 -0.563355 -0.339869 0.753074 -0.699447 0.296655 0.650208 -0.699447 0.296655 0.650208 -0.699447 0.296655 0.650208 -0.635572 0.12709 0.761509 -0.635572 0.12709 0.761509 -0.635572 0.12709 0.761509 0.149505 0.189467 -0.970438 0.149505 0.189467 -0.970438 0.149505 0.189467 -0.970438 -0.635572 -0.12709 0.761509 -0.635572 -0.12709 0.761509 -0.635572 -0.12709 0.761509 0.069269 0.193994 -0.978554 0.069269 0.193994 -0.978554 0.069269 0.193994 -0.978554 0.064246 0.270959 -0.960445 0.064246 0.270959 -0.960445 0.064246 0.270959 -0.960445 0.023377 0.498642 -0.866493 0.023377 0.498642 -0.866493 0.023377 0.498642 -0.866493 0.078936 0.574564 -0.814645 0.078936 0.574564 -0.814645 0.078936 0.574564 -0.814645 0.149505 -0.189467 -0.970438 0.149505 -0.189467 -0.970438 0.149505 -0.189467 -0.970438 0.064246 -0.270959 -0.960445 0.064246 -0.270959 -0.960445 0.064246 -0.270959 -0.960445 -0.435599 -0.454028 0.777247 -0.435599 -0.454028 0.777247 -0.435599 -0.454028 0.777247 0.078936 -0.574564 -0.814645 0.078936 -0.574564 -0.814645 0.078936 -0.574564 -0.814645 -0.435599 0.454028 0.777247 -0.435599 0.454028 0.777247 -0.435599 0.454028 0.777247 -0.291806 0.424822 0.856957 -0.291806 0.424822 0.856957 -0.291806 0.424822 0.856957 -0.014539 -0.478822 -0.877792 -0.014539 -0.478822 -0.877792 -0.014539 -0.478822 -0.877792 -0.064961 -0.280043 -0.957787 -0.064961 -0.280043 -0.957787 -0.064961 -0.280043 -0.957787 0.043055 0.98529 0.165381 0.043055 0.98529 0.165381 0.043055 0.98529 0.165381 -0.068909 0 0.997623 -0.068909 0 0.997623 -0.068909 0 0.997623 -0.068909 0 0.997623 -0.068909 0 0.997623 -0.068909 0 0.997623 0.043055 -0.98529 0.165381 0.043055 -0.98529 0.165381 0.043055 -0.98529 0.165381 0.386403 0.906569 0.169782 0.386403 0.906569 0.169782 0.386403 0.906569 0.169782 -0.071459 0.996481 0.043816 -0.071459 0.996481 0.043816 -0.071459 0.996481 0.043816 -0.081717 -0.959529 0.269492 -0.081717 -0.959529 0.269492 -0.081717 -0.959529 0.269492 0.081069 -0.996364 -0.026199 0.081069 -0.996364 -0.026199 0.081069 -0.996364 -0.026199 -0.071459 -0.996481 0.043816 -0.071459 -0.996481 0.043816 -0.071459 -0.996481 0.043816 -0.081717 0.959529 0.269492 -0.081717 0.959529 0.269492 -0.081717 0.959529 0.269492 0.081069 0.996364 -0.026199 0.081069 0.996364 -0.026199 0.081069 0.996364 -0.026199 0.137217 -0.076776 0.987561 0.137217 -0.076776 0.987561 0.137217 -0.076776 0.987561 -0.639504 0.55226 0.534831 -0.639504 0.55226 0.534831 -0.639504 0.55226 0.534831 -0.639504 -0.55226 0.534831 -0.639504 -0.55226 0.534831 -0.639504 -0.55226 0.534831 0.324632 -0.334954 0.884545 0.324632 -0.334954 0.884545 0.324632 -0.334954 0.884545 -0.480607 0.492663 0.725466 -0.480607 0.492663 0.725466 -0.480607 0.492663 0.725466 -0.876032 0.251415 0.411533 -0.876032 0.251415 0.411533 -0.876032 0.251415 0.411533 -0.876032 -0.251415 0.411533 -0.876032 -0.251415 0.411533 -0.876032 -0.251415 0.411533 -0.480607 -0.492663 0.725466 -0.480607 -0.492663 0.725466 -0.480607 -0.492663 0.725466 -0.513554 0.679664 0.523755 -0.513554 0.679664 0.523755 -0.513554 0.679664 0.523755 0.321569 -0.467667 0.823335 0.321569 -0.467667 0.823335 0.321569 -0.467667 0.823335 0.083686 -0.397656 0.91371 0.083686 -0.397656 0.91371 0.083686 -0.397656 0.91371 0.072206 -0.290055 0.954282 0.072206 -0.290055 0.954282 0.072206 -0.290055 0.954282 0.083686 0.397656 0.91371 0.083686 0.397656 0.91371 0.083686 0.397656 0.91371 -0.133656 0.562249 0.816095 -0.133656 0.562249 0.816095 -0.133656 0.562249 0.816095 -0.133656 -0.562249 0.816095 -0.133656 -0.562249 0.816095 -0.133656 -0.562249 0.816095 0.196098 0.88375 0.424889 0.196098 0.88375 0.424889 0.196098 0.88375 0.424889 -0.45471 -0.72338 0.519577 -0.45471 -0.72338 0.519577 -0.45471 -0.72338 0.519577 -0.513554 -0.679664 0.523755 -0.513554 -0.679664 0.523755 -0.513554 -0.679664 0.523755 -0.45471 0.72338 0.519577 -0.45471 0.72338 0.519577 -0.45471 0.72338 0.519577 -0.046425 0.892079 -0.449489 -0.046425 0.892079 -0.449489 -0.046425 0.892079 -0.449489 -0.466019 -0.884558 -0.019614 -0.466019 -0.884558 -0.019614 -0.466019 -0.884558 -0.019614 -0.046425 -0.892079 -0.449489 -0.046425 -0.892079 -0.449489 -0.046425 -0.892079 -0.449489 -0.353074 0.912613 0.206099 -0.353074 0.912613 0.206099 -0.353074 0.912613 0.206099 -0.935723 0 -0.352737 -0.935723 0 -0.352737 -0.935723 0 -0.352737 -0.935747 0.351511 0.028585 -0.935747 0.351511 0.028585 -0.935747 0.351511 0.028585 -0.253619 -0.51794 -0.816955 -0.253619 -0.51794 -0.816955 -0.253619 -0.51794 -0.816955 -0.253619 0.51794 -0.816955 -0.253619 0.51794 -0.816955 -0.253619 0.51794 -0.816955 0.196098 -0.88375 0.424889 0.196098 -0.88375 0.424889 0.196098 -0.88375 0.424889 -0.010728 0.938224 0.345862 -0.010728 0.938224 0.345862 -0.010728 0.938224 0.345862 0.386403 -0.906569 0.169782 0.386403 -0.906569 0.169782 0.386403 -0.906569 0.169782 -0.010728 -0.938224 0.345862 -0.010728 -0.938224 0.345862 -0.010728 -0.938224 0.345862 -0.5905 0 0.807038 -0.5905 0 0.807038 -0.5905 0 0.807038 -0.353074 -0.912613 0.206099 -0.353074 -0.912613 0.206099 -0.353074 -0.912613 0.206099 -0.328705 -0.696537 0.6378 -0.328705 -0.696537 0.6378 -0.328705 -0.696537 0.6378 -0.694665 -0.304298 0.651801 -0.694665 -0.304298 0.651801 -0.694665 -0.304298 0.651801 -0.935871 -0.351179 0.028607 -0.935871 -0.351179 0.028607 -0.935871 -0.351179 0.028607 -0.387106 -0.01562 -0.921903 -0.387106 -0.01562 -0.921903 -0.387106 -0.01562 -0.921903 -0.914371 -0.013641 -0.404648 -0.914371 -0.013641 -0.404648 -0.914371 -0.013641 -0.404648 -0.466019 0.884558 -0.019614 -0.466019 0.884558 -0.019614 -0.466019 0.884558 -0.019614 -0.328705 0.696537 0.6378 -0.328705 0.696537 0.6378 -0.328705 0.696537 0.6378 -0.694499 0.304569 0.65185 -0.694499 0.304569 0.65185 -0.694499 0.304569 0.65185 0.22961 -0.968237 -0.098978 0.22961 -0.968237 -0.098978 0.22961 -0.968237 -0.098978 0.22961 -0.968237 0.098978 0.22961 -0.968237 0.098978 0.22961 -0.968237 0.098978 -0.14898 -0.972888 0.176903 -0.14898 -0.972888 0.176903 -0.14898 -0.972888 0.176903 -0.159262 0.958589 0.236101 -0.159262 0.958589 0.236101 -0.159262 0.958589 0.236101 0.121444 0.145068 0.98194 0.121444 0.145068 0.98194 0.121444 0.145068 0.98194 -0.159259 -0.958589 0.2361 -0.159259 -0.958589 0.2361 -0.159259 -0.958589 0.2361 0.080219 0 0.996777 0.080219 0 0.996777 0.080219 0 0.996777 0.121924 -0.229799 0.965571 0.121924 -0.229799 0.965571 0.121924 -0.229799 0.965571 -0.037097 -0.59803 0.800615 -0.037097 -0.59803 0.800615 -0.037097 -0.59803 0.800615 -0.148983 0.972887 0.176903 -0.148983 0.972887 0.176903 -0.148983 0.972887 0.176903 0.121924 0.229799 0.965571 0.121924 0.229799 0.965571 0.121924 0.229799 0.965571 -0.037098 0.59803 0.800615 -0.037098 0.59803 0.800615 -0.037098 0.59803 0.800615 0.097209 -0.965009 0.243534 0.097209 -0.965009 0.243534 0.097209 -0.965009 0.243534 -0.097796 -0.964382 -0.24577 -0.097796 -0.964382 -0.24577 -0.097796 -0.964382 -0.24577 -0.231645 -0.967699 -0.099491 -0.231645 -0.967699 -0.099491 -0.231645 -0.967699 -0.099491 0 0 -1 0 0 -1 0 0 -1 0.484756 -0.577231 0.657127 0.484756 -0.577231 0.657127 0.484756 -0.577231 0.657127 0.443901 -0.830942 0.335393 0.443901 -0.830942 0.335393 0.443901 -0.830942 0.335393 0.551225 0.352628 0.756178 0.551225 0.352628 0.756178 0.551225 0.352628 0.756178 0.466381 -0.417597 0.779808 0.466381 -0.417597 0.779808 0.466381 -0.417597 0.779808 0.485532 0.858149 0.166852 0.485532 0.858149 0.166852 0.485532 0.858149 0.166852 0.255769 -0.95466 0.152339 0.255769 -0.95466 0.152339 0.255769 -0.95466 0.152339 0.277726 -0.941049 0.193119 0.277726 -0.941049 0.193119 0.277726 -0.941049 0.193119 -0.041345 -0.073074 -0.996469 -0.041345 -0.073074 -0.996469 -0.041345 -0.073074 -0.996469 0.484409 0.578058 0.656656 0.484409 0.578058 0.656656 0.484409 0.578058 0.656656 0.443222 0.83154 0.334806 0.443222 0.83154 0.334806 0.443222 0.83154 0.334806 0.551225 -0.352628 0.756178 0.551225 -0.352628 0.756178 0.551225 -0.352628 0.756178 0.466381 0.417597 0.779808 0.466381 0.417597 0.779808 0.466381 0.417597 0.779808 0.485532 -0.858149 0.166852 0.485532 -0.858149 0.166852 0.485532 -0.858149 0.166852 0.255769 0.95466 0.152339 0.255769 0.95466 0.152339 0.255769 0.95466 0.152339 0.277726 0.941049 0.193119 0.277726 0.941049 0.193119 0.277726 0.941049 0.193119 -0.041345 0.073074 -0.996469 -0.041345 0.073074 -0.996469 -0.041345 0.073074 -0.996469 -0.097796 -0.964382 0.24577 -0.097796 -0.964382 0.24577 -0.097796 -0.964382 0.24577 0.49312 -0.576477 0.651541 0.49312 -0.576477 0.651541 0.49312 -0.576477 0.651541 0.760039 0.275325 0.588674 0.760039 0.275325 0.588674 0.760039 0.275325 0.588674 0.385825 -0.129429 0.913448 0.385825 -0.129429 0.913448 0.385825 -0.129429 0.913448 0.303217 -0.387468 0.87059 0.303217 -0.387468 0.87059 0.303217 -0.387468 0.87059 0.269714 -0.941046 0.204173 0.269714 -0.941046 0.204173 0.269714 -0.941046 0.204173 0.4929 0.577292 0.650987 0.4929 0.577292 0.650987 0.4929 0.577292 0.650987 0.760038 -0.275326 0.588675 0.760038 -0.275326 0.588675 0.760038 -0.275326 0.588675 0.385815 0.12962 0.913425 0.385815 0.12962 0.913425 0.385815 0.12962 0.913425 0.303219 0.387469 0.87059 0.303219 0.387469 0.87059 0.303219 0.387469 0.87059 0.269716 0.941046 0.20417 0.269716 0.941046 0.20417 0.269716 0.941046 0.20417 0.100947 -0.962004 -0.253689 0.100947 -0.962004 -0.253689 0.100947 -0.962004 -0.253689 0.249807 -0.962273 -0.107834 0.249807 -0.962273 -0.107834 0.249807 -0.962273 -0.107834 0.249807 -0.962273 0.107834 0.249807 -0.962273 0.107834 0.249807 -0.962273 0.107834 -0.924769 -0.020754 -0.379963 -0.924769 -0.020754 -0.379963 -0.924769 -0.020754 -0.379963 -0.924972 -0.020603 -0.379476 -0.924972 -0.020603 -0.379476 -0.924972 -0.020603 -0.379476 0.100947 -0.962004 0.253689 0.100947 -0.962004 0.253689 0.100947 -0.962004 0.253689 -0.107078 -0.957056 -0.269404 -0.107078 -0.957056 -0.269404 -0.107078 -0.957056 -0.269404 -0.259526 -0.959243 -0.111796 -0.259526 -0.959243 -0.111796 -0.259526 -0.959243 -0.111796 -0.259526 -0.959243 0.111796 -0.259526 -0.959243 0.111796 -0.259526 -0.959243 0.111796 -0.107488 -0.957122 0.269005 -0.107488 -0.957122 0.269005 -0.107488 -0.957122 0.269005 0.106855 -0.957079 -0.269411 0.106855 -0.957079 -0.269411 0.106855 -0.957079 -0.269411 0.25917 -0.959358 -0.111642 0.25917 -0.959358 -0.111642 0.25917 -0.959358 -0.111642 0.25917 -0.959358 0.111642 0.25917 -0.959358 0.111642 0.25917 -0.959358 0.111642 0.107264 -0.957145 0.269011 0.107264 -0.957145 0.269011 0.107264 -0.957145 0.269011 -0.231645 -0.967699 0.099491 -0.231645 -0.967699 0.099491 -0.231645 -0.967699 0.099491 -0.09988 -0.962677 -0.25155 -0.09988 -0.962677 -0.25155 -0.09988 -0.962677 -0.25155 -0.24746 -0.963008 -0.106673 -0.24746 -0.963008 -0.106673 -0.24746 -0.963008 -0.106673 -0.24746 -0.963008 0.106673 -0.24746 -0.963008 0.106673 -0.24746 -0.963008 0.106673 -0.100265 -0.962731 0.251191 -0.100265 -0.962731 0.251191 -0.100265 -0.962731 0.251191 0.096847 -0.96495 -0.243911 0.096847 -0.96495 -0.243911 0.096847 -0.96495 -0.243911 -0.150556 0 -0.988602 -0.150556 0 -0.988602 -0.150556 0 -0.988602 -0.150556 0 -0.988602 -0.150556 0 -0.988602 -0.150556 0 -0.988602 -0.068909 0 0.997623 -0.068909 0 0.997623 -0.068909 0 0.997623 -0.068909 0 0.997623 -0.068909 0 0.997623 -0.068909 0 0.997623 -0.100348 -0.496306 -0.862329 -0.100348 -0.496306 -0.862329 -0.100348 -0.496306 -0.862329 -0.017505 -0.27952 -0.95998 -0.017505 -0.27952 -0.95998 -0.017505 -0.27952 -0.95998 -0.020395 0 -0.999792 -0.020395 0 -0.999792 -0.020395 0 -0.999792 -0.020395 0 -0.999792 0.390165 0.001715 -0.920743 0.390165 0.001715 -0.920743 0.390165 0.001715 -0.920743 -0.014349 0.478779 -0.877818 -0.014349 0.478779 -0.877818 -0.014349 0.478779 -0.877818 0.924976 -0.020416 -0.379477 0.924976 -0.020416 -0.379477 0.924976 -0.020416 -0.379477 -0.065008 0.278971 -0.958097 -0.065008 0.278971 -0.958097 -0.065008 0.278971 -0.958097 0.924959 -0.021297 0.37947 0.924959 -0.021297 0.37947 0.924959 -0.021297 0.37947 0 0 -1 0 0 -1 0 0 -1 0.390165 0.001059 0.920744 0.390165 0.001059 0.920744 0.390165 0.001059 0.920744 -0.387752 0.036316 0.921048 -0.387752 0.036316 0.921048 -0.387752 0.036316 0.921048 -0.389917 0.035716 0.920157 -0.389917 0.035716 0.920157 -0.389917 0.035716 0.920157 -0.924243 0.061722 0.376782 -0.924243 0.061722 0.376782 -0.924243 0.061722 0.376782 -0.925015 0.061165 0.374975 -0.925015 0.061165 0.374975 -0.925015 0.061165 0.374975 -0.924275 0.061172 -0.376795 -0.924275 0.061172 -0.376795 -0.924275 0.061172 -0.376795 -0.924979 0.061799 -0.374961 -0.924979 0.061799 -0.374961 -0.924979 0.061799 -0.374961 -0.387761 0.035705 -0.921068 -0.387761 0.035705 -0.921068 -0.387761 0.035705 -0.921068 -0.389906 0.0365 -0.920131 -0.389906 0.0365 -0.920131 -0.389906 0.0365 -0.920131 0 0 -1 0 0 -1 0 0 -1 0.389906 0.036449 -0.920133 0.389906 0.036449 -0.920133 0.389906 0.036449 -0.920133 0.027481 0 -0.999622 0.027481 0 -0.999622 0.027481 0 -0.999622 0.925359 0.062012 -0.373985 0.925359 0.062012 -0.373985 0.925359 0.062012 -0.373985 0.043005 0.985291 0.165383 0.043005 0.985291 0.165383 0.043005 0.985291 0.165383 0.925414 0.061054 0.374007 0.925414 0.061054 0.374007 0.925414 0.061054 0.374007 -0.390165 -0.00167 -0.920744 -0.390165 -0.00167 -0.920744 -0.390165 -0.00167 -0.920744 0.389916 0.035795 0.920155 0.389916 0.035795 0.920155 0.389916 0.035795 0.920155 -0.388008 0.001774 0.921654 -0.388008 0.001774 0.921654 -0.388008 0.001774 0.921654 -0.390165 0.00098 0.920744 -0.390165 0.00098 0.920744 -0.390165 0.00098 0.920744 -0.924304 -0.020616 0.381101 -0.924304 -0.020616 0.381101 -0.924304 -0.020616 0.381101 -0.924961 -0.021176 0.379471 -0.924961 -0.021176 0.379471 -0.924961 -0.021176 0.379471 -0.388251 -0.001145 -0.921553 -0.388251 -0.001145 -0.921553 -0.388251 -0.001145 -0.921553 -0.924972 0.020604 -0.379476 -0.924972 0.020604 -0.379476 -0.924972 0.020604 -0.379476 -0.38826 0.001148 -0.921549 -0.38826 0.001148 -0.921549 -0.38826 0.001148 -0.921549 -0.390165 0.00167 -0.920743 -0.390165 0.00167 -0.920743 -0.390165 0.00167 -0.920743 -0.924961 0.021174 0.379471 -0.924961 0.021174 0.379471 -0.924961 0.021174 0.379471 0.389682 0.019021 -0.920753 0.389682 0.019021 -0.920753 0.389682 0.019021 -0.920753 -0.390165 -0.000984 0.920744 -0.390165 -0.000984 0.920744 -0.390165 -0.000984 0.920744 0.924972 0.02063 -0.379476 0.924972 0.02063 -0.379476 0.924972 0.02063 -0.379476 0.389916 -0.035798 0.920155 0.389916 -0.035798 0.920155 0.389916 -0.035798 0.920155 0.924988 0.019749 0.379482 0.924988 0.019749 0.379482 0.924988 0.019749 0.379482 0.388142 -0.03629 0.920885 0.388142 -0.03629 0.920885 0.388142 -0.03629 0.920885 0.389686 0.018504 0.920762 0.389686 0.018504 0.920762 0.389686 0.018504 0.920762 -0.387938 0.018989 0.92149 -0.387938 0.018989 0.92149 -0.387938 0.018989 0.92149 -0.3901 0.018291 0.920591 -0.3901 0.018291 0.920591 -0.3901 0.018291 0.920591 -0.924308 0.020401 0.381102 -0.924308 0.020401 0.381102 -0.924308 0.020401 0.381102 -0.924986 0.01987 0.379481 -0.924986 0.01987 0.379481 -0.924986 0.01987 0.379481 -0.924317 0.019909 -0.381106 -0.924317 0.019909 -0.381106 -0.924317 0.019909 -0.381106 -0.924975 0.020443 -0.379477 -0.924975 0.020443 -0.379477 -0.924975 0.020443 -0.379477 -0.387943 0.018377 -0.9215 -0.387943 0.018377 -0.9215 -0.387943 0.018377 -0.9215 -0.390095 0.019076 -0.920577 -0.390095 0.019076 -0.920577 -0.390095 0.019076 -0.920577 0.36909 0.088153 0.925203 0.36909 0.088153 0.925203 0.36909 0.088153 0.925203 0.387985 0.105584 0.915598 0.387985 0.105584 0.915598 0.387985 0.105584 0.915598 0.919113 -0.008336 0.393906 0.919113 -0.008336 0.393906 0.919113 -0.008336 0.393906 0.925155 0.005459 0.379551 0.925155 0.005459 0.379551 0.925155 0.005459 0.379551 0.919121 0.007294 -0.393909 0.919121 0.007294 -0.393909 0.919121 0.007294 -0.393909 0.925136 -0.008391 -0.379543 0.925136 -0.008391 -0.379543 0.925136 -0.008391 -0.379543 0.368335 0.10876 -0.92331 0.368335 0.10876 -0.92331 0.368335 0.10876 -0.92331 0.388703 0.086496 -0.917294 0.388703 0.086496 -0.917294 0.388703 0.086496 -0.917294 -0.366135 0.160788 0.916566 -0.366135 0.160788 0.916566 -0.366135 0.160788 0.916566 -0.383722 0.180995 0.905538 -0.383722 0.180995 0.905538 -0.383722 0.180995 0.905538 -0.905851 0.169462 0.388222 -0.905851 0.169462 0.388222 -0.905851 0.169462 0.388222 -0.910303 0.187558 0.369012 -0.910303 0.187558 0.369012 -0.910303 0.187558 0.369012 -0.9027 0.188318 -0.386871 -0.9027 0.188318 -0.386871 -0.9027 0.188318 -0.386871 -0.913128 0.170823 -0.370157 -0.913128 0.170823 -0.370157 -0.913128 0.170823 -0.370157 -0.364878 0.180357 -0.91342 -0.364878 0.180357 -0.91342 -0.364878 0.180357 -0.91342 -0.384953 0.162915 -0.908444 -0.384953 0.162915 -0.908444 -0.384953 0.162915 -0.908444 -0.756305 0.567878 0.324834 -0.756305 0.567878 0.324834 -0.756305 0.567878 0.324834 -0.756238 0.568385 0.324102 -0.756238 0.568385 0.324102 -0.756238 0.568385 0.324102 -0.756305 0.567878 -0.324834 -0.756305 0.567878 -0.324834 -0.756305 0.567878 -0.324834 -0.756238 0.568385 -0.324102 -0.756238 0.568385 -0.324102 -0.756238 0.568385 -0.324102 -0.313921 0.528273 -0.788911 -0.313921 0.528273 -0.788911 -0.313921 0.528273 -0.788911 -0.314739 0.529288 -0.787905 -0.314739 0.529288 -0.787905 -0.314739 0.529288 -0.787905 0.324258 0.480428 -0.81489 0.324258 0.480428 -0.81489 0.324258 0.480428 -0.81489 0.325116 0.47971 -0.814971 0.325116 0.47971 -0.814971 0.325116 0.47971 -0.814971 0.820001 0.449781 -0.35397 0.820001 0.449781 -0.35397 0.820001 0.449781 -0.35397 0.8219 0.447667 -0.352243 0.8219 0.447667 -0.352243 0.8219 0.447667 -0.352243 0.821161 0.447265 0.354471 0.821161 0.447265 0.354471 0.821161 0.447265 0.354471 0.821157 0.449278 0.351924 0.821157 0.449278 0.351924 0.821157 0.449278 0.351924 0.324423 0.479613 0.815304 0.324423 0.479613 0.815304 0.324423 0.479613 0.815304 0.325009 0.480234 0.814705 0.325009 0.480234 0.814705 0.325009 0.480234 0.814705 -0.313661 0.5294 0.788259 -0.313661 0.5294 0.788259 -0.313661 0.5294 0.788259 -0.314907 0.528563 0.788324 -0.314907 0.528563 0.788324 -0.314907 0.528563 0.788324 0.366076 0.168577 0.915189 0.366076 0.168577 0.915189 0.366076 0.168577 0.915189 0.383201 0.188098 0.90431 0.383201 0.188098 0.90431 0.383201 0.188098 0.90431 0.904881 0.176687 0.387264 0.904881 0.176687 0.387264 0.904881 0.176687 0.387264 0.909338 0.195037 0.36751 0.909338 0.195037 0.36751 0.909338 0.195037 0.36751 0.901534 0.195884 -0.385831 0.901534 0.195884 -0.385831 0.901534 0.195884 -0.385831 0.912314 0.178138 -0.368713 0.912314 0.178138 -0.368713 0.912314 0.178138 -0.368713 0.364801 0.187547 -0.912001 0.364801 0.187547 -0.912001 0.364801 0.187547 -0.912001 0.384439 0.17071 -0.90723 0.384439 0.17071 -0.90723 0.384439 0.17071 -0.90723 -0.369647 0.096792 0.924117 -0.369647 0.096792 0.924117 -0.369647 0.096792 0.924117 -0.387654 0.113278 0.914818 -0.387654 0.113278 0.914818 -0.387654 0.113278 0.914818 -0.918878 0.001037 0.394539 -0.918878 0.001037 0.394539 -0.918878 0.001037 0.394539 -0.92506 0.015313 0.379512 -0.92506 0.015313 0.379512 -0.92506 0.015313 0.379512 -0.918742 0.01727 -0.394481 -0.918742 0.01727 -0.394481 -0.918742 0.01727 -0.394481 -0.925168 0.001044 -0.379556 -0.925168 0.001044 -0.379556 -0.925168 0.001044 -0.379556 -0.368868 0.116364 -0.922169 -0.368868 0.116364 -0.922169 -0.368868 0.116364 -0.922169 -0.388389 0.095312 -0.916553 -0.388389 0.095312 -0.916553 -0.388389 0.095312 -0.916553 -0.821448 0.447027 0.354104 -0.821448 0.447027 0.354104 -0.821448 0.447027 0.354104 -0.821447 0.448134 0.352705 -0.821447 0.448134 0.352705 -0.821447 0.448134 0.352705 -0.821448 0.447027 -0.354104 -0.821448 0.447027 -0.354104 -0.821448 0.447027 -0.354104 -0.821447 0.448134 -0.352705 -0.821447 0.448134 -0.352705 -0.821447 0.448134 -0.352705 -0.323891 0.479256 -0.815725 -0.323891 0.479256 -0.815725 -0.323891 0.479256 -0.815725 -0.325594 0.481056 -0.813986 -0.325594 0.481056 -0.813986 -0.325594 0.481056 -0.813986 0.312756 0.530795 -0.787681 0.312756 0.530795 -0.787681 0.312756 0.530795 -0.787681 0.315122 0.529208 -0.787805 0.315122 0.529208 -0.787805 0.315122 0.529208 -0.787805 0.754904 0.569405 -0.325418 0.754904 0.569405 -0.325418 0.754904 0.569405 -0.325418 0.756727 0.567873 -0.323858 0.756727 0.567873 -0.323858 0.756727 0.567873 -0.323858 0.756151 0.567441 0.325956 0.756151 0.567441 0.325956 0.756151 0.567441 0.325956 0.755929 0.56913 0.323516 0.755929 0.56913 0.323516 0.755929 0.56913 0.323516 0.314587 0.529051 0.788124 0.314587 0.529051 0.788124 0.314587 0.529051 0.788124 0.315031 0.529601 0.787577 0.315031 0.529601 0.787577 0.315031 0.529601 0.787577 -0.325192 0.480132 0.814692 -0.325192 0.480132 0.814692 -0.325192 0.480132 0.814692 -0.325904 0.479536 0.814759 -0.325904 0.479536 0.814759 -0.325904 0.479536 0.814759 0.368081 0.13744 0.919579 0.368081 0.13744 0.919579 0.368081 0.13744 0.919579 0.385061 0.154692 0.909834 0.385061 0.154692 0.909834 0.385061 0.154692 0.909834 0.91466 0.097195 0.392365 0.91466 0.097195 0.392365 0.91466 0.097195 0.392365 0.919411 0.111386 0.377194 0.919411 0.111386 0.377194 0.919411 0.111386 0.377194 0.913157 0.112693 -0.39172 0.913157 0.112693 -0.39172 0.913157 0.112693 -0.39172 0.92073 0.09784 -0.377735 0.92073 0.09784 -0.377735 0.92073 0.09784 -0.377735 0.367063 0.155917 -0.917036 0.367063 0.155917 -0.917036 0.367063 0.155917 -0.917036 0.386033 0.137826 -0.912131 0.386033 0.137826 -0.912131 0.386033 0.137826 -0.912131 -0.368512 0.13745 0.919406 -0.368512 0.13745 0.919406 -0.368512 0.13745 0.919406 -0.385471 0.154664 0.909666 -0.385471 0.154664 0.909666 -0.385471 0.154664 0.909666 -0.91466 0.097195 0.392365 -0.91466 0.097195 0.392365 -0.91466 0.097195 0.392365 -0.919411 0.111386 0.377195 -0.919411 0.111386 0.377195 -0.919411 0.111386 0.377195 -0.913157 0.112693 -0.39172 -0.913157 0.112693 -0.39172 -0.913157 0.112693 -0.39172 -0.92073 0.09784 -0.377735 -0.92073 0.09784 -0.377735 -0.92073 0.09784 -0.377735 -0.367495 0.155888 -0.916868 -0.367495 0.155888 -0.916868 -0.367495 0.155888 -0.916868 -0.386442 0.137834 -0.911957 -0.386442 0.137834 -0.911957 -0.386442 0.137834 -0.911957 -0.800663 0.48988 0.344901 -0.800663 0.48988 0.344901 -0.800663 0.48988 0.344901 -0.800637 0.490939 0.343452 -0.800637 0.490939 0.343452 -0.800637 0.490939 0.343452 -0.800663 0.48988 -0.344901 -0.800663 0.48988 -0.344901 -0.800663 0.48988 -0.344901 -0.800637 0.490939 -0.343452 -0.800637 0.490939 -0.343452 -0.800637 0.490939 -0.343452 -0.323493 0.482625 -0.813895 -0.323493 0.482625 -0.813895 -0.323493 0.482625 -0.813895 -0.325414 0.484724 -0.81188 -0.325414 0.484724 -0.81188 -0.325414 0.484724 -0.81188 0.322367 0.485259 -0.812775 0.322367 0.485259 -0.812775 0.322367 0.485259 -0.812775 0.325382 0.483025 -0.812904 0.325382 0.483025 -0.812904 0.325382 0.483025 -0.812904 0.800003 0.491156 -0.344617 0.800003 0.491156 -0.344617 0.800003 0.491156 -0.344617 0.80106 0.490122 -0.343633 0.80106 0.490122 -0.343633 0.80106 0.490122 -0.343633 0.800663 0.489879 0.344901 0.800663 0.489879 0.344901 0.800663 0.489879 0.344901 0.800637 0.490939 0.343452 0.800637 0.490939 0.343452 0.800637 0.490939 0.343452 0.324349 0.482806 0.813447 0.324349 0.482806 0.813447 0.324349 0.482806 0.813447 0.325229 0.483771 0.812522 0.325229 0.483771 0.812522 0.325229 0.483771 0.812522 -0.324725 0.48386 0.812671 -0.324725 0.48386 0.812671 -0.324725 0.48386 0.812671 -0.325747 0.483102 0.812712 -0.325747 0.483102 0.812712 -0.325747 0.483102 0.812712 0.925414 -0.061055 0.374007 0.925414 -0.061055 0.374007 0.925414 -0.061055 0.374007 0.924232 -0.06191 0.376778 0.924232 -0.06191 0.376778 0.924232 -0.06191 0.376778 0.925359 -0.06201 -0.373985 0.925359 -0.06201 -0.373985 0.925359 -0.06201 -0.373985 0.924282 -0.06105 -0.376798 0.924282 -0.06105 -0.376798 0.924282 -0.06105 -0.376798 0.389906 -0.036445 -0.920133 0.389906 -0.036445 -0.920133 0.389906 -0.036445 -0.920133 0.388149 -0.035794 -0.920902 0.388149 -0.035794 -0.920902 0.388149 -0.035794 -0.920902 -0.325904 -0.479536 0.814759 -0.325904 -0.479536 0.814759 -0.325904 -0.479536 0.814759 -0.325192 -0.480132 0.814692 -0.325192 -0.480132 0.814692 -0.325192 -0.480132 0.814692 0.315031 -0.529601 0.787577 0.315031 -0.529601 0.787577 0.315031 -0.529601 0.787577 0.314587 -0.529051 0.788124 0.314587 -0.529051 0.788124 0.314587 -0.529051 0.788124 0.755929 -0.56913 0.323516 0.755929 -0.56913 0.323516 0.755929 -0.56913 0.323516 0.756151 -0.567441 0.325956 0.756151 -0.567441 0.325956 0.756151 -0.567441 0.325956 0.756727 -0.567873 -0.323858 0.756727 -0.567873 -0.323858 0.756727 -0.567873 -0.323858 0.754905 -0.569405 -0.325418 0.754905 -0.569405 -0.325418 0.754905 -0.569405 -0.325418 0.315122 -0.529208 -0.787805 0.315122 -0.529208 -0.787805 0.315122 -0.529208 -0.787805 0.312755 -0.530795 -0.787681 0.312755 -0.530795 -0.787681 0.312755 -0.530795 -0.787681 -0.325594 -0.481056 -0.813986 -0.325594 -0.481056 -0.813986 -0.325594 -0.481056 -0.813986 -0.323891 -0.479256 -0.815725 -0.323891 -0.479256 -0.815725 -0.323891 -0.479256 -0.815725 -0.821447 -0.448134 -0.352705 -0.821447 -0.448134 -0.352705 -0.821447 -0.448134 -0.352705 -0.821448 -0.447027 -0.354104 -0.821448 -0.447027 -0.354104 -0.821448 -0.447027 -0.354104 -0.821447 -0.448134 0.352705 -0.821447 -0.448134 0.352705 -0.821447 -0.448134 0.352705 -0.821448 -0.447027 0.354104 -0.821448 -0.447027 0.354104 -0.821448 -0.447027 0.354104 -0.388389 -0.095312 -0.916553 -0.388389 -0.095312 -0.916553 -0.388389 -0.095312 -0.916553 -0.368868 -0.116364 -0.922169 -0.368868 -0.116364 -0.922169 -0.368868 -0.116364 -0.922169 -0.925168 -0.001044 -0.379556 -0.925168 -0.001044 -0.379556 -0.925168 -0.001044 -0.379556 -0.918742 -0.01727 -0.394481 -0.918742 -0.01727 -0.394481 -0.918742 -0.01727 -0.394481 -0.92506 -0.015313 0.379512 -0.92506 -0.015313 0.379512 -0.92506 -0.015313 0.379512 -0.918878 -0.001037 0.394539 -0.918878 -0.001037 0.394539 -0.918878 -0.001037 0.394539 -0.387654 -0.113278 0.914818 -0.387654 -0.113278 0.914818 -0.387654 -0.113278 0.914818 -0.369647 -0.096792 0.924117 -0.369647 -0.096792 0.924117 -0.369647 -0.096792 0.924117 0.384439 -0.17071 -0.90723 0.384439 -0.17071 -0.90723 0.384439 -0.17071 -0.90723 -0.013906 0.949351 0.31391 -0.013906 0.949351 0.31391 -0.013906 0.949351 0.31391 0.020827 0.743884 0.667984 0.020827 0.743884 0.667984 0.020827 0.743884 0.667984 -0.010666 0.676642 0.736235 -0.010666 0.676642 0.736235 -0.010666 0.676642 0.736235 0.364801 -0.187547 -0.912002 0.364801 -0.187547 -0.912002 0.364801 -0.187547 -0.912002 0.912314 -0.178138 -0.368713 0.912314 -0.178138 -0.368713 0.912314 -0.178138 -0.368713 -0.870251 0.317097 0.376978 -0.870251 0.317097 0.376978 -0.870251 0.317097 0.376978 -0.624846 0.581771 0.520682 -0.624846 0.581771 0.520682 -0.624846 0.581771 0.520682 0.901534 -0.195884 -0.385831 0.901534 -0.195884 -0.385831 0.901534 -0.195884 -0.385831 -0.196656 0.968204 0.154619 -0.196656 0.968204 0.154619 -0.196656 0.968204 0.154619 0.345039 0.867971 0.357176 0.345039 0.867971 0.357176 0.345039 0.867971 0.357176 0.53645 0.682071 0.496992 0.53645 0.682071 0.496992 0.53645 0.682071 0.496992 0.909338 -0.195037 0.36751 0.909338 -0.195037 0.36751 0.909338 -0.195037 0.36751 0.904881 -0.176687 0.387264 0.904881 -0.176687 0.387264 0.904881 -0.176687 0.387264 0.383201 -0.188098 0.90431 0.383201 -0.188098 0.90431 0.383201 -0.188098 0.90431 0.366076 -0.168577 0.915189 0.366076 -0.168577 0.915189 0.366076 -0.168577 0.915189 -0.389906 -0.036497 -0.920131 -0.389906 -0.036497 -0.920131 -0.389906 -0.036497 -0.920131 -0.924978 -0.061798 -0.374961 -0.924978 -0.061798 -0.374961 -0.924978 -0.061798 -0.374961 -0.925015 -0.061166 0.374975 -0.925015 -0.061166 0.374975 -0.925015 -0.061166 0.374975 -0.389917 -0.035719 0.920157 -0.389917 -0.035719 0.920157 -0.389917 -0.035719 0.920157 0.390165 -0.001062 0.920744 0.390165 -0.001062 0.920744 0.390165 -0.001062 0.920744 0.388397 -0.001712 0.921491 0.388397 -0.001712 0.921491 0.388397 -0.001712 0.921491 0.924959 0.021296 0.37947 0.924959 0.021296 0.37947 0.924959 0.021296 0.37947 0.923929 0.020419 0.382019 0.923929 0.020419 0.382019 0.923929 0.020419 0.382019 0.390165 -0.001711 -0.920743 0.390165 -0.001711 -0.920743 0.390165 -0.001711 -0.920743 0.388397 -0.001216 -0.921491 0.388397 -0.001216 -0.921491 0.388397 -0.001216 -0.921491 -0.314907 -0.528563 0.788324 -0.314907 -0.528563 0.788324 -0.314907 -0.528563 0.788324 -0.313661 -0.5294 0.788259 -0.313661 -0.5294 0.788259 -0.313661 -0.5294 0.788259 0.325009 -0.480234 0.814705 0.325009 -0.480234 0.814705 0.325009 -0.480234 0.814705 0.324423 -0.479613 0.815304 0.324423 -0.479613 0.815304 0.324423 -0.479613 0.815304 0.821157 -0.449278 0.351924 0.821157 -0.449278 0.351924 0.821157 -0.449278 0.351924 0.821161 -0.447265 0.354471 0.821161 -0.447265 0.354471 0.821161 -0.447265 0.354471 0.8219 -0.447667 -0.352243 0.8219 -0.447667 -0.352243 0.8219 -0.447667 -0.352243 0.820001 -0.449781 -0.35397 0.820001 -0.449781 -0.35397 0.820001 -0.449781 -0.35397 0.325116 -0.47971 -0.814971 0.325116 -0.47971 -0.814971 0.325116 -0.47971 -0.814971 0.324258 -0.480428 -0.81489 0.324258 -0.480428 -0.81489 0.324258 -0.480428 -0.81489 -0.314739 -0.529288 -0.787905 -0.314739 -0.529288 -0.787905 -0.314739 -0.529288 -0.787905 -0.259526 0.959243 -0.111796 -0.259526 0.959243 -0.111796 -0.259526 0.959243 -0.111796 -0.313921 -0.528273 -0.788911 -0.313921 -0.528273 -0.788911 -0.313921 -0.528273 -0.788911 -0.756238 -0.568385 -0.324102 -0.756238 -0.568385 -0.324102 -0.756238 -0.568385 -0.324102 -0.107078 0.957056 -0.269404 -0.107078 0.957056 -0.269404 -0.107078 0.957056 -0.269404 0.100947 0.962004 0.253689 0.100947 0.962004 0.253689 0.100947 0.962004 0.253689 0.249807 0.962273 0.107834 0.249807 0.962273 0.107834 0.249807 0.962273 0.107834 0.249807 0.962273 -0.107834 0.249807 0.962273 -0.107834 0.249807 0.962273 -0.107834 -0.756305 -0.567878 -0.324834 -0.756305 -0.567878 -0.324834 -0.756305 -0.567878 -0.324834 -0.756238 -0.568385 0.324102 -0.756238 -0.568385 0.324102 -0.756238 -0.568385 0.324102 -0.756305 -0.567878 0.324834 -0.756305 -0.567878 0.324834 -0.756305 -0.567878 0.324834 -0.384953 -0.162915 -0.908444 -0.384953 -0.162915 -0.908444 -0.384953 -0.162915 -0.908444 -0.364878 -0.180357 -0.91342 -0.364878 -0.180357 -0.91342 -0.364878 -0.180357 -0.91342 -0.913128 -0.170823 -0.370157 -0.913128 -0.170823 -0.370157 -0.913128 -0.170823 -0.370157 -0.9027 -0.188318 -0.386872 -0.9027 -0.188318 -0.386872 -0.9027 -0.188318 -0.386872 -0.910303 -0.187558 0.369012 -0.910303 -0.187558 0.369012 -0.910303 -0.187558 0.369012 -0.905851 -0.169462 0.388222 -0.905851 -0.169462 0.388222 -0.905851 -0.169462 0.388222 -0.383722 -0.180995 0.905538 -0.383722 -0.180995 0.905538 -0.383722 -0.180995 0.905538 -0.366135 -0.160788 0.916566 -0.366135 -0.160788 0.916566 -0.366135 -0.160788 0.916566 0.388703 -0.086496 -0.917294 0.388703 -0.086496 -0.917294 0.388703 -0.086496 -0.917294 0.100947 0.962004 -0.253689 0.100947 0.962004 -0.253689 0.100947 0.962004 -0.253689 -0.097796 0.964382 0.24577 -0.097796 0.964382 0.24577 -0.097796 0.964382 0.24577 -0.231645 0.967699 0.099491 -0.231645 0.967699 0.099491 -0.231645 0.967699 0.099491 -0.231645 0.967699 -0.099491 -0.231645 0.967699 -0.099491 -0.231645 0.967699 -0.099491 0.368335 -0.10876 -0.92331 0.368335 -0.10876 -0.92331 0.368335 -0.10876 -0.92331 0.925136 0.008391 -0.379543 0.925136 0.008391 -0.379543 0.925136 0.008391 -0.379543 0.919121 -0.007294 -0.393909 0.919121 -0.007294 -0.393909 0.919121 -0.007294 -0.393909 0.925155 -0.005459 0.379551 0.925155 -0.005459 0.379551 0.925155 -0.005459 0.379551 0.919113 0.008336 0.393906 0.919113 0.008336 0.393906 0.919113 0.008336 0.393906 0.387985 -0.105584 0.915598 0.387985 -0.105584 0.915598 0.387985 -0.105584 0.915598 -0.097796 0.964382 -0.24577 -0.097796 0.964382 -0.24577 -0.097796 0.964382 -0.24577 0.097209 0.965009 0.243534 0.097209 0.965009 0.243534 0.097209 0.965009 0.243534 0.22961 0.968237 0.098978 0.22961 0.968237 0.098978 0.22961 0.968237 0.098978 0.22961 0.968237 -0.098978 0.22961 0.968237 -0.098978 0.22961 0.968237 -0.098978 0.096847 0.96495 -0.243911 0.096847 0.96495 -0.243911 0.096847 0.96495 -0.243911 -0.100265 0.962731 0.251191 -0.100265 0.962731 0.251191 -0.100265 0.962731 0.251191 0.348714 0.9073 0.23496 0.348714 0.9073 0.23496 0.348714 0.9073 0.23496 -0.706453 0.630841 0.320879 -0.706453 0.630841 0.320879 -0.706453 0.630841 0.320879 -0.24746 0.963008 0.106673 -0.24746 0.963008 0.106673 -0.24746 0.963008 0.106673 -0.24746 0.963008 -0.106673 -0.24746 0.963008 -0.106673 -0.24746 0.963008 -0.106673 -0.09988 0.962677 -0.25155 -0.09988 0.962677 -0.25155 -0.09988 0.962677 -0.25155 0.107264 0.957145 0.269011 0.107264 0.957145 0.269011 0.107264 0.957145 0.269011 0.25917 0.959358 0.111642 0.25917 0.959358 0.111642 0.25917 0.959358 0.111642 0.25917 0.959358 -0.111642 0.25917 0.959358 -0.111642 0.25917 0.959358 -0.111642 0.106855 0.957079 -0.269411 0.106855 0.957079 -0.269411 0.106855 0.957079 -0.269411 -0.107488 0.957122 0.269005 -0.107488 0.957122 0.269005 -0.107488 0.957122 0.269005 -0.259526 0.959243 0.111796 -0.259526 0.959243 0.111796 -0.259526 0.959243 0.111796 0.36909 -0.088153 0.925203 0.36909 -0.088153 0.925203 0.36909 -0.088153 0.925203 -0.390095 -0.019073 -0.920577 -0.390095 -0.019073 -0.920577 -0.390095 -0.019073 -0.920577 -0.924975 -0.020442 -0.379477 -0.924975 -0.020442 -0.379477 -0.924975 -0.020442 -0.379477 -0.924986 -0.019872 0.379481 -0.924986 -0.019872 0.379481 -0.924986 -0.019872 0.379481 -0.3901 -0.018295 0.920591 -0.3901 -0.018295 0.920591 -0.3901 -0.018295 0.920591 0.389686 -0.018507 0.920762 0.389686 -0.018507 0.920762 0.389686 -0.018507 0.920762 0.388328 -0.018945 0.921327 0.388328 -0.018945 0.921327 0.388328 -0.018945 0.921327 0.924988 -0.01975 0.379482 0.924988 -0.01975 0.379482 0.924988 -0.01975 0.379482 0.923926 -0.020581 0.382018 0.923926 -0.020581 0.382018 0.923926 -0.020581 0.382018 0.924972 -0.020629 -0.379476 0.924972 -0.020629 -0.379476 0.924972 -0.020629 -0.379476 0.92394 -0.019794 -0.382024 0.92394 -0.019794 -0.382024 0.92394 -0.019794 -0.382024 0.389682 -0.019018 -0.920753 0.389682 -0.019018 -0.920753 0.389682 -0.019018 -0.920753 0.38833 -0.018578 -0.921333 0.38833 -0.018578 -0.921333 0.38833 -0.018578 -0.921333 -0.325747 -0.483102 0.812712 -0.325747 -0.483102 0.812712 -0.325747 -0.483102 0.812712 -0.324725 -0.48386 0.812671 -0.324725 -0.48386 0.812671 -0.324725 -0.48386 0.812671 0.325229 -0.483771 0.812522 0.325229 -0.483771 0.812522 0.325229 -0.483771 0.812522 0.324349 -0.482806 0.813447 0.324349 -0.482806 0.813447 0.324349 -0.482806 0.813447 0.800637 -0.490939 0.343452 0.800637 -0.490939 0.343452 0.800637 -0.490939 0.343452 0.800663 -0.489879 0.344901 0.800663 -0.489879 0.344901 0.800663 -0.489879 0.344901 0.80106 -0.490122 -0.343633 0.80106 -0.490122 -0.343633 0.80106 -0.490122 -0.343633 0.800003 -0.491156 -0.344617 0.800003 -0.491156 -0.344617 0.800003 -0.491156 -0.344617 0.325382 -0.483025 -0.812904 0.325382 -0.483025 -0.812904 0.325382 -0.483025 -0.812904 0.322367 -0.485259 -0.812775 0.322367 -0.485259 -0.812775 0.322367 -0.485259 -0.812775 -0.325414 -0.484724 -0.81188 -0.325414 -0.484724 -0.81188 -0.325414 -0.484724 -0.81188 -0.323493 -0.482625 -0.813895 -0.323493 -0.482625 -0.813895 -0.323493 -0.482625 -0.813895 -0.800637 -0.490939 -0.343452 -0.800637 -0.490939 -0.343452 -0.800637 -0.490939 -0.343452 -0.800663 -0.489879 -0.344901 -0.800663 -0.489879 -0.344901 -0.800663 -0.489879 -0.344901 -0.800637 -0.490939 0.343452 -0.800637 -0.490939 0.343452 -0.800637 -0.490939 0.343452 -0.800663 -0.489879 0.344901 -0.800663 -0.489879 0.344901 -0.800663 -0.489879 0.344901 -0.386442 -0.137834 -0.911957 -0.386442 -0.137834 -0.911957 -0.386442 -0.137834 -0.911957 -0.367495 -0.155888 -0.916868 -0.367495 -0.155888 -0.916868 -0.367495 -0.155888 -0.916868 -0.92073 -0.09784 -0.377735 -0.92073 -0.09784 -0.377735 -0.92073 -0.09784 -0.377735 -0.913157 -0.112693 -0.39172 -0.913157 -0.112693 -0.39172 -0.913157 -0.112693 -0.39172 -0.919411 -0.111386 0.377194 -0.919411 -0.111386 0.377194 -0.919411 -0.111386 0.377194 0.53645 -0.682071 0.496992 0.53645 -0.682071 0.496992 0.53645 -0.682071 0.496992 -0.045911 -0.976533 0.210417 -0.045911 -0.976533 0.210417 -0.045911 -0.976533 0.210417 -0.013906 -0.949351 0.31391 -0.013906 -0.949351 0.31391 -0.013906 -0.949351 0.31391 -0.91466 -0.097195 0.392365 -0.91466 -0.097195 0.392365 -0.91466 -0.097195 0.392365 -0.010666 -0.676642 0.736235 -0.010666 -0.676642 0.736235 -0.010666 -0.676642 0.736235 -0.223503 -0.50722 0.832331 -0.223503 -0.50722 0.832331 -0.223503 -0.50722 0.832331 -0.385471 -0.154664 0.909666 -0.385471 -0.154664 0.909666 -0.385471 -0.154664 0.909666 -0.368512 -0.13745 0.919406 -0.368512 -0.13745 0.919406 -0.368512 -0.13745 0.919406 -0.624846 -0.581771 0.520682 -0.624846 -0.581771 0.520682 -0.624846 -0.581771 0.520682 -0.091615 -0.94115 0.325336 -0.091615 -0.94115 0.325336 -0.091615 -0.94115 0.325336 -0.196656 -0.968204 0.154619 -0.196656 -0.968204 0.154619 -0.196656 -0.968204 0.154619 0.386033 -0.137826 -0.912131 0.386033 -0.137826 -0.912131 0.386033 -0.137826 -0.912131 0.367063 -0.155917 -0.917036 0.367063 -0.155917 -0.917036 0.367063 -0.155917 -0.917036 0.92073 -0.09784 -0.377735 0.92073 -0.09784 -0.377735 0.92073 -0.09784 -0.377735 0.913157 -0.112693 -0.39172 0.913157 -0.112693 -0.39172 0.913157 -0.112693 -0.39172 0.919411 -0.111386 0.377194 0.919411 -0.111386 0.377194 0.919411 -0.111386 0.377194 0.91466 -0.097195 0.392365 0.91466 -0.097195 0.392365 0.91466 -0.097195 0.392365 0.385061 -0.154692 0.909834 0.385061 -0.154692 0.909834 0.385061 -0.154692 0.909834 0.368081 -0.13744 0.919579 0.368081 -0.13744 0.919579 0.368081 -0.13744 0.919579 0.924976 0.020417 -0.379477 0.924976 0.020417 -0.379477 0.924976 0.020417 -0.379477 0.923914 0.021206 -0.382013 0.923914 0.021206 -0.382013 0.923914 0.021206 -0.382013 -0.387096 0.015622 -0.921907 -0.387096 0.015622 -0.921907 -0.387096 0.015622 -0.921907 0.348714 -0.9073 0.23496 0.348714 -0.9073 0.23496 0.348714 -0.9073 0.23496 -0.706453 -0.630841 0.320879 -0.706453 -0.630841 0.320879 -0.706453 -0.630841 0.320879 0.104678 0.07869 0.991388 0.104678 0.07869 0.991388 0.104678 0.07869 0.991388 0.893377 0.151539 -0.422982 0.893377 0.151539 -0.422982 0.893377 0.151539 -0.422982 0.897249 0.15719 -0.412595 0.897249 0.15719 -0.412595 0.897249 0.15719 -0.412595 0.033077 0.055505 -0.99791 0.033077 0.055505 -0.99791 0.033077 0.055505 -0.99791 0.031246 0.052596 -0.998127 0.031246 0.052596 -0.998127 0.031246 0.052596 -0.998127 -0.03307 0.052872 -0.998054 -0.03307 0.052872 -0.998054 -0.03307 0.052872 -0.998054 -0.031227 0.055508 -0.99797 -0.031227 0.055508 -0.99797 -0.031227 0.055508 -0.99797 -0.892612 0.15696 -0.422619 -0.892612 0.15696 -0.422619 -0.892612 0.15696 -0.422619 -0.897968 0.152137 -0.412926 -0.897968 0.152137 -0.412926 -0.897968 0.152137 -0.412926 0.016162 0.046545 0.998785 0.016162 0.046545 0.998785 0.016162 0.046545 0.998785 -0.016807 0.10379 -0.994457 -0.016807 0.10379 -0.994457 -0.016807 0.10379 -0.994457 0.016807 0.10379 -0.994457 0.016807 0.10379 -0.994457 0.016807 0.10379 -0.994457 -0.016162 0.046545 0.998785 -0.016162 0.046545 0.998785 -0.016162 0.046545 0.998785 -0.094178 0.031791 0.995048 -0.094178 0.031791 0.995048 -0.094178 0.031791 0.995048 -0.033768 0.061897 0.997511 -0.033768 0.061897 0.997511 -0.033768 0.061897 0.997511 0.094247 0.0318 0.995041 0.094247 0.0318 0.995041 0.094247 0.0318 0.995041 0.147332 0.09014 -0.984971 0.147332 0.09014 -0.984971 0.147332 0.09014 -0.984971 0.033476 0.147055 -0.988562 0.033476 0.147055 -0.988562 0.033476 0.147055 -0.988562 -0.147225 0.090127 -0.984988 -0.147225 0.090127 -0.984988 -0.147225 0.090127 -0.984988 -0.033465 0.147045 -0.988564 -0.033465 0.147045 -0.988564 -0.033465 0.147045 -0.988564 -0.033085 0.043131 0.998521 -0.033085 0.043131 0.998521 -0.033085 0.043131 0.998521 0.031265 0.043133 0.99858 0.031265 0.043133 0.99858 0.031265 0.043133 0.99858 0.033779 0.061907 0.99751 0.033779 0.061907 0.99751 0.033779 0.061907 0.99751 0.981604 0.134945 0.135071 0.981604 0.134945 0.135071 0.981604 0.134945 0.135071 0.901559 0.07061 -0.426855 0.901559 0.07061 -0.426855 0.901559 0.07061 -0.426855 -0.900542 0.085025 -0.426374 -0.900542 0.085025 -0.426374 -0.900542 0.085025 -0.426374 -0.950687 0.143588 0.274911 -0.950687 0.143588 0.274911 -0.950687 0.143588 0.274911 0.898138 0.109623 0.42583 0.898138 0.109623 0.42583 0.898138 0.109623 0.42583 -0.896368 0.126124 0.424991 -0.896368 0.126124 0.424991 -0.896368 0.126124 0.424991 -0.365164 0.022053 -0.930682 -0.365164 0.022053 -0.930682 -0.365164 0.022053 -0.930682 0.033101 0.040503 0.998631 0.033101 0.040503 0.998631 0.033101 0.040503 0.998631 -0.914371 0.013642 -0.404648 -0.914371 0.013642 -0.404648 -0.914371 0.013642 -0.404648 -0.924563 0.006374 -0.380975 -0.924563 0.006374 -0.380975 -0.924563 0.006374 -0.380975 -0.101376 0.024657 0.994543 -0.101376 0.024657 0.994543 -0.101376 0.024657 0.994543 -0.031261 0.03735 0.998813 -0.031261 0.03735 0.998813 -0.031261 0.03735 0.998813 -0.110086 0.027836 -0.993532 -0.110086 0.027836 -0.993532 -0.110086 0.027836 -0.993532 -0.031299 -0.000564 -0.99951 -0.031299 -0.000564 -0.99951 -0.031299 -0.000564 -0.99951 0.055452 -0.003464 -0.998455 0.055452 -0.003464 -0.998455 0.055452 -0.003464 -0.998455 0.03131 0.002585 -0.999506 0.03131 0.002585 -0.999506 0.03131 0.002585 -0.999506 0.031253 0.04951 0.998285 0.031253 0.04951 0.998285 0.031253 0.04951 0.998285 0.160289 0.021373 0.986839 0.160289 0.021373 0.986839 0.160289 0.021373 0.986839 0.904887 0.141221 0.401543 0.904887 0.141221 0.401543 0.904887 0.141221 0.401543 0.89311 0.151817 0.423446 0.89311 0.151817 0.423446 0.89311 0.151817 0.423446 -0.870251 -0.317097 0.376978 -0.870251 -0.317097 0.376978 -0.870251 -0.317097 0.376978 -0.108715 -0.671167 0.733291 -0.108715 -0.671167 0.733291 -0.108715 -0.671167 0.733291 0.020827 -0.743884 0.667984 0.020827 -0.743884 0.667984 0.020827 -0.743884 0.667984 0.345039 -0.867971 0.357176 0.345039 -0.867971 0.357176 0.345039 -0.867971 0.357176 -0.903344 0.152583 0.400859 -0.903344 0.152583 0.400859 -0.903344 0.152583 0.400859 -0.894781 0.139242 0.424239 -0.894781 0.139242 0.424239 -0.894781 0.139242 0.424239 -0.944792 0.129944 0.300803 -0.944792 0.129944 0.300803 -0.944792 0.129944 0.300803 -0.916386 0.083152 0.391565 -0.916386 0.083152 0.391565 -0.916386 0.083152 0.391565 -0.938782 0.116261 -0.324302 -0.938782 0.116261 -0.324302 -0.938782 0.116261 -0.324302 -0.909687 0.147368 -0.388269 -0.909687 0.147368 -0.388269 -0.909687 0.147368 -0.388269 0.935317 0.145991 -0.322287 0.935317 0.145991 -0.322287 0.935317 0.145991 -0.322287 0.913444 0.116702 -0.389872 0.913444 0.116702 -0.389872 0.913444 0.116702 -0.389872 0.948043 0.090725 0.304933 0.948043 0.090725 0.304933 0.948043 0.090725 0.304933 0.912079 0.127384 0.389725 0.912079 0.127384 0.389725 0.912079 0.127384 0.389725 -0.03308 0.047032 0.998345 -0.03308 0.047032 0.998345 -0.03308 0.047032 0.998345 -0.033793 0.048079 0.998272 -0.033793 0.048079 0.998272 -0.033793 0.048079 0.998272 -0.910795 0.137816 0.389177 -0.910795 0.137816 0.389177 -0.910795 0.137816 0.389177 -0.906154 0.131131 0.402106 -0.906154 0.131131 0.402106 -0.906154 0.131131 0.402106 -0.911306 0.135028 -0.38896 -0.911306 0.135028 -0.38896 -0.911306 0.135028 -0.38896 -0.898745 0.146476 -0.413283 -0.898745 0.146476 -0.413283 -0.898745 0.146476 -0.413283 -0.033034 0.070293 -0.996979 -0.033034 0.070293 -0.996979 -0.033034 0.070293 -0.996979 -0.033751 0.069342 -0.997022 -0.033751 0.069342 -0.997022 -0.033751 0.069342 -0.997022 0.033049 0.06925 -0.997052 0.033049 0.06925 -0.997052 0.033049 0.06925 -0.997052 0.03376 0.070291 -0.996955 0.03376 0.070291 -0.996955 0.03376 0.070291 -0.996955 0.909829 0.146328 -0.388329 0.909829 0.146328 -0.388329 0.909829 0.146328 -0.388329 0.900408 0.133532 -0.414048 0.900408 0.133532 -0.414048 0.900408 0.133532 -0.414048 0.911527 0.131969 0.389489 0.911527 0.131969 0.389489 0.911527 0.131969 0.389489 0.905349 0.137629 0.401749 0.905349 0.137629 0.401749 0.905349 0.137629 0.401749 0.03309 0.04808 0.998295 0.03309 0.04808 0.998295 0.03309 0.04808 0.998295 0.033806 0.047127 0.998317 0.033806 0.047127 0.998317 0.033806 0.047127 0.998317 -0.950687 -0.143588 0.274911 -0.950687 -0.143588 0.274911 -0.950687 -0.143588 0.274911 -0.147829 0.025351 0.988688 -0.147829 0.025351 0.988688 -0.147829 0.025351 0.988688 -0.387938 -0.018992 0.92149 -0.387938 -0.018992 0.92149 -0.387938 -0.018992 0.92149 -0.146781 -0.082395 -0.985731 -0.146781 -0.082395 -0.985731 -0.146781 -0.082395 -0.985731 -0.924308 -0.020403 0.381102 -0.924308 -0.020403 0.381102 -0.924308 -0.020403 0.381102 -0.362862 0.114207 -0.924818 -0.362862 0.114207 -0.924818 -0.362862 0.114207 -0.924818 -0.924317 -0.019909 -0.381106 -0.924317 -0.019909 -0.381106 -0.924317 -0.019909 -0.381106 -0.358933 0.185217 0.914802 -0.358933 0.185217 0.914802 -0.358933 0.185217 0.914802 -0.387943 -0.018374 -0.9215 -0.387943 -0.018374 -0.9215 -0.387943 -0.018374 -0.9215 0.362862 0.114207 -0.924818 0.362862 0.114207 -0.924818 0.362862 0.114207 -0.924818 0.358933 0.185217 0.914802 0.358933 0.185217 0.914802 0.358933 0.185217 0.914802 -0.896368 -0.126124 0.424991 -0.896368 -0.126124 0.424991 -0.896368 -0.126124 0.424991 0.898138 -0.109623 0.42583 0.898138 -0.109623 0.42583 0.898138 -0.109623 0.42583 -0.033 0.219445 -0.975067 -0.033 0.219445 -0.975067 -0.033 0.219445 -0.975067 -0.900542 -0.085025 -0.426374 -0.900542 -0.085025 -0.426374 -0.900542 -0.085025 -0.426374 0.901559 -0.07061 -0.426855 0.901559 -0.07061 -0.426855 0.901559 -0.07061 -0.426855 0.981604 -0.134945 0.135071 0.981604 -0.134945 0.135071 0.981604 -0.134945 0.135071 -0.033465 -0.147045 -0.988564 -0.033465 -0.147045 -0.988564 -0.033465 -0.147045 -0.988564 -0.147225 -0.090127 -0.984988 -0.147225 -0.090127 -0.984988 -0.147225 -0.090127 -0.984988 0.033476 -0.147055 -0.988562 0.033476 -0.147055 -0.988562 0.033476 -0.147055 -0.988562 0.147332 -0.09014 -0.984971 0.147332 -0.09014 -0.984971 0.147332 -0.09014 -0.984971 0.033779 -0.061907 0.99751 0.033779 -0.061907 0.99751 0.033779 -0.061907 0.99751 0.094247 -0.0318 0.995041 0.094247 -0.0318 0.995041 0.094247 -0.0318 0.995041 -0.033768 -0.061897 0.997511 -0.033768 -0.061897 0.997511 -0.033768 -0.061897 0.997511 -0.094178 -0.031791 0.995048 -0.094178 -0.031791 0.995048 -0.094178 -0.031791 0.995048 -0.016162 -0.046545 0.998785 -0.016162 -0.046545 0.998785 -0.016162 -0.046545 0.998785 0.016807 -0.10379 -0.994457 0.016807 -0.10379 -0.994457 0.016807 -0.10379 -0.994457 -0.016807 -0.10379 -0.994457 -0.016807 -0.10379 -0.994457 -0.016807 -0.10379 -0.994457 0.016162 -0.046545 0.998785 0.016162 -0.046545 0.998785 0.016162 -0.046545 0.998785 0.000088 0.257293 0.966334 0.000088 0.257293 0.966334 0.000088 0.257293 0.966334 -0.000088 0.257292 0.966334 -0.000088 0.257292 0.966334 -0.000088 0.257292 0.966334 0.166241 0.089259 -0.982037 0.166241 0.089259 -0.982037 0.166241 0.089259 -0.982037 0.146882 -0.082308 -0.985724 0.146882 -0.082308 -0.985724 0.146882 -0.082308 -0.985724 0.167817 0.09487 0.981243 0.167817 0.09487 0.981243 0.167817 0.09487 0.981243 0.09542 -0.049347 0.994213 0.09542 -0.049347 0.994213 0.09542 -0.049347 0.994213 0.033002 0.21949 -0.975056 0.033002 0.21949 -0.975056 0.033002 0.21949 -0.975056 -0.166187 0.089069 -0.982063 -0.166187 0.089069 -0.982063 -0.166187 0.089069 -0.982063 0.147947 0.02535 0.98867 0.147947 0.02535 0.98867 0.147947 0.02535 0.98867 -0.095354 -0.049403 0.994217 -0.095354 -0.049403 0.994217 -0.095354 -0.049403 0.994217 -0.167763 0.094678 0.98127 -0.167763 0.094678 0.98127 -0.167763 0.094678 0.98127 -0.288759 0.612366 0.735953 -0.288759 0.612366 0.735953 -0.288759 0.612366 0.735953 -0.288759 0.612366 -0.735953 -0.288759 0.612366 -0.735953 -0.288759 0.612366 -0.735953 0.288759 0.612366 -0.735953 0.288759 0.612366 -0.735953 0.288759 0.612366 -0.735953 -0.620836 0.733934 -0.275505 -0.620836 0.733934 -0.275505 -0.620836 0.733934 -0.275505 0.621888 0.733153 -0.275212 0.621888 0.733153 -0.275212 0.621888 0.733153 -0.275212 0.622014 0.733151 0.274932 0.622014 0.733151 0.274932 0.622014 0.733151 0.274932 0.288759 0.612366 0.735953 0.288759 0.612366 0.735953 0.288759 0.612366 0.735953 -0.620962 0.733933 0.275225 -0.620962 0.733933 0.275225 -0.620962 0.733933 0.275225 -0.387752 -0.036319 0.921048 -0.387752 -0.036319 0.921048 -0.387752 -0.036319 0.921048 -0.288621 0.612855 0.7356 -0.288621 0.612855 0.7356 -0.288621 0.612855 0.7356 -0.924243 -0.061724 0.376782 -0.924243 -0.061724 0.376782 -0.924243 -0.061724 0.376782 0.620836 0.733934 -0.275505 0.620836 0.733934 -0.275505 0.620836 0.733934 -0.275505 -0.924275 -0.061172 -0.376795 -0.924275 -0.061172 -0.376795 -0.924275 -0.061172 -0.376795 -0.621888 0.733153 -0.275212 -0.621888 0.733153 -0.275212 -0.621888 0.733153 -0.275212 -0.387761 -0.035702 -0.921068 -0.387761 -0.035702 -0.921068 -0.387761 -0.035702 -0.921068 -0.622014 0.733151 0.274932 -0.622014 0.733151 0.274932 -0.622014 0.733151 0.274932 0.620962 0.733933 0.275225 0.620962 0.733933 0.275225 0.620962 0.733933 0.275225 0.288869 0.613001 0.735381 0.288869 0.613001 0.735381 0.288869 0.613001 0.735381 0.03309 -0.04808 0.998295 0.03309 -0.04808 0.998295 0.03309 -0.04808 0.998295 0.033806 -0.047127 0.998317 0.033806 -0.047127 0.998317 0.033806 -0.047127 0.998317 -0.091615 0.94115 0.325336 -0.091615 0.94115 0.325336 -0.091615 0.94115 0.325336 -0.108715 0.671167 0.733291 -0.108715 0.671167 0.733291 -0.108715 0.671167 0.733291 -0.223503 0.50722 0.832331 -0.223503 0.50722 0.832331 -0.223503 0.50722 0.832331 -0.045911 0.976533 0.210417 -0.045911 0.976533 0.210417 -0.045911 0.976533 0.210417 -0.101376 -0.024657 0.994543 -0.101376 -0.024657 0.994543 -0.101376 -0.024657 0.994543 -0.031261 -0.03735 0.998813 -0.031261 -0.03735 0.998813 -0.031261 -0.03735 0.998813 -0.110086 -0.027836 -0.993532 -0.110086 -0.027836 -0.993532 -0.110086 -0.027836 -0.993532 -0.031299 0.000564 -0.99951 -0.031299 0.000564 -0.99951 -0.031299 0.000564 -0.99951 0.055452 0.003464 -0.998455 0.055452 0.003464 -0.998455 0.055452 0.003464 -0.998455 0.03131 -0.002585 -0.999506 0.03131 -0.002585 -0.999506 0.03131 -0.002585 -0.999506 0.031253 -0.04951 0.998285 0.031253 -0.04951 0.998285 0.031253 -0.04951 0.998285 0.160289 -0.021373 0.986839 0.160289 -0.021373 0.986839 0.160289 -0.021373 0.986839 -0.944792 -0.129944 0.300803 -0.944792 -0.129944 0.300803 -0.944792 -0.129944 0.300803 -0.916386 -0.083152 0.391565 -0.916386 -0.083152 0.391565 -0.916386 -0.083152 0.391565 -0.938782 -0.116261 -0.324302 -0.938782 -0.116261 -0.324302 -0.938782 -0.116261 -0.324302 -0.909687 -0.147368 -0.388269 -0.909687 -0.147368 -0.388269 -0.909687 -0.147368 -0.388269 0.935317 -0.145991 -0.322287 0.935317 -0.145991 -0.322287 0.935317 -0.145991 -0.322287 0.913444 -0.116702 -0.389872 0.913444 -0.116702 -0.389872 0.913444 -0.116702 -0.389872 0.948043 -0.090725 0.304933 0.948043 -0.090725 0.304933 0.948043 -0.090725 0.304933 0.912079 -0.127384 0.389725 0.912079 -0.127384 0.389725 0.912079 -0.127384 0.389725 -0.031257 -0.040223 0.998702 -0.031257 -0.040223 0.998702 -0.031257 -0.040223 0.998702 -0.033085 -0.043131 0.998521 -0.033085 -0.043131 0.998521 -0.033085 -0.043131 0.998521 -0.940714 -0.09226 -0.326412 -0.940714 -0.09226 -0.326412 -0.940714 -0.09226 -0.326412 -0.916096 -0.004745 -0.400932 -0.916096 -0.004745 -0.400932 -0.916096 -0.004745 -0.400932 -0.950709 0.003497 0.310066 -0.950709 0.003497 0.310066 -0.950709 0.003497 0.310066 -0.912474 -0.091117 0.398859 -0.912474 -0.091117 0.398859 -0.912474 -0.091117 0.398859 0.940485 -0.091167 -0.327378 0.940485 -0.091167 -0.327378 0.940485 -0.091167 -0.327378 0.916096 -0.004745 -0.400932 0.916096 -0.004745 -0.400932 0.916096 -0.004745 -0.400932 0.950434 0.00371 0.310905 0.950434 0.00371 0.310905 0.950434 0.00371 0.310905 0.91256 -0.090088 0.398897 0.91256 -0.090088 0.398897 0.91256 -0.090088 0.398897 0.12903 -0.038549 -0.990891 0.12903 -0.038549 -0.990891 0.12903 -0.038549 -0.990891 0.288869 0.613001 -0.735381 0.288869 0.613001 -0.735381 0.288869 0.613001 -0.735381 0.100359 0.322197 -0.941338 0.100359 0.322197 -0.941338 0.100359 0.322197 -0.941338 -0.365013 -0.036192 -0.930299 -0.365013 -0.036192 -0.930299 -0.365013 -0.036192 -0.930299 0.388328 0.018942 0.921327 0.388328 0.018942 0.921327 0.388328 0.018942 0.921327 0.923926 0.02058 0.382018 0.923926 0.02058 0.382018 0.923926 0.02058 0.382018 -0.388008 -0.001777 0.921654 -0.388008 -0.001777 0.921654 -0.388008 -0.001777 0.921654 0.92394 0.019796 -0.382024 0.92394 0.019796 -0.382024 0.92394 0.019796 -0.382024 -0.924304 0.020614 0.381101 -0.924304 0.020614 0.381101 -0.924304 0.020614 0.381101 0.38833 0.018582 -0.921333 0.38833 0.018582 -0.921333 0.38833 0.018582 -0.921333 -0.92477 0.020754 -0.37996 -0.92477 0.020754 -0.37996 -0.92477 0.020754 -0.37996 -0.903344 -0.152583 0.400859 -0.903344 -0.152583 0.400859 -0.903344 -0.152583 0.400859 -0.894781 -0.139242 0.424239 -0.894781 -0.139242 0.424239 -0.894781 -0.139242 0.424239 0.388142 0.036286 0.920885 0.388142 0.036286 0.920885 0.388142 0.036286 0.920885 -0.365227 0.011875 -0.930843 -0.365227 0.011875 -0.930843 -0.365227 0.011875 -0.930843 -0.388004 0.004552 -0.921646 -0.388004 0.004552 -0.921646 -0.388004 0.004552 -0.921646 -0.916039 -0.012131 -0.400907 -0.916039 -0.012131 -0.400907 -0.916039 -0.012131 -0.400907 -0.925834 -0.019427 -0.377431 -0.925834 -0.019427 -0.377431 -0.925834 -0.019427 -0.377431 -0.916116 -0.019223 0.400451 -0.916116 -0.019223 0.400451 -0.916116 -0.019223 0.400451 -0.925934 -0.012733 0.377471 -0.925934 -0.012733 0.377471 -0.925934 -0.012733 0.377471 0.365226 0.011984 -0.930842 0.365226 0.011984 -0.930842 0.365226 0.011984 -0.930842 0.388393 0.004542 -0.921483 0.388393 0.004542 -0.921483 0.388393 0.004542 -0.921483 0.916039 -0.012131 -0.400907 0.916039 -0.012131 -0.400907 0.916039 -0.012131 -0.400907 0.925834 -0.019427 -0.377431 0.925834 -0.019427 -0.377431 0.925834 -0.019427 -0.377431 0.365566 0.017016 -0.93063 0.365566 0.017016 -0.93063 0.365566 0.017016 -0.93063 0.388378 0.010014 -0.921446 0.388378 0.010014 -0.921446 0.388378 0.010014 -0.921446 0.914041 0.000844 -0.40562 0.914041 0.000844 -0.40562 0.914041 0.000844 -0.40562 0.924103 -0.006371 -0.382091 0.924103 -0.006371 -0.382091 0.924103 -0.006371 -0.382091 0.914207 -0.006302 0.405198 0.914207 -0.006302 0.405198 0.914207 -0.006302 0.405198 0.924121 0.000378 0.382099 0.924121 0.000378 0.382099 0.924121 0.000378 0.382099 0.365601 0.009964 0.930718 0.365601 0.009964 0.930718 0.365601 0.009964 0.930718 0.388344 0.016571 0.921365 0.388344 0.016571 0.921365 0.388344 0.016571 0.921365 -0.365234 0.009967 0.930862 -0.365234 0.009967 0.930862 -0.365234 0.009967 0.930862 -0.387955 0.016574 0.921529 -0.387955 0.016574 0.921529 -0.387955 0.016574 0.921529 -0.365199 0.017019 -0.930774 -0.365199 0.017019 -0.930774 -0.365199 0.017019 -0.930774 -0.387989 0.010018 -0.92161 -0.387989 0.010018 -0.92161 -0.387989 0.010018 -0.92161 -0.914041 0.000844 -0.40562 -0.914041 0.000844 -0.40562 -0.914041 0.000844 -0.40562 -0.92448 -0.00665 -0.381173 -0.92448 -0.00665 -0.381173 -0.92448 -0.00665 -0.381173 -0.914206 -0.006577 0.405197 -0.914206 -0.006577 0.405197 -0.914206 -0.006577 0.405197 -0.9245 0.000364 0.381182 -0.9245 0.000364 0.381182 -0.9245 0.000364 0.381182 0.916116 -0.019223 0.400451 0.916116 -0.019223 0.400451 0.916116 -0.019223 0.400451 0.925934 -0.012733 0.377471 0.925934 -0.012733 0.377471 0.925934 -0.012733 0.377471 0.365163 0.022162 -0.93068 0.365163 0.022162 -0.93068 0.365163 0.022162 -0.93068 0.388352 0.015368 -0.921383 0.388352 0.015368 -0.921383 0.388352 0.015368 -0.921383 0.914373 0.013438 -0.404649 0.914373 0.013438 -0.404649 0.914373 0.013438 -0.404649 0.924101 0.006648 -0.382091 0.924101 0.006648 -0.382091 0.924101 0.006648 -0.382091 0.914619 0.006579 0.404264 0.914619 0.006579 0.404264 0.914619 0.006579 0.404264 0.924042 0.013119 0.382066 0.924042 0.013119 0.382066 0.924042 0.013119 0.382066 0.365211 0.015003 0.930804 0.365211 0.015003 0.930804 0.365211 0.015003 0.930804 0.388303 0.02204 0.921268 0.388303 0.02204 0.921268 0.388303 0.02204 0.921268 -0.365248 0.004822 0.930898 -0.365248 0.004822 0.930898 -0.365248 0.004822 0.930898 -0.387985 0.011109 0.921599 -0.387985 0.011109 0.921599 -0.387985 0.011109 0.921599 0.365248 0.004822 0.930898 0.365248 0.004822 0.930898 0.365248 0.004822 0.930898 0.388373 0.011217 0.921434 0.388373 0.011217 0.921434 0.388373 0.011217 0.921434 -0.365211 0.015003 0.930804 -0.365211 0.015003 0.930804 -0.365211 0.015003 0.930804 -0.387915 0.021921 0.921434 -0.387915 0.021921 0.921434 -0.387915 0.021921 0.921434 -0.91462 0.006305 0.404264 -0.91462 0.006305 0.404264 -0.91462 0.006305 0.404264 -0.924421 0.013111 0.381149 -0.924421 0.013111 0.381149 -0.924421 0.013111 0.381149 0.289163 -0.611965 -0.736128 0.289163 -0.611965 -0.736128 0.289163 -0.611965 -0.736128 0.128999 0.038549 -0.990895 0.128999 0.038549 -0.990895 0.128999 0.038549 -0.990895 0.91256 0.090088 0.398897 0.91256 0.090088 0.398897 0.91256 0.090088 0.398897 0.950434 -0.00371 0.310905 0.950434 -0.00371 0.310905 0.950434 -0.00371 0.310905 0.916096 0.004745 -0.400932 0.916096 0.004745 -0.400932 0.916096 0.004745 -0.400932 0.940485 0.091167 -0.327378 0.940485 0.091167 -0.327378 0.940485 0.091167 -0.327378 -0.912474 0.091117 0.398859 -0.912474 0.091117 0.398859 -0.912474 0.091117 0.398859 -0.950709 -0.003497 0.310066 -0.950709 -0.003497 0.310066 -0.950709 -0.003497 0.310066 -0.916096 0.004745 -0.400932 -0.916096 0.004745 -0.400932 -0.916096 0.004745 -0.400932 -0.940714 0.09226 -0.326412 -0.940714 0.09226 -0.326412 -0.940714 0.09226 -0.326412 -0.365013 0.036192 -0.930299 -0.365013 0.036192 -0.930299 -0.365013 0.036192 -0.930299 0.099876 -0.321871 -0.941501 0.099876 -0.321871 -0.941501 0.099876 -0.321871 -0.941501 0.924233 0.061909 0.376778 0.924233 0.061909 0.376778 0.924233 0.061909 0.376778 0.024689 0.975491 0.218652 0.024689 0.975491 0.218652 0.024689 0.975491 0.218652 0.043002 -0.985291 0.165383 0.043002 -0.985291 0.165383 0.043002 -0.985291 0.165383 0.024686 -0.975491 0.218652 0.024686 -0.975491 0.218652 0.024686 -0.975491 0.218652 0.924281 0.061052 -0.376798 0.924281 0.061052 -0.376798 0.924281 0.061052 -0.376798 0.027481 0 -0.999622 0.027481 0 -0.999622 0.027481 0 -0.999622 0.388148 0.035797 -0.920901 0.388148 0.035797 -0.920901 0.388148 0.035797 -0.920901 0.388397 0.001709 0.921491 0.388397 0.001709 0.921491 0.388397 0.001709 0.921491 0.923929 -0.02042 0.382019 0.923929 -0.02042 0.382019 0.923929 -0.02042 0.382019 0.923914 -0.021204 -0.382013 0.923914 -0.021204 -0.382013 0.923914 -0.021204 -0.382013 0.388397 0.001219 -0.921491 0.388397 0.001219 -0.921491 0.388397 0.001219 -0.921491 -0.897968 -0.152137 -0.412926 -0.897968 -0.152137 -0.412926 -0.897968 -0.152137 -0.412926 -0.892612 -0.15696 -0.422619 -0.892612 -0.15696 -0.422619 -0.892612 -0.15696 -0.422619 -0.031227 -0.055508 -0.99797 -0.031227 -0.055508 -0.99797 -0.031227 -0.055508 -0.99797 -0.03307 -0.052872 -0.998054 -0.03307 -0.052872 -0.998054 -0.03307 -0.052872 -0.998054 0.031246 -0.052596 -0.998127 0.031246 -0.052596 -0.998127 0.031246 -0.052596 -0.998127 0.033077 -0.055505 -0.99791 0.033077 -0.055505 -0.99791 0.033077 -0.055505 -0.99791 0.897249 -0.15719 -0.412595 0.897249 -0.15719 -0.412595 0.897249 -0.15719 -0.412595 0.893377 -0.151539 -0.422982 0.893377 -0.151539 -0.422982 0.893377 -0.151539 -0.422982 0.904887 -0.141221 0.401543 0.904887 -0.141221 0.401543 0.904887 -0.141221 0.401543 0.89311 -0.151817 0.423446 0.89311 -0.151817 0.423446 0.89311 -0.151817 0.423446 0.031265 -0.043133 0.99858 0.031265 -0.043133 0.99858 0.031265 -0.043133 0.99858 0.033101 -0.040503 0.998631 0.033101 -0.040503 0.998631 0.033101 -0.040503 0.998631 -0.03308 -0.047032 0.998345 -0.03308 -0.047032 0.998345 -0.03308 -0.047032 0.998345 -0.033793 -0.048079 0.998272 -0.033793 -0.048079 0.998272 -0.033793 -0.048079 0.998272 -0.910795 -0.137816 0.389177 -0.910795 -0.137816 0.389177 -0.910795 -0.137816 0.389177 -0.906154 -0.131131 0.402106 -0.906154 -0.131131 0.402106 -0.906154 -0.131131 0.402106 -0.911306 -0.135028 -0.38896 -0.911306 -0.135028 -0.38896 -0.911306 -0.135028 -0.38896 -0.898745 -0.146476 -0.413283 -0.898745 -0.146476 -0.413283 -0.898745 -0.146476 -0.413283 -0.033034 -0.070293 -0.996979 -0.033034 -0.070293 -0.996979 -0.033034 -0.070293 -0.996979 -0.033751 -0.069342 -0.997022 -0.033751 -0.069342 -0.997022 -0.033751 -0.069342 -0.997022 0.033049 -0.06925 -0.997052 0.033049 -0.06925 -0.997052 0.033049 -0.06925 -0.997052 0.03376 -0.070291 -0.996955 0.03376 -0.070291 -0.996955 0.03376 -0.070291 -0.996955 0.289163 -0.611965 0.736128 0.289163 -0.611965 0.736128 0.289163 -0.611965 0.736128 0.621867 -0.733016 0.275626 0.621867 -0.733016 0.275626 0.621867 -0.733016 0.275626 -0.289052 -0.61133 0.736699 -0.289052 -0.61133 0.736699 -0.289052 -0.61133 0.736699 0.358933 -0.185217 0.914802 0.358933 -0.185217 0.914802 0.358933 -0.185217 0.914802 0.362862 -0.114207 -0.924818 0.362862 -0.114207 -0.924818 0.362862 -0.114207 -0.924818 -0.622919 -0.732233 0.275332 -0.622919 -0.732233 0.275332 -0.622919 -0.732233 0.275332 -0.622792 -0.732235 -0.275612 -0.622792 -0.732235 -0.275612 -0.622792 -0.732235 -0.275612 0.62174 -0.733017 -0.275907 0.62174 -0.733017 -0.275907 0.62174 -0.733017 -0.275907 -0.288914 -0.611819 0.736347 -0.288914 -0.611819 0.736347 -0.288914 -0.611819 0.736347 -0.621867 -0.733016 0.275626 -0.621867 -0.733016 0.275626 -0.621867 -0.733016 0.275626 0.289052 -0.61133 0.736699 0.289052 -0.61133 0.736699 0.289052 -0.61133 0.736699 -0.358933 -0.185217 0.914802 -0.358933 -0.185217 0.914802 -0.358933 -0.185217 0.914802 -0.362862 -0.114207 -0.924818 -0.362862 -0.114207 -0.924818 -0.362862 -0.114207 -0.924818 0.622919 -0.732233 0.275332 0.622919 -0.732233 0.275332 0.622919 -0.732233 0.275332 0.622792 -0.732235 -0.275612 0.622792 -0.732235 -0.275612 0.622792 -0.732235 -0.275612 -0.62174 -0.733017 -0.275907 -0.62174 -0.733017 -0.275907 -0.62174 -0.733017 -0.275907 -0.146781 0.082395 -0.985731 -0.146781 0.082395 -0.985731 -0.146781 0.082395 -0.985731 -0.147849 -0.02535 0.988685 -0.147849 -0.02535 0.988685 -0.147849 -0.02535 0.988685 0.289052 -0.61133 -0.736699 0.289052 -0.61133 -0.736699 0.289052 -0.61133 -0.736699 -0.289052 -0.61133 -0.736699 -0.289052 -0.61133 -0.736699 -0.289052 -0.61133 -0.736699 -0.167852 -0.094727 0.981251 -0.167852 -0.094727 0.981251 -0.167852 -0.094727 0.981251 -0.095354 0.049403 0.994217 -0.095354 0.049403 0.994217 -0.095354 0.049403 0.994217 0.147967 -0.02535 0.988667 0.147967 -0.02535 0.988667 0.147967 -0.02535 0.988667 -0.166271 -0.089115 -0.982045 -0.166271 -0.089115 -0.982045 -0.166271 -0.089115 -0.982045 0.033016 -0.219789 -0.974989 0.033016 -0.219789 -0.974989 0.033016 -0.219789 -0.974989 0.09542 0.049347 0.994213 0.09542 0.049347 0.994213 0.09542 0.049347 0.994213 0.167906 -0.094919 0.981223 0.167906 -0.094919 0.981223 0.167906 -0.094919 0.981223 0.146882 0.082308 -0.985724 0.146882 0.082308 -0.985724 0.146882 0.082308 -0.985724 0.166325 -0.089305 -0.982019 0.166325 -0.089305 -0.982019 0.166325 -0.089305 -0.982019 -0.033014 -0.219744 -0.974999 -0.033014 -0.219744 -0.974999 -0.033014 -0.219744 -0.974999 -0.000069 -0.257637 0.966242 -0.000069 -0.257637 0.966242 -0.000069 -0.257637 0.966242 0.000069 -0.257637 0.966242 0.000069 -0.257637 0.966242 0.000069 -0.257637 0.966242 0.909829 -0.146328 -0.388329 0.909829 -0.146328 -0.388329 0.909829 -0.146328 -0.388329 0.900408 -0.133532 -0.414048 0.900408 -0.133532 -0.414048 0.900408 -0.133532 -0.414048 0.911527 -0.131969 0.389489 0.911527 -0.131969 0.389489 0.911527 -0.131969 0.389489 0.008777 0.818507 0.574429 0.008777 0.818507 0.574429 0.008777 0.818507 0.574429 0.09185 0.278381 -0.956069 0.09185 0.278381 -0.956069 0.09185 0.278381 -0.956069 0.905349 -0.137629 0.401749 0.905349 -0.137629 0.401749 0.905349 -0.137629 0.401749 -0.9245 -0.000364 0.381182 -0.9245 -0.000364 0.381182 -0.9245 -0.000364 0.381182 0.526632 -0.835642 0.156082 0.526632 -0.835642 0.156082 0.526632 -0.835642 0.156082 -0.914206 0.006577 0.405197 -0.914206 0.006577 0.405197 -0.914206 0.006577 0.405197 -0.057991 0.071522 -0.995752 -0.057991 0.071522 -0.995752 -0.057991 0.071522 -0.995752 -0.92448 0.00665 -0.381173 -0.92448 0.00665 -0.381173 -0.92448 0.00665 -0.381173 0.30334 0.386505 0.870976 0.30334 0.386505 0.870976 0.30334 0.386505 0.870976 -0.914041 -0.000844 -0.40562 -0.914041 -0.000844 -0.40562 -0.914041 -0.000844 -0.40562 0.008774 -0.818507 0.57443 0.008774 -0.818507 0.57443 0.008774 -0.818507 0.57443 -0.387989 -0.010018 -0.92161 -0.387989 -0.010018 -0.92161 -0.387989 -0.010018 -0.92161 -0.365199 -0.017019 -0.930774 -0.365199 -0.017019 -0.930774 -0.365199 -0.017019 -0.930774 0.526636 0.835639 0.156081 0.526636 0.835639 0.156081 0.526636 0.835639 0.156081 -0.387955 -0.016574 0.921529 -0.387955 -0.016574 0.921529 -0.387955 -0.016574 0.921529 -0.057991 -0.071522 -0.995752 -0.057991 -0.071522 -0.995752 -0.057991 -0.071522 -0.995752 -0.365234 -0.009967 0.930862 -0.365234 -0.009967 0.930862 -0.365234 -0.009967 0.930862 0.303339 -0.386504 0.870977 0.303339 -0.386504 0.870977 0.303339 -0.386504 0.870977 0.388344 -0.016571 0.921365 0.388344 -0.016571 0.921365 0.388344 -0.016571 0.921365 0.09185 -0.278381 -0.956069 0.09185 -0.278381 -0.956069 0.09185 -0.278381 -0.956069 0.365601 -0.009964 0.930718 0.365601 -0.009964 0.930718 0.365601 -0.009964 0.930718 0.924121 -0.000378 0.382099 0.924121 -0.000378 0.382099 0.924121 -0.000378 0.382099 0.914207 0.006302 0.405198 0.914207 0.006302 0.405198 0.914207 0.006302 0.405198 0.924103 0.006371 -0.382091 0.924103 0.006371 -0.382091 0.924103 0.006371 -0.382091 0.914041 -0.000844 -0.40562 0.914041 -0.000844 -0.40562 0.914041 -0.000844 -0.40562 0.388378 -0.010014 -0.921446 0.388378 -0.010014 -0.921446 0.388378 -0.010014 -0.921446 0.365566 -0.017016 -0.93063 0.365566 -0.017016 -0.93063 0.365566 -0.017016 -0.93063 -0.924421 -0.013111 0.381149 -0.924421 -0.013111 0.381149 -0.924421 -0.013111 0.381149 -0.91462 -0.006305 0.404264 -0.91462 -0.006305 0.404264 -0.91462 -0.006305 0.404264 -0.387915 -0.021921 0.921434 -0.387915 -0.021921 0.921434 -0.387915 -0.021921 0.921434 -0.365211 -0.015003 0.930804 -0.365211 -0.015003 0.930804 -0.365211 -0.015003 0.930804 0.388373 -0.011217 0.921434 0.388373 -0.011217 0.921434 0.388373 -0.011217 0.921434 0.365248 -0.004822 0.930898 0.365248 -0.004822 0.930898 0.365248 -0.004822 0.930898 0.925934 0.012733 0.377471 0.925934 0.012733 0.377471 0.925934 0.012733 0.377471 0.916116 0.019223 0.400451 0.916116 0.019223 0.400451 0.916116 0.019223 0.400451 0.925834 0.019427 -0.377431 0.925834 0.019427 -0.377431 0.925834 0.019427 -0.377431 0.916039 0.012131 -0.400907 0.916039 0.012131 -0.400907 0.916039 0.012131 -0.400907 0.388393 -0.004542 -0.921483 0.388393 -0.004542 -0.921483 0.388393 -0.004542 -0.921483 0.365226 -0.011984 -0.930842 0.365226 -0.011984 -0.930842 0.365226 -0.011984 -0.930842 -0.925934 0.012733 0.377471 -0.925934 0.012733 0.377471 -0.925934 0.012733 0.377471 -0.916116 0.019223 0.400451 -0.916116 0.019223 0.400451 -0.916116 0.019223 0.400451 -0.925834 0.019427 -0.377431 -0.925834 0.019427 -0.377431 -0.925834 0.019427 -0.377431 -0.916039 0.012131 -0.400907 -0.916039 0.012131 -0.400907 -0.916039 0.012131 -0.400907 -0.015464 0.812798 0.582341 -0.015464 0.812798 0.582341 -0.015464 0.812798 0.582341 -0.388004 -0.004552 -0.921646 -0.388004 -0.004552 -0.921646 -0.388004 -0.004552 -0.921646 -0.365227 -0.011875 -0.930843 -0.365227 -0.011875 -0.930843 -0.365227 -0.011875 -0.930843 -0.387985 -0.011109 0.921599 -0.387985 -0.011109 0.921599 -0.387985 -0.011109 0.921599 -0.365248 -0.004822 0.930898 -0.365248 -0.004822 0.930898 -0.365248 -0.004822 0.930898 -0.015462 -0.812798 0.58234 -0.015462 -0.812798 0.58234 -0.015462 -0.812798 0.58234 0.388303 -0.02204 0.921268 0.388303 -0.02204 0.921268 0.388303 -0.02204 0.921268 0.121442 -0.144855 0.981972 0.121442 -0.144855 0.981972 0.121442 -0.144855 0.981972 0.365211 -0.015003 0.930804 0.365211 -0.015003 0.930804 0.365211 -0.015003 0.930804 0.924042 -0.013119 0.382066 0.924042 -0.013119 0.382066 0.924042 -0.013119 0.382066 0.914619 -0.006579 0.404264 0.914619 -0.006579 0.404264 0.914619 -0.006579 0.404264 0.924101 -0.006648 -0.382091 0.924101 -0.006648 -0.382091 0.924101 -0.006648 -0.382091 0.914373 -0.013438 -0.404649 0.914373 -0.013438 -0.404649 0.914373 -0.013438 -0.404649 0.388352 -0.015368 -0.921383 0.388352 -0.015368 -0.921383 0.388352 -0.015368 -0.921383 0.365163 -0.022162 -0.93068 0.365163 -0.022162 -0.93068 0.365163 -0.022162 -0.93068 -0.924562 -0.006374 -0.380978 -0.924562 -0.006374 -0.380978 -0.924562 -0.006374 -0.380978 -0.365164 -0.022053 -0.930682 -0.365164 -0.022053 -0.930682 -0.365164 -0.022053 -0.930682 -0.083825 0.94974 0.301607 -0.083825 0.94974 0.301607 -0.083825 0.94974 0.301607 -0.083825 -0.94974 0.301607 -0.083825 -0.94974 0.301607 -0.083825 -0.94974 0.301607 -0.02911 -0.79891 -0.600746 -0.02911 -0.79891 -0.600746 -0.02911 -0.79891 -0.600746 -0.02911 0.79891 -0.600746 -0.02911 0.79891 -0.600746 -0.02911 0.79891 -0.600746 0.069982 0.891097 -0.448384 0.069982 0.891097 -0.448384 0.069982 0.891097 -0.448384 0.069982 -0.891097 -0.448384 0.069982 -0.891097 -0.448384 0.069982 -0.891097 -0.448384 -0.403975 0.91403 -0.036787 -0.403975 0.91403 -0.036787 -0.403975 0.91403 -0.036787 -0.403975 -0.91403 -0.036787 -0.403975 -0.91403 -0.036787 -0.403975 -0.91403 -0.036787 0.044079 0.805338 -0.591175 0.044079 0.805338 -0.591175 0.044079 0.805338 -0.591175 0.044079 -0.805338 -0.591175 0.044079 -0.805338 -0.591175 0.044079 -0.805338 -0.591175 0.089164 -0.993569 -0.069789 0.089164 -0.993569 -0.069789 0.089164 -0.993569 -0.069789 0.089164 0.993569 -0.069789 0.089164 0.993569 -0.069789 0.089164 0.993569 -0.069789 0.072206 0.290055 0.954282 0.072206 0.290055 0.954282 0.072206 0.290055 0.954282 0.283145 -0.958806 0.022808 0.283145 -0.958806 0.022808 0.283145 -0.958806 0.022808 0.283145 0.958806 0.022808 0.283145 0.958806 0.022808 0.283145 0.958806 0.022808 0.224879 -0.96945 0.097958 0.224879 -0.96945 0.097958 0.224879 -0.96945 0.097958 0.277737 -0.512678 0.812418 0.277737 -0.512678 0.812418 0.277737 -0.512678 0.812418 0.224879 0.96945 0.097958 0.224879 0.96945 0.097958 0.224879 0.96945 0.097958 0.386028 -0.902183 0.192477 0.386028 -0.902183 0.192477 0.386028 -0.902183 0.192477 0.386028 0.902183 0.192477 0.386028 0.902183 0.192477 0.386028 0.902183 0.192477 0.092799 -0.447854 -0.889278 0.092799 -0.447854 -0.889278 0.092799 -0.447854 -0.889278 0.024687 -0.975447 0.218846 0.024687 -0.975447 0.218846 0.024687 -0.975447 0.218846 0.027493 -0.499171 -0.866068 0.027493 -0.499171 -0.866068 0.027493 -0.499171 -0.866068 0.156485 -0.168439 -0.973212 0.156485 -0.168439 -0.973212 0.156485 -0.168439 -0.973212 0.108278 -0.222623 -0.968873 0.108278 -0.222623 -0.968873 0.108278 -0.222623 -0.968873 0.024671 0.975437 0.218891 0.024671 0.975437 0.218891 0.024671 0.975437 0.218891 0.092799 0.447854 -0.889278 0.092799 0.447854 -0.889278 0.092799 0.447854 -0.889278 0.027493 0.499171 -0.866068 0.027493 0.499171 -0.866068 0.027493 0.499171 -0.866068 0.156485 0.168439 -0.973212 0.156485 0.168439 -0.973212 0.156485 0.168439 -0.973212 0.108278 0.222623 -0.968873 0.108278 0.222623 -0.968873 0.108278 0.222623 -0.968873 -0.291806 -0.424822 0.856957 -0.291806 -0.424822 0.856957 -0.291806 -0.424822 0.856957 0.023377 -0.498642 -0.866493 0.023377 -0.498642 -0.866493 0.023377 -0.498642 -0.866493 0.049896 -0.220841 -0.974033 0.049896 -0.220841 -0.974033 0.049896 -0.220841 -0.974033 0.069269 -0.193994 -0.978554 0.069269 -0.193994 -0.978554 0.069269 -0.193994 -0.978554 0.049896 0.220841 -0.974033 0.049896 0.220841 -0.974033 0.049896 0.220841 -0.974033 -0.699447 -0.296655 0.650208 -0.699447 -0.296655 0.650208 -0.699447 -0.296655 0.650208 -0.572677 -0.392478 0.719724 -0.572677 -0.392478 0.719724 -0.572677 -0.392478 0.719724 -0.614871 -0.499852 0.609985 -0.614871 -0.499852 0.609985 -0.614871 -0.499852 0.609985 -0.723443 -0.383317 0.574194 -0.723443 -0.383317 0.574194 -0.723443 -0.383317 0.574194 -0.614408 -0.500729 0.609733 -0.614408 -0.500729 0.609733 -0.614408 -0.500729 0.609733 -0.614871 0.499852 0.609985 -0.614871 0.499852 0.609985 -0.614871 0.499852 0.609985 -0.723443 0.383317 0.574194 -0.723443 0.383317 0.574194 -0.723443 0.383317 0.574194 -0.817647 -0.572266 0.062968 -0.817647 -0.572266 0.062968 -0.817647 -0.572266 0.062968 -0.026928 -0.193066 0.980816 -0.026928 -0.193066 0.980816 -0.026928 -0.193066 0.980816 -0.81413 -0.579167 -0.041913 -0.81413 -0.579167 -0.041913 -0.81413 -0.579167 -0.041913 -0.817647 0.572266 0.062968 -0.817647 0.572266 0.062968 -0.817647 0.572266 0.062968 0.324632 0.334954 0.884545 0.324632 0.334954 0.884545 0.324632 0.334954 0.884545 -0.026928 0.193066 0.980816 -0.026928 0.193066 0.980816 -0.026928 0.193066 0.980816 -0.81413 0.579167 -0.041913 -0.81413 0.579167 -0.041913 -0.81413 0.579167 -0.041913 -0.769654 -0.637821 0.028601 -0.769654 -0.637821 0.028601 -0.769654 -0.637821 0.028601 -0.806264 -0.405169 -0.431017 -0.806264 -0.405169 -0.431017 -0.806264 -0.405169 -0.431017 -0.805598 -0.402392 -0.434848 -0.805598 -0.402392 -0.434848 -0.805598 -0.402392 -0.434848 -0.74824 -0.568118 -0.342605 -0.74824 -0.568118 -0.342605 -0.74824 -0.568118 -0.342605 -0.769654 0.637821 0.028601 -0.769654 0.637821 0.028601 -0.769654 0.637821 0.028601 -0.806264 0.405169 -0.431017 -0.806264 0.405169 -0.431017 -0.806264 0.405169 -0.431017 -0.805598 0.402392 -0.434848 -0.805598 0.402392 -0.434848 -0.805598 0.402392 -0.434848 -0.74824 0.568118 -0.342605 -0.74824 0.568118 -0.342605 -0.74824 0.568118 -0.342605 -0.78703 -0.564872 -0.247999 -0.78703 -0.564872 -0.247999 -0.78703 -0.564872 -0.247999 -0.092497 0.347184 0.933224 -0.092497 0.347184 0.933224 -0.092497 0.347184 0.933224 -0.035598 -0.442264 0.896178 -0.035598 -0.442264 0.896178 -0.035598 -0.442264 0.896178 0.573841 -0.532526 0.622192 0.573841 -0.532526 0.622192 0.573841 -0.532526 0.622192 0.574201 -0.527025 0.626528 0.574201 -0.527025 0.626528 0.574201 -0.527025 0.626528 -0.310066 -0.670793 0.673718 -0.310066 -0.670793 0.673718 -0.310066 -0.670793 0.673718 0.367366 -0.352236 0.860797 0.367366 -0.352236 0.860797 0.367366 -0.352236 0.860797 -0.288457 0.795125 0.53345 -0.288457 0.795125 0.53345 -0.288457 0.795125 0.53345 0.573841 0.532526 0.622192 0.573841 0.532526 0.622192 0.573841 0.532526 0.622192 0.574201 0.527025 0.626528 0.574201 0.527025 0.626528 0.574201 0.527025 0.626528 -0.632412 0.756437 -0.166908 -0.632412 0.756437 -0.166908 -0.632412 0.756437 -0.166908 0.367366 0.352236 0.860797 0.367366 0.352236 0.860797 0.367366 0.352236 0.860797 -0.78703 0.564872 -0.247999 -0.78703 0.564872 -0.247999 -0.78703 0.564872 -0.247999 -0.035598 0.442264 0.896178 -0.035598 0.442264 0.896178 -0.035598 0.442264 0.896178 -0.310066 0.670793 0.673718 -0.310066 0.670793 0.673718 -0.310066 0.670793 0.673718 -0.789407 0.534787 -0.301396 -0.789407 0.534787 -0.301396 -0.789407 0.534787 -0.301396 -0.758641 0.429073 -0.490266 -0.758641 0.429073 -0.490266 -0.758641 0.429073 -0.490266 -0.116986 -0.592059 0.797359 -0.116986 -0.592059 0.797359 -0.116986 -0.592059 0.797359 -0.116986 0.592059 0.797359 -0.116986 0.592059 0.797359 -0.116986 0.592059 0.797359 0.089686 -0.202594 0.975147 0.089686 -0.202594 0.975147 0.089686 -0.202594 0.975147 -0.732829 0.606676 -0.308069 -0.732829 0.606676 -0.308069 -0.732829 0.606676 -0.308069 -0.730861 -0.602893 -0.319941 -0.730861 -0.602893 -0.319941 -0.730861 -0.602893 -0.319941 0.089686 0.202594 0.975147 0.089686 0.202594 0.975147 0.089686 0.202594 0.975147 -0.758641 -0.429073 -0.490266 -0.758641 -0.429073 -0.490266 -0.758641 -0.429073 -0.490266 -0.732829 -0.606676 -0.308069 -0.732829 -0.606676 -0.308069 -0.732829 -0.606676 -0.308069 -0.730861 0.602893 -0.319941 -0.730861 0.602893 -0.319941 -0.730861 0.602893 -0.319941 0.008781 -0.818508 0.574428 0.008781 -0.818508 0.574428 0.008781 -0.818508 0.574428 -0.789407 -0.534787 -0.301396 -0.789407 -0.534787 -0.301396 -0.789407 -0.534787 -0.301396 -0.288457 -0.795125 0.53345 -0.288457 -0.795125 0.53345 -0.288457 -0.795125 0.53345 -0.632412 -0.756437 -0.166908 -0.632412 -0.756437 -0.166908 -0.632412 -0.756437 -0.166908 -0.35152 -0.658399 0.665541 -0.35152 -0.658399 0.665541 -0.35152 -0.658399 0.665541 -0.336372 -0.79376 0.506753 -0.336372 -0.79376 0.506753 -0.336372 -0.79376 0.506753 -0.015467 -0.812797 0.582342 -0.015467 -0.812797 0.582342 -0.015467 -0.812797 0.582342 0.067271 -0.208309 0.975747 0.067271 -0.208309 0.975747 0.067271 -0.208309 0.975747 0.054349 -0.192551 0.979781 0.054349 -0.192551 0.979781 0.054349 -0.192551 0.979781 0.067271 0.208309 0.975747 0.067271 0.208309 0.975747 0.067271 0.208309 0.975747 0.054349 0.192551 0.979781 0.054349 0.192551 0.979781 0.054349 0.192551 0.979781 0.008769 0.818506 0.574432 0.008769 0.818506 0.574432 0.008769 0.818506 0.574432 -0.35152 0.658399 0.665541 -0.35152 0.658399 0.665541 -0.35152 0.658399 0.665541 -0.336372 0.79376 0.506753 -0.336372 0.79376 0.506753 -0.336372 0.79376 0.506753 -0.239183 -0.11274 0.964407 -0.239183 -0.11274 0.964407 -0.239183 -0.11274 0.964407 -0.262422 -0.100772 0.959677 -0.262422 -0.100772 0.959677 -0.262422 -0.100772 0.959677 -0.015459 0.812799 0.582339 -0.015459 0.812799 0.582339 -0.015459 0.812799 0.582339 -0.229355 0.431183 0.872627 -0.229355 0.431183 0.872627 -0.229355 0.431183 0.872627 -0.565171 0.798939 -0.205615 -0.565171 0.798939 -0.205615 -0.565171 0.798939 -0.205615 -0.239183 0.11274 0.964407 -0.239183 0.11274 0.964407 -0.239183 0.11274 0.964407 -0.8046 -0.406127 -0.433221 -0.8046 -0.406127 -0.433221 -0.8046 -0.406127 -0.433221 -0.862773 -0.308669 -0.400432 -0.862773 -0.308669 -0.400432 -0.862773 -0.308669 -0.400432 0.112613 -0.207206 0.971794 0.112613 -0.207206 0.971794 0.112613 -0.207206 0.971794 0.013542 -0.100826 0.994812 0.013542 -0.100826 0.994812 0.013542 -0.100826 0.994812 -0.8046 0.406127 -0.433221 -0.8046 0.406127 -0.433221 -0.8046 0.406127 -0.433221 -0.862773 0.308669 -0.400432 -0.862773 0.308669 -0.400432 -0.862773 0.308669 -0.400432 0.112613 0.207206 0.971794 0.112613 0.207206 0.971794 0.112613 0.207206 0.971794 0.013542 0.100826 0.994812 0.013542 0.100826 0.994812 0.013542 0.100826 0.994812 0.241469 -0.239508 0.940388 0.241469 -0.239508 0.940388 0.241469 -0.239508 0.940388 -0.110772 -0.301257 0.947087 -0.110772 -0.301257 0.947087 -0.110772 -0.301257 0.947087 -0.362497 -0.078175 0.9287 -0.362497 -0.078175 0.9287 -0.362497 -0.078175 0.9287 0.241469 0.239508 0.940388 0.241469 0.239508 0.940388 0.241469 0.239508 0.940388 -0.110772 0.301257 0.947087 -0.110772 0.301257 0.947087 -0.110772 0.301257 0.947087 -0.362497 0.078175 0.9287 -0.362497 0.078175 0.9287 -0.362497 0.078175 0.9287 0.317987 -0.166608 0.933341 0.317987 -0.166608 0.933341 0.317987 -0.166608 0.933341 0.121443 0.144855 0.981972 0.121443 0.144855 0.981972 0.121443 0.144855 0.981972 0.317987 0.166608 0.933341 0.317987 0.166608 0.933341 0.317987 0.166608 0.933341 0.303341 -0.386506 0.870975 0.303341 -0.386506 0.870975 0.303341 -0.386506 0.870975 0.303336 0.386502 0.870979 0.303336 0.386502 0.870979 0.303336 0.386502 0.870979 0.868328 0.233936 -0.437356 0.868328 0.233936 -0.437356 0.868328 0.233936 -0.437356 0.526625 0.835646 0.156083 0.526625 0.835646 0.156083 0.526625 0.835646 0.156083 0.85144 -0.254081 -0.458794 0.85144 -0.254081 -0.458794 0.85144 -0.254081 -0.458794 -0.77009 -0.51566 0.375575 -0.77009 -0.51566 0.375575 -0.77009 -0.51566 0.375575 -0.619599 0.642485 0.4509 -0.619599 0.642485 0.4509 -0.619599 0.642485 0.4509 -0.619599 -0.642485 0.4509 -0.619599 -0.642485 0.4509 -0.619599 -0.642485 0.4509 0.526642 -0.835636 0.156079 0.526642 -0.835636 0.156079 0.526642 -0.835636 0.156079 -0.77009 0.51566 0.375575 -0.77009 0.51566 0.375575 -0.77009 0.51566 0.375575 -0.730252 0.577447 0.365085 -0.730252 0.577447 0.365085 -0.730252 0.577447 0.365085 -0.730252 -0.577447 0.365085 -0.730252 -0.577447 0.365085 -0.730252 -0.577447 0.365085 -0.172348 -0.234571 0.956699 -0.172348 -0.234571 0.956699 -0.172348 -0.234571 0.956699 -0.886591 -0.419029 0.195883 -0.886591 -0.419029 0.195883 -0.886591 -0.419029 0.195883 -0.814901 0.512543 0.270623 -0.814901 0.512543 0.270623 -0.814901 0.512543 0.270623 -0.814901 -0.512543 0.270623 -0.814901 -0.512543 0.270623 -0.814901 -0.512543 0.270623 -0.886591 0.419029 0.195883 -0.886591 0.419029 0.195883 -0.886591 0.419029 0.195883 -0.477533 0.810644 0.338849 -0.477533 0.810644 0.338849 -0.477533 0.810644 0.338849 -0.352165 0.932506 0.080077 -0.352165 0.932506 0.080077 -0.352165 0.932506 0.080077 -0.963707 0.228836 0.13749 -0.963707 0.228836 0.13749 -0.963707 0.228836 0.13749 0.378333 -0.925099 -0.032496 0.378333 -0.925099 -0.032496 0.378333 -0.925099 -0.032496 -0.159353 -0.987073 -0.01711 -0.159353 -0.987073 -0.01711 -0.159353 -0.987073 -0.01711 0.946265 -0.247219 -0.208482 0.946265 -0.247219 -0.208482 0.946265 -0.247219 -0.208482 0.720896 -0.681827 -0.124183 0.720896 -0.681827 -0.124183 0.720896 -0.681827 -0.124183 0.378333 0.925099 -0.032496 0.378333 0.925099 -0.032496 0.378333 0.925099 -0.032496 0.369268 0.929041 -0.022895 0.369268 0.929041 -0.022895 0.369268 0.929041 -0.022895 0.946265 0.247219 -0.208482 0.946265 0.247219 -0.208482 0.946265 0.247219 -0.208482 0.941388 0.305352 -0.143349 0.941388 0.305352 -0.143349 0.941388 0.305352 -0.143349 0.389436 -0.871927 0.296787 0.389436 -0.871927 0.296787 0.389436 -0.871927 0.296787 -0.606274 -0.502483 0.616395 -0.606274 -0.502483 0.616395 -0.606274 -0.502483 0.616395 -0.043964 -0.189089 0.980975 -0.043964 -0.189089 0.980975 -0.043964 -0.189089 0.980975 -0.092497 -0.347184 0.933224 -0.092497 -0.347184 0.933224 -0.092497 -0.347184 0.933224 -0.172348 0.234571 0.956699 -0.172348 0.234571 0.956699 -0.172348 0.234571 0.956699 -0.043964 0.189089 0.980975 -0.043964 0.189089 0.980975 -0.043964 0.189089 0.980975 -0.4606 -0.646295 0.6084 -0.4606 -0.646295 0.6084 -0.4606 -0.646295 0.6084 -0.618198 -0.557467 0.554131 -0.618198 -0.557467 0.554131 -0.618198 -0.557467 0.554131 -0.4606 0.646295 0.6084 -0.4606 0.646295 0.6084 -0.4606 0.646295 0.6084 -0.63372 -0.759474 -0.146965 -0.63372 -0.759474 -0.146965 -0.63372 -0.759474 -0.146965 -0.785639 -0.608753 -0.110419 -0.785639 -0.608753 -0.110419 -0.785639 -0.608753 -0.110419 -0.63383 0.759386 -0.146943 -0.63383 0.759386 -0.146943 -0.63383 0.759386 -0.146943 -0.785639 0.608753 -0.110419 -0.785639 0.608753 -0.110419 -0.785639 0.608753 -0.110419 -0.903524 0.377509 0.202809 -0.903524 0.377509 0.202809 -0.903524 0.377509 0.202809 0.389436 0.871927 0.296787 0.389436 0.871927 0.296787 0.389436 0.871927 0.296787 0.361716 0.863668 0.351054 0.361716 0.863668 0.351054 0.361716 0.863668 0.351054 0.832832 0.467163 0.2969 0.832832 0.467163 0.2969 0.832832 0.467163 0.2969 -0.052651 -0.805412 0.590372 -0.052651 -0.805412 0.590372 -0.052651 -0.805412 0.590372 0.604779 0.647426 0.463769 0.604779 0.647426 0.463769 0.604779 0.647426 0.463769 -0.467154 0.815647 0.341303 -0.467154 0.815647 0.341303 -0.467154 0.815647 0.341303 -0.467141 -0.815623 0.341378 -0.467141 -0.815623 0.341378 -0.467141 -0.815623 0.341378 -0.643838 0.738314 -0.200911 -0.643838 0.738314 -0.200911 -0.643838 0.738314 -0.200911 -0.643838 -0.738314 -0.200911 -0.643838 -0.738314 -0.200911 -0.643838 -0.738314 -0.200911 0.868328 -0.233936 -0.437356 0.868328 -0.233936 -0.437356 0.868328 -0.233936 -0.437356 0.337382 0.183005 -0.923408 0.337382 0.183005 -0.923408 0.337382 0.183005 -0.923408 0.179044 0.473494 -0.862408 0.179044 0.473494 -0.862408 0.179044 0.473494 -0.862408 0.179044 -0.473494 -0.862408 0.179044 -0.473494 -0.862408 0.179044 -0.473494 -0.862408 -0.175638 0.951869 -0.25119 -0.175638 0.951869 -0.25119 -0.175638 0.951869 -0.25119 0.335372 0.869771 -0.361973 0.335372 0.869771 -0.361973 0.335372 0.869771 -0.361973 0.423316 -0.851984 -0.308104 0.423316 -0.851984 -0.308104 0.423316 -0.851984 -0.308104 -0.175638 -0.951869 -0.25119 -0.175638 -0.951869 -0.25119 -0.175638 -0.951869 -0.25119 0.335372 -0.869771 -0.361973 0.335372 -0.869771 -0.361973 0.335372 -0.869771 -0.361973 0.423316 0.851984 -0.308104 0.423316 0.851984 -0.308104 0.423316 0.851984 -0.308104 -0.334122 0.87929 -0.339428 -0.334122 0.87929 -0.339428 -0.334122 0.87929 -0.339428 -0.334122 -0.87929 -0.339428 -0.334122 -0.87929 -0.339428 -0.334122 -0.87929 -0.339428 0.238184 -0.590039 -0.771442 0.238184 -0.590039 -0.771442 0.238184 -0.590039 -0.771442 0.238184 0.590039 -0.771442 0.238184 0.590039 -0.771442 0.238184 0.590039 -0.771442 0.609402 -0.182837 -0.771492 0.609402 -0.182837 -0.771492 0.609402 -0.182837 -0.771492 0.603121 -0.187561 -0.775284 0.603121 -0.187561 -0.775284 0.603121 -0.187561 -0.775284 0.609402 0.182837 -0.771492 0.609402 0.182837 -0.771492 0.609402 0.182837 -0.771492 0.321746 -0.163097 -0.932673 0.321746 -0.163097 -0.932673 0.321746 -0.163097 -0.932673 0.337382 -0.183005 -0.923408 0.337382 -0.183005 -0.923408 0.337382 -0.183005 -0.923408 0.321746 0.163097 -0.932673 0.321746 0.163097 -0.932673 0.321746 0.163097 -0.932673 -0.031257 0.040223 0.998702 -0.031257 0.040223 0.998702 -0.031257 0.040223 0.998702 -0.633485 -0.771863 -0.054076 -0.633485 -0.771863 -0.054076 -0.633485 -0.771863 -0.054076 -0.633485 0.771863 -0.054076 -0.633485 0.771863 -0.054076 -0.633485 0.771863 -0.054076 -0.833677 0.506869 -0.219243 -0.833677 0.506869 -0.219243 -0.833677 0.506869 -0.219243 -0.833677 -0.506869 -0.219243 -0.833677 -0.506869 -0.219243 -0.833677 -0.506869 -0.219243</float_array>
          <technique_common>
            <accessor source="#GeometrySource4-array" count="4488" stride="3">
              <param name="X" type="float"/>
              <param name="Y" type="float"/>
              <param name="Z" type="float"/>
            </accessor>
          </technique_common>
        </source>
        <source id="GeometrySource5" name="mesh0001UV">
          <float_array id="GeometrySource5-array" count="8976">0.125885 -0.832947 0.139587 -0.731903 0.181427 -0.822784 0.27832 -0.434998 0.165039 -0.415497 0.273682 -0.420044 0.088409 -0.438141 0.164978 -0.400879 0.165039 -0.415497 0.008361 -0.461334 0.040252 -0.416138 0.080902 -0.417572 0.008361 -0.461334 0.088409 -0.438141 0.037658 -0.480316 0.088409 -0.438141 0.087585 -0.483826 0.037658 -0.480316 0.040252 -0.416138 0.088317 -0.401794 0.080902 -0.417572 0.23587 -0.482574 0.165039 -0.415497 0.27832 -0.434998 0.181427 -0.822784 0.203827 -0.897614 0.125885 -0.832947 0.165039 -0.415497 0.087585 -0.483826 0.088409 -0.438141 0.088409 -0.438141 0.008361 -0.461334 0.080902 -0.417572 0.165039 -0.415497 0.23587 -0.482574 0.157501 -0.489594 0.356262 -0.826599 0.373169 -0.898407 0.433411 -0.806671 0.356262 -0.826599 0.433411 -0.806671 0.373169 -0.898407 0.27832 -0.434998 0.319366 -0.48587 0.23587 -0.482574 0.087585 -0.483826 0.165039 -0.415497 0.157501 -0.489594 0.088409 -0.438141 0.080902 -0.417572 0.164978 -0.400879 0.273682 -0.420044 0.165039 -0.415497 0.164978 -0.400879 0.181427 -0.822784 0.139587 -0.731903 0.22348 -0.725983 0.024444 -0.264679 0.179535 -0.161133 0.024444 -0.069274 0.181427 -0.822784 0.22348 -0.725983 0.250671 -0.821564 0.024444 -0.321289 0.067199 -0.302277 0.024444 -0.264679 0.024444 -0.264679 0.067199 -0.302277 0.121277 -0.265533 0.181427 -0.822784 0.22348 -0.725983 0.139587 -0.731903 0.15918 -0.216309 0.024444 -0.264679 0.121277 -0.265533 0.024444 -0.264679 0.15918 -0.216309 0.179535 -0.161133 0.181427 -0.822784 0.250671 -0.821564 0.22348 -0.725983 0.179535 -0.161133 0.170563 -0.102356 0.024444 -0.069274 0.250671 -0.821564 0.243561 -0.878662 0.373169 -0.898407 0.250671 -0.821564 0.373169 -0.898407 0.243561 -0.878662 0.26889 -0.39801 0.164978 -0.400879 0.273682 -0.420044 0.27832 -0.434998 0.273682 -0.420044 0.165039 -0.415497 0.181427 -0.822784 0.250671 -0.821564 0.243561 -0.878662 0.181427 -0.822784 0.243561 -0.878662 0.250671 -0.821564 0.088409 -0.438141 0.165039 -0.415497 0.164978 -0.400879 0.008361 -0.461334 0.080902 -0.417572 0.040252 -0.416138 0.008361 -0.461334 0.037658 -0.480316 0.088409 -0.438141 0.088409 -0.438141 0.037658 -0.480316 0.087585 -0.483826 0.593384 -0.439148 0.622498 -0.489014 0.636688 -0.446136 0.040252 -0.416138 0.080902 -0.417572 0.088317 -0.401794 0.292664 -0.146942 0.350037 -0.058075 0.258148 -0.07257 0.368927 -0.106628 0.350037 -0.058075 0.292664 -0.146942 0.622498 -0.489014 0.593384 -0.439148 0.636688 -0.446136 0.23587 -0.482574 0.27832 -0.434998 0.165039 -0.415497 0.165039 -0.415497 0.088409 -0.438141 0.087585 -0.483826 0.292664 -0.146942 0.258148 -0.07257 0.281067 -0.147217 0.206451 -0.052429 0.251526 -0.082824 0.206116 -0.073822 0.258148 -0.07257 0.251526 -0.082824 0.206451 -0.052429 0.569489 -0.554413 0.590363 -0.491211 0.611969 -0.547455 0.557434 -0.490387 0.590363 -0.491211 0.569489 -0.554413 0.088409 -0.438141 0.080902 -0.417572 0.008361 -0.461334 0.557434 -0.490387 0.569489 -0.554413 0.590363 -0.491211 0.165039 -0.415497 0.157501 -0.489594 0.23587 -0.482574 0.258148 -0.07257 0.206451 -0.052429 0.251526 -0.082824 0.27832 -0.434998 0.23587 -0.482574 0.319366 -0.48587 0.569489 -0.554413 0.547424 -0.597809 0.550232 -0.541443 0.547424 -0.597809 0.550232 -0.541443 0.525604 -0.597626 0.569489 -0.554413 0.550232 -0.541443 0.547424 -0.597809 0.661438 -0.534088 0.643677 -0.486542 0.672546 -0.52179 0.622498 -0.489014 0.643677 -0.486542 0.661438 -0.534088 0.489319 -0.713562 0.547424 -0.597809 0.539642 -0.659515 0.087585 -0.483826 0.157501 -0.489594 0.165039 -0.415497 0.088409 -0.438141 0.164978 -0.400879 0.080902 -0.417572 0.273682 -0.420044 0.164978 -0.400879 0.165039 -0.415497 0.54422 -0.376038 0.593384 -0.439148 0.545807 -0.43158 0.59491 -0.393738 0.593384 -0.439148 0.54422 -0.376038 0.602631 -0.394775 0.593384 -0.439148 0.59491 -0.393738 0.024444 -0.264679 0.024444 -0.069274 0.179535 -0.161133 0.602631 -0.394775 0.651428 -0.439972 0.642487 -0.400208 0.024444 -0.321289 0.024444 -0.264679 0.067199 -0.302277 0.593384 -0.439148 0.602631 -0.394775 0.59491 -0.393738 0.024444 -0.264679 0.121277 -0.265533 0.067199 -0.302277 0.672546 -0.52179 0.677002 -0.477356 0.703033 -0.506805 0.15918 -0.216309 0.121277 -0.265533 0.024444 -0.264679 0.024444 -0.264679 0.179535 -0.161133 0.15918 -0.216309 0.179535 -0.161133 0.024444 -0.069274 0.170563 -0.102356 0.885498 -0.408539 0.868164 -0.38739 0.85083 -0.408539 0.622498 -0.489014 0.661438 -0.534088 0.643677 -0.486542 0.547424 -0.597809 0.489319 -0.713562 0.539642 -0.659515 0.868164 -0.38739 0.868164 -0.35553 0.842407 -0.378662 0.130493 -0.601898 0.22348 -0.725983 0.139587 -0.731903 0.217499 -0.601898 0.22348 -0.725983 0.130493 -0.601898 0.611511 -0.263245 0.559662 -0.249695 0.610168 -0.252502 0.559998 -0.260803 0.559662 -0.249695 0.611511 -0.263245 0.504883 -0.26239 0.46228 -0.252686 0.502563 -0.250732 0.466949 -0.264801 0.46228 -0.252686 0.504883 -0.26239 0.462158 -0.302643 0.417816 -0.29245 0.444916 -0.283844 0.430328 -0.302643 0.417816 -0.29245 0.462158 -0.302643 0.542847 -0.287354 0.498718 -0.302643 0.476715 -0.285645 0.542847 -0.302643 0.498718 -0.302643 0.542847 -0.287354 0.542847 -0.302643 0.61142 -0.288086 0.609009 -0.302643 0.542847 -0.287354 0.61142 -0.288086 0.542847 -0.302643 0.610168 -0.252502 0.680908 -0.28067 0.611511 -0.263245 0.684479 -0.273163 0.680908 -0.28067 0.610168 -0.252502 0.476715 -0.285645 0.462158 -0.302643 0.444916 -0.283844 0.498718 -0.302643 0.462158 -0.302643 0.476715 -0.285645 0.430328 -0.302643 0.413849 -0.312622 0.417816 -0.29245 0.430328 -0.324982 0.413849 -0.312622 0.430328 -0.302643 0.559662 -0.249695 0.504883 -0.26239 0.502563 -0.250732 0.559998 -0.260803 0.504883 -0.26239 0.559662 -0.249695 0.466949 -0.264801 0.425018 -0.258301 0.46228 -0.252686 0.433868 -0.271942 0.425018 -0.258301 0.466949 -0.264801 0.413849 -0.312622 0.40332 -0.285278 0.417816 -0.29245 0.401733 -0.312622 0.40332 -0.285278 0.413849 -0.312622 0.542847 -0.287354 0.611511 -0.263245 0.61142 -0.288086 0.559998 -0.260803 0.611511 -0.263245 0.542847 -0.287354 0.417816 -0.29245 0.462158 -0.302643 0.444916 -0.283844 0.430328 -0.302643 0.462158 -0.302643 0.417816 -0.29245 0.498718 -0.302643 0.542847 -0.287354 0.476715 -0.285645 0.542847 -0.302643 0.542847 -0.287354 0.498718 -0.302643 0.61142 -0.288086 0.542847 -0.302643 0.609009 -0.302643 0.542847 -0.287354 0.542847 -0.302643 0.61142 -0.288086 0.680908 -0.28067 0.610168 -0.252502 0.611511 -0.263245 0.684479 -0.273163 0.610168 -0.252502 0.680908 -0.28067 0.462158 -0.302643 0.476715 -0.285645 0.444916 -0.283844 0.498718 -0.302643 0.476715 -0.285645 0.462158 -0.302643 0.413849 -0.312622 0.430328 -0.302643 0.417816 -0.29245 0.430328 -0.324982 0.430328 -0.302643 0.413849 -0.312622 0.593384 -0.439148 0.54422 -0.376038 0.545807 -0.43158 0.59491 -0.393738 0.54422 -0.376038 0.593384 -0.439148 0.504883 -0.26239 0.559662 -0.249695 0.502563 -0.250732 0.559998 -0.260803 0.559662 -0.249695 0.504883 -0.26239 0.425018 -0.258301 0.466949 -0.264801 0.46228 -0.252686 0.433868 -0.271942 0.466949 -0.264801 0.425018 -0.258301 0.40332 -0.285278 0.413849 -0.312622 0.417816 -0.29245 0.401733 -0.312622 0.413849 -0.312622 0.40332 -0.285278 0.611511 -0.263245 0.542847 -0.287354 0.61142 -0.288086 0.559998 -0.260803 0.542847 -0.287354 0.611511 -0.263245 0.559662 -0.249695 0.611511 -0.263245 0.610168 -0.252502 0.559998 -0.260803 0.611511 -0.263245 0.559662 -0.249695 0.46228 -0.252686 0.504883 -0.26239 0.502563 -0.250732 0.466949 -0.264801 0.504883 -0.26239 0.46228 -0.252686 0.85083 -0.408539 0.868164 -0.38739 0.842407 -0.378662 0.779572 -0.415039 0.804138 -0.381958 0.788818 -0.366974 0.313568 -0.601898 0.39447 -0.710846 0.315063 -0.71933 0.398804 -0.599579 0.39447 -0.710846 0.313568 -0.601898 0.779572 -0.415039 0.788818 -0.366974 0.760864 -0.379456 0.804138 -0.381958 0.779572 -0.415039 0.822174 -0.430664 0.273987 -0.227142 0.206116 -0.244843 0.261658 -0.218536 0.206451 -0.263947 0.206116 -0.244843 0.273987 -0.227142 0.292664 -0.146942 0.261658 -0.218536 0.281067 -0.147217 0.273987 -0.227142 0.261658 -0.218536 0.292664 -0.146942 0.268707 -0.320679 0.206451 -0.263947 0.273987 -0.227142 0.206451 -0.33905 0.206451 -0.263947 0.268707 -0.320679 0.37851 -0.174561 0.273987 -0.227142 0.292664 -0.146942 0.357208 -0.228119 0.273987 -0.227142 0.37851 -0.174561 0.206451 -0.263947 0.268707 -0.320679 0.273987 -0.227142 0.206451 -0.33905 0.268707 -0.320679 0.206451 -0.263947 0.273987 -0.227142 0.37851 -0.174561 0.292664 -0.146942 0.357208 -0.228119 0.37851 -0.174561 0.273987 -0.227142 0.760864 -0.379456 0.754761 -0.426697 0.779572 -0.415039 0.217499 -0.601898 0.130493 -0.601898 0.22348 -0.725983 0.045837 -0.601898 0.139587 -0.731903 0.130493 -0.601898 0.842407 -0.378662 0.822174 -0.430664 0.85083 -0.408539 0.822174 -0.430664 0.779572 -0.415039 0.754761 -0.426697 0.398804 -0.599579 0.313568 -0.601898 0.39447 -0.710846 0.217499 -0.601898 0.315063 -0.71933 0.313568 -0.601898 0.868164 -0.38739 0.89389 -0.378662 0.868164 -0.35553 0.885498 -0.408539 0.89389 -0.378662 0.868164 -0.38739 0.206451 -0.263947 0.273987 -0.227142 0.206116 -0.244843 0.956726 -0.415039 0.94751 -0.366974 0.932159 -0.381958 0.273987 -0.227142 0.292664 -0.146942 0.261658 -0.218536 0.258148 -0.07257 0.281067 -0.147217 0.251526 -0.082824 0.292664 -0.146942 0.281067 -0.147217 0.258148 -0.07257 0.350037 -0.058075 0.292664 -0.146942 0.258148 -0.07257 0.368927 -0.106628 0.292664 -0.146942 0.350037 -0.058075 0.956726 -0.415039 0.975433 -0.379456 0.94751 -0.366974 0.622498 -0.489014 0.636688 -0.446136 0.651428 -0.439972 0.622498 -0.489014 0.651428 -0.439972 0.636688 -0.446136 0.557434 -0.490387 0.569489 -0.554413 0.550232 -0.541443 0.611969 -0.547455 0.590363 -0.491211 0.622498 -0.489014 0.557434 -0.490387 0.550232 -0.541443 0.569489 -0.554413 0.593384 -0.439148 0.559998 -0.479431 0.591003 -0.488464 0.611969 -0.547455 0.622498 -0.489014 0.590363 -0.491211 0.545807 -0.43158 0.593384 -0.439148 0.559998 -0.479431 0.932159 -0.381958 0.914154 -0.430664 0.956726 -0.415039 0.975433 -0.379456 0.956726 -0.415039 0.981567 -0.426697 0.89389 -0.378662 0.885498 -0.408539 0.914154 -0.430664 0.914154 -0.430664 0.981567 -0.426697 0.956726 -0.415039 0.476715 -0.285645 0.466949 -0.264801 0.504883 -0.26239 0.476715 -0.285645 0.504883 -0.26239 0.542847 -0.287354 0.602631 -0.394775 0.59491 -0.393738 0.601837 -0.335114 0.601837 -0.335114 0.655914 -0.352722 0.602631 -0.394775 0.655914 -0.352722 0.688568 -0.383484 0.642487 -0.400208 0.473816 -0.443237 0.511871 -0.442078 0.493134 -0.415802 0.444611 -0.356384 0.430328 -0.377258 0.444458 -0.377258 0.430328 -0.302643 0.44928 -0.34024 0.453339 -0.326569 0.453339 -0.326569 0.47052 -0.324677 0.462158 -0.302643 0.44928 -0.34024 0.430328 -0.353973 0.444611 -0.356384 0.47052 -0.324677 0.496155 -0.326538 0.498718 -0.302643 0.430328 -0.353973 0.430328 -0.377258 0.444611 -0.356384 0.47052 -0.324677 0.498718 -0.302643 0.462158 -0.302643 0.44928 -0.34024 0.430328 -0.324982 0.430328 -0.353973 0.670135 -0.304199 0.601837 -0.335114 0.655914 -0.352722 0.655914 -0.352722 0.602631 -0.394775 0.642487 -0.400208 0.688568 -0.383484 0.642487 -0.400208 0.667816 -0.407318 0.496155 -0.326538 0.54425 -0.327972 0.542847 -0.302643 0.401733 -0.363953 0.401733 -0.377258 0.430328 -0.353973 0.680908 -0.28067 0.732941 -0.30542 0.684479 -0.273163 0.722107 -0.318848 0.732941 -0.30542 0.670135 -0.304199 0.542847 -0.302643 0.498718 -0.302643 0.496155 -0.326538 0.417816 -0.29245 0.444916 -0.283844 0.433868 -0.271942 0.444916 -0.283844 0.466949 -0.264801 0.433868 -0.271942 0.401733 -0.377258 0.430328 -0.377258 0.430328 -0.353973 0.401733 -0.363953 0.413849 -0.312622 0.401733 -0.312622 0.609009 -0.302643 0.54425 -0.327972 0.601837 -0.335114 0.59491 -0.393738 0.601837 -0.335114 0.54422 -0.376038 0.545807 -0.43158 0.511871 -0.442078 0.559998 -0.479431 0.430328 -0.353973 0.430328 -0.324982 0.413849 -0.312622 0.688568 -0.383484 0.722107 -0.318848 0.655914 -0.352722 0.491669 -0.372162 0.54422 -0.376038 0.54425 -0.327972 0.559998 -0.479431 0.511871 -0.442078 0.473816 -0.443237 0.655914 -0.352722 0.722107 -0.318848 0.670135 -0.304199 0.609009 -0.302643 0.601837 -0.335114 0.670135 -0.304199 0.542847 -0.302643 0.54425 -0.327972 0.609009 -0.302643 0.430328 -0.353973 0.413849 -0.312622 0.401733 -0.363953 0.545807 -0.43158 0.54422 -0.376038 0.493134 -0.415802 0.511871 -0.442078 0.545807 -0.43158 0.493134 -0.415802 0.47052 -0.324677 0.491669 -0.372162 0.496155 -0.326538 0.40332 -0.285278 0.417816 -0.29245 0.433868 -0.271942 0.504883 -0.26239 0.542847 -0.287354 0.559998 -0.260803 0.670135 -0.304199 0.61142 -0.288086 0.609009 -0.302643 0.680908 -0.28067 0.61142 -0.288086 0.670135 -0.304199 0.670135 -0.304199 0.732941 -0.30542 0.680908 -0.28067 0.40332 -0.285278 0.433868 -0.271942 0.425018 -0.258301 0.444916 -0.283844 0.476715 -0.285645 0.466949 -0.264801 0.680908 -0.28067 0.611511 -0.263245 0.61142 -0.288086 0.43988 -0.480225 0.472351 -0.474243 0.41394 -0.450409 0.418793 -0.421906 0.41394 -0.450409 0.472351 -0.474243 0.491669 -0.372162 0.54425 -0.327972 0.496155 -0.326538 0.54422 -0.376038 0.601837 -0.335114 0.54425 -0.327972 0.493134 -0.415802 0.54422 -0.376038 0.491669 -0.372162 0.453339 -0.326569 0.462158 -0.302643 0.430328 -0.302643 0.430328 -0.324982 0.44928 -0.34024 0.430328 -0.302643 0.277069 -0.01065 0.207031 -0.02774 0.206451 -0.052429 0.473816 -0.443237 0.493134 -0.415802 0.511871 -0.442078 0.444611 -0.356384 0.444458 -0.377258 0.430328 -0.377258 0.430328 -0.302643 0.453339 -0.326569 0.44928 -0.34024 0.453339 -0.326569 0.462158 -0.302643 0.47052 -0.324677 0.44928 -0.34024 0.444611 -0.356384 0.430328 -0.353973 0.47052 -0.324677 0.498718 -0.302643 0.496155 -0.326538 0.430328 -0.353973 0.444611 -0.356384 0.430328 -0.377258 0.47052 -0.324677 0.462158 -0.302643 0.498718 -0.302643 0.44928 -0.34024 0.430328 -0.353973 0.430328 -0.324982 0.670135 -0.304199 0.655914 -0.352722 0.601837 -0.335114 0.655914 -0.352722 0.642487 -0.400208 0.602631 -0.394775 0.688568 -0.383484 0.667816 -0.407318 0.642487 -0.400208 0.496155 -0.326538 0.542847 -0.302643 0.54425 -0.327972 0.401733 -0.363953 0.430328 -0.353973 0.401733 -0.377258 0.680908 -0.28067 0.684479 -0.273163 0.732941 -0.30542 0.722107 -0.318848 0.670135 -0.304199 0.732941 -0.30542 0.542847 -0.302643 0.496155 -0.326538 0.498718 -0.302643 0.417816 -0.29245 0.433868 -0.271942 0.444916 -0.283844 0.444916 -0.283844 0.433868 -0.271942 0.466949 -0.264801 0.401733 -0.377258 0.430328 -0.353973 0.430328 -0.377258 0.401733 -0.363953 0.401733 -0.312622 0.413849 -0.312622 0.609009 -0.302643 0.601837 -0.335114 0.54425 -0.327972 0.59491 -0.393738 0.54422 -0.376038 0.601837 -0.335114 0.545807 -0.43158 0.559998 -0.479431 0.511871 -0.442078 0.602631 -0.394775 0.601837 -0.335114 0.59491 -0.393738 0.601837 -0.335114 0.602631 -0.394775 0.655914 -0.352722 0.655914 -0.352722 0.642487 -0.400208 0.688568 -0.383484 0.536987 -0.501343 0.550232 -0.541443 0.557434 -0.490387 0.536987 -0.501343 0.557434 -0.490387 0.550232 -0.541443 0.536987 -0.501343 0.550232 -0.541443 0.525604 -0.597626 0.472046 -0.59729 0.525604 -0.597626 0.536987 -0.501343 0.536987 -0.501343 0.525604 -0.597626 0.550232 -0.541443 0.472046 -0.59729 0.536987 -0.501343 0.525604 -0.597626 0.688568 -0.383484 0.655914 -0.352722 0.722107 -0.318848 0.491669 -0.372162 0.54425 -0.327972 0.54422 -0.376038 0.489319 -0.713562 0.525604 -0.597626 0.468384 -0.703644 0.489319 -0.713562 0.468384 -0.703644 0.525604 -0.597626 0.559998 -0.479431 0.473816 -0.443237 0.511871 -0.442078 0.655914 -0.352722 0.670135 -0.304199 0.722107 -0.318848 0.609009 -0.302643 0.670135 -0.304199 0.601837 -0.335114 0.542847 -0.302643 0.609009 -0.302643 0.54425 -0.327972 0.430328 -0.353973 0.401733 -0.363953 0.413849 -0.312622 0.545807 -0.43158 0.493134 -0.415802 0.54422 -0.376038 0.868164 -0.35553 0.822174 -0.33136 0.842407 -0.378662 0.804138 -0.381958 0.822174 -0.33136 0.788818 -0.366974 0.868164 -0.35553 0.868164 -0.33548 0.822174 -0.33136 0.842407 -0.378662 0.822174 -0.33136 0.822174 -0.430664 0.868164 -0.35553 0.89389 -0.378662 0.914154 -0.33136 0.932159 -0.381958 0.94751 -0.366974 0.914154 -0.33136 0.472046 -0.59729 0.468384 -0.703644 0.525604 -0.597626 0.472046 -0.59729 0.525604 -0.597626 0.468384 -0.703644 0.398804 -0.599579 0.468384 -0.703644 0.39447 -0.710846 0.868164 -0.35553 0.914154 -0.33136 0.868164 -0.33548 0.398804 -0.599579 0.39447 -0.710846 0.468384 -0.703644 0.89389 -0.378662 0.914154 -0.430664 0.914154 -0.33136 0.511871 -0.442078 0.493134 -0.415802 0.545807 -0.43158 0.47052 -0.324677 0.496155 -0.326538 0.491669 -0.372162 0.40332 -0.285278 0.433868 -0.271942 0.417816 -0.29245 0.504883 -0.26239 0.559998 -0.260803 0.542847 -0.287354 0.670135 -0.304199 0.609009 -0.302643 0.61142 -0.288086 0.680908 -0.28067 0.670135 -0.304199 0.61142 -0.288086 0.670135 -0.304199 0.680908 -0.28067 0.732941 -0.30542 0.40332 -0.285278 0.425018 -0.258301 0.433868 -0.271942 0.444916 -0.283844 0.466949 -0.264801 0.476715 -0.285645 0.680908 -0.28067 0.61142 -0.288086 0.611511 -0.263245 0.43988 -0.480225 0.41394 -0.450409 0.472351 -0.474243 0.418793 -0.421906 0.472351 -0.474243 0.41394 -0.450409 0.491669 -0.372162 0.496155 -0.326538 0.54425 -0.327972 0.54422 -0.376038 0.54425 -0.327972 0.601837 -0.335114 0.493134 -0.415802 0.491669 -0.372162 0.54422 -0.376038 0.453339 -0.326569 0.430328 -0.302643 0.462158 -0.302643 0.15155 -0.516479 0.130493 -0.601898 0.094207 -0.514893 0.130493 -0.601898 0.045837 -0.601898 0.094207 -0.514893 0.268707 -0.320679 0.319855 -0.281311 0.273987 -0.227142 0.319855 -0.281311 0.357208 -0.228119 0.273987 -0.227142 0.37851 -0.174561 0.368927 -0.106628 0.292664 -0.146942 0.094207 -0.514893 0.04013 -0.503082 0.045837 -0.601898 0.217499 -0.601898 0.313568 -0.601898 0.314514 -0.509979 0.15155 -0.516479 0.130493 -0.601898 0.217499 -0.601898 0.314514 -0.509979 0.313568 -0.601898 0.398804 -0.599579 0.398804 -0.599579 0.472046 -0.59729 0.482147 -0.503937 0.536987 -0.501343 0.482147 -0.503937 0.472046 -0.59729 0.482147 -0.503937 0.40625 -0.519409 0.398804 -0.599579 0.314514 -0.509979 0.228394 -0.522491 0.217499 -0.601898 0.217499 -0.601898 0.228394 -0.522491 0.15155 -0.516479 0.398804 -0.599579 0.40625 -0.519409 0.314514 -0.509979 0.15155 -0.516479 0.094207 -0.514893 0.130493 -0.601898 0.130493 -0.601898 0.094207 -0.514893 0.045837 -0.601898 0.268707 -0.320679 0.273987 -0.227142 0.319855 -0.281311 0.430328 -0.353973 0.413849 -0.312622 0.430328 -0.324982 0.37851 -0.174561 0.292664 -0.146942 0.368927 -0.106628 0.094207 -0.514893 0.045837 -0.601898 0.04013 -0.503082 0.217499 -0.601898 0.314514 -0.509979 0.313568 -0.601898 0.15155 -0.516479 0.217499 -0.601898 0.130493 -0.601898 0.314514 -0.509979 0.398804 -0.599579 0.313568 -0.601898 0.398804 -0.599579 0.482147 -0.503937 0.472046 -0.59729 0.536987 -0.501343 0.472046 -0.59729 0.482147 -0.503937 0.482147 -0.503937 0.398804 -0.599579 0.40625 -0.519409 0.314514 -0.509979 0.217499 -0.601898 0.228394 -0.522491 0.217499 -0.601898 0.15155 -0.516479 0.228394 -0.522491 0.398804 -0.599579 0.314514 -0.509979 0.40625 -0.519409 0.430328 -0.324982 0.430328 -0.302643 0.44928 -0.34024 0.277069 -0.01065 0.545807 -0.43158 0.559998 -0.479431 0.593384 -0.439148 0.476715 -0.285645 0.504883 -0.26239 0.466949 -0.264801 0.350037 -0.058075 0.313141 -0.03302 0.258148 -0.07257 0.313141 -0.03302 0.277069 -0.01065 0.206451 -0.052429 0.313141 -0.03302 0.206451 -0.052429 0.258148 -0.07257 0.350037 -0.058075 0.258148 -0.07257 0.313141 -0.03302 0.313141 -0.03302 0.206451 -0.052429 0.277069 -0.01065 0.313141 -0.03302 0.258148 -0.07257 0.206451 -0.052429 0.896301 -0.296631 0.868164 -0.33548 0.914154 -0.33136 0.896301 -0.296631 0.840027 -0.296631 0.868164 -0.33548 0.840027 -0.296631 0.805115 -0.306366 0.822174 -0.33136 0.896301 -0.296631 0.914154 -0.33136 0.931183 -0.306366 0.936676 -0.269897 0.899384 -0.242096 0.896301 -0.296631 0.836945 -0.242096 0.799622 -0.269897 0.840027 -0.296631 0.817719 -0.213135 0.77829 -0.256927 0.815704 -0.225494 0.958008 -0.256927 0.920593 -0.225494 0.936676 -0.269897 0.476715 -0.285645 0.542847 -0.287354 0.504883 -0.26239 0.319855 -0.281311 0.273987 -0.227142 0.357208 -0.228119 0.77829 -0.256927 0.756714 -0.362305 0.799622 -0.269897 0.958008 -0.256927 0.979614 -0.362305 0.993195 -0.320923 0.817719 -0.213135 0.868164 -0.223633 0.918579 -0.213135 0.918579 -0.213135 0.868164 -0.223633 0.920593 -0.225494 0.820648 -0.54068 0.804535 -0.502716 0.783173 -0.498962 0.798126 -0.457367 0.822174 -0.430664 0.743103 -0.448669 0.932587 -0.502716 0.916473 -0.54068 0.953949 -0.498962 0.899384 -0.242096 0.868164 -0.223633 0.836945 -0.242096 0.770966 -0.853241 0.697418 -0.95163 0.68927 -0.899353 0.784637 -0.89267 0.697418 -0.95163 0.770966 -0.853241 0.780334 -0.578247 0.805756 -0.618652 0.772003 -0.603455 0.77829 -0.256927 0.743103 -0.320923 0.756714 -0.362305 0.743103 -0.448669 0.822174 -0.430664 0.754761 -0.426697 0.765503 -0.795776 0.752319 -0.719971 0.836182 -0.75769 0.815704 -0.225494 0.77829 -0.256927 0.799622 -0.269897 0.744659 -0.622406 0.772003 -0.603455 0.803986 -0.652435 0.752319 -0.719971 0.836182 -0.75769 0.812469 -0.696655 0.765503 -0.795776 0.836182 -0.75769 0.752319 -0.719971 0.697418 -0.95163 0.58847 -0.919037 0.68927 -0.899353 0.583282 -0.962921 0.58847 -0.919037 0.697418 -0.95163 0.815704 -0.225494 0.799622 -0.269897 0.836945 -0.242096 0.788818 -0.366974 0.805115 -0.306366 0.760864 -0.379456 0.772003 -0.603455 0.803986 -0.652435 0.805756 -0.618652 0.744659 -0.622406 0.803986 -0.652435 0.772003 -0.603455 0.770966 -0.853241 0.697388 -0.815857 0.765503 -0.795776 0.68927 -0.899353 0.697388 -0.815857 0.770966 -0.853241 0.70929 -0.99057 0.583282 -0.962921 0.697418 -0.95163 0.582031 -0.988831 0.583282 -0.962921 0.70929 -0.99057 0.816284 -0.950287 0.697418 -0.95163 0.784637 -0.89267 0.70929 -0.99057 0.697418 -0.95163 0.816284 -0.950287 0.697418 -0.95163 0.816284 -0.950287 0.784637 -0.89267 0.70929 -0.99057 0.816284 -0.950287 0.697418 -0.95163 0.697418 -0.95163 0.770966 -0.853241 0.68927 -0.899353 0.784637 -0.89267 0.770966 -0.853241 0.697418 -0.95163 0.58847 -0.919037 0.697418 -0.95163 0.68927 -0.899353 0.583282 -0.962921 0.697418 -0.95163 0.58847 -0.919037 0.583282 -0.962921 0.70929 -0.99057 0.697418 -0.95163 0.582031 -0.988831 0.70929 -0.99057 0.583282 -0.962921 0.697388 -0.815857 0.770966 -0.853241 0.765503 -0.795776 0.68927 -0.899353 0.770966 -0.853241 0.697388 -0.815857 0.836945 -0.242096 0.868164 -0.223633 0.815704 -0.225494 0.799622 -0.269897 0.805115 -0.306366 0.840027 -0.296631 0.958008 -0.256927 0.936676 -0.269897 0.979614 -0.362305 0.993195 -0.448669 0.981567 -0.426697 0.914154 -0.430664 0.817719 -0.213135 0.815704 -0.225494 0.868164 -0.223633 0.918579 -0.213135 0.920593 -0.225494 0.958008 -0.256927 0.920593 -0.225494 0.899384 -0.242096 0.936676 -0.269897 0.94751 -0.366974 0.975433 -0.379456 0.931183 -0.306366 0.868164 -0.223633 0.899384 -0.242096 0.920593 -0.225494 0.993195 -0.448669 0.914154 -0.430664 0.938599 -0.457367 0.936676 -0.269897 0.896301 -0.296631 0.931183 -0.306366 0.725616 -0.650085 0.744659 -0.622406 0.803986 -0.652435 0.103668 -0.018615 0.149567 -0.053741 0.024444 -0.069274 0.784637 -0.89267 0.849548 -0.7966 0.871124 -0.840912 0.752319 -0.719971 0.803986 -0.652435 0.812469 -0.696655 0.27832 -0.434998 0.348328 -0.438873 0.319366 -0.48587 0.725616 -0.650085 0.752319 -0.719971 0.803986 -0.652435 0.784637 -0.89267 0.816284 -0.950287 0.871124 -0.840912 0.27832 -0.434998 0.273682 -0.420044 0.348328 -0.438873 0.725616 -0.650085 0.803986 -0.652435 0.744659 -0.622406 0.27832 -0.434998 0.319366 -0.48587 0.348328 -0.438873 0.27832 -0.434998 0.348328 -0.438873 0.273682 -0.420044 0.725616 -0.650085 0.803986 -0.652435 0.752319 -0.719971 0.784637 -0.89267 0.871124 -0.840912 0.816284 -0.950287 0.207703 -0.005249 0.277069 -0.01065 0.207031 -0.02774 0.752319 -0.719971 0.812469 -0.696655 0.803986 -0.652435 0.784637 -0.89267 0.871124 -0.840912 0.849548 -0.7966 0.277069 -0.01065 0.024444 -0.069274 0.170563 -0.102356 0.149567 -0.053741 0.103668 -0.018615 0.024444 -0.069274 0.149567 -0.053741 0.024444 -0.069274 0.149567 -0.053741 0.170563 -0.102356 0.36557 -0.380249 0.39502 -0.402313 0.344513 -0.426331 0.58847 -0.919037 0.697388 -0.815857 0.68927 -0.899353 0.58847 -0.919037 0.613617 -0.826813 0.697388 -0.815857 0.725616 -0.650085 0.752319 -0.719971 0.672211 -0.737915 0.697388 -0.815857 0.672211 -0.737915 0.752319 -0.719971 0.697388 -0.815857 0.765503 -0.795776 0.752319 -0.719971 0.613617 -0.826813 0.697388 -0.815857 0.672211 -0.737915 0.635925 -0.677887 0.672211 -0.737915 0.725616 -0.650085 0.58847 -0.919037 0.68927 -0.899353 0.697388 -0.815857 0.697388 -0.815857 0.752319 -0.719971 0.765503 -0.795776 0.613617 -0.826813 0.672211 -0.737915 0.697388 -0.815857 0.635925 -0.677887 0.725616 -0.650085 0.672211 -0.737915 0.58847 -0.919037 0.697388 -0.815857 0.613617 -0.826813 0.725616 -0.650085 0.672211 -0.737915 0.752319 -0.719971 0.697388 -0.815857 0.752319 -0.719971 0.672211 -0.737915 0.36557 -0.380249 0.317322 -0.37793 0.346069 -0.331177 0.36557 -0.380249 0.344513 -0.426331 0.39502 -0.402313 0.36557 -0.380249 0.346069 -0.331177 0.317322 -0.37793 0.080902 -0.417572 0.164978 -0.400879 0.088317 -0.401794 0.088317 -0.401794 0.164978 -0.400879 0.165283 -0.382965 0.165283 -0.382965 0.164978 -0.400879 0.260101 -0.370117 0.260101 -0.370117 0.164978 -0.400879 0.26889 -0.39801 0.080902 -0.417572 0.088317 -0.401794 0.164978 -0.400879 0.164978 -0.400879 0.088317 -0.401794 0.165283 -0.382965 0.165283 -0.382965 0.260101 -0.370117 0.164978 -0.400879 0.164978 -0.400879 0.260101 -0.370117 0.26889 -0.39801 0.822174 -0.430664 0.914154 -0.430664 0.85083 -0.408539 0.85083 -0.408539 0.914154 -0.430664 0.885498 -0.408539 0.952332 -0.648438 0.938324 -0.707581 0.914917 -0.673767 0.273682 -0.420044 0.26889 -0.39801 0.344513 -0.426331 0.948883 -0.612152 0.914703 -0.64566 0.896088 -0.635864 0.260101 -0.370117 0.295258 -0.358246 0.26889 -0.39801 0.26889 -0.39801 0.295258 -0.358246 0.317322 -0.37793 0.952332 -0.648438 0.914917 -0.673767 0.938324 -0.707581 0.783173 -0.498962 0.804535 -0.502716 0.743103 -0.448669 0.948883 -0.612152 0.896088 -0.635864 0.914703 -0.64566 0.743103 -0.448669 0.804535 -0.502716 0.798126 -0.457367 0.672546 -0.52179 0.710602 -0.589264 0.661438 -0.534088 0.916473 -0.54068 0.932587 -0.502716 0.820648 -0.54068 0.661438 -0.534088 0.692871 -0.593872 0.6521 -0.552246 0.820648 -0.54068 0.932587 -0.502716 0.804535 -0.502716 0.666534 -0.601471 0.635925 -0.677887 0.605286 -0.619598 0.725616 -0.650085 0.635925 -0.677887 0.666534 -0.601471 0.635925 -0.677887 0.56189 -0.603271 0.605286 -0.619598 0.539642 -0.659515 0.56189 -0.603271 0.635925 -0.677887 0.622498 -0.489014 0.6521 -0.552246 0.611969 -0.547455 0.661438 -0.534088 0.6521 -0.552246 0.622498 -0.489014 0.56189 -0.603271 0.635925 -0.677887 0.605286 -0.619598 0.539642 -0.659515 0.635925 -0.677887 0.56189 -0.603271 0.6521 -0.552246 0.622498 -0.489014 0.611969 -0.547455 0.661438 -0.534088 0.622498 -0.489014 0.6521 -0.552246 0.635925 -0.677887 0.666534 -0.601471 0.605286 -0.619598 0.725616 -0.650085 0.666534 -0.601471 0.635925 -0.677887 0.804535 -0.502716 0.932587 -0.502716 0.798126 -0.457367 0.798126 -0.457367 0.932587 -0.502716 0.938599 -0.457367 0.772003 -0.603455 0.710602 -0.589264 0.725128 -0.578064 0.744659 -0.622406 0.710602 -0.589264 0.772003 -0.603455 0.692871 -0.593872 0.661438 -0.534088 0.6521 -0.552246 0.938599 -0.457367 0.914154 -0.430664 0.798126 -0.457367 0.798126 -0.457367 0.914154 -0.430664 0.822174 -0.430664 0.744659 -0.622406 0.772003 -0.603455 0.710602 -0.589264 0.780334 -0.578247 0.725128 -0.578064 0.739929 -0.546875 0.772003 -0.603455 0.725128 -0.578064 0.780334 -0.578247 0.024444 -0.03656 0.077758 -0.003845 0.024444 -0.069274 0.772003 -0.603455 0.780334 -0.578247 0.725128 -0.578064 0.582031 -0.988831 0.461975 -0.951416 0.583282 -0.962921 0.024444 -0.069274 0.077758 -0.003845 0.103668 -0.018615 0.58847 -0.919037 0.461975 -0.951416 0.470856 -0.919037 0.583282 -0.962921 0.461975 -0.951416 0.58847 -0.919037 0.024444 -0.03656 0.024444 -0.069274 0.077758 -0.003845 0.077758 -0.003845 0.024444 -0.069274 0.103668 -0.018615 0.43988 -0.480225 0.41394 -0.450409 0.389008 -0.470215 0.583282 -0.962921 0.58847 -0.919037 0.461975 -0.951416 0.43988 -0.480225 0.389008 -0.470215 0.41394 -0.450409 0.41394 -0.450409 0.389008 -0.470215 0.348328 -0.438873 0.932587 -0.502716 0.953949 -0.498962 0.938599 -0.457367 0.938599 -0.457367 0.953949 -0.498962 0.993195 -0.448669 0.760864 -0.379456 0.743103 -0.448669 0.754761 -0.426697 0.899384 -0.242096 0.836945 -0.242096 0.896301 -0.296631 0.896301 -0.296631 0.836945 -0.242096 0.840027 -0.296631 0.993195 -0.448669 0.975433 -0.379456 0.981567 -0.426697 0.489319 -0.713562 0.539642 -0.659515 0.574188 -0.731415 0.613617 -0.826813 0.574188 -0.731415 0.672211 -0.737915 0.635925 -0.677887 0.574188 -0.731415 0.672211 -0.737915 0.613617 -0.826813 0.574188 -0.731415 0.545654 -0.812561 0.613617 -0.826813 0.672211 -0.737915 0.574188 -0.731415 0.635925 -0.677887 0.672211 -0.737915 0.574188 -0.731415 0.613617 -0.826813 0.545654 -0.812561 0.574188 -0.731415 0.273682 -0.420044 0.344513 -0.426331 0.26889 -0.39801 0.703033 -0.506805 0.725128 -0.578064 0.672546 -0.52179 0.703033 -0.506805 0.672546 -0.52179 0.725128 -0.578064 0.26889 -0.39801 0.344513 -0.426331 0.317322 -0.37793 0.744659 -0.622406 0.692871 -0.593872 0.710602 -0.589264 0.703033 -0.506805 0.739929 -0.546875 0.725128 -0.578064 0.703033 -0.506805 0.725128 -0.578064 0.739929 -0.546875 0.744659 -0.622406 0.710602 -0.589264 0.692871 -0.593872 0.692871 -0.593872 0.725616 -0.650085 0.666534 -0.601471 0.260101 -0.370117 0.26889 -0.39801 0.295258 -0.358246 0.39502 -0.402313 0.344513 -0.426331 0.418793 -0.421906 0.418793 -0.421906 0.344513 -0.426331 0.387421 -0.430481 0.39502 -0.402313 0.418793 -0.421906 0.344513 -0.426331 0.936676 -0.269897 0.896301 -0.296631 0.899384 -0.242096 0.836945 -0.242096 0.840027 -0.296631 0.799622 -0.269897 0.539642 -0.659515 0.547424 -0.597809 0.56189 -0.603271 0.744659 -0.622406 0.692871 -0.593872 0.725616 -0.650085 0.692871 -0.593872 0.666534 -0.601471 0.725616 -0.650085 0.744659 -0.622406 0.725616 -0.650085 0.692871 -0.593872 0.58847 -0.919037 0.478638 -0.883636 0.613617 -0.826813 0.817719 -0.213135 0.815704 -0.225494 0.77829 -0.256927 0.58847 -0.919037 0.613617 -0.826813 0.478638 -0.883636 0.958008 -0.256927 0.936676 -0.269897 0.920593 -0.225494 0.817719 -0.213135 0.918579 -0.213135 0.868164 -0.223633 0.918579 -0.213135 0.920593 -0.225494 0.868164 -0.223633 0.820648 -0.54068 0.783173 -0.498962 0.804535 -0.502716 0.932587 -0.502716 0.953949 -0.498962 0.916473 -0.54068 0.539642 -0.659515 0.56189 -0.603271 0.547424 -0.597809 0.539642 -0.659515 0.635925 -0.677887 0.574188 -0.731415 0.489319 -0.713562 0.574188 -0.731415 0.539642 -0.659515 0.539642 -0.659515 0.574188 -0.731415 0.635925 -0.677887 0.899384 -0.242096 0.836945 -0.242096 0.868164 -0.223633 0.815704 -0.225494 0.799622 -0.269897 0.77829 -0.256927 0.815704 -0.225494 0.836945 -0.242096 0.799622 -0.269897 0.836945 -0.242096 0.815704 -0.225494 0.868164 -0.223633 0.817719 -0.213135 0.868164 -0.223633 0.815704 -0.225494 0.856171 -0.164246 0.757019 -0.1651 0.856171 -0.18866 0.856171 -0.164246 0.757019 -0.155121 0.757019 -0.1651 0.918579 -0.213135 0.958008 -0.256927 0.920593 -0.225494 0.920593 -0.225494 0.936676 -0.269897 0.899384 -0.242096 0.868164 -0.223633 0.920593 -0.225494 0.899384 -0.242096 0.97049 -0.208618 0.97049 -0.20282 0.977783 -0.18811 0.97049 -0.20282 0.97049 -0.208618 0.977783 -0.18811 0.77829 -0.256927 0.799622 -0.269897 0.756714 -0.362305 0.958008 -0.256927 0.993195 -0.320923 0.979614 -0.362305 0.896301 -0.296631 0.914154 -0.33136 0.868164 -0.33548 0.77829 -0.256927 0.756714 -0.362305 0.743103 -0.320923 0.896301 -0.296631 0.868164 -0.33548 0.840027 -0.296631 0.840027 -0.296631 0.822174 -0.33136 0.805115 -0.306366 0.799622 -0.269897 0.840027 -0.296631 0.805115 -0.306366 0.958008 -0.256927 0.979614 -0.362305 0.936676 -0.269897 0.896301 -0.296631 0.931183 -0.306366 0.914154 -0.33136 0.936676 -0.269897 0.931183 -0.306366 0.896301 -0.296631 0.97049 -0.188904 0.97049 -0.20282 0.977783 -0.18811 0.97049 -0.034576 0.977783 -0.049316 0.97049 -0.048492 0.97049 -0.028808 0.977783 -0.049316 0.97049 -0.034576 0.885498 -0.408539 0.85083 -0.408539 0.868164 -0.38739 0.868164 -0.38739 0.842407 -0.378662 0.868164 -0.35553 0.85083 -0.408539 0.842407 -0.378662 0.868164 -0.38739 0.779572 -0.415039 0.788818 -0.366974 0.804138 -0.381958 0.779572 -0.415039 0.760864 -0.379456 0.788818 -0.366974 0.804138 -0.381958 0.822174 -0.430664 0.779572 -0.415039 0.760864 -0.379456 0.779572 -0.415039 0.754761 -0.426697 0.842407 -0.378662 0.85083 -0.408539 0.822174 -0.430664 0.822174 -0.430664 0.754761 -0.426697 0.779572 -0.415039 0.868164 -0.38739 0.868164 -0.35553 0.89389 -0.378662 0.885498 -0.408539 0.868164 -0.38739 0.89389 -0.378662 0.956726 -0.415039 0.932159 -0.381958 0.94751 -0.366974 0.956726 -0.415039 0.94751 -0.366974 0.975433 -0.379456 0.932159 -0.381958 0.956726 -0.415039 0.914154 -0.430664 0.975433 -0.379456 0.981567 -0.426697 0.956726 -0.415039 0.89389 -0.378662 0.914154 -0.430664 0.885498 -0.408539 0.914154 -0.430664 0.956726 -0.415039 0.981567 -0.426697 0.97049 -0.048492 0.977783 -0.049316 0.97049 -0.034576 0.868164 -0.35553 0.842407 -0.378662 0.822174 -0.33136 0.804138 -0.381958 0.788818 -0.366974 0.822174 -0.33136 0.868164 -0.35553 0.822174 -0.33136 0.868164 -0.33548 0.788818 -0.366974 0.760864 -0.379456 0.805115 -0.306366 0.842407 -0.378662 0.822174 -0.430664 0.822174 -0.33136 0.868164 -0.35553 0.914154 -0.33136 0.89389 -0.378662 0.932159 -0.381958 0.914154 -0.33136 0.94751 -0.366974 0.868164 -0.35553 0.868164 -0.33548 0.914154 -0.33136 0.94751 -0.366974 0.931183 -0.306366 0.975433 -0.379456 0.89389 -0.378662 0.914154 -0.33136 0.914154 -0.430664 0.97049 -0.062439 0.97049 -0.048492 0.977783 -0.049316 0.97049 -0.068206 0.97049 -0.062439 0.977783 -0.049316 0.97049 -0.062439 0.97049 -0.068206 0.977783 -0.049316 0.931274 -0.164795 0.856171 -0.155121 0.856171 -0.164246 0.931274 -0.155121 0.856171 -0.155121 0.931274 -0.164795 0.97049 -0.048492 0.97049 -0.062439 0.977783 -0.049316 0.97049 -0.105438 0.977783 -0.119354 0.97049 -0.119354 0.97049 -0.09967 0.977783 -0.119354 0.97049 -0.105438 0.97049 -0.105438 0.977783 -0.119354 0.97049 -0.09967 0.97049 -0.119354 0.977783 -0.119354 0.97049 -0.105438 0.97049 -0.133301 0.97049 -0.119354 0.977783 -0.119354 0.97049 -0.139069 0.97049 -0.133301 0.977783 -0.119354 0.97049 -0.133301 0.97049 -0.139069 0.977783 -0.119354 0.97049 -0.119354 0.97049 -0.133301 0.977783 -0.119354 0.97049 -0.034576 0.977783 -0.049316 0.97049 -0.028808 0.97049 -0.174957 0.977783 -0.18811 0.97049 -0.188904 0.97049 -0.169189 0.977783 -0.18811 0.97049 -0.174957 0.97049 -0.174957 0.977783 -0.18811 0.97049 -0.169189 0.97049 -0.188904 0.977783 -0.18811 0.97049 -0.174957 0.97049 -0.20282 0.97049 -0.188904 0.977783 -0.18811 0.916473 -0.54068 0.820648 -0.54068 0.932587 -0.502716 0.932587 -0.502716 0.820648 -0.54068 0.804535 -0.502716 0.899384 -0.242096 0.896301 -0.296631 0.836945 -0.242096 0.836945 -0.242096 0.896301 -0.296631 0.840027 -0.296631 0.783173 -0.498962 0.743103 -0.448669 0.804535 -0.502716 0.804535 -0.502716 0.743103 -0.448669 0.798126 -0.457367 0.804535 -0.502716 0.798126 -0.457367 0.932587 -0.502716 0.938599 -0.457367 0.931274 -0.072814 0.931274 -0.050079 0.856171 -0.072814 0.932587 -0.502716 0.938599 -0.457367 0.953949 -0.498962 0.931274 -0.083313 0.931274 -0.072814 0.856171 -0.083313 0.953949 -0.498962 0.938599 -0.457367 0.993195 -0.448669 0.931274 -0.072814 0.931274 -0.083313 0.856171 -0.072814 0.822174 -0.430664 0.85083 -0.408539 0.914154 -0.430664 0.931274 -0.050079 0.931274 -0.072814 0.856171 -0.050079 0.931274 -0.027038 0.856171 -0.050079 0.856171 -0.025665 0.931274 -0.050079 0.856171 -0.050079 0.931274 -0.027038 0.931274 -0.017486 0.856171 -0.025665 0.856171 -0.015564 0.931274 -0.027038 0.856171 -0.025665 0.931274 -0.017486 0.931274 -0.027038 0.856171 -0.015564 0.856171 -0.025665 0.931274 -0.017486 0.856171 -0.015564 0.931274 -0.027038 0.931274 -0.050079 0.856171 -0.025665 0.856171 -0.050079 0.931274 -0.027038 0.856171 -0.025665 0.931274 -0.050079 0.914154 -0.430664 0.85083 -0.408539 0.885498 -0.408539 0.931274 -0.210876 0.931274 -0.187836 0.856171 -0.213074 0.914154 -0.430664 0.798126 -0.457367 0.822174 -0.430664 0.931274 -0.220428 0.931274 -0.210876 0.856171 -0.223175 0.975433 -0.379456 0.993195 -0.448669 0.981567 -0.426697 0.931274 -0.210876 0.931274 -0.220428 0.856171 -0.213074 0.931274 -0.164795 0.931274 -0.187836 0.856171 -0.164246 0.931274 -0.187836 0.931274 -0.210876 0.856171 -0.18866 0.931274 -0.164795 0.856171 -0.18866 0.856171 -0.164246 0.931274 -0.187836 0.856171 -0.18866 0.931274 -0.164795 0.931274 -0.155121 0.856171 -0.164246 0.856171 -0.155121 0.931274 -0.164795 0.856171 -0.164246 0.931274 -0.155121 0.856171 -0.164246 0.931274 -0.187836 0.856171 -0.18866 0.931274 -0.155121 0.931274 -0.164795 0.856171 -0.155121 0.931274 -0.187836 0.856171 -0.164246 0.856171 -0.18866 0.931274 -0.164795 0.856171 -0.164246 0.931274 -0.187836 0.931274 -0.164795 0.931274 -0.155121 0.856171 -0.164246 0.931274 -0.142426 0.931274 -0.119354 0.856171 -0.143768 0.931274 -0.187836 0.931274 -0.164795 0.856171 -0.18866 0.931274 -0.155121 0.931274 -0.142426 0.856171 -0.155121 0.931274 -0.187836 0.856171 -0.18866 0.931274 -0.210876 0.931274 -0.142426 0.931274 -0.155121 0.856171 -0.143768 0.931274 -0.210876 0.856171 -0.18866 0.856171 -0.213074 0.931274 -0.119354 0.931274 -0.142426 0.856171 -0.119354 0.931274 -0.096313 0.856171 -0.119354 0.856171 -0.09497 0.931274 -0.119354 0.856171 -0.119354 0.931274 -0.096313 0.931274 -0.083313 0.856171 -0.09497 0.856171 -0.083313 0.931274 -0.096313 0.856171 -0.09497 0.931274 -0.083313 0.931274 -0.096313 0.856171 -0.083313 0.856171 -0.09497 0.931274 -0.083313 0.856171 -0.083313 0.931274 -0.096313 0.931274 -0.119354 0.856171 -0.09497 0.856171 -0.119354 0.931274 -0.096313 0.856171 -0.09497 0.931274 -0.119354 0.931274 -0.072814 0.954559 -0.046752 0.954559 -0.06845 0.931274 -0.050079 0.954559 -0.046752 0.931274 -0.072814 0.931274 -0.083313 0.954559 -0.06845 0.954559 -0.077423 0.931274 -0.072814 0.954559 -0.06845 0.931274 -0.083313 0.931274 -0.072814 0.954559 -0.077423 0.954559 -0.06845 0.931274 -0.083313 0.954559 -0.077423 0.931274 -0.072814 0.931274 -0.050079 0.954559 -0.06845 0.954559 -0.046752 0.931274 -0.072814 0.954559 -0.06845 0.931274 -0.050079 0.954559 -0.046752 0.931274 -0.027038 0.954559 -0.025085 0.931274 -0.050079 0.931274 -0.027038 0.954559 -0.046752 0.954559 -0.025085 0.931274 -0.017486 0.954559 -0.016113 0.931274 -0.027038 0.931274 -0.017486 0.954559 -0.025085 0.954559 -0.016113 0.931274 -0.027038 0.954559 -0.025085 0.931274 -0.017486 0.931274 -0.027038 0.954559 -0.016113 0.954559 -0.025085 0.931274 -0.050079 0.954559 -0.046752 0.931274 -0.027038 0.931274 -0.050079 0.954559 -0.025085 0.97049 -0.034576 0.954559 -0.016113 0.97049 -0.028808 0.954559 -0.025085 0.954559 -0.016113 0.97049 -0.034576 0.954559 -0.016113 0.97049 -0.034576 0.97049 -0.028808 0.954559 -0.025085 0.97049 -0.034576 0.954559 -0.016113 0.954559 -0.025085 0.97049 -0.048492 0.97049 -0.034576 0.954559 -0.046752 0.97049 -0.048492 0.954559 -0.025085 0.954559 -0.046752 0.97049 -0.062439 0.97049 -0.048492 0.954559 -0.06845 0.97049 -0.062439 0.954559 -0.046752 0.954559 -0.06845 0.97049 -0.068206 0.97049 -0.062439 0.954559 -0.077423 0.97049 -0.068206 0.954559 -0.06845 0.954559 -0.077423 0.97049 -0.062439 0.97049 -0.068206 0.954559 -0.06845 0.97049 -0.062439 0.954559 -0.077423 0.954559 -0.06845 0.97049 -0.048492 0.97049 -0.062439 0.954559 -0.046752 0.97049 -0.048492 0.954559 -0.06845 0.954559 -0.046752 0.97049 -0.034576 0.97049 -0.048492 0.954559 -0.025085 0.97049 -0.034576 0.954559 -0.046752 0.931274 -0.210876 0.954559 -0.190643 0.954559 -0.212311 0.931274 -0.187836 0.954559 -0.190643 0.931274 -0.210876 0.931274 -0.220428 0.954559 -0.212311 0.954559 -0.221283 0.931274 -0.210876 0.954559 -0.212311 0.931274 -0.220428 0.931274 -0.210876 0.954559 -0.221283 0.954559 -0.212311 0.931274 -0.220428 0.954559 -0.221283 0.931274 -0.210876 0.931274 -0.187836 0.954559 -0.212311 0.954559 -0.190643 0.931274 -0.210876 0.954559 -0.212311 0.931274 -0.187836 0.954559 -0.190643 0.931274 -0.164795 0.954559 -0.168976 0.931274 -0.187836 0.931274 -0.164795 0.954559 -0.190643 0.954559 -0.168976 0.931274 -0.155121 0.954559 -0.159973 0.931274 -0.164795 0.931274 -0.155121 0.954559 -0.168976 0.954559 -0.159973 0.931274 -0.164795 0.954559 -0.168976 0.931274 -0.155121 0.931274 -0.164795 0.954559 -0.159973 0.954559 -0.168976 0.931274 -0.187836 0.954559 -0.190643 0.931274 -0.164795 0.931274 -0.187836 0.954559 -0.168976 0.97049 -0.174957 0.954559 -0.159973 0.97049 -0.169189 0.954559 -0.168976 0.954559 -0.159973 0.97049 -0.174957 0.954559 -0.159973 0.97049 -0.174957 0.97049 -0.169189 0.954559 -0.168976 0.97049 -0.174957 0.954559 -0.159973 0.954559 -0.168976 0.97049 -0.188904 0.97049 -0.174957 0.954559 -0.190643 0.97049 -0.188904 0.954559 -0.168976 0.954559 -0.190643 0.97049 -0.20282 0.97049 -0.188904 0.954559 -0.212311 0.97049 -0.20282 0.954559 -0.190643 0.954559 -0.212311 0.97049 -0.208618 0.97049 -0.20282 0.954559 -0.221283 0.97049 -0.208618 0.954559 -0.212311 0.954559 -0.221283 0.97049 -0.20282 0.97049 -0.208618 0.954559 -0.212311 0.97049 -0.20282 0.954559 -0.221283 0.954559 -0.212311 0.97049 -0.188904 0.97049 -0.20282 0.954559 -0.190643 0.97049 -0.188904 0.954559 -0.212311 0.954559 -0.190643 0.97049 -0.174957 0.97049 -0.188904 0.954559 -0.168976 0.97049 -0.174957 0.954559 -0.190643 0.931274 -0.142426 0.954559 -0.119354 0.954559 -0.141052 0.931274 -0.119354 0.954559 -0.119354 0.931274 -0.142426 0.931274 -0.155121 0.954559 -0.141052 0.954559 -0.150024 0.931274 -0.142426 0.954559 -0.141052 0.931274 -0.155121 0.931274 -0.142426 0.954559 -0.150024 0.954559 -0.141052 0.931274 -0.155121 0.954559 -0.150024 0.931274 -0.142426 0.931274 -0.119354 0.954559 -0.141052 0.954559 -0.119354 0.931274 -0.142426 0.954559 -0.141052 0.931274 -0.119354 0.954559 -0.119354 0.931274 -0.096313 0.954559 -0.097686 0.931274 -0.119354 0.931274 -0.096313 0.954559 -0.119354 0.954559 -0.097686 0.931274 -0.083313 0.954559 -0.088714 0.931274 -0.096313 0.931274 -0.083313 0.954559 -0.097686 0.954559 -0.088714 0.931274 -0.096313 0.954559 -0.097686 0.931274 -0.083313 0.931274 -0.096313 0.954559 -0.088714 0.954559 -0.097686 0.931274 -0.119354 0.954559 -0.119354 0.931274 -0.096313 0.931274 -0.119354 0.954559 -0.097686 0.97049 -0.105438 0.954559 -0.088714 0.97049 -0.09967 0.954559 -0.097686 0.954559 -0.088714 0.97049 -0.105438 0.954559 -0.088714 0.97049 -0.105438 0.97049 -0.09967 0.954559 -0.097686 0.97049 -0.105438 0.954559 -0.088714 0.954559 -0.097686 0.97049 -0.119354 0.97049 -0.105438 0.954559 -0.119354 0.97049 -0.119354 0.954559 -0.097686 0.954559 -0.119354 0.97049 -0.133301 0.97049 -0.119354 0.954559 -0.141052 0.97049 -0.133301 0.954559 -0.119354 0.954559 -0.141052 0.97049 -0.139069 0.97049 -0.133301 0.954559 -0.150024 0.97049 -0.139069 0.954559 -0.141052 0.954559 -0.150024 0.97049 -0.133301 0.97049 -0.139069 0.954559 -0.141052 0.97049 -0.133301 0.954559 -0.150024 0.954559 -0.141052 0.97049 -0.119354 0.97049 -0.133301 0.954559 -0.119354 0.97049 -0.119354 0.954559 -0.141052 0.954559 -0.119354 0.97049 -0.105438 0.97049 -0.119354 0.954559 -0.097686 0.97049 -0.105438 0.954559 -0.119354 0.931274 -0.210876 0.856171 -0.213074 0.931274 -0.220428 0.931274 -0.220428 0.856171 -0.213074 0.856171 -0.223175 0.931274 -0.220428 0.856171 -0.223175 0.931274 -0.210876 0.931274 -0.210876 0.856171 -0.223175 0.856171 -0.213074 0.931274 -0.210876 0.856171 -0.213074 0.931274 -0.187836 0.931274 -0.187836 0.856171 -0.213074 0.856171 -0.18866 0.954559 -0.168976 0.954559 -0.190643 0.97049 -0.174957 0.97049 -0.174957 0.954559 -0.190643 0.97049 -0.188904 0.954559 -0.190643 0.954559 -0.212311 0.97049 -0.188904 0.97049 -0.188904 0.954559 -0.212311 0.97049 -0.20282 0.954559 -0.212311 0.954559 -0.221283 0.97049 -0.20282 0.97049 -0.20282 0.954559 -0.221283 0.97049 -0.208618 0.954559 -0.221283 0.954559 -0.212311 0.97049 -0.208618 0.97049 -0.208618 0.954559 -0.212311 0.97049 -0.20282 0.954559 -0.212311 0.954559 -0.190643 0.97049 -0.20282 0.97049 -0.20282 0.954559 -0.190643 0.97049 -0.188904 0.954559 -0.190643 0.954559 -0.168976 0.97049 -0.188904 0.97049 -0.188904 0.954559 -0.168976 0.97049 -0.174957 0.954559 -0.168976 0.954559 -0.159973 0.97049 -0.174957 0.97049 -0.174957 0.954559 -0.159973 0.97049 -0.169189 0.954559 -0.168976 0.97049 -0.174957 0.954559 -0.159973 0.954559 -0.159973 0.97049 -0.174957 0.97049 -0.169189 0.931274 -0.164795 0.954559 -0.168976 0.931274 -0.187836 0.931274 -0.187836 0.954559 -0.168976 0.954559 -0.190643 0.931274 -0.155121 0.954559 -0.159973 0.931274 -0.164795 0.931274 -0.164795 0.954559 -0.159973 0.954559 -0.168976 0.931274 -0.164795 0.954559 -0.168976 0.931274 -0.155121 0.931274 -0.155121 0.954559 -0.168976 0.954559 -0.159973 0.931274 -0.187836 0.954559 -0.190643 0.931274 -0.164795 0.931274 -0.164795 0.954559 -0.190643 0.954559 -0.168976 0.931274 -0.210876 0.931274 -0.187836 0.954559 -0.212311 0.605286 -0.619598 0.56189 -0.603271 0.611145 -0.592804 0.569489 -0.554413 0.615509 -0.56601 0.574127 -0.573425 0.611969 -0.547455 0.615509 -0.56601 0.569489 -0.554413 0.954559 -0.212311 0.931274 -0.187836 0.954559 -0.190643 0.931274 -0.220428 0.931274 -0.210876 0.954559 -0.221283 0.6521 -0.552246 0.66333 -0.585968 0.652344 -0.570709 0.692871 -0.593872 0.66333 -0.585968 0.6521 -0.552246 0.954559 -0.221283 0.931274 -0.210876 0.954559 -0.212311 0.666534 -0.601471 0.605286 -0.619598 0.66333 -0.585968 0.547424 -0.597809 0.574127 -0.573425 0.567719 -0.590179 0.569489 -0.554413 0.574127 -0.573425 0.547424 -0.597809 0.931274 -0.210876 0.931274 -0.220428 0.954559 -0.212311 0.954559 -0.212311 0.931274 -0.220428 0.954559 -0.221283 0.931274 -0.187836 0.931274 -0.210876 0.954559 -0.190643 0.954559 -0.190643 0.931274 -0.210876 0.954559 -0.212311 0.931274 -0.027038 0.931274 -0.050079 0.856171 -0.025665 0.931274 -0.017486 0.931274 -0.027038 0.856171 -0.015564 0.931274 -0.027038 0.931274 -0.017486 0.856171 -0.025665 0.931274 -0.050079 0.931274 -0.027038 0.856171 -0.050079 0.931274 -0.050079 0.856171 -0.050079 0.931274 -0.072814 0.931274 -0.072814 0.856171 -0.050079 0.856171 -0.072814 0.931274 -0.072814 0.856171 -0.072814 0.931274 -0.083313 0.931274 -0.083313 0.856171 -0.072814 0.856171 -0.083313 0.931274 -0.072814 0.856171 -0.072814 0.931274 -0.050079 0.931274 -0.050079 0.856171 -0.072814 0.856171 -0.050079 0.954559 -0.025085 0.954559 -0.046752 0.97049 -0.034576 0.97049 -0.034576 0.954559 -0.046752 0.97049 -0.048492 0.954559 -0.046752 0.954559 -0.06845 0.97049 -0.048492 0.97049 -0.048492 0.954559 -0.06845 0.97049 -0.062439 0.954559 -0.06845 0.954559 -0.077423 0.97049 -0.062439 0.97049 -0.062439 0.954559 -0.077423 0.97049 -0.068206 0.954559 -0.077423 0.954559 -0.06845 0.97049 -0.068206 0.97049 -0.068206 0.954559 -0.06845 0.97049 -0.062439 0.954559 -0.06845 0.954559 -0.046752 0.97049 -0.062439 0.97049 -0.062439 0.954559 -0.046752 0.97049 -0.048492 0.954559 -0.046752 0.954559 -0.025085 0.97049 -0.048492 0.97049 -0.09967 0.97049 -0.105438 0.977783 -0.119354 0.97049 -0.048492 0.954559 -0.025085 0.97049 -0.034576 0.954559 -0.025085 0.954559 -0.016113 0.97049 -0.034576 0.97049 -0.105438 0.97049 -0.119354 0.977783 -0.119354 0.97049 -0.048492 0.977783 -0.049316 0.97049 -0.062439 0.97049 -0.062439 0.977783 -0.049316 0.97049 -0.068206 0.97049 -0.068206 0.977783 -0.049316 0.97049 -0.062439 0.97049 -0.034576 0.954559 -0.016113 0.97049 -0.028808 0.954559 -0.025085 0.97049 -0.034576 0.954559 -0.016113 0.954559 -0.016113 0.97049 -0.034576 0.97049 -0.028808 0.931274 -0.027038 0.954559 -0.025085 0.931274 -0.050079 0.931274 -0.050079 0.954559 -0.025085 0.954559 -0.046752 0.931274 -0.017486 0.954559 -0.016113 0.931274 -0.027038 0.931274 -0.027038 0.954559 -0.016113 0.954559 -0.025085 0.931274 -0.027038 0.954559 -0.025085 0.931274 -0.017486 0.931274 -0.017486 0.954559 -0.025085 0.954559 -0.016113 0.931274 -0.050079 0.954559 -0.046752 0.931274 -0.027038 0.931274 -0.027038 0.954559 -0.046752 0.954559 -0.025085 0.931274 -0.072814 0.931274 -0.050079 0.954559 -0.06845 0.97049 -0.062439 0.977783 -0.049316 0.97049 -0.048492 0.97049 -0.048492 0.97049 -0.034576 0.977783 -0.049316 0.97049 -0.034576 0.97049 -0.028808 0.977783 -0.049316 0.97049 -0.028808 0.97049 -0.034576 0.977783 -0.049316 0.954559 -0.06845 0.931274 -0.050079 0.954559 -0.046752 0.931274 -0.083313 0.931274 -0.072814 0.954559 -0.077423 0.954559 -0.077423 0.931274 -0.072814 0.954559 -0.06845 0.931274 -0.072814 0.931274 -0.083313 0.954559 -0.06845 0.954559 -0.06845 0.931274 -0.083313 0.954559 -0.077423 0.931274 -0.050079 0.931274 -0.072814 0.954559 -0.046752 0.97049 -0.034576 0.97049 -0.048492 0.977783 -0.049316 0.97049 -0.188904 0.977783 -0.18811 0.97049 -0.20282 0.97049 -0.20282 0.977783 -0.18811 0.97049 -0.208618 0.97049 -0.208618 0.977783 -0.18811 0.97049 -0.20282 0.97049 -0.20282 0.977783 -0.18811 0.97049 -0.188904 0.97049 -0.188904 0.97049 -0.174957 0.977783 -0.18811 0.56189 -0.603271 0.547424 -0.597809 0.567719 -0.590179 0.692871 -0.593872 0.666534 -0.601471 0.66333 -0.585968 0.97049 -0.174957 0.97049 -0.169189 0.977783 -0.18811 0.97049 -0.169189 0.97049 -0.174957 0.977783 -0.18811 0.97049 -0.174957 0.97049 -0.188904 0.977783 -0.18811 0.97049 -0.119354 0.977783 -0.119354 0.97049 -0.133301 0.97049 -0.133301 0.977783 -0.119354 0.97049 -0.139069 0.97049 -0.139069 0.977783 -0.119354 0.97049 -0.133301 0.97049 -0.133301 0.977783 -0.119354 0.97049 -0.119354 0.97049 -0.119354 0.97049 -0.105438 0.977783 -0.119354 0.97049 -0.105438 0.97049 -0.09967 0.977783 -0.119354 0.954559 -0.046752 0.931274 -0.072814 0.954559 -0.06845 0.931274 -0.096313 0.931274 -0.119354 0.856171 -0.09497 0.931274 -0.083313 0.931274 -0.096313 0.856171 -0.083313 0.931274 -0.096313 0.931274 -0.083313 0.856171 -0.09497 0.931274 -0.119354 0.931274 -0.096313 0.856171 -0.119354 0.931274 -0.119354 0.856171 -0.119354 0.931274 -0.142426 0.931274 -0.142426 0.856171 -0.119354 0.856171 -0.143768 0.931274 -0.142426 0.856171 -0.143768 0.931274 -0.155121 0.931274 -0.155121 0.856171 -0.143768 0.856171 -0.155121 0.931274 -0.155121 0.856171 -0.155121 0.931274 -0.142426 0.931274 -0.142426 0.856171 -0.155121 0.856171 -0.143768 0.931274 -0.142426 0.856171 -0.143768 0.931274 -0.119354 0.931274 -0.119354 0.856171 -0.143768 0.856171 -0.119354 0.954559 -0.097686 0.954559 -0.119354 0.97049 -0.105438 0.97049 -0.105438 0.954559 -0.119354 0.97049 -0.119354 0.954559 -0.119354 0.954559 -0.141052 0.97049 -0.119354 0.97049 -0.119354 0.954559 -0.141052 0.97049 -0.133301 0.954559 -0.141052 0.954559 -0.150024 0.97049 -0.133301 0.97049 -0.133301 0.954559 -0.150024 0.97049 -0.139069 0.954559 -0.150024 0.954559 -0.141052 0.97049 -0.139069 0.97049 -0.139069 0.954559 -0.141052 0.97049 -0.133301 0.954559 -0.141052 0.954559 -0.119354 0.97049 -0.133301 0.97049 -0.133301 0.954559 -0.119354 0.97049 -0.119354 0.954559 -0.119354 0.954559 -0.097686 0.97049 -0.119354 0.97049 -0.119354 0.954559 -0.097686 0.97049 -0.105438 0.954559 -0.097686 0.954559 -0.088714 0.97049 -0.105438 0.97049 -0.105438 0.954559 -0.088714 0.97049 -0.09967 0.954559 -0.097686 0.97049 -0.105438 0.954559 -0.088714 0.954559 -0.088714 0.97049 -0.105438 0.97049 -0.09967 0.931274 -0.096313 0.954559 -0.097686 0.931274 -0.119354 0.931274 -0.119354 0.954559 -0.097686 0.954559 -0.119354 0.931274 -0.083313 0.954559 -0.088714 0.931274 -0.096313 0.931274 -0.096313 0.954559 -0.088714 0.954559 -0.097686 0.931274 -0.096313 0.954559 -0.097686 0.931274 -0.083313 0.569489 -0.554413 0.547424 -0.597809 0.574127 -0.573425 0.56189 -0.603271 0.611145 -0.592804 0.567719 -0.590179 0.605286 -0.619598 0.611145 -0.592804 0.56189 -0.603271 0.931274 -0.083313 0.954559 -0.097686 0.954559 -0.088714 0.611969 -0.547455 0.569489 -0.554413 0.615509 -0.56601 0.611969 -0.547455 0.652344 -0.570709 0.6521 -0.552246 0.931274 -0.119354 0.954559 -0.119354 0.931274 -0.096313 0.931274 -0.096313 0.954559 -0.119354 0.954559 -0.097686 0.692871 -0.593872 0.6521 -0.552246 0.66333 -0.585968 0.605286 -0.619598 0.66333 -0.585968 0.611145 -0.592804 0.666534 -0.601471 0.66333 -0.585968 0.605286 -0.619598 0.931274 -0.142426 0.931274 -0.119354 0.954559 -0.141052 0.954559 -0.141052 0.931274 -0.119354 0.954559 -0.119354 0.931274 -0.155121 0.931274 -0.142426 0.954559 -0.150024 0.954559 -0.150024 0.931274 -0.142426 0.954559 -0.141052 0.931274 -0.142426 0.931274 -0.155121 0.954559 -0.141052 0.954559 -0.141052 0.931274 -0.155121 0.954559 -0.150024 0.931274 -0.119354 0.931274 -0.142426 0.954559 -0.119354 0.954559 -0.119354 0.931274 -0.142426 0.954559 -0.141052 0.931274 -0.083313 0.856171 -0.083313 0.931274 -0.072814 0.931274 -0.072814 0.856171 -0.083313 0.856171 -0.072814 0.856171 -0.164246 0.856171 -0.18866 0.757019 -0.1651 0.56189 -0.603271 0.567719 -0.590179 0.547424 -0.597809 0.692871 -0.593872 0.66333 -0.585968 0.666534 -0.601471 0.26889 -0.39801 0.273682 -0.420044 0.164978 -0.400879 0.581482 -0.194763 0.602448 -0.208923 0.582123 -0.206451 0.601379 -0.196838 0.602448 -0.208923 0.581482 -0.194763 0.601379 -0.196838 0.580597 -0.118561 0.599823 -0.118561 0.581482 -0.194763 0.580597 -0.118561 0.601379 -0.196838 0.599823 -0.118561 0.581482 -0.042358 0.601379 -0.040283 0.580597 -0.118561 0.581482 -0.042358 0.599823 -0.118561 0.582123 -0.0307 0.601379 -0.040283 0.581482 -0.042358 0.602448 -0.028198 0.601379 -0.040283 0.582123 -0.0307 0.606903 -0.118561 0.693237 -0.163757 0.689423 -0.118561 0.689423 -0.118561 0.693237 -0.163757 0.606903 -0.118561 0.606903 -0.118561 0.693237 -0.073364 0.689423 -0.118561 0.606903 -0.118561 0.689423 -0.118561 0.693237 -0.073364 0.608734 -0.03952 0.693237 -0.073364 0.697052 -0.028167 0.606903 -0.118561 0.693237 -0.073364 0.608734 -0.03952 0.697052 -0.208954 0.693237 -0.163757 0.608734 -0.197601 0.608734 -0.197601 0.693237 -0.163757 0.697052 -0.208954 0.606903 -0.118561 0.693237 -0.163757 0.608734 -0.197601 0.697052 -0.028167 0.693237 -0.073364 0.608734 -0.03952 0.608734 -0.03952 0.693237 -0.073364 0.606903 -0.118561 0.601379 -0.040283 0.580597 -0.118561 0.599823 -0.118561 0.580597 -0.118561 0.581482 -0.194763 0.599823 -0.118561 0.608734 -0.197601 0.693237 -0.163757 0.606903 -0.118561 0.582123 -0.206451 0.45813 -0.159668 0.420441 -0.145172 0.420441 -0.145172 0.581482 -0.194763 0.582123 -0.206451 0.582123 -0.0307 0.581482 -0.042358 0.420441 -0.08258 0.45813 -0.077362 0.582123 -0.0307 0.420441 -0.08258 0.582123 -0.206451 0.581482 -0.194763 0.45813 -0.159668 0.581482 -0.042358 0.582123 -0.0307 0.45813 -0.077362 0.757019 -0.1651 0.856171 -0.18866 0.757019 -0.190247 0.599823 -0.118561 0.581482 -0.194763 0.601379 -0.196838 0.757019 -0.155121 0.856171 -0.164246 0.757019 -0.1651 0.856171 -0.155121 0.856171 -0.164246 0.757019 -0.155121 0.45813 -0.11615 0.580597 -0.118561 0.45813 -0.077362 0.45813 -0.077362 0.580597 -0.118561 0.581482 -0.042358 0.420441 -0.08258 0.581482 -0.042358 0.398071 -0.117188 0.398071 -0.117188 0.581482 -0.042358 0.580597 -0.118561 0.398071 -0.117188 0.580597 -0.118561 0.420441 -0.145172 0.420441 -0.145172 0.580597 -0.118561 0.581482 -0.194763 0.581482 -0.194763 0.580597 -0.118561 0.45813 -0.159668 0.45813 -0.159668 0.580597 -0.118561 0.45813 -0.11615 0.602448 -0.208923 0.601379 -0.196838 0.582123 -0.206451 0.582123 -0.206451 0.601379 -0.196838 0.581482 -0.194763 0.66333 -0.585968 0.6521 -0.552246 0.652344 -0.570709 0.615509 -0.56601 0.652344 -0.570709 0.611969 -0.547455 0.615509 -0.56601 0.569489 -0.554413 0.574127 -0.573425 0.574127 -0.573425 0.547424 -0.597809 0.567719 -0.590179 0.601379 -0.040283 0.602448 -0.028198 0.581482 -0.042358 0.581482 -0.042358 0.602448 -0.028198 0.582123 -0.0307 0.697052 -0.028167 0.702179 -0.013671 0.608734 -0.03952 0.608734 -0.03952 0.702179 -0.013671 0.609955 -0.027282 0.702179 -0.013671 0.697052 -0.028167 0.609955 -0.027282 0.609955 -0.027282 0.697052 -0.028167 0.608734 -0.03952 0.697052 -0.208954 0.702179 -0.22345 0.608734 -0.197601 0.608734 -0.197601 0.702179 -0.22345 0.609955 -0.209839 0.702179 -0.22345 0.697052 -0.208954 0.609955 -0.209839 0.609955 -0.209839 0.697052 -0.208954 0.608734 -0.197601 0.601379 -0.040283 0.599823 -0.118561 0.608734 -0.03952 0.608734 -0.03952 0.599823 -0.118561 0.606903 -0.118561 0.608734 -0.03952 0.609955 -0.027282 0.601379 -0.040283 0.601379 -0.040283 0.609955 -0.027282 0.602448 -0.028198 0.609955 -0.027282 0.608734 -0.03952 0.602448 -0.028198 0.602448 -0.028198 0.608734 -0.03952 0.601379 -0.040283 0.599823 -0.118561 0.601379 -0.040283 0.606903 -0.118561 0.606903 -0.118561 0.601379 -0.040283 0.608734 -0.03952 0.601379 -0.196838 0.599823 -0.118561 0.608734 -0.197601 0.608734 -0.197601 0.599823 -0.118561 0.606903 -0.118561 0.608734 -0.197601 0.609955 -0.209839 0.601379 -0.196838 0.601379 -0.196838 0.609955 -0.209839 0.602448 -0.208923 0.609955 -0.209839 0.608734 -0.197601 0.602448 -0.208923 0.602448 -0.208923 0.608734 -0.197601 0.601379 -0.196838 0.599823 -0.118561 0.601379 -0.196838 0.606903 -0.118561 0.606903 -0.118561 0.601379 -0.196838 0.608734 -0.197601 0.45813 -0.077362 0.420441 -0.08258 0.582123 -0.0307 0.689423 -0.118561 0.734833 -0.086578 0.757019 -0.118958 0.856171 -0.119354 0.931274 -0.096313 0.856171 -0.09497 0.757019 -0.047699 0.697052 -0.028167 0.693237 -0.073364 0.856171 -0.09497 0.931274 -0.083313 0.856171 -0.083313 0.697052 -0.028167 0.757019 -0.047699 0.757019 -0.022552 0.856171 -0.083313 0.931274 -0.096313 0.856171 -0.09497 0.697052 -0.028167 0.757019 -0.022552 0.757019 -0.047699 0.856171 -0.09497 0.931274 -0.119354 0.856171 -0.119354 0.697052 -0.208954 0.757019 -0.215363 0.757019 -0.190247 0.697052 -0.208954 0.757019 -0.190247 0.757019 -0.215363 0.581482 -0.042358 0.45813 -0.077362 0.582123 -0.0307 0.582123 -0.206451 0.45813 -0.159668 0.581482 -0.194763 0.689423 -0.118561 0.693237 -0.163757 0.734833 -0.15451 0.582123 -0.0307 0.420441 -0.08258 0.581482 -0.042358 0.420441 -0.145172 0.582123 -0.206451 0.581482 -0.194763 0.582123 -0.206451 0.420441 -0.145172 0.45813 -0.159668 0.608734 -0.03952 0.606903 -0.118561 0.693237 -0.073364 0.697052 -0.028167 0.608734 -0.03952 0.693237 -0.073364 0.606903 -0.118561 0.608734 -0.197601 0.693237 -0.163757 0.608734 -0.197601 0.697052 -0.208954 0.693237 -0.163757 0.608734 -0.197601 0.606903 -0.118561 0.693237 -0.163757 0.697052 -0.208954 0.608734 -0.197601 0.693237 -0.163757 0.606903 -0.118561 0.608734 -0.03952 0.693237 -0.073364 0.608734 -0.03952 0.697052 -0.028167 0.693237 -0.073364 0.606903 -0.118561 0.693237 -0.073364 0.689423 -0.118561 0.606903 -0.118561 0.689423 -0.118561 0.693237 -0.073364 0.689423 -0.118561 0.606903 -0.118561 0.693237 -0.163757 0.606903 -0.118561 0.689423 -0.118561 0.693237 -0.163757 0.734833 -0.15451 0.693237 -0.163757 0.689423 -0.118561 0.689423 -0.118561 0.693237 -0.073364 0.734833 -0.086578 0.734833 -0.086578 0.757019 -0.047699 0.693237 -0.073364 0.693237 -0.163757 0.697052 -0.208954 0.757019 -0.190247 0.693237 -0.073364 0.757019 -0.047699 0.734833 -0.086578 0.757019 -0.190247 0.697052 -0.208954 0.693237 -0.163757 0.734833 -0.086578 0.693237 -0.073364 0.689423 -0.118561 0.693237 -0.163757 0.757019 -0.190247 0.734833 -0.15451 0.734833 -0.15451 0.689423 -0.118561 0.757019 -0.118958 0.693237 -0.073364 0.697052 -0.028167 0.757019 -0.047699 0.734833 -0.15451 0.757019 -0.190247 0.693237 -0.163757 0.734833 -0.15451 0.757019 -0.1651 0.757019 -0.190247 0.757019 -0.190247 0.757019 -0.1651 0.734833 -0.15451 0.734833 -0.086578 0.757019 -0.072814 0.757019 -0.047699 0.757019 -0.083313 0.734833 -0.086578 0.757019 -0.093811 0.734833 -0.086578 0.757019 -0.083313 0.757019 -0.072814 0.757019 -0.083313 0.734833 -0.086578 0.757019 -0.072814 0.734833 -0.086578 0.757019 -0.047699 0.757019 -0.072814 0.734833 -0.086578 0.757019 -0.083313 0.757019 -0.093811 0.856171 -0.050079 0.931274 -0.027038 0.856171 -0.025665 0.734833 -0.086578 0.757019 -0.093811 0.757019 -0.118958 0.856171 -0.025665 0.931274 -0.017486 0.856171 -0.015564 0.757019 -0.155121 0.757019 -0.144104 0.734833 -0.15451 0.856171 -0.015564 0.931274 -0.027038 0.856171 -0.025665 0.734833 -0.15451 0.757019 -0.1651 0.757019 -0.155121 0.856171 -0.025665 0.931274 -0.050079 0.856171 -0.050079 0.757019 -0.155121 0.757019 -0.1651 0.734833 -0.15451 0.734833 -0.15451 0.757019 -0.144104 0.757019 -0.155121 0.757019 -0.118958 0.757019 -0.144104 0.734833 -0.15451 0.599823 -0.118561 0.606903 -0.118561 0.601379 -0.196838 0.601379 -0.196838 0.606903 -0.118561 0.608734 -0.197601 0.66333 -0.585968 0.605286 -0.619598 0.611145 -0.592804 0.615509 -0.56601 0.611969 -0.547455 0.652344 -0.570709 0.652344 -0.570709 0.611969 -0.547455 0.6521 -0.552246 0.611145 -0.592804 0.56189 -0.603271 0.567719 -0.590179 0.45813 -0.11615 0.45813 -0.077362 0.580597 -0.118561 0.580597 -0.118561 0.45813 -0.077362 0.581482 -0.042358 0.420441 -0.08258 0.398071 -0.117188 0.581482 -0.042358 0.581482 -0.042358 0.398071 -0.117188 0.580597 -0.118561 0.398071 -0.117188 0.420441 -0.145172 0.580597 -0.118561 0.580597 -0.118561 0.420441 -0.145172 0.581482 -0.194763 0.581482 -0.194763 0.45813 -0.159668 0.580597 -0.118561 0.580597 -0.118561 0.45813 -0.159668 0.45813 -0.11615 0.697052 -0.028167 0.608734 -0.03952 0.702179 -0.013671 0.702179 -0.013671 0.608734 -0.03952 0.609955 -0.027282 0.702179 -0.013671 0.609955 -0.027282 0.697052 -0.028167 0.697052 -0.028167 0.609955 -0.027282 0.608734 -0.03952 0.697052 -0.208954 0.608734 -0.197601 0.702179 -0.22345 0.702179 -0.22345 0.608734 -0.197601 0.609955 -0.209839 0.702179 -0.22345 0.609955 -0.209839 0.697052 -0.208954 0.697052 -0.208954 0.609955 -0.209839 0.608734 -0.197601 0.581482 -0.042358 0.601379 -0.040283 0.580597 -0.118561 0.580597 -0.118561 0.601379 -0.040283 0.599823 -0.118561 0.702179 -0.013671 0.697052 -0.028167 0.757019 -0.012146 0.757019 -0.012146 0.697052 -0.028167 0.757019 -0.022552 0.697052 -0.028167 0.702179 -0.013671 0.757019 -0.022552 0.757019 -0.022552 0.702179 -0.013671 0.757019 -0.012146 0.702179 -0.22345 0.757019 -0.2258 0.697052 -0.208954 0.697052 -0.208954 0.757019 -0.2258 0.757019 -0.215363 0.697052 -0.208954 0.757019 -0.215363 0.702179 -0.22345 0.702179 -0.22345 0.757019 -0.215363 0.757019 -0.2258 0.689423 -0.118561 0.734833 -0.15451 0.757019 -0.118958 0.757019 -0.118958 0.734833 -0.15451 0.757019 -0.144104 0.734833 -0.086578 0.689423 -0.118561 0.757019 -0.093811 0.757019 -0.093811 0.689423 -0.118561 0.757019 -0.118958 0.856171 -0.119354 0.931274 -0.142426 0.856171 -0.143768 0.856171 -0.143768 0.931274 -0.155121 0.856171 -0.155121 0.856171 -0.18866 0.931274 -0.164795 0.856171 -0.164246 0.856171 -0.155121 0.931274 -0.142426 0.856171 -0.143768 0.856171 -0.164246 0.931274 -0.155121 0.856171 -0.155121 0.856171 -0.143768 0.931274 -0.119354 0.856171 -0.119354 0.856171 -0.155121 0.931274 -0.164795 0.856171 -0.164246 0.601379 -0.040283 0.581482 -0.042358 0.602448 -0.028198 0.602448 -0.028198 0.581482 -0.042358 0.582123 -0.0307 0.856171 -0.18866 0.931274 -0.210876 0.856171 -0.213074 0.757019 -0.022552 0.856171 -0.050079 0.757019 -0.047699 0.856171 -0.025665 0.856171 -0.050079 0.757019 -0.022552 0.757019 -0.012146 0.856171 -0.025665 0.757019 -0.022552 0.856171 -0.015564 0.856171 -0.025665 0.757019 -0.012146 0.757019 -0.022552 0.856171 -0.015564 0.757019 -0.012146 0.856171 -0.025665 0.856171 -0.015564 0.757019 -0.022552 0.856171 -0.18866 0.757019 -0.215363 0.757019 -0.190247 0.856171 -0.213074 0.757019 -0.215363 0.856171 -0.18866 0.856171 -0.213074 0.757019 -0.2258 0.757019 -0.215363 0.856171 -0.223175 0.757019 -0.2258 0.856171 -0.213074 0.856171 -0.119354 0.757019 -0.144104 0.757019 -0.118958 0.856171 -0.143768 0.757019 -0.144104 0.856171 -0.119354 0.856171 -0.143768 0.757019 -0.155121 0.757019 -0.144104 0.856171 -0.155121 0.757019 -0.155121 0.856171 -0.143768 0.856171 -0.155121 0.757019 -0.144104 0.757019 -0.155121 0.856171 -0.143768 0.757019 -0.144104 0.856171 -0.155121 0.856171 -0.143768 0.757019 -0.118958 0.757019 -0.144104 0.856171 -0.119354 0.757019 -0.118958 0.856171 -0.143768 0.757019 -0.118958 0.856171 -0.09497 0.757019 -0.093811 0.856171 -0.119354 0.856171 -0.09497 0.757019 -0.118958 0.757019 -0.093811 0.856171 -0.119354 0.757019 -0.118958 0.856171 -0.09497 0.856171 -0.119354 0.757019 -0.093811 0.757019 -0.083313 0.856171 -0.09497 0.757019 -0.093811 0.856171 -0.083313 0.856171 -0.09497 0.757019 -0.083313 0.757019 -0.093811 0.856171 -0.083313 0.757019 -0.083313 0.856171 -0.09497 0.856171 -0.083313 0.757019 -0.093811 0.856171 -0.223175 0.757019 -0.215363 0.757019 -0.2258 0.856171 -0.213074 0.757019 -0.215363 0.856171 -0.223175 0.856171 -0.050079 0.757019 -0.072814 0.757019 -0.047699 0.856171 -0.072814 0.757019 -0.072814 0.856171 -0.050079 0.856171 -0.072814 0.757019 -0.083313 0.757019 -0.072814 0.856171 -0.083313 0.757019 -0.083313 0.856171 -0.072814 0.856171 -0.083313 0.757019 -0.072814 0.757019 -0.083313 0.856171 -0.072814 0.757019 -0.072814 0.856171 -0.083313 0.856171 -0.072814 0.757019 -0.047699 0.757019 -0.072814 0.856171 -0.050079 0.757019 -0.047699 0.856171 -0.072814 0.757019 -0.047699 0.856171 -0.025665 0.757019 -0.022552 0.856171 -0.050079 0.856171 -0.025665 0.757019 -0.047699 0.856171 -0.213074 0.757019 -0.190247 0.757019 -0.215363 0.856171 -0.18866 0.757019 -0.190247 0.856171 -0.213074 0.757019 -0.190247 0.856171 -0.164246 0.757019 -0.1651 0.856171 -0.18866 0.856171 -0.164246 0.757019 -0.190247 0.757019 -0.1651 0.856171 -0.155121 0.757019 -0.155121 0.856171 -0.164246 0.856171 -0.155121 0.757019 -0.1651 0.734833 -0.15451 0.757019 -0.118958 0.757019 -0.144104 0.689423 -0.118561 0.757019 -0.118958 0.734833 -0.15451 0.757019 -0.215363 0.702179 -0.22345 0.757019 -0.2258 0.697052 -0.208954 0.702179 -0.22345 0.757019 -0.215363 0.757019 -0.2258 0.697052 -0.208954 0.757019 -0.215363 0.702179 -0.22345 0.697052 -0.208954 0.757019 -0.2258 0.702179 -0.013671 0.757019 -0.022552 0.757019 -0.012146 0.697052 -0.028167 0.757019 -0.022552 0.702179 -0.013671 0.697052 -0.028167 0.757019 -0.012146 0.757019 -0.022552 0.702179 -0.013671 0.757019 -0.012146 0.697052 -0.028167 0.689423 -0.118561 0.757019 -0.093811 0.757019 -0.118958 0.734833 -0.086578 0.757019 -0.093811 0.689423 -0.118561 0.856171 -0.213074 0.931274 -0.220428 0.856171 -0.223175 0.979614 -0.362305 0.993195 -0.448669 0.975433 -0.379456 0.743103 -0.448669 0.760864 -0.379456 0.754761 -0.426697 0.756714 -0.362305 0.760864 -0.379456 0.743103 -0.448669 0.856171 -0.223175 0.931274 -0.210876 0.856171 -0.213074 0.938599 -0.457367 0.798126 -0.457367 0.914154 -0.430664 0.856171 -0.213074 0.931274 -0.187836 0.856171 -0.18866 0.856171 -0.050079 0.931274 -0.072814 0.856171 -0.072814 0.856171 -0.072814 0.931274 -0.083313 0.856171 -0.083313 0.856171 -0.083313 0.931274 -0.072814 0.856171 -0.072814 0.856171 -0.072814 0.931274 -0.050079 0.856171 -0.050079 0.602448 -0.028198 0.582123 -0.0307 0.601379 -0.040283 0.601379 -0.040283 0.582123 -0.0307 0.581482 -0.042358 0.580597 -0.118561 0.599823 -0.118561 0.581482 -0.042358 0.581482 -0.042358 0.599823 -0.118561 0.601379 -0.040283 0.581482 -0.194763 0.601379 -0.196838 0.580597 -0.118561 0.580597 -0.118561 0.601379 -0.196838 0.599823 -0.118561 0.601379 -0.196838 0.581482 -0.194763 0.602448 -0.208923 0.602448 -0.208923 0.581482 -0.194763 0.582123 -0.206451 0.602448 -0.208923 0.582123 -0.206451 0.601379 -0.196838 0.601379 -0.196838 0.582123 -0.206451 0.581482 -0.194763 0.580597 -0.118561 0.599823 -0.118561 0.581482 -0.194763 0.581482 -0.194763 0.599823 -0.118561 0.601379 -0.196838 0.601379 -0.040283 0.608734 -0.03952 0.599823 -0.118561 0.599823 -0.118561 0.608734 -0.03952 0.606903 -0.118561 0.608734 -0.03952 0.601379 -0.040283 0.609955 -0.027282 0.609955 -0.027282 0.601379 -0.040283 0.602448 -0.028198 0.609955 -0.027282 0.602448 -0.028198 0.608734 -0.03952 0.608734 -0.03952 0.602448 -0.028198 0.601379 -0.040283 0.599823 -0.118561 0.606903 -0.118561 0.601379 -0.040283 0.601379 -0.040283 0.606903 -0.118561 0.608734 -0.03952 0.601379 -0.196838 0.608734 -0.197601 0.599823 -0.118561 0.599823 -0.118561 0.608734 -0.197601 0.606903 -0.118561 0.757019 -0.118958 0.734833 -0.15451 0.757019 -0.144104 0.734833 -0.15451 0.757019 -0.155121 0.757019 -0.144104 0.734833 -0.15451 0.757019 -0.190247 0.757019 -0.1651 0.697052 -0.208954 0.757019 -0.215363 0.757019 -0.190247 0.697052 -0.208954 0.757019 -0.190247 0.757019 -0.215363 0.757019 -0.155121 0.734833 -0.15451 0.757019 -0.1651 0.734833 -0.15451 0.757019 -0.155121 0.757019 -0.1651 0.757019 -0.155121 0.734833 -0.15451 0.757019 -0.144104 0.734833 -0.086578 0.757019 -0.118958 0.757019 -0.093811 0.734833 -0.086578 0.757019 -0.093811 0.757019 -0.083313 0.734833 -0.086578 0.757019 -0.072814 0.757019 -0.047699 0.697052 -0.028167 0.757019 -0.047699 0.757019 -0.022552 0.697052 -0.028167 0.757019 -0.022552 0.757019 -0.047699 0.757019 -0.083313 0.757019 -0.072814 0.734833 -0.086578 0.734833 -0.086578 0.757019 -0.072814 0.757019 -0.083313 0.757019 -0.083313 0.757019 -0.093811 0.734833 -0.086578 0.757019 -0.047699 0.693237 -0.073364 0.697052 -0.028167 0.689423 -0.118561 0.757019 -0.118958 0.734833 -0.086578 0.734833 -0.086578 0.757019 -0.047699 0.757019 -0.072814 0.757019 -0.190247 0.734833 -0.15451 0.757019 -0.1651 0.734833 -0.15451 0.693237 -0.163757 0.757019 -0.190247 0.693237 -0.073364 0.757019 -0.047699 0.697052 -0.028167 0.734833 -0.15451 0.757019 -0.118958 0.689423 -0.118561 0.693237 -0.163757 0.734833 -0.15451 0.757019 -0.190247 0.734833 -0.086578 0.689423 -0.118561 0.693237 -0.073364 0.757019 -0.190247 0.693237 -0.163757 0.697052 -0.208954 0.693237 -0.073364 0.734833 -0.086578 0.757019 -0.047699 0.693237 -0.163757 0.757019 -0.190247 0.697052 -0.208954 0.734833 -0.086578 0.693237 -0.073364 0.757019 -0.047699 0.689423 -0.118561 0.734833 -0.15451 0.693237 -0.163757 0.689423 -0.118561 0.734833 -0.086578 0.693237 -0.073364 0.734833 -0.15451 0.689423 -0.118561 0.693237 -0.163757 0.608734 -0.197601 0.601379 -0.196838 0.609955 -0.209839 0.609955 -0.209839 0.601379 -0.196838 0.602448 -0.208923 0.609955 -0.209839 0.602448 -0.208923 0.608734 -0.197601 0.931183 -0.306366 0.979614 -0.362305 0.975433 -0.379456 0.993195 -0.448669 0.938599 -0.457367 0.914154 -0.430664 0.608734 -0.197601 0.602448 -0.208923 0.601379 -0.196838 0.856171 -0.09497 0.757019 -0.093811 0.856171 -0.083313 0.914154 -0.33136 0.932159 -0.381958 0.914154 -0.430664 0.856171 -0.083313 0.757019 -0.093811 0.757019 -0.083313 0.993195 -0.448669 0.914154 -0.430664 0.981567 -0.426697 0.856171 -0.083313 0.757019 -0.083313 0.856171 -0.09497 0.914154 -0.33136 0.931183 -0.306366 0.94751 -0.366974 0.856171 -0.09497 0.757019 -0.083313 0.757019 -0.093811 0.805115 -0.306366 0.760864 -0.379456 0.756714 -0.362305 0.856171 -0.09497 0.757019 -0.093811 0.856171 -0.119354 0.856171 -0.119354 0.757019 -0.093811 0.757019 -0.118958 0.822174 -0.33136 0.822174 -0.430664 0.804138 -0.381958 0.856171 -0.119354 0.757019 -0.118958 0.856171 -0.09497 0.743103 -0.448669 0.754761 -0.426697 0.822174 -0.430664 0.856171 -0.09497 0.757019 -0.118958 0.757019 -0.093811 0.822174 -0.33136 0.788818 -0.366974 0.805115 -0.306366 0.856171 -0.119354 0.856171 -0.143768 0.757019 -0.118958 0.798126 -0.457367 0.743103 -0.448669 0.822174 -0.430664 0.757019 -0.118958 0.856171 -0.143768 0.757019 -0.144104 0.856171 -0.143768 0.856171 -0.155121 0.757019 -0.144104 0.757019 -0.144104 0.856171 -0.155121 0.757019 -0.155121 0.856171 -0.155121 0.856171 -0.143768 0.757019 -0.155121 0.757019 -0.155121 0.856171 -0.143768 0.757019 -0.144104 0.856171 -0.143768 0.856171 -0.119354 0.757019 -0.144104 0.757019 -0.144104 0.856171 -0.119354 0.757019 -0.118958 0.856171 -0.164246 0.757019 -0.1651 0.856171 -0.155121 0.856171 -0.155121 0.757019 -0.1651 0.757019 -0.155121 0.856171 -0.18866 0.757019 -0.190247 0.856171 -0.164246 0.856171 -0.164246 0.757019 -0.190247 0.757019 -0.1651 0.856171 -0.18866 0.856171 -0.213074 0.757019 -0.190247 0.757019 -0.190247 0.856171 -0.213074 0.757019 -0.215363 0.856171 -0.213074 0.856171 -0.223175 0.757019 -0.215363 0.757019 -0.215363 0.856171 -0.223175 0.757019 -0.2258 0.856171 -0.223175 0.856171 -0.213074 0.757019 -0.2258 0.757019 -0.2258 0.856171 -0.213074 0.757019 -0.215363 0.856171 -0.213074 0.856171 -0.18866 0.757019 -0.215363 0.757019 -0.215363 0.856171 -0.18866 0.757019 -0.190247 0.856171 -0.025665 0.757019 -0.022552 0.856171 -0.015564 0.856171 -0.015564 0.757019 -0.022552 0.757019 -0.012146 0.856171 -0.015564 0.757019 -0.012146 0.856171 -0.025665 0.856171 -0.025665 0.757019 -0.012146 0.757019 -0.022552 0.979614 -0.362305 0.931183 -0.306366 0.936676 -0.269897 0.856171 -0.025665 0.757019 -0.022552 0.856171 -0.050079 0.856171 -0.050079 0.757019 -0.022552 0.757019 -0.047699 0.856171 -0.050079 0.757019 -0.047699 0.856171 -0.025665 0.856171 -0.025665 0.757019 -0.047699 0.757019 -0.022552 0.756714 -0.362305 0.799622 -0.269897 0.805115 -0.306366 0.856171 -0.050079 0.856171 -0.072814 0.757019 -0.047699 0.868164 -0.33548 0.822174 -0.33136 0.840027 -0.296631 0.757019 -0.047699 0.856171 -0.072814 0.757019 -0.072814 0.856171 -0.072814 0.856171 -0.083313 0.757019 -0.072814 0.757019 -0.072814 0.856171 -0.083313 0.757019 -0.083313 0.856171 -0.083313 0.856171 -0.072814 0.757019 -0.083313 0.757019 -0.083313 0.856171 -0.072814 0.757019 -0.072814 0.856171 -0.072814 0.856171 -0.050079 0.757019 -0.072814 0.757019 -0.072814 0.856171 -0.050079 0.757019 -0.047699 0.856171 -0.155121 0.757019 -0.155121 0.856171 -0.164246 0.856171 -0.18866 0.757019 -0.1651 0.757019 -0.190247 0.499115 -0.761292 0.433411 -0.806671 0.489319 -0.713562 0.499115 -0.761292 0.489319 -0.713562 0.433411 -0.806671 0.373169 -0.898407 0.470856 -0.919037 0.478638 -0.883636 0.373169 -0.898407 0.478638 -0.883636 0.470856 -0.919037 0.433411 -0.806671 0.478638 -0.883636 0.373169 -0.898407 0.433411 -0.806671 0.373169 -0.898407 0.478638 -0.883636 0.499115 -0.761292 0.478638 -0.883636 0.433411 -0.806671 0.499115 -0.761292 0.433411 -0.806671 0.478638 -0.883636 0.470856 -0.919037 0.478638 -0.883636 0.58847 -0.919037 0.470856 -0.919037 0.58847 -0.919037 0.478638 -0.883636 0.478638 -0.883636 0.613617 -0.826813 0.545654 -0.812561 0.478638 -0.883636 0.545654 -0.812561 0.613617 -0.826813 0.344513 -0.426331 0.418793 -0.421906 0.387421 -0.430481 0.545654 -0.812561 0.574188 -0.731415 0.499115 -0.761292 0.545654 -0.812561 0.499115 -0.761292 0.574188 -0.731415 0.478638 -0.883636 0.545654 -0.812561 0.499115 -0.761292 0.295258 -0.358246 0.26889 -0.39801 0.317322 -0.37793 0.478638 -0.883636 0.499115 -0.761292 0.545654 -0.812561 0.574188 -0.731415 0.489319 -0.713562 0.499115 -0.761292 0.574188 -0.731415 0.499115 -0.761292 0.489319 -0.713562 0.349182 -0.924255 0.461975 -0.951416 0.373169 -0.898407 0.979614 -0.362305 0.975433 -0.379456 0.993195 -0.448669 0.373169 -0.898407 0.461975 -0.951416 0.470856 -0.919037 0.334167 -0.943817 0.455963 -0.974792 0.349182 -0.924255 0.349182 -0.924255 0.455963 -0.974792 0.461975 -0.951416 0.756714 -0.362305 0.743103 -0.448669 0.760864 -0.379456 0.349182 -0.924255 0.373169 -0.898407 0.461975 -0.951416 0.461975 -0.951416 0.373169 -0.898407 0.470856 -0.919037 0.334167 -0.943817 0.349182 -0.924255 0.455963 -0.974792 0.455963 -0.974792 0.349182 -0.924255 0.461975 -0.951416 0.389008 -0.470215 0.41394 -0.450409 0.348328 -0.438873 0.461975 -0.951416 0.58847 -0.919037 0.470856 -0.919037 0.455963 -0.974792 0.582031 -0.988831 0.461975 -0.951416 0.461975 -0.951416 0.582031 -0.988831 0.583282 -0.962921 0.455963 -0.974792 0.461975 -0.951416 0.582031 -0.988831 0.725128 -0.578064 0.780334 -0.578247 0.739929 -0.546875 0.710602 -0.589264 0.772003 -0.603455 0.725128 -0.578064 0.710602 -0.589264 0.661438 -0.534088 0.692871 -0.593872 0.725128 -0.578064 0.672546 -0.52179 0.710602 -0.589264 0.710602 -0.589264 0.672546 -0.52179 0.661438 -0.534088 0.710602 -0.589264 0.692871 -0.593872 0.661438 -0.534088 0.725128 -0.578064 0.710602 -0.589264 0.672546 -0.52179 0.914917 -0.673767 0.952332 -0.648438 0.914703 -0.64566 0.918182 -0.609894 0.896088 -0.635864 0.948883 -0.612152 0.914703 -0.64566 0.952332 -0.648438 0.948883 -0.612152 0.914917 -0.673767 0.914703 -0.64566 0.952332 -0.648438 0.344513 -0.426331 0.26889 -0.39801 0.317322 -0.37793 0.918182 -0.609894 0.948883 -0.612152 0.896088 -0.635864 0.914703 -0.64566 0.948883 -0.612152 0.952332 -0.648438 0.868622 -0.671295 0.914917 -0.673767 0.914703 -0.64566 0.893921 -0.726288 0.904724 -0.774261 0.938324 -0.707581 0.938324 -0.707581 0.914917 -0.673767 0.893921 -0.726288 0.893921 -0.726288 0.914917 -0.673767 0.868622 -0.671295 0.868622 -0.671295 0.914703 -0.64566 0.914917 -0.673767 0.893921 -0.726288 0.938324 -0.707581 0.904724 -0.774261 0.938324 -0.707581 0.893921 -0.726288 0.914917 -0.673767 0.893921 -0.726288 0.868622 -0.671295 0.914917 -0.673767 0.836182 -0.75769 0.849548 -0.7966 0.893921 -0.726288 0.387421 -0.430481 0.418793 -0.421906 0.41394 -0.450409 0.803986 -0.652435 0.862122 -0.634644 0.805756 -0.618652 0.317322 -0.37793 0.346069 -0.331177 0.295258 -0.358246 0.295258 -0.358246 0.346069 -0.331177 0.330414 -0.310699 0.862122 -0.634644 0.803986 -0.652435 0.868622 -0.671295 0.317322 -0.37793 0.344513 -0.426331 0.36557 -0.380249 0.812469 -0.696655 0.803986 -0.652435 0.868622 -0.671295 0.317322 -0.37793 0.295258 -0.358246 0.346069 -0.331177 0.295258 -0.358246 0.330414 -0.310699 0.346069 -0.331177 0.836182 -0.75769 0.812469 -0.696655 0.868622 -0.671295 0.317322 -0.37793 0.36557 -0.380249 0.344513 -0.426331 0.836182 -0.75769 0.893921 -0.726288 0.849548 -0.7966 0.803986 -0.652435 0.805756 -0.618652 0.862122 -0.634644 0.862122 -0.634644 0.868622 -0.671295 0.803986 -0.652435 0.893921 -0.726288 0.836182 -0.75769 0.868622 -0.671295 0.849548 -0.7966 0.784637 -0.89267 0.770966 -0.853241 0.348328 -0.438873 0.319366 -0.48587 0.389008 -0.470215 0.348328 -0.438873 0.389008 -0.470215 0.319366 -0.48587 0.348328 -0.438873 0.344513 -0.426331 0.273682 -0.420044 0.836182 -0.75769 0.849548 -0.7966 0.765503 -0.795776 0.849548 -0.7966 0.765503 -0.795776 0.770966 -0.853241 0.348328 -0.438873 0.273682 -0.420044 0.344513 -0.426331 0.849548 -0.7966 0.770966 -0.853241 0.784637 -0.89267 0.836182 -0.75769 0.765503 -0.795776 0.849548 -0.7966 0.849548 -0.7966 0.770966 -0.853241 0.765503 -0.795776 0.931183 -0.306366 0.975433 -0.379456 0.979614 -0.362305 0.893921 -0.726288 0.868622 -0.671295 0.836182 -0.75769 0.812469 -0.696655 0.868622 -0.671295 0.803986 -0.652435 0.836182 -0.75769 0.868622 -0.671295 0.812469 -0.696655 0.868622 -0.671295 0.914703 -0.64566 0.862122 -0.634644 0.862122 -0.634644 0.914703 -0.64566 0.896088 -0.635864 0.979614 -0.362305 0.936676 -0.269897 0.931183 -0.306366 0.862122 -0.634644 0.896088 -0.635864 0.887512 -0.607666 0.887512 -0.607666 0.896088 -0.635864 0.918182 -0.609894 0.862122 -0.634644 0.887512 -0.607666 0.896088 -0.635864 0.896088 -0.635864 0.887512 -0.607666 0.918182 -0.609894 0.805115 -0.306366 0.756714 -0.362305 0.760864 -0.379456 0.868622 -0.671295 0.862122 -0.634644 0.914703 -0.64566 0.914703 -0.64566 0.862122 -0.634644 0.896088 -0.635864 0.8237 -0.592194 0.780334 -0.578247 0.805756 -0.618652 0.805756 -0.618652 0.780334 -0.578247 0.772003 -0.603455 0.756714 -0.362305 0.805115 -0.306366 0.799622 -0.269897 0.803986 -0.652435 0.772003 -0.603455 0.805756 -0.618652 0.836182 -0.75769 0.752319 -0.719971 0.812469 -0.696655 0.8237 -0.592194 0.805756 -0.618652 0.780334 -0.578247 0.904724 -0.774261 0.893921 -0.726288 0.871124 -0.840912 0.871124 -0.840912 0.893921 -0.726288 0.849548 -0.7966 0.887512 -0.607666 0.8237 -0.592194 0.862122 -0.634644 0.862122 -0.634644 0.8237 -0.592194 0.805756 -0.618652 0.904724 -0.774261 0.871124 -0.840912 0.893921 -0.726288 0.893921 -0.726288 0.871124 -0.840912 0.849548 -0.7966 0.887512 -0.607666 0.862122 -0.634644 0.8237 -0.592194 0.8237 -0.592194 0.862122 -0.634644 0.805756 -0.618652 0.281067 -0.147217 0.206116 -0.16156 0.251526 -0.082824 0.261658 -0.218536 0.206116 -0.16156 0.281067 -0.147217 0.261658 -0.218536 0.206116 -0.244843 0.206116 -0.16156 0.281067 -0.147217 0.251526 -0.082824 0.206116 -0.16156 0.261658 -0.218536 0.281067 -0.147217 0.206116 -0.16156 0.261658 -0.218536 0.206116 -0.16156 0.206116 -0.244843 0.251526 -0.082824 0.206116 -0.16156 0.206116 -0.073822 0.868164 -0.33548 0.840027 -0.296631 0.822174 -0.33136 0.251526 -0.082824 0.206116 -0.073822 0.206116 -0.16156 0.914154 -0.33136 0.94751 -0.366974 0.931183 -0.306366 0.822174 -0.33136 0.805115 -0.306366 0.788818 -0.366974 0.066223 -0.735931 0.139587 -0.731903 0.125885 -0.832947 0.914154 -0.33136 0.914154 -0.430664 0.932159 -0.381958 0.139587 -0.731903 0.125885 -0.832947 0.181427 -0.822784 0.666168 -0.433807 0.651428 -0.439972 0.643677 -0.486542 0.666168 -0.433807 0.677002 -0.477356 0.643677 -0.486542 0.666168 -0.433807 0.643677 -0.486542 0.677002 -0.477356 0.822174 -0.33136 0.804138 -0.381958 0.822174 -0.430664 0.666168 -0.433807 0.643677 -0.486542 0.651428 -0.439972 0.643677 -0.486542 0.622498 -0.489014 0.651428 -0.439972 0.643677 -0.486542 0.651428 -0.439972 0.622498 -0.489014 0.348328 -0.438873 0.41394 -0.450409 0.387421 -0.430481 0.651428 -0.439972 0.667816 -0.407318 0.642487 -0.400208 0.666168 -0.433807 0.651428 -0.439972 0.667816 -0.407318 0.666168 -0.433807 0.667816 -0.407318 0.651428 -0.439972 0.651428 -0.439972 0.642487 -0.400208 0.667816 -0.407318 0.593384 -0.439148 0.591003 -0.488464 0.559998 -0.479431 0.261658 -0.218536 0.292664 -0.146942 0.281067 -0.147217 0.206116 -0.244843 0.273987 -0.227142 0.261658 -0.218536 0.22348 -0.725983 0.315063 -0.71933 0.217499 -0.601898 0.39447 -0.710846 0.313568 -0.601898 0.315063 -0.71933 0.066223 -0.735931 0.139587 -0.731903 0.045837 -0.601898 0.22348 -0.725983 0.130493 -0.601898 0.139587 -0.731903 0.22348 -0.725983 0.217499 -0.601898 0.315063 -0.71933 0.315063 -0.71933 0.217499 -0.601898 0.313568 -0.601898 0.066223 -0.735931 0.045837 -0.601898 0.139587 -0.731903 0.139587 -0.731903 0.045837 -0.601898 0.130493 -0.601898 0.525604 -0.597626 0.489319 -0.713562 0.547424 -0.597809 0.643677 -0.486542 0.661438 -0.534088 0.672546 -0.52179 0.387421 -0.430481 0.344513 -0.426331 0.348328 -0.438873 0.387421 -0.430481 0.41394 -0.450409 0.418793 -0.421906 0.348328 -0.438873 0.387421 -0.430481 0.41394 -0.450409 0.387421 -0.430481 0.348328 -0.438873 0.344513 -0.426331 0.643677 -0.486542 0.672546 -0.52179 0.677002 -0.477356 0.677002 -0.477356 0.672546 -0.52179 0.703033 -0.506805 0.643677 -0.486542 0.677002 -0.477356 0.672546 -0.52179 0.636688 -0.446136 0.602631 -0.394775 0.593384 -0.439148 0.636688 -0.446136 0.651428 -0.439972 0.602631 -0.394775 0.636688 -0.446136 0.593384 -0.439148 0.602631 -0.394775 0.636688 -0.446136 0.602631 -0.394775 0.651428 -0.439972 0.651428 -0.439972 0.602631 -0.394775 0.642487 -0.400208 0.525604 -0.597626 0.547424 -0.597809 0.489319 -0.713562 0.550232 -0.541443 0.547424 -0.597809 0.525604 -0.597626 0.251526 -0.082824 0.206451 -0.052429 0.206116 -0.073822 0.590363 -0.491211 0.569489 -0.554413 0.611969 -0.547455 0.281067 -0.147217 0.258148 -0.07257 0.251526 -0.082824 0.591003 -0.488464 0.593384 -0.439148 0.622498 -0.489014 0.591003 -0.488464 0.622498 -0.489014 0.593384 -0.439148 0.433411 -0.806671 0.39447 -0.710846 0.468384 -0.703644 0.433411 -0.806671 0.468384 -0.703644 0.39447 -0.710846 0.066223 -0.735931 0.125885 -0.832947 0.139587 -0.731903 0.203827 -0.897614 0.349182 -0.924255 0.334167 -0.943817 0.373169 -0.898407 0.349182 -0.924255 0.243561 -0.878662 0.373169 -0.898407 0.243561 -0.878662 0.349182 -0.924255 0.39447 -0.710846 0.356262 -0.826599 0.315063 -0.71933 0.22348 -0.725983 0.315063 -0.71933 0.250671 -0.821564 0.315063 -0.71933 0.250671 -0.821564 0.356262 -0.826599 0.39447 -0.710846 0.315063 -0.71933 0.356262 -0.826599 0.22348 -0.725983 0.250671 -0.821564 0.315063 -0.71933 0.315063 -0.71933 0.356262 -0.826599 0.250671 -0.821564 0.39447 -0.710846 0.433411 -0.806671 0.356262 -0.826599 0.39447 -0.710846 0.356262 -0.826599 0.433411 -0.806671 0.373169 -0.898407 0.356262 -0.826599 0.250671 -0.821564 0.373169 -0.898407 0.250671 -0.821564 0.356262 -0.826599 0.243561 -0.878662 0.181427 -0.822784 0.203827 -0.897614 0.203827 -0.897614 0.181427 -0.822784 0.125885 -0.832947 0.243561 -0.878662 0.203827 -0.897614 0.181427 -0.822784 0.243561 -0.878662 0.203827 -0.897614 0.349182 -0.924255 0.349182 -0.924255 0.203827 -0.897614 0.334167 -0.943817 0.243561 -0.878662 0.349182 -0.924255 0.203827 -0.897614 0.581482 -0.042358 0.580597 -0.118561 0.601379 -0.040283 0.468384 -0.703644 0.472046 -0.59729 0.398804 -0.599579 0.468384 -0.703644 0.398804 -0.599579 0.472046 -0.59729 0.468384 -0.703644 0.489319 -0.713562 0.433411 -0.806671 0.468384 -0.703644 0.433411 -0.806671 0.489319 -0.713562</float_array>
          <technique_common>
            <accessor source="#GeometrySource5-array" count="4488" stride="2">
              <param name="S" type="float"/>
              <param name="T" type="float"/>
            </accessor>
          </technique_common>
        </source>
        <vertices id="Geometry1-vertices">
          <input semantic="POSITION" source="#GeometrySource3"/>
          <input semantic="NORMAL" source="#GeometrySource4"/>
          <input semantic="TEXCOORD" source="#GeometrySource5"/>
        </vertices>
        <triangles material="VisualMaterial10" count="1498">
          <input semantic="VERTEX" source="#Geometry1-vertices" offset="0"/>
          <p>2 1 0 5 4 3 8 7 6 11 10 9 14 13 12 17 16 15 20 19 18 23 22 21 26 25 24 29 28 27 32 31 30 35 34 33 38 37 36 41 40 39 44 43 42 47 46 45 50 49 48 53 52 51 56 55 54 59 58 57 62 61 60 65 64 63 68 67 66 71 70 69 74 73 72 77 76 75 80 79 78 83 82 81 86 85 84 89 88 87 92 91 90 95 94 93 98 97 96 101 100 99 104 103 102 107 106 105 110 109 108 113 112 111 116 115 114 119 118 117 122 121 120 125 124 123 128 127 126 131 130 129 134 133 132 137 136 135 140 139 138 143 142 141 146 145 144 149 148 147 152 151 150 155 154 153 158 157 156 161 160 159 164 163 162 167 166 165 170 169 168 173 172 171 176 175 174 179 178 177 182 181 180 185 184 183 188 187 186 191 190 189 194 193 192 197 196 195 200 199 198 203 202 201 206 205 204 209 208 207 212 211 210 215 214 213 218 217 216 221 220 219 224 223 222 227 226 225 230 229 228 233 232 231 236 235 234 239 238 237 242 241 240 245 244 243 248 247 246 251 250 249 254 253 252 257 256 255 260 259 258 263 262 261 266 265 264 269 268 267 272 271 270 275 274 273 278 277 276 281 280 279 284 283 282 287 286 285 290 289 288 293 292 291 296 295 294 299 298 297 302 301 300 305 304 303 308 307 306 311 310 309 314 313 312 317 316 315 320 319 318 323 322 321 326 325 324 329 328 327 332 331 330 335 334 333 338 337 336 341 340 339 344 343 342 347 346 345 350 349 348 353 352 351 356 355 354 359 358 357 362 361 360 365 364 363 368 367 366 371 370 369 374 373 372 377 376 375 380 379 378 383 382 381 386 385 384 389 388 387 392 391 390 395 394 393 398 397 396 401 400 399 404 403 402 407 406 405 410 409 408 413 412 411 416 415 414 419 418 417 422 421 420 425 424 423 428 427 426 431 430 429 434 433 432 437 436 435 440 439 438 443 442 441 446 445 444 449 448 447 452 451 450 455 454 453 458 457 456 461 460 459 464 463 462 467 466 465 470 469 468 473 472 471 476 475 474 479 478 477 482 481 480 485 484 483 488 487 486 491 490 489 494 493 492 497 496 495 500 499 498 503 502 501 506 505 504 509 508 507 512 511 510 515 514 513 518 517 516 521 520 519 524 523 522 527 526 525 530 529 528 533 532 531 536 535 534 539 538 537 542 541 540 545 544 543 548 547 546 551 550 549 554 553 552 557 556 555 560 559 558 563 562 561 566 565 564 569 568 567 572 571 570 575 574 573 578 577 576 581 580 579 584 583 582 587 586 585 590 589 588 593 592 591 596 595 594 599 598 597 602 601 600 605 604 603 608 607 606 611 610 609 614 613 612 617 616 615 620 619 618 623 622 621 626 625 624 629 628 627 632 631 630 635 634 633 638 637 636 641 640 639 644 643 642 647 646 645 650 649 648 653 652 651 656 655 654 659 658 657 662 661 660 665 664 663 668 667 666 671 670 669 674 673 672 677 676 675 680 679 678 683 682 681 686 685 684 689 688 687 692 691 690 695 694 693 698 697 696 701 700 699 704 703 702 707 706 705 710 709 708 713 712 711 716 715 714 719 718 717 722 721 720 725 724 723 728 727 726 731 730 729 734 733 732 737 736 735 740 739 738 743 742 741 746 745 744 749 748 747 752 751 750 755 754 753 758 757 756 761 760 759 764 763 762 767 766 765 770 769 768 773 772 771 776 775 774 779 778 777 782 781 780 785 784 783 788 787 786 791 790 789 794 793 792 797 796 795 800 799 798 803 802 801 806 805 804 809 808 807 812 811 810 815 814 813 818 817 816 821 820 819 824 823 822 827 826 825 830 829 828 833 832 831 836 835 834 839 838 837 842 841 840 845 844 843 848 847 846 851 850 849 854 853 852 857 856 855 860 859 858 863 862 861 866 865 864 869 868 867 872 871 870 875 874 873 878 877 876 881 880 879 884 883 882 887 886 885 890 889 888 893 892 891 896 895 894 899 898 897 902 901 900 905 904 903 908 907 906 911 910 909 914 913 912 917 916 915 920 919 918 923 922 921 926 925 924 929 928 927 932 931 930 935 934 933 938 937 936 941 940 939 944 943 942 947 946 945 950 949 948 953 952 951 956 955 954 959 958 957 962 961 960 965 964 963 968 967 966 971 970 969 974 973 972 977 976 975 980 979 978 983 982 981 986 985 984 989 988 987 992 991 990 995 994 993 998 997 996 1001 1000 999 1004 1003 1002 1007 1006 1005 1010 1009 1008 703 704 1011 1014 1013 1012 1017 1016 1015 1020 1019 1018 1023 1022 1021 1026 1025 1024 1029 1028 1027 1032 1031 1030 1035 1034 1033 1038 1037 1036 1041 1040 1039 1044 1043 1042 1047 1046 1045 1050 1049 1048 1053 1052 1051 1056 1055 1054 1059 1058 1057 1062 1061 1060 1065 1064 1063 1068 1067 1066 1071 1070 1069 1074 1073 1072 1077 1076 1075 1080 1079 1078 1083 1082 1081 1086 1085 1084 1089 1088 1087 1092 1091 1090 1095 1094 1093 1098 1097 1096 1101 1100 1099 1104 1103 1102 1107 1106 1105 1110 1109 1108 1113 1112 1111 1116 1115 1114 1119 1118 1117 1122 1121 1120 1125 1124 1123 1128 1127 1126 1131 1130 1129 1134 1133 1132 1137 1136 1135 1140 1139 1138 1143 1142 1141 1146 1145 1144 1149 1148 1147 1152 1151 1150 1155 1154 1153 1158 1157 1156 1161 1160 1159 1164 1163 1162 1167 1166 1165 1170 1169 1168 1173 1172 1171 1176 1175 1174 1179 1178 1177 1182 1181 1180 1185 1184 1183 1188 1187 1186 1191 1190 1189 1194 1193 1192 1197 1196 1195 1200 1199 1198 1203 1202 1201 1206 1205 1204 1209 1208 1207 1212 1211 1210 1215 1214 1213 1218 1217 1216 1221 1220 1219 1224 1223 1222 1227 1226 1225 1230 1229 1228 1233 1232 1231 1236 1235 1234 1239 1238 1237 1242 1241 1240 1245 1244 1243 1248 1247 1246 1251 1250 1249 1254 1253 1252 1257 1256 1255 1260 1259 1258 1263 1262 1261 1266 1265 1264 1267 1260 1258 1270 1269 1268 1273 1272 1271 1276 1275 1274 1279 1278 1277 1282 1281 1280 1285 1284 1283 1288 1287 1286 1291 1290 1289 1294 1293 1292 1297 1296 1295 1300 1299 1298 1303 1302 1301 1306 1305 1304 1309 1308 1307 1312 1311 1310 1315 1314 1313 1318 1317 1316 1321 1320 1319 1324 1323 1322 1327 1326 1325 1330 1329 1328 1333 1332 1331 1336 1335 1334 1339 1338 1337 1342 1341 1340 1345 1344 1343 1348 1347 1346 1351 1350 1349 1354 1353 1352 1357 1356 1355 1360 1359 1358 1363 1362 1361 1366 1365 1364 1369 1368 1367 1372 1371 1370 1375 1374 1373 1378 1377 1376 1381 1380 1379 1384 1383 1382 1387 1386 1385 1390 1389 1388 1393 1392 1391 1396 1395 1394 1399 1398 1397 1402 1401 1400 1405 1404 1403 1408 1407 1406 1411 1410 1409 1414 1413 1412 1417 1416 1415 1420 1419 1418 1423 1422 1421 1426 1425 1424 1429 1428 1427 1432 1431 1430 1435 1434 1433 1438 1437 1436 1441 1440 1439 1444 1443 1442 1447 1446 1445 1450 1449 1448 1453 1452 1451 1456 1455 1454 1459 1458 1457 1462 1461 1460 1465 1464 1463 1468 1467 1466 1471 1470 1469 1474 1473 1472 1477 1476 1475 1480 1479 1478 1483 1482 1481 1486 1485 1484 1489 1488 1487 1492 1491 1490 1495 1494 1493 1498 1497 1496 1501 1500 1499 1504 1503 1502 1507 1506 1505 1510 1509 1508 1513 1512 1511 1516 1515 1514 1519 1518 1517 1522 1521 1520 1525 1524 1523 1528 1527 1526 1531 1530 1529 1534 1533 1532 1537 1536 1535 1540 1539 1538 1543 1542 1541 1546 1545 1544 1549 1548 1547 1552 1551 1550 1555 1554 1553 1558 1557 1556 1561 1560 1559 1564 1563 1562 1567 1566 1565 1570 1569 1568 1573 1572 1571 1576 1575 1574 1579 1578 1577 1582 1581 1580 1585 1584 1583 1588 1587 1586 1591 1590 1589 1594 1593 1592 1597 1596 1595 1600 1599 1598 1603 1602 1601 1606 1605 1604 1609 1608 1607 1612 1611 1610 1615 1614 1613 1618 1617 1616 1621 1620 1619 1624 1623 1622 1627 1626 1625 1630 1629 1628 1633 1632 1631 1636 1635 1634 1639 1638 1637 1642 1641 1640 1645 1644 1643 1648 1647 1646 1651 1650 1649 1654 1653 1652 1657 1656 1655 1660 1659 1658 1663 1662 1661 1666 1665 1664 1669 1668 1667 1672 1671 1670 1675 1674 1673 1678 1677 1676 1681 1680 1679 1684 1683 1682 1687 1686 1685 1690 1689 1688 1693 1692 1691 1696 1695 1694 1699 1698 1697 1702 1701 1700 1705 1704 1703 1708 1707 1706 1711 1710 1709 1714 1713 1712 1717 1716 1715 1720 1719 1718 1723 1722 1721 1726 1725 1724 1729 1728 1727 1732 1731 1730 1735 1734 1733 1738 1737 1736 1741 1740 1739 1744 1743 1742 1747 1746 1745 1750 1749 1748 1753 1752 1751 1756 1755 1754 1759 1758 1757 1762 1761 1760 1765 1764 1763 1768 1767 1766 1771 1770 1769 1774 1773 1772 1777 1776 1775 1780 1779 1778 1783 1782 1781 1786 1785 1784 1789 1788 1787 1792 1791 1790 1795 1794 1793 1798 1797 1796 1801 1800 1799 1804 1803 1802 1807 1806 1805 1810 1809 1808 1813 1812 1811 1816 1815 1814 1819 1818 1817 1822 1821 1820 1825 1824 1823 1828 1827 1826 1831 1830 1829 1834 1833 1832 1837 1836 1835 1840 1839 1838 1843 1842 1841 1846 1845 1844 1849 1848 1847 1852 1851 1850 1855 1854 1853 1858 1857 1856 1861 1860 1859 1864 1863 1862 1867 1866 1865 1870 1869 1868 1873 1872 1871 1874 1872 1873 1877 1876 1875 1880 1879 1878 1883 1882 1881 1886 1885 1884 1889 1888 1887 1892 1891 1890 1895 1894 1893 1898 1897 1896 1901 1900 1899 1904 1903 1902 1907 1906 1905 1910 1909 1908 1913 1912 1911 1916 1915 1914 1919 1918 1917 1922 1921 1920 1925 1924 1923 1928 1927 1926 1931 1930 1929 1934 1933 1932 1937 1936 1935 1940 1939 1938 1943 1942 1941 1946 1945 1944 1949 1948 1947 1952 1951 1950 1955 1954 1953 1958 1957 1956 1961 1960 1959 1964 1963 1962 1967 1966 1965 1970 1969 1968 1973 1972 1971 1976 1975 1974 1979 1978 1977 1982 1981 1980 1985 1984 1983 1988 1987 1986 1991 1990 1989 1994 1993 1992 1997 1996 1995 2000 1999 1998 2003 2002 2001 2006 2005 2004 2009 2008 2007 2012 2011 2010 2015 2014 2013 2018 2017 2016 2021 2020 2019 2024 2023 2022 2027 2026 2025 2030 2029 2028 2033 2032 2031 2036 2035 2034 2039 2038 2037 2042 2041 2040 2045 2044 2043 2048 2047 2046 2051 2050 2049 2054 2053 2052 2057 2056 2055 2060 2059 2058 2063 2062 2061 2066 2065 2064 2069 2068 2067 2072 2071 2070 2075 2074 2073 2078 2077 2076 2081 2080 2079 2084 2083 2082 2087 2086 2085 2090 2089 2088 2093 2092 2091 2096 2095 2094 2099 2098 2097 2102 2101 2100 2105 2104 2103 2108 2107 2106 2111 2110 2109 2114 2113 2112 2117 2116 2115 2120 2119 2118 2123 2122 2121 2126 2125 2124 2129 2128 2127 2132 2131 2130 2135 2134 2133 2138 2137 2136 2141 2140 2139 2144 2143 2142 2147 2146 2145 2150 2149 2148 2153 2152 2151 2156 2155 2154 2159 2158 2157 2162 2161 2160 2165 2164 2163 2168 2167 2166 2171 2170 2169 2174 2173 2172 2177 2176 2175 2180 2179 2178 2183 2182 2181 2186 2185 2184 2189 2188 2187 2192 2191 2190 2195 2194 2193 2198 2197 2196 2201 2200 2199 2204 2203 2202 2207 2206 2205 2210 2209 2208 2213 2212 2211 2216 2215 2214 2219 2218 2217 2222 2221 2220 2225 2224 2223 2228 2227 2226 2231 2230 2229 2234 2233 2232 2237 2236 2235 2240 2239 2238 2243 2242 2241 2246 2245 2244 2249 2248 2247 2252 2251 2250 2255 2254 2253 2258 2257 2256 2261 2260 2259 2264 2263 2262 2267 2266 2265 2270 2269 2268 2273 2272 2271 2276 2275 2274 2279 2278 2277 2282 2281 2280 2285 2284 2283 2288 2287 2286 2291 2290 2289 2294 2293 2292 2297 2296 2295 2300 2299 2298 2303 2302 2301 2306 2305 2304 2309 2308 2307 2312 2311 2310 2315 2314 2313 2318 2317 2316 2321 2320 2319 2324 2323 2322 2327 2326 2325 2330 2329 2328 2333 2332 2331 2336 2335 2334 2339 2338 2337 2342 2341 2340 2345 2344 2343 2348 2347 2346 2351 2350 2349 2354 2353 2352 2357 2356 2355 2360 2359 2358 2363 2362 2361 2366 2365 2364 2369 2368 2367 2372 2371 2370 2375 2374 2373 2378 2377 2376 2381 2380 2379 2384 2383 2382 2387 2386 2385 2390 2389 2388 2393 2392 2391 2396 2395 2394 2399 2398 2397 2402 2401 2400 2405 2404 2403 2408 2407 2406 2411 2410 2409 2414 2413 2412 2417 2416 2415 2420 2419 2418 2423 2422 2421 2426 2425 2424 2429 2428 2427 2432 2431 2430 2435 2434 2433 2438 2437 2436 2441 2440 2439 2444 2443 2442 2447 2446 2445 2450 2449 2448 2453 2452 2451 2456 2455 2454 2459 2458 2457 2462 2461 2460 2465 2464 2463 2468 2467 2466 2471 2470 2469 2474 2473 2472 2477 2476 2475 2480 2479 2478 2483 2482 2481 2486 2485 2484 2489 2488 2487 2492 2491 2490 2495 2494 2493 2498 2497 2496 2501 2500 2499 2504 2503 2502 2507 2506 2505 2510 2509 2508 2513 2512 2511 2516 2515 2514 2519 2518 2517 2522 2521 2520 2525 2524 2523 2528 2527 2526 2531 2530 2529 2534 2533 2532 2537 2536 2535 2540 2539 2538 2543 2542 2541 2546 2545 2544 2549 2548 2547 2552 2551 2550 2555 2554 2553 2558 2557 2556 2561 2560 2559 2564 2563 2562 2567 2566 2565 2570 2569 2568 2573 2572 2571 2576 2575 2574 2579 2578 2577 2582 2581 2580 2585 2584 2583 2588 2587 2586 2591 2590 2589 2594 2593 2592 2597 2596 2595 2600 2599 2598 2603 2602 2601 2606 2605 2604 2609 2608 2607 2612 2611 2610 2615 2614 2613 2618 2617 2616 2621 2620 2619 2624 2623 2622 2627 2626 2625 2630 2629 2628 2633 2632 2631 2636 2635 2634 2639 2638 2637 2642 2641 2640 2645 2644 2643 2648 2647 2646 2651 2650 2649 2654 2653 2652 2657 2656 2655 2660 2659 2658 2663 2662 2661 2666 2665 2664 2669 2668 2667 2672 2671 2670 2675 2674 2673 2678 2677 2676 2681 2680 2679 2684 2683 2682 2687 2686 2685 2690 2689 2688 2693 2692 2691 2696 2695 2694 2699 2698 2697 2702 2701 2700 2705 2704 2703 2708 2707 2706 2711 2710 2709 2714 2713 2712 2717 2716 2715 2720 2719 2718 2723 2722 2721 2726 2725 2724 2729 2728 2727 2732 2731 2730 2735 2734 2733 2738 2737 2736 2741 2740 2739 2744 2743 2742 2747 2746 2745 2750 2749 2748 2753 2752 2751 2756 2755 2754 2759 2758 2757 2762 2761 2760 2765 2764 2763 2768 2767 2766 2771 2770 2769 2774 2773 2772 2777 2776 2775 2780 2779 2778 2783 2782 2781 2786 2785 2784 2789 2788 2787 2792 2791 2790 2795 2794 2793 2798 2797 2796 2801 2800 2799 2804 2803 2802 2807 2806 2805 2810 2809 2808 2813 2812 2811 2816 2815 2814 2819 2818 2817 2822 2821 2820 2825 2824 2823 2828 2827 2826 2831 2830 2829 2834 2833 2832 2837 2836 2835 2840 2839 2838 2843 2842 2841 2846 2845 2844 2849 2848 2847 2852 2851 2850 2855 2854 2853 2858 2857 2856 2861 2860 2859 2864 2863 2862 2867 2866 2865 2870 2869 2868 2873 2872 2871 2876 2875 2874 2879 2878 2877 2882 2881 2880 2885 2884 2883 2888 2887 2886 2891 2890 2889 2894 2893 2892 2897 2896 2895 2900 2899 2898 2903 2902 2901 2906 2905 2904 2909 2908 2907 2912 2911 2910 2915 2914 2913 2918 2917 2916 2921 2920 2919 2924 2923 2922 2927 2926 2925 2930 2929 2928 2933 2932 2931 2936 2935 2934 2939 2938 2937 2942 2941 2940 2945 2944 2943 2948 2947 2946 2951 2950 2949 2954 2953 2952 2957 2956 2955 2960 2959 2958 2963 2962 2961 2966 2965 2964 2969 2968 2967 2972 2971 2970 2975 2974 2973 2978 2977 2976 2981 2980 2979 2984 2983 2982 2987 2986 2985 2990 2989 2988 2993 2992 2991 2996 2995 2994 2999 2998 2997 3002 3001 3000 3005 3004 3003 3008 3007 3006 3011 3010 3009 3014 3013 3012 3017 3016 3015 3020 3019 3018 3023 3022 3021 3026 3025 3024 3029 3028 3027 3032 3031 3030 3035 3034 3033 3038 3037 3036 3041 3040 3039 3044 3043 3042 3047 3046 3045 3050 3049 3048 3053 3052 3051 3056 3055 3054 3059 3058 3057 3062 3061 3060 3065 3064 3063 3068 3067 3066 3071 3070 3069 3074 3073 3072 3077 3076 3075 3080 3079 3078 3083 3082 3081 3086 3085 3084 3089 3088 3087 3092 3091 3090 3095 3094 3093 3098 3097 3096 3101 3100 3099 3104 3103 3102 3107 3106 3105 3110 3109 3108 3113 3112 3111 3116 3115 3114 3119 3118 3117 3122 3121 3120 3125 3124 3123 3128 3127 3126 3131 3130 3129 3134 3133 3132 3137 3136 3135 3140 3139 3138 3143 3142 3141 3146 3145 3144 3149 3148 3147 3152 3151 3150 3155 3154 3153 3158 3157 3156 3161 3160 3159 3164 3163 3162 3167 3166 3165 3170 3169 3168 3173 3172 3171 3176 3175 3174 3179 3178 3177 3182 3181 3180 3185 3184 3183 3188 3187 3186 3191 3190 3189 3194 3193 3192 3197 3196 3195 3200 3199 3198 3203 3202 3201 3206 3205 3204 3209 3208 3207 3212 3211 3210 3215 3214 3213 3218 3217 3216 3221 3220 3219 3224 3223 3222 3227 3226 3225 3230 3229 3228 3233 3232 3231 3236 3235 3234 3239 3238 3237 3242 3241 3240 3245 3244 3243 3248 3247 3246 3251 3250 3249 3254 3253 3252 3257 3256 3255 3260 3259 3258 3263 3262 3261 3266 3265 3264 3269 3268 3267 3272 3271 3270 3275 3274 3273 3278 3277 3276 3281 3280 3279 3284 3283 3282 3287 3286 3285 3290 3289 3288 3293 3292 3291 3296 3295 3294 3299 3298 3297 3302 3301 3300 3305 3304 3303 3308 3307 3306 3311 3310 3309 3314 3313 3312 3317 3316 3315 3320 3319 3318 3323 3322 3321 3326 3325 3324 3329 3328 3327 3332 3331 3330 3335 3334 3333 3338 3337 3336 3341 3340 3339 3344 3343 3342 3347 3346 3345 3350 3349 3348 3353 3352 3351 3356 3355 3354 3359 3358 3357 3362 3361 3360 3365 3364 3363 3368 3367 3366 3371 3370 3369 3374 3373 3372 3377 3376 3375 3380 3379 3378 3383 3382 3381 3386 3385 3384 3389 3388 3387 3392 3391 3390 3395 3394 3393 3398 3397 3396 3401 3400 3399 3404 3403 3402 3407 3406 3405 3410 3409 3408 3413 3412 3411 3416 3415 3414 3419 3418 3417 3422 3421 3420 3425 3424 3423 3428 3427 3426 3431 3430 3429 3434 3433 3432 3437 3436 3435 3440 3439 3438 3443 3442 3441 3446 3445 3444 3449 3448 3447 3452 3451 3450 3455 3454 3453 3458 3457 3456 3461 3460 3459 3464 3463 3462 3467 3466 3465 3470 3469 3468 3473 3472 3471 3476 3475 3474 3479 3478 3477 3482 3481 3480 3485 3484 3483 3488 3487 3486 3491 3490 3489 3494 3493 3492 3497 3496 3495 3500 3499 3498 3503 3502 3501 3506 3505 3504 3509 3508 3507 3512 3511 3510 3515 3514 3513 3518 3517 3516 3521 3520 3519 3524 3523 3522 3527 3526 3525 3530 3529 3528 3533 3532 3531 3536 3535 3534 3539 3538 3537 3542 3541 3540 3545 3544 3543 3548 3547 3546 3551 3550 3549 3554 3553 3552 3557 3556 3555 3560 3559 3558 3563 3562 3561 3566 3565 3564 3569 3568 3567 3572 3571 3570 3575 3574 3573 3578 3577 3576 3581 3580 3579 3584 3583 3582 3587 3586 3585 3590 3589 3588 3593 3592 3591 3596 3595 3594 3599 3598 3597 3602 3601 3600 3605 3604 3603 3608 3607 3606 3611 3610 3609 3614 3613 3612 3617 3616 3615 3620 3619 3618 3623 3622 3621 3626 3625 3624 3629 3628 3627 3632 3631 3630 3635 3634 3633 3638 3637 3636 3641 3640 3639 3644 3643 3642 3647 3646 3645 3650 3649 3648 3653 3652 3651 3656 3655 3654 3659 3658 3657 3662 3661 3660 3665 3664 3663 3668 3667 3666 3671 3670 3669 3674 3673 3672 3677 3676 3675 3680 3679 3678 3683 3682 3681 3686 3685 3684 3689 3688 3687 3692 3691 3690 3695 3694 3693 3698 3697 3696 3701 3700 3699 3704 3703 3702 3707 3706 3705 3710 3709 3708 3713 3712 3711 3716 3715 3714 3719 3718 3717 3722 3721 3720 3725 3724 3723 3728 3727 3726 3731 3730 3729 3734 3733 3732 3737 3736 3735 3740 3739 3738 3743 3742 3741 3746 3745 3744 3749 3748 3747 3752 3751 3750 3755 3754 3753 3758 3757 3756 3761 3760 3759 3764 3763 3762 3767 3766 3765 3770 3769 3768 3773 3772 3771 3776 3775 3774 3779 3778 3777 3782 3781 3780 3785 3784 3783 3788 3787 3786 3791 3790 3789 3794 3793 3792 3797 3796 3795 3800 3799 3798 3803 3802 3801 3806 3805 3804 3809 3808 3807 3812 3811 3810 3815 3814 3813 3818 3817 3816 3821 3820 3819 3824 3823 3822 3827 3826 3825 3830 3829 3828 3833 3832 3831 3836 3835 3834 3839 3838 3837 3842 3841 3840 3845 3844 3843 3848 3847 3846 3851 3850 3849 3854 3853 3852 3857 3856 3855 3860 3859 3858 3863 3862 3861 3866 3865 3864 3869 3868 3867 3872 3871 3870 3875 3874 3873 3878 3877 3876 3881 3880 3879 3884 3883 3882 3887 3886 3885 3890 3889 3888 3893 3892 3891 3896 3895 3894 3899 3898 3897 3902 3901 3900 3905 3904 3903 3908 3907 3906 3911 3910 3909 3914 3913 3912 3917 3916 3915 3920 3919 3918 3923 3922 3921 3926 3925 3924 3929 3928 3927 3932 3931 3930 3935 3934 3933 3938 3937 3936 3941 3940 3939 3944 3943 3942 3947 3946 3945 3950 3949 3948 3953 3952 3951 3956 3955 3954 3959 3958 3957 3962 3961 3960 3965 3964 3963 3968 3967 3966 3971 3970 3969 3974 3973 3972 3977 3976 3975 3980 3979 3978 3983 3982 3981 3986 3985 3984 3989 3988 3987 3992 3991 3990 3995 3994 3993 3998 3997 3996 4001 4000 3999 4004 4003 4002 4007 4006 4005 4010 4009 4008 4013 4012 4011 4016 4015 4014 4019 4018 4017 4022 4021 4020 4025 4024 4023 4028 4027 4026 4031 4030 4029 4034 4033 4032 4037 4036 4035 4040 4039 4038 4043 4042 4041 4046 4045 4044 4049 4048 4047 4052 4051 4050 4055 4054 4053 4058 4057 4056 4061 4060 4059 4064 4063 4062 4067 4066 4065 4070 4069 4068 4073 4072 4071 4076 4075 4074 4079 4078 4077 4082 4081 4080 4085 4084 4083 4088 4087 4086 4091 4090 4089 4094 4093 4092 4097 4096 4095 4100 4099 4098 4103 4102 4101 4106 4105 4104 4109 4108 4107 4112 4111 4110 4115 4114 4113 4118 4117 4116 4121 4120 4119 4124 4123 4122 4127 4126 4125 4130 4129 4128 4133 4132 4131 4136 4135 4134 4139 4138 4137 4142 4141 4140 4145 4144 4143 4148 4147 4146 4151 4150 4149 4154 4153 4152 4157 4156 4155 4160 4159 4158 4163 4162 4161 4166 4165 4164 4169 4168 4167 4172 4171 4170 4175 4174 4173 4178 4177 4176 4181 4180 4179 4184 4183 4182 4187 4186 4185 4190 4189 4188 4193 4192 4191 4196 4195 4194 4199 4198 4197 4202 4201 4200 4205 4204 4203 4208 4207 4206 4211 4210 4209 4214 4213 4212 4217 4216 4215 4220 4219 4218 4223 4222 4221 4226 4225 4224 4229 4228 4227 4232 4231 4230 4235 4234 4233 4238 4237 4236 4241 4240 4239 4244 4243 4242 4247 4246 4245 4250 4249 4248 4253 4252 4251 4256 4255 4254 4259 4258 4257 4262 4261 4260 4265 4264 4263 4268 4267 4266 4271 4270 4269 4274 4273 4272 4277 4276 4275 4280 4279 4278 4283 4282 4281 4286 4285 4284 4289 4288 4287 4292 4291 4290 4295 4294 4293 4298 4297 4296 4301 4300 4299 4304 4303 4302 4307 4306 4305 4310 4309 4308 4313 4312 4311 4316 4315 4314 4319 4318 4317 4322 4321 4320 4325 4324 4323 4328 4327 4326 4331 4330 4329 4334 4333 4332 4337 4336 4335 4340 4339 4338 4343 4342 4341 4346 4345 4344 4349 4348 4347 4352 4351 4350 4355 4354 4353 4358 4357 4356 4361 4360 4359 4364 4363 4362 4367 4366 4365 4370 4369 4368 4373 4372 4371 4376 4375 4374 4379 4378 4377 4382 4381 4380 4385 4384 4383 4388 4387 4386 4391 4390 4389 4394 4393 4392 4397 4396 4395 4400 4399 4398 4403 4402 4401 4406 4405 4404 4409 4408 4407 4412 4411 4410 4415 4414 4413 4418 4417 4416 4421 4420 4419 4424 4423 4422 4427 4426 4425 4430 4429 4428 4433 4432 4431 4436 4435 4434 4439 4438 4437 4442 4441 4440 4445 4444 4443 4448 4447 4446 4451 4450 4449 4454 4453 4452 4457 4456 4455 4460 4459 4458 4463 4462 4461 4466 4465 4464 4469 4468 4467 4472 4471 4470 4475 4474 4473 4478 4477 4476 4481 4480 4479 4484 4483 4482 4487 4486 4485</p>
        </triangles>
      </mesh>
    </geometry>
  </library_geometries>
  <library_controllers>
    <controller id="Controller">
      <skin source="#Geometry">
        <bind_shape_matrix>1 0 0 0 0 1 0 0 0 0 1 0 0 0 0 1</bind_shape_matrix>
        <source id="Controller-joints">
          <Name_array id="Controller-joints-array" count="20">Pelipper Origin Waist LFoot LToe RFoot RToe Spine Head Feeler LowerBeak UpperBeak LArm LForeArm LHand RArm RForeArm RHand Tail PelipperSkin</Name_array>
          <technique_common>
            <accessor source="#Controller-joints-array" count="20" stride="1">
              <param name="JOINT" type="Name"/>
            </accessor>
          </technique_common>
        </source>
        <source id="Controller-bind_poses">
          <float_array id="Controller-bind_poses-array" count="320">1 0 0 0 0 1 0 0 0 0 1 0 0 0 0 1 1 0 0 0 0 1 0 0 0 0 1 0 0 0 0 1 1 0 0 0 0 1 0 0 0 0 1 -3.72369 0 0 0 1 -0.475996 0 -0.879448 0.375728 0 1 0 -1.18603 0.879448 0 -0.475996 0.586151 0 0 0 1 0 0 -1 0.107221 0 1 0 -1.18603 1 0 0 -0.591251 0 0 0 1 -0.475996 0 -0.879448 0.375728 0 1 0 1.18603 0.879448 0 -0.475996 0.586151 0 0 0 1 0 0 -1 0.107221 0 1 0 1.18603 1 0 0 -0.591251 0 0 0 1 0.998518 0 -0.054427 -0.003834 0 1 0 0 0.054427 0 0.998518 -5.57619 0 0 0 1 1 0 0 -0.465962 0 1 0 0 0 0 1 -8.47808 0 0 0 1 -0.268017 0 -0.963414 5.16136 0 1 0 0 0.963414 0 -0.268017 -0.356519 0 0 0 1 0 0 -1 8.0111 0 1 0 0 1 0 0 -1.18544 0 0 0 1 -0.096611 0 -0.995322 9.14287 0 1 0 0 0.995322 0 -0.096611 -1.94835 0 0 0 1 1 0 0 0.00674 0 0 -1 6.60064 0 1 0 -2.531 0 0 0 1 1 0 0 0.00674 0 0 -1 6.60064 0 1 0 -6.331 0 0 0 1 1 0 0 0.00674 0 0 -1 6.60064 0 1 0 -9.231 0 0 0 1 1 0 0 0.006739 0 0 1 -6.60063 0 -1 0 -2.531 0 0 0 1 1 0 0 0.006739 0 0 1 -6.60063 0 -1 0 -6.331 0 0 0 1 1 0 0 0.006739 0 0 1 -6.60063 0 -1 0 -9.231 0 0 0 1 0.423685 0 0.90581 -2.99154 0 1 0 0 -0.90581 0 0.423685 -5.11138 0 0 0 1 1 0 0 0 0 1 0 0 0 0 1 0 0 0 0 1</float_array>
          <technique_common>
            <accessor source="#Controller-bind_poses-array" count="20" stride="16">
              <param name="TRANSFORM" type="float4x4"/>
            </accessor>
          </technique_common>
        </source>
        <source id="Controller-weights">
          <float_array id="Controller-weights-array" count="1">1</float_array>
          <technique_common>
            <accessor source="#Controller-weights-array" count="1" stride="1">
              <param name="WEIGHT" type="float"/>
            </accessor>
          </technique_common>
        </source>
        <joints>
          <input semantic="JOINT" source="#Controller-joints"/>
          <input semantic="INV_BIND_MATRIX" source="#Controller-bind_poses"/>
        </joints>
        <vertex_weights count="78">
          <input semantic="JOINT" source="#Controller-joints" offset="0"/>
          <input semantic="WEIGHT" source="#Controller-weights" offset="1"/>
          <vcount>1 1 1 1 1 1 1 1 1 1 1 1 1 1 1 1 1 1 1 1 1 1 1 1 1 1 1 1 1 1 1 1 1 1 1 1 1 1 1 1 1 1 1 1 1 1 1 1 1 1 1 1 1 1 1 1 1 1 1 1 1 1 1 1 1 1 1 1 1 1 1 1 1 1 1 1 1 1 </vcount>
          <v>8 0 8 0 8 0 8 0 8 0 8 0 8 0 8 0 8 0 8 0 8 0 8 0 8 0 8 0 8 0 8 0 8 0 8 0 8 0 8 0 8 0 8 0 8 0 8 0 8 0 8 0 8 0 8 0 8 0 8 0 8 0 8 0 8 0 8 0 8 0 8 0 8 0 8 0 8 0 8 0 8 0 8 0 8 0 8 0 8 0 8 0 8 0 8 0 8 0 8 0 8 0 8 0 8 0 8 0 8 0 8 0 8 0 8 0 8 0 8 0 8 0 8 0 8 0 8 0 8 0 8 0 8 0 8 0 8 0 8 0 8 0 8 0 8 0 8 0 8 0 8 0 8 0 8 0</v>
        </vertex_weights>
      </skin>
      <extra>
        <technique profile="FCOLLADA">
          <user_properties>SkinController</user_properties>
        </technique>
      </extra>
    </controller>
    <controller id="Controller1">
      <skin source="#Geometry1">
        <bind_shape_matrix>1 0 0 0 0 1 0 0 0 0 1 0 0 0 0 1</bind_shape_matrix>
        <source id="Controller1-joints">
          <Name_array id="Controller1-joints-array" count="20">Pelipper Origin Waist LFoot LToe RFoot RToe Spine Head Feeler LowerBeak UpperBeak LArm LForeArm LHand RArm RForeArm RHand Tail PelipperSkin</Name_array>
          <technique_common>
            <accessor source="#Controller1-joints-array" count="20" stride="1">
              <param name="JOINT" type="Name"/>
            </accessor>
          </technique_common>
        </source>
        <source id="Controller1-bind_poses">
          <float_array id="Controller1-bind_poses-array" count="320">1 0 0 0 0 1 0 0 0 0 1 0 0 0 0 1 1 0 0 0 0 1 0 0 0 0 1 0 0 0 0 1 1 0 0 0 0 1 0 0 0 0 1 -3.72369 0 0 0 1 -0.475996 0 -0.879448 0.375728 0 1 0 -1.18603 0.879448 0 -0.475996 0.586151 0 0 0 1 0 0 -1 0.107221 0 1 0 -1.18603 1 0 0 -0.591251 0 0 0 1 -0.475996 0 -0.879448 0.375728 0 1 0 1.18603 0.879448 0 -0.475996 0.586151 0 0 0 1 0 0 -1 0.107221 0 1 0 1.18603 1 0 0 -0.591251 0 0 0 1 0.998518 0 -0.054427 -0.003834 0 1 0 0 0.054427 0 0.998518 -5.57619 0 0 0 1 1 0 0 -0.465962 0 1 0 0 0 0 1 -8.47808 0 0 0 1 -0.268017 0 -0.963414 5.16136 0 1 0 0 0.963414 0 -0.268017 -0.356519 0 0 0 1 0 0 -1 8.0111 0 1 0 0 1 0 0 -1.18544 0 0 0 1 -0.096611 0 -0.995322 9.14287 0 1 0 0 0.995322 0 -0.096611 -1.94835 0 0 0 1 1 0 0 0.00674 0 0 -1 6.60064 0 1 0 -2.531 0 0 0 1 1 0 0 0.00674 0 0 -1 6.60064 0 1 0 -6.331 0 0 0 1 1 0 0 0.00674 0 0 -1 6.60064 0 1 0 -9.231 0 0 0 1 1 0 0 0.006739 0 0 1 -6.60063 0 -1 0 -2.531 0 0 0 1 1 0 0 0.006739 0 0 1 -6.60063 0 -1 0 -6.331 0 0 0 1 1 0 0 0.006739 0 0 1 -6.60063 0 -1 0 -9.231 0 0 0 1 0.423685 0 0.90581 -2.99154 0 1 0 0 -0.90581 0 0.423685 -5.11138 0 0 0 1 1 0 0 0 0 1 0 0 0 0 1 0 0 0 0 1</float_array>
          <technique_common>
            <accessor source="#Controller1-bind_poses-array" count="20" stride="16">
              <param name="TRANSFORM" type="float4x4"/>
            </accessor>
          </technique_common>
        </source>
        <source id="Controller1-weights">
          <float_array id="Controller1-weights-array" count="3663">1 0.5 0.5 0.1 0.9 0.5 0.5 0.3 0.7 0.3 0.7 0.5 0.5 0.5 0.5 0.5 0.5 0.5 0.5 0.5 0.5 0.5 0.5 0.5 0.5 0.1 0.9 0.5 0.5 0.5 0.5 0.1 0.9 0.1 0.9 0.1 0.9 0.2 0.8 0.2 0.8 0.2 0.8 0.5 0.5 0.5 0.5 0.5 0.5 0.5 0.5 0.5 0.5 0.5 0.5 0.5 0.5 0.5 0.5 0.5 0.5 0.3 0.7 0.5 0.5 0.3 0.7 0.3 0.7 0.2 0.8 0.2 0.8 0.2 0.8 0.2 0.8 0.3 0.7 0.3 0.7 0.5 0.5 0.5 0.5 0.5 0.5 0.5 0.5 0.5 0.5 0.5 0.5 0.5 0.5 0.5 0.5 0.5 0.5 0.5 0.5 0.5 0.5 0.5 0.5 0.5 0.5 0.5 0.5 0.5 0.5 0.5 0.5 0.5 0.5 0.5 0.5 0.5 0.5 0.5 0.5 0.5 0.5 0.2 0.8 0.2 0.8 0.2 0.8 0.2 0.8 0.5 0.5 0.5 0.5 0.5 0.5 0.5 0.5 0.5 0.5 0.2 0.8 0.5 0.5 0.5 0.5 0.5 0.5 0.3 0.7 0.3 0.7 0.3 0.7 0.5 0.5 0.3 0.7 0.3 0.7 0.2 0.4 0.4 0.2 0.4 0.4 0.3 0.7 0.2 0.8 0.2 0.8 0.2 0.8 0.2 0.8 0.2 0.8 0.2 0.8 0.2 0.8 0.2 0.4 0.4 0.3 0.7 0.3 0.7 0.2 0.4 0.4 0.2 0.4 0.4 0.5 0.5 0.2 0.8 0.2 0.8 0.5 0.5 0.2 0.4 0.4 0.2 0.8 0.2 0.8 0.2 0.8 0.2 0.8 0.3 0.7 0.2 0.8 0.2 0.8 0.3 0.7 0.3 0.7 0.3 0.7 0.2 0.8 0.3 0.7 0.2 0.8 0.2 0.8 0.2 0.8 0.2 0.8 0.2 0.8 0.3 0.7 0.2 0.8 0.2 0.8 0.2 0.8 0.3 0.7 0.3 0.7 0.3 0.7 0.3 0.7 0.2 0.8 0.1 0.9 0.2 0.8 0.2 0.8 0.2 0.8 0.2 0.8 0.3 0.7 0.2 0.8 0.2 0.8 0.3 0.7 0.2 0.8 0.3 0.7 0.3 0.7 0.2 0.8 0.2 0.8 0.2 0.8 0.2 0.8 0.2 0.8 0.2 0.8 0.1 0.9 0.1 0.9 0.1 0.9 0.3 0.7 0.3 0.7 0.3 0.7 0.3 0.7 0.2 0.8 0.2 0.8 0.3 0.7 0.2 0.8 0.2 0.8 0.3 0.7 0.3 0.7 0.3 0.7 0.2 0.8 0.2 0.8 0.2 0.8 0.2 0.8 0.4 0.6 0.4 0.6 0.3 0.7 0.4 0.6 0.4 0.6 0.3 0.7 0.2 0.8 0.3 0.7 0.3 0.7 0.5 0.5 0.5 0.5 0.5 0.5 0.5 0.5 0.1 0.9 0.5 0.5 0.1 0.9 0.1 0.9 0.3 0.7 0.3 0.7 0.3 0.7 0.3 0.7 0.3 0.7 0.3 0.7 0.3 0.7 0.3 0.7 0.3 0.7 0.3 0.7 0.3 0.7 0.3 0.7 0.3 0.7 0.3 0.7 0.3 0.7 0.4 0.6 0.2 0.8 0.3 0.7 0.3 0.7 0.2 0.8 0.4 0.6 0.3 0.7 0.3 0.7 0.3 0.7 0.3 0.7 0.3 0.7 0.5 0.5 0.5 0.5 0.3 0.7 0.3 0.7 0.3 0.7 0.3 0.7 0.1 0.9 0.3 0.7 0.3 0.7 0.3 0.7 0.3 0.7 0.3 0.7 0.3 0.7 0.3 0.7 0.3 0.7 0.3 0.7 0.3 0.7 0.3 0.7 0.3 0.7 0.3 0.7 0.3 0.7 0.3 0.7 0.3 0.7 0.3 0.7 0.3 0.7 0.3 0.7 0.3 0.7 0.3 0.7 0.3 0.7 0.3 0.7 0.3 0.7 0.3 0.7 0.3 0.7 0.3 0.7 0.3 0.7 0.3 0.7 0.1 0.9 0.1 0.9 0.3 0.7 0.3 0.7 0.3 0.7 0.3 0.7 0.3 0.7 0.1 0.9 0.3 0.7 0.1 0.9 0.3 0.7 0.3 0.7 0.1 0.9 0.1 0.9 0.1 0.9 0.1 0.9 0.1 0.9 0.1 0.9 0.1 0.9 0.1 0.9 0.1 0.9 0.1 0.9 0.1 0.9 0.1 0.9 0.1 0.9 0.1 0.9 0.1 0.9 0.3 0.7 0.1 0.9 0.3 0.7 0.1 0.9 0.1 0.9 0.1 0.9 0.1 0.9 0.1 0.9 0.1 0.9 0.1 0.9 0.1 0.9 0.1 0.9 0.1 0.9 0.1 0.9 0.1 0.9 0.1 0.9 0.1 0.9 0.1 0.9 0.1 0.9 0.1 0.9 0.1 0.9 0.1 0.9 0.1 0.9 0.1 0.9 0.1 0.9 0.1 0.9 0.1 0.9 0.1 0.9 0.1 0.9 0.1 0.9 0.1 0.9 0.1 0.9 0.1 0.9 0.1 0.9 0.1 0.9 0.1 0.9 0.1 0.9 0.1 0.9 0.1 0.9 0.1 0.9 0.1 0.9 0.1 0.9 0.1 0.9 0.1 0.9 0.2 0.8 0.2 0.8 0.2 0.8 0.2 0.8 0.2 0.8 0.2 0.8 0.2 0.8 0.2 0.8 0.2 0.8 0.2 0.8 0.2 0.8 0.1 0.9 0.1 0.9 0.1 0.9 0.1 0.9 0.1 0.9 0.1 0.9 0.1 0.9 0.1 0.9 0.1 0.9 0.1 0.9 0.1 0.9 0.1 0.9 0.1 0.9 0.2 0.8 0.2 0.8 0.1 0.9 0.1 0.9 0.1 0.9 0.1 0.9 0.1 0.9 0.1 0.9 0.1 0.9 0.1 0.9 0.1 0.9 0.1 0.9 0.1 0.9 0.1 0.9 0.1 0.9 0.1 0.9 0.1 0.9 0.1 0.9 0.2 0.8 0.2 0.8 0.2 0.8 0.2 0.8 0.2 0.8 0.2 0.8 0.2 0.8 0.2 0.8 0.2 0.8 0.2 0.8 0.1 0.9 0.1 0.9 0.1 0.9 0.1 0.9 0.3 0.7 0.2 0.8 0.2 0.8 0.2 0.8 0.5 0.5 0.2 0.8 0.5 0.5 0.5 0.5 0.2 0.8 0.5 0.5 0.2 0.8 0.5 0.5 0.2 0.8 0.2 0.8 0.5 0.5 0.5 0.5 0.2 0.8 0.5 0.5 0.2 0.8 0.2 0.8 0.5 0.5 0.2 0.8 0.5 0.5 0.2 0.8 0.5 0.5 0.5 0.5 0.2 0.8 0.2 0.8 0.4 0.6 0.4 0.6 0.4 0.6 0.4 0.6 0.2 0.8 0.2 0.8 0.4 0.6 0.4 0.6 0.2 0.8 0.4 0.6 0.4 0.6 0.2 0.8 0.4 0.6 0.4 0.6 0.2 0.8 0.4 0.6 0.2 0.8 0.4 0.6 0.4 0.6 0.2 0.8 0.2 0.8 0.4 0.6 0.4 0.6 0.2 0.8 0.4 0.6 0.2 0.8 0.4 0.6 0.4 0.6 0.2 0.8 0.2 0.8 0.4 0.6 0.2 0.8 0.5 0.5 0.2 0.8 0.5 0.5 0.2 0.8 0.2 0.8 0.5 0.5 0.2 0.8 0.4 0.6 0.2 0.8 0.2 0.8 0.2 0.8 0.2 0.8 0.2 0.8 0.2 0.8 0.2 0.8 0.2 0.8 0.2 0.8 0.2 0.8 0.2 0.8 0.2 0.8 0.2 0.8 0.2 0.8 0.2 0.8 0.2 0.8 0.2 0.8 0.2 0.8 0.2 0.8 0.3 0.7 0.1 0.9 0.3 0.7 0.5 0.5 0.2 0.8 0.5 0.5 0.3 0.7 0.3 0.7 0.1 0.9 0.3 0.7 0.2 0.8 0.2 0.8 0.2 0.8 0.2 0.8 0.2 0.8 0.2 0.8 0.2 0.8 0.2 0.8 0.2 0.8 0.2 0.8 0.2 0.8 0.2 0.8 0.2 0.8 0.2 0.8 0.2 0.8 0.2 0.8 0.2 0.8 0.2 0.8 0.2 0.8 0.2 0.8 0.2 0.8 0.2 0.8 0.2 0.8 0.2 0.8 0.5 0.5 0.5 0.5 0.2 0.8 0.2 0.8 0.5 0.5 0.2 0.8 0.2 0.8 0.2 0.8 0.2 0.8 0.2 0.8 0.2 0.8 0.2 0.8 0.2 0.8 0.2 0.8 0.5 0.5 0.5 0.5 0.2 0.8 0.2 0.8 0.5 0.5 0.2 0.8 0.4 0.6 0.4 0.6 0.2 0.8 0.2 0.8 0.4 0.6 0.2 0.8 0.4 0.6 0.4 0.6 0.2 0.8 0.2 0.8 0.4 0.6 0.2 0.8 0.4 0.6 0.4 0.6 0.2 0.8 0.2 0.8 0.4 0.6 0.2 0.8 0.4 0.6 0.4 0.6 0.2 0.8 0.2 0.8 0.4 0.6 0.2 0.8 0.5 0.5 0.5 0.5 0.2 0.8 0.2 0.8 0.5 0.5 0.2 0.8 0.2 0.8 0.2 0.8 0.5 0.5 0.5 0.5 0.2 0.8 0.5 0.5 0.2 0.8 0.2 0.8 0.5 0.5 0.5 0.5 0.2 0.8 0.5 0.5 0.5 0.5 0.5 0.5 0.2 0.8 0.2 0.8 0.5 0.5 0.2 0.8 0.5 0.5 0.5 0.5 0.2 0.8 0.2 0.8 0.5 0.5 0.2 0.8 0.2 0.8 0.2 0.8 0.5 0.5 0.5 0.5 0.2 0.8 0.5 0.5 0.2 0.8 0.2 0.8 0.5 0.5 0.5 0.5 0.2 0.8 0.5 0.5 0.5 0.5 0.5 0.5 0.2 0.8 0.2 0.8 0.5 0.5 0.2 0.8 0.2 0.8 0.2 0.8 0.2 0.8 0.4 0.6 0.3 0.7 0.3 0.7 0.1 0.9 0.1 0.9 0.3 0.7 0.4 0.6 0.4 0.6 0.1 0.9 0.1 0.9 0.4 0.6 0.3 0.7 0.3 0.7 0.1 0.9 0.1 0.9 0.4 0.6 0.3 0.7 0.3 0.7 0.1 0.9 0.1 0.9 0.4 0.6 0.3 0.7 0.3 0.7 0.4 0.6 0.3 0.7 0.3 0.7 0.2 0.8 0.2 0.8 0.2 0.8 0.2 0.8 0.2 0.8 0.2 0.8 0.4 0.6 0.4 0.6 0.3 0.7 0.2 0.8 0.2 0.8 0.2 0.8 0.2 0.8 0.2 0.8 0.2 0.8 0.2 0.8 0.2 0.8 0.2 0.8 0.2 0.8 0.2 0.8 0.4 0.6 0.4 0.6 0.2 0.8 0.4 0.6 0.2 0.8 0.2 0.8 0.4 0.6 0.2 0.8 0.4 0.6 0.4 0.6 0.2 0.8 0.2 0.8 0.4 0.6 0.4 0.6 0.2 0.8 0.4 0.6 0.2 0.8 0.2 0.8 0.4 0.6 0.2 0.8 0.4 0.6 0.4 0.6 0.2 0.8 0.4 0.6 0.4 0.6 0.2 0.8 0.4 0.6 0.4 0.6 0.4 0.6 0.2 0.8 0.4 0.6 0.2 0.8 0.4 0.6 0.4 0.6 0.3 0.7 0.4 0.6 0.4 0.6 0.4 0.6 0.4 0.6 0.3 0.7 0.3 0.7 0.3 0.7 0.4 0.6 0.4 0.6 0.4 0.6 0.3 0.7 0.4 0.6 0.3 0.7 0.3 0.7 0.3 0.7 0.4 0.6 0.4 0.6 0.3 0.7 0.4 0.6 0.4 0.6 0.4 0.6 0.3 0.7 0.3 0.7 0.3 0.7 0.4 0.6 0.3 0.7 0.4 0.6 0.4 0.6 0.3 0.7 0.3 0.7 0.3 0.7 0.4 0.6 0.3 0.7 0.3 0.7 0.3 0.7 0.3 0.7 0.3 0.7 0.3 0.7 0.3 0.7 0.3 0.7 0.3 0.7 0.3 0.7 0.3 0.7 0.3 0.7 0.3 0.7 0.3 0.7 0.3 0.7 0.3 0.7 0.3 0.7 0.3 0.7 0.3 0.7 0.3 0.7 0.3 0.7 0.3 0.7 0.3 0.7 0.3 0.7 0.1 0.9 0.1 0.9 0.3 0.7 0.3 0.7 0.3 0.7 0.1 0.9 0.1 0.9 0.3 0.7 0.3 0.7 0.3 0.7 0.1 0.9 0.1 0.9 0.3 0.7 0.3 0.7 0.3 0.7 0.1 0.9 0.1 0.9 0.3 0.7 0.3 0.7 0.3 0.7 0.3 0.7 0.3 0.7 0.3 0.7 0.3 0.7 0.3 0.7 0.3 0.7 0.5 0.5 0.2 0.8 0.5 0.5 0.5 0.5 0.2 0.8 0.2 0.8 0.2 0.8 0.2 0.8 0.2 0.8 0.2 0.8 0.2 0.8 0.2 0.8 0.2 0.8 0.2 0.8 0.2 0.8 0.2 0.8 0.2 0.8 0.2 0.8 0.2 0.8 0.2 0.8 0.2 0.8 0.2 0.8 0.2 0.8 0.2 0.8 0.2 0.8 0.2 0.8 0.2 0.8 0.2 0.8 0.2 0.8 0.2 0.8 0.2 0.8 0.2 0.8 0.2 0.8 0.2 0.8 0.2 0.8 0.2 0.8 0.2 0.8 0.4 0.6 0.2 0.8 0.4 0.6 0.4 0.6 0.2 0.8 0.2 0.8 0.4 0.6 0.2 0.8 0.4 0.6 0.4 0.6 0.2 0.8 0.2 0.8 0.4 0.6 0.2 0.8 0.4 0.6 0.4 0.6 0.2 0.8 0.2 0.8 0.4 0.6 0.2 0.8 0.4 0.6 0.4 0.6 0.2 0.8 0.2 0.8 0.2 0.8 0.5 0.5 0.2 0.8 0.2 0.8 0.5 0.5 0.5 0.5 0.4 0.6 0.4 0.6 0.3 0.7 0.3 0.7 0.4 0.6 0.3 0.7 0.4 0.6 0.4 0.6 0.3 0.7 0.3 0.7 0.4 0.6 0.3 0.7 0.4 0.6 0.3 0.7 0.4 0.6 0.4 0.6 0.3 0.7 0.3 0.7 0.4 0.6 0.3 0.7 0.4 0.6 0.4 0.6 0.3 0.7 0.3 0.7 0.4 0.6 0.3 0.7 0.3 0.7 0.3 0.7 0.3 0.7 0.3 0.7 0.3 0.7 0.4 0.6 0.3 0.7 0.3 0.7 0.4 0.6 0.3 0.7 0.1 0.9 0.1 0.9 0.1 0.9 0.1 0.9 0.1 0.9 0.1 0.9 0.1 0.9 0.1 0.9 0.1 0.9 0.1 0.9 0.1 0.9 0.1 0.9 0.1 0.9 0.5 0.5 0.2 0.8 0.5 0.5 0.5 0.5 0.2 0.8 0.2 0.8 0.1 0.9 0.1 0.9 0.3 0.7 0.1 0.9 0.3 0.7 0.1 0.9 0.1 0.9 0.3 0.7 0.3 0.7 0.1 0.9 0.3 0.7 0.1 0.9 0.1 0.9 0.3 0.7 0.3 0.7 0.1 0.9 0.3 0.7 0.1 0.9 0.1 0.9 0.3 0.7 0.1 0.9 0.3 0.7 0.3 0.7 0.1 0.9 0.3 0.7 0.1 0.9 0.1 0.9 0.3 0.7 0.3 0.7 0.1 0.9 0.3 0.7 0.1 0.9 0.1 0.9 0.3 0.7 0.3 0.7 0.1 0.9 0.3 0.7 0.1 0.9 0.1 0.9 0.3 0.7 0.3 0.7 0.1 0.9 0.3 0.7 0.1 0.9 0.1 0.9 0.3 0.7 0.3 0.7 0.1 0.9 0.3 0.7 0.1 0.9 0.1 0.9 0.3 0.7 0.3 0.7 0.1 0.9 0.3 0.7 0.1 0.9 0.3 0.7 0.1 0.9 0.3 0.7 0.1 0.9 0.1 0.9 0.3 0.7 0.3 0.7 0.1 0.9 0.3 0.7 0.1 0.9 0.1 0.9 0.3 0.7 0.3 0.7 0.1 0.9 0.3 0.7 0.1 0.9 0.1 0.9 0.3 0.7 0.3 0.7 0.1 0.9 0.3 0.7 0.1 0.9 0.1 0.9 0.3 0.7 0.1 0.9 0.3 0.7 0.3 0.7 0.1 0.9 0.3 0.7 0.1 0.9 0.1 0.9 0.3 0.7 0.3 0.7 0.1 0.9 0.3 0.7 0.1 0.9 0.1 0.9 0.3 0.7 0.3 0.7 0.1 0.9 0.3 0.7 0.1 0.9 0.1 0.9 0.3 0.7 0.3 0.7 0.1 0.9 0.3 0.7 0.1 0.9 0.1 0.9 0.3 0.7 0.3 0.7 0.1 0.9 0.3 0.7 0.1 0.9 0.3 0.7 0.1 0.9 0.3 0.7 0.1 0.9 0.1 0.9 0.3 0.7 0.1 0.9 0.3 0.7 0.3 0.7 0.1 0.9 0.3 0.7 0.1 0.9 0.3 0.7 0.1 0.9 0.3 0.7 0.1 0.9 0.1 0.9 0.3 0.7 0.3 0.7 0.1 0.9 0.3 0.7 0.1 0.9 0.1 0.9 0.3 0.7 0.3 0.7 0.3 0.7 0.3 0.7 0.4 0.6 0.3 0.7 0.3 0.7 0.3 0.7 0.4 0.6 0.3 0.7 0.4 0.6 0.4 0.6 0.3 0.7 0.3 0.7 0.4 0.6 0.3 0.7 0.4 0.6 0.4 0.6 0.3 0.7 0.4 0.6 0.3 0.7 0.3 0.7 0.4 0.6 0.3 0.7 0.4 0.6 0.4 0.6 0.3 0.7 0.3 0.7 0.4 0.6 0.3 0.7 0.4 0.6 0.4 0.6 0.3 0.7 0.3 0.7 0.3 0.7 0.3 0.7 0.4 0.6 0.1 0.9 0.1 0.9 0.3 0.7 0.3 0.7 0.3 0.7 0.3 0.7 0.3 0.7 0.1 0.9 0.1 0.9 0.3 0.7 0.3 0.7 0.1 0.9 0.1 0.9 0.1 0.9 0.1 0.9 0.1 0.9 0.1 0.9 0.1 0.9 0.1 0.9 0.1 0.9 0.1 0.9 0.5 0.5 0.2 0.8 0.5 0.5 0.5 0.5 0.2 0.8 0.2 0.8 0.2 0.8 0.5 0.5 0.2 0.8 0.2 0.8 0.5 0.5 0.5 0.5 0.2 0.8 0.5 0.5 0.2 0.8 0.2 0.8 0.5 0.5 0.5 0.5 0.5 0.5 0.2 0.8 0.5 0.5 0.5 0.5 0.2 0.8 0.2 0.8 0.5 0.5 0.2 0.8 0.5 0.5 0.5 0.5 0.2 0.8 0.2 0.8 0.2 0.8 0.5 0.5 0.2 0.8 0.2 0.8 0.5 0.5 0.5 0.5 0.5 0.5 0.2 0.8 0.5 0.5 0.5 0.5 0.2 0.8 0.2 0.8 0.2 0.8 0.5 0.5 0.2 0.8 0.2 0.8 0.5 0.5 0.5 0.5 0.2 0.8 0.5 0.5 0.2 0.8 0.2 0.8 0.5 0.5 0.5 0.5 0.5 0.5 0.2 0.8 0.5 0.5 0.5 0.5 0.2 0.8 0.2 0.8 0.5 0.5 0.2 0.8 0.5 0.5 0.5 0.5 0.2 0.8 0.2 0.8 0.3 0.7 0.3 0.7 0.3 0.7 0.3 0.7 0.3 0.7 0.3 0.7 0.3 0.7 0.3 0.7 0.3 0.7 0.4 0.6 0.3 0.7 0.3 0.7 0.4 0.6 0.3 0.7 0.3 0.7 0.3 0.7 0.3 0.7 0.3 0.7 0.3 0.7 0.3 0.7 0.3 0.7 0.3 0.7 0.3 0.7 0.3 0.7 0.3 0.7 0.3 0.7 0.3 0.7 0.3 0.7 0.3 0.7 0.3 0.7 0.3 0.7 0.3 0.7 0.3 0.7 0.4 0.6 0.3 0.7 0.3 0.7 0.4 0.6 0.3 0.7 0.3 0.7 0.3 0.7 0.3 0.7 0.3 0.7 0.3 0.7 0.3 0.7 0.3 0.7 0.3 0.7 0.3 0.7 0.3 0.7 0.3 0.7 0.4 0.6 0.4 0.6 0.4 0.6 0.3 0.7 0.3 0.7 0.3 0.7 0.3 0.7 0.3 0.7 0.3 0.7 0.3 0.7 0.3 0.7 0.3 0.7 0.4 0.6 0.3 0.7 0.4 0.6 0.3 0.7 0.4 0.6 0.3 0.7 0.3 0.7 0.4 0.6 0.4 0.6 0.3 0.7 0.3 0.7 0.3 0.7 0.4 0.6 0.4 0.6 0.3 0.7 0.4 0.6 0.4 0.6 0.4 0.6 0.3 0.7 0.3 0.7 0.4 0.6 0.3 0.7 0.4 0.6 0.3 0.7 0.4 0.6 0.3 0.7 0.4 0.6 0.3 0.7 0.4 0.6 0.4 0.6 0.3 0.7 0.4 0.6 0.3 0.7 0.4 0.6 0.4 0.6 0.2 0.8 0.5 0.5 0.2 0.8 0.2 0.8 0.5 0.5 0.5 0.5 0.2 0.8 0.5 0.5 0.2 0.8 0.3 0.7 0.3 0.7 0.3 0.7 0.3 0.7 0.2 0.8 0.5 0.5 0.5 0.5 0.1 0.9 0.3 0.7 0.1 0.9 0.3 0.7 0.1 0.9 0.3 0.7 0.3 0.7 0.3 0.7 0.1 0.9 0.3 0.7 0.1 0.9 0.3 0.7 0.3 0.7 0.1 0.9 0.3 0.7 0.3 0.7 0.3 0.7 0.3 0.7 0.1 0.9 0.3 0.7 0.1 0.9 0.1 0.9 0.3 0.7 0.3 0.7 0.3 0.7 0.1 0.9 0.3 0.7 0.1 0.9 0.3 0.7 0.1 0.9 0.3 0.7 0.3 0.7 0.3 0.7 0.3 0.7 0.1 0.9 0.1 0.9 0.3 0.7 0.3 0.7 0.3 0.7 0.3 0.7 0.1 0.9 0.3 0.7 0.1 0.9 0.1 0.9 0.3 0.7 0.3 0.7 0.1 0.9 0.3 0.7 0.1 0.9 0.1 0.9 0.3 0.7 0.3 0.7 0.1 0.9 0.3 0.7 0.1 0.9 0.1 0.9 0.3 0.7 0.3 0.7 0.1 0.9 0.3 0.7 0.1 0.9 0.3 0.7 0.1 0.9 0.1 0.9 0.3 0.7 0.3 0.7 0.1 0.9 0.3 0.7 0.1 0.9 0.1 0.9 0.3 0.7 0.3 0.7 0.1 0.9 0.1 0.9 0.3 0.7 0.3 0.7 0.1 0.9 0.3 0.7 0.1 0.9 0.1 0.9 0.3 0.7 0.3 0.7 0.1 0.9 0.3 0.7 0.1 0.9 0.1 0.9 0.3 0.7 0.3 0.7 0.1 0.9 0.3 0.7 0.1 0.9 0.1 0.9 0.3 0.7 0.3 0.7 0.1 0.9 0.3 0.7 0.1 0.9 0.3 0.7 0.1 0.9 0.1 0.9 0.3 0.7 0.3 0.7 0.1 0.9 0.3 0.7 0.1 0.9 0.1 0.9 0.3 0.7 0.3 0.7 0.3 0.7 0.3 0.7 0.1 0.9 0.3 0.7 0.1 0.9 0.1 0.9 0.3 0.7 0.3 0.7 0.1 0.9 0.3 0.7 0.1 0.9 0.1 0.9 0.3 0.7 0.3 0.7 0.3 0.7 0.3 0.7 0.1 0.9 0.1 0.9 0.3 0.7 0.3 0.7 0.3 0.7 0.3 0.7 0.1 0.9 0.3 0.7 0.1 0.9 0.1 0.9 0.3 0.7 0.3 0.7 0.1 0.9 0.3 0.7 0.1 0.9 0.1 0.9 0.3 0.7 0.3 0.7 0.1 0.9 0.3 0.7 0.1 0.9 0.1 0.9 0.3 0.7 0.3 0.7 0.1 0.9 0.3 0.7 0.1 0.9 0.3 0.7 0.1 0.9 0.3 0.7 0.3 0.7 0.3 0.7 0.3 0.7 0.3 0.7 0.3 0.7 0.5 0.5 0.5 0.5 0.5 0.5 0.5 0.5 0.5 0.5 0.5 0.5 0.3 0.7 0.5 0.5 0.5 0.5 0.3 0.7 0.5 0.5 0.5 0.5 0.3 0.7 0.5 0.5 0.3 0.7 0.3 0.7 0.3 0.7 0.5 0.5 0.5 0.5 0.5 0.5 0.5 0.5 0.5 0.5 0.5 0.5 0.3 0.7 0.5 0.5 0.3 0.7 0.3 0.7 0.3 0.7 0.3 0.7 0.3 0.7 0.3 0.7 0.3 0.7 0.3 0.7 0.3 0.7 0.5 0.5 0.3 0.7 0.3 0.7 0.3 0.7 0.3 0.7 0.5 0.5 0.3 0.7 0.3 0.7 0.3 0.7 0.3 0.7 0.3 0.7 0.3 0.7 0.5 0.5 0.5 0.5 0.5 0.5 0.3 0.7 0.5 0.5 0.5 0.5 0.5 0.5 0.5 0.5 0.5 0.5 0.5 0.5 0.5 0.5 0.5 0.5 0.5 0.5 0.3 0.7 0.5 0.5 0.5 0.5 0.5 0.5 0.5 0.5 0.5 0.5 0.5 0.5 0.5 0.5 0.5 0.5 0.5 0.5 0.5 0.5 0.5 0.5 0.5 0.5 0.1 0.9 0.3 0.7 0.5 0.5 0.5 0.5 0.5 0.5 0.5 0.5 0.5 0.5 0.5 0.5 0.5 0.5 0.3 0.7 0.2 0.8 0.4 0.6 0.3 0.7 0.4 0.6 0.3 0.7 0.4 0.6 0.4 0.6 0.4 0.6 0.3 0.7 0.4 0.6 0.2 0.8 0.2 0.8 0.2 0.8 0.2 0.8 0.2 0.8 0.2 0.8 0.2 0.8 0.3 0.7 0.3 0.7 0.2 0.8 0.2 0.8 0.2 0.8 0.4 0.6 0.2 0.8 0.2 0.8 0.4 0.6 0.4 0.6 0.2 0.8 0.2 0.8 0.2 0.8 0.4 0.6 0.4 0.6 0.2 0.8 0.4 0.6 0.4 0.6 0.2 0.8 0.2 0.8 0.4 0.6 0.2 0.8 0.4 0.6 0.2 0.8 0.4 0.6 0.2 0.8 0.4 0.6 0.4 0.6 0.2 0.8 0.2 0.8 0.2 0.8 0.4 0.6 0.3 0.7 0.2 0.8 0.4 0.6 0.2 0.8 0.3 0.7 0.3 0.7 0.3 0.7 0.4 0.6 0.2 0.8 0.4 0.6 0.3 0.7 0.3 0.7 0.2 0.8 0.2 0.8 0.4 0.6 0.3 0.7 0.3 0.7 0.3 0.7 0.2 0.8 0.2 0.8 0.4 0.6 0.3 0.7 0.3 0.7 0.2 0.8 0.4 0.6 0.2 0.8 0.2 0.8 0.2 0.8 0.4 0.6 0.4 0.6 0.4 0.6 0.2 0.8 0.4 0.6 0.2 0.8 0.4 0.6 0.2 0.8 0.3 0.7 0.1 0.9 0.3 0.7 0.1 0.9 0.3 0.7 0.3 0.7 0.2 0.8 0.2 0.8 0.2 0.8 0.3 0.7 0.3 0.7 0.2 0.8 0.2 0.8 0.2 0.8 0.2 0.8 0.3 0.7 0.3 0.7 0.4 0.6 0.4 0.6 0.2 0.8 0.2 0.8 0.4 0.6 0.2 0.8 0.2 0.8 0.4 0.6 0.2 0.8 0.4 0.6 0.2 0.8 0.4 0.6 0.4 0.6 0.2 0.8 0.2 0.8 0.3 0.7 0.3 0.7 0.4 0.6 0.2 0.8 0.4 0.6 0.4 0.6 0.2 0.8 0.2 0.8 0.4 0.6 0.4 0.6 0.2 0.8 0.2 0.8 0.4 0.6 0.2 0.8 0.3 0.7 0.3 0.7 0.4 0.6 0.4 0.6 0.2 0.8 0.2 0.8 0.4 0.6 0.2 0.8 0.2 0.8 0.2 0.8 0.2 0.8 0.3 0.7 0.3 0.7 0.2 0.8 0.2 0.8 0.2 0.8 0.2 0.8 0.2 0.8 0.2 0.8 0.4 0.6 0.4 0.6 0.2 0.8 0.2 0.8 0.4 0.6 0.2 0.8 0.4 0.6 0.2 0.8 0.4 0.6 0.4 0.6 0.2 0.8 0.2 0.8 0.4 0.6 0.2 0.8 0.4 0.6 0.4 0.6 0.2 0.8 0.2 0.8 0.4 0.6 0.4 0.6 0.2 0.8 0.2 0.8 0.4 0.6 0.2 0.8 0.5 0.5 0.2 0.3 0.5 0.5 0.5 0.5 0.5 0.2 0.3 0.5 0.5 0.5 0.5 0.5 0.5 0.5 0.2 0.3 0.5 0.5 0.5 0.5 0.5 0.2 0.3 0.5 0.5 0.5 0.5 0.5 0.2 0.3 0.5 0.5 0.5 0.2 0.3 0.5 0.5 0.5 0.5 0.5 0.2 0.3 0.5 0.2 0.8 0.2 0.8 0.5 0.5 0.2 0.3 0.5 0.2 0.8 0.3 0.7 0.2 0.8 0.3 0.7 0.5 0.5 0.5 0.5 0.2 0.8 0.5 0.5 0.2 0.8 0.2 0.8 0.3 0.7 0.2 0.8 0.3 0.7 0.3 0.7 0.2 0.8 0.3 0.7 0.3 0.7 0.2 0.8 0.2 0.8 0.3 0.7 0.2 0.8 0.3 0.7 0.2 0.8 0.3 0.7 0.2 0.8 0.3 0.7 0.3 0.7 0.2 0.8 0.2 0.8 0.2 0.8 0.2 0.8 0.2 0.8 0.2 0.8 0.2 0.8 0.5 0.5 0.5 0.5 0.5 0.5 0.5 0.5 0.5 0.5 0.5 0.5 0.5 0.5 0.5 0.5 0.5 0.5 0.5 0.5 0.5 0.5 0.5 0.5 0.5 0.5 0.5 0.5 0.5 0.5 0.5 0.5 0.5 0.5 0.5 0.5 0.5 0.5 0.3 0.7 0.3 0.7 0.3 0.7 0.3 0.7 0.3 0.7 0.3 0.7 0.3 0.7 0.3 0.7 0.3 0.7 0.3 0.7 0.3 0.7 0.3 0.7 0.3 0.7 0.3 0.7 0.3 0.7 0.3 0.7 0.2 0.8 0.2 0.8 0.2 0.8 0.2 0.8 0.2 0.8 0.2 0.8 0.2 0.8 0.2 0.8 0.3 0.7 0.5 0.5 0.3 0.7 0.5 0.5 0.5 0.5 0.5 0.5 0.5 0.5 0.5 0.5 0.2 0.8 0.5 0.5 0.3 0.7 0.5 0.5 0.2 0.4 0.4 0.3 0.7 0.2 0.4 0.4 0.5 0.5 0.5 0.5 0.5 0.5 0.1 0.9 0.5 0.5 0.5 0.5 0.5 0.5 0.5 0.5 0.1 0.9 0.5 0.5 0.1 0.9 0.5 0.5 0.5 0.5 0.5 0.5 0.5 0.5 0.5 0.5 0.5 0.5 0.5 0.5 0.5 0.5 0.5 0.5 0.5 0.5 0.5 0.5 0.5 0.5 0.3 0.7 0.5 0.5 0.3 0.7 0.5 0.5 0.5 0.5 0.1 0.9 0.1 0.9 0.1 0.9 0.1 0.9 0.1 0.9 0.1 0.9 0.1 0.9 0.5 0.5 0.5 0.5 0.1 0.9 0.5 0.5 0.1 0.9 0.5 0.5 0.1 0.9 0.2 0.8 0.2 0.8 0.5 0.5 0.2 0.4 0.4 0.2 0.4 0.4 0.2 0.4 0.4 0.3 0.7 0.2 0.4 0.4 0.3 0.7</float_array>
          <technique_common>
            <accessor source="#Controller1-weights-array" count="3663" stride="1">
              <param name="WEIGHT" type="float"/>
            </accessor>
          </technique_common>
        </source>
        <joints>
          <input semantic="JOINT" source="#Controller1-joints"/>
          <input semantic="INV_BIND_MATRIX" source="#Controller1-bind_poses"/>
        </joints>
        <vertex_weights count="4488">
          <input semantic="JOINT" source="#Controller1-joints" offset="0"/>
          <input semantic="WEIGHT" source="#Controller1-weights" offset="1"/>
          <vcount>1 2 1 1 1 1 1 1 1 1 1 1 1 1 1 1 1 1 1 1 1 1 1 1 1 2 1 1 1 1 1 1 1 1 1 1 1 2 2 1 2 2 1 1 1 1 1 1 1 1 1 1 1 1 1 2 2 1 1 1 1 2 1 1 1 1 1 1 1 1 2 2 1 1 1 1 1 1 1 1 2 1 1 1 1 2 2 1 2 2 1 1 1 1 1 1 1 1 2 1 2 1 1 1 1 1 1 1 1 1 1 1 1 1 1 1 2 1 1 1 1 1 1 1 1 1 1 2 2 1 1 1 1 1 1 1 1 2 1 2 1 1 2 1 1 2 1 1 2 1 1 1 1 1 1 2 1 1 1 1 1 2 1 1 1 1 1 2 1 2 2 1 2 1 1 2 1 1 2 1 1 1 1 1 1 1 1 1 1 1 1 1 1 2 1 1 2 1 1 2 1 1 1 1 1 2 1 1 1 1 1 1 1 1 1 1 1 2 1 1 1 1 1 1 1 1 1 1 1 1 1 1 1 2 1 1 1 1 1 1 1 2 2 1 2 1 1 1 1 1 1 1 1 1 1 1 1 1 1 1 1 1 1 1 1 1 1 1 1 1 1 1 1 1 1 1 1 1 1 1 1 1 1 1 1 1 1 1 1 1 1 1 1 1 1 1 1 1 1 1 1 1 1 1 1 1 1 1 1 1 1 1 1 1 1 1 1 1 1 1 1 1 1 1 1 1 1 1 1 1 1 1 1 1 1 1 1 1 1 1 1 1 1 1 1 1 1 1 1 1 1 1 1 1 1 1 1 1 1 1 1 1 1 1 1 1 1 1 1 1 1 1 1 1 1 1 1 1 1 1 1 1 1 1 1 1 1 1 1 1 1 1 1 1 1 1 1 1 1 1 1 1 1 2 2 1 2 1 1 1 1 1 1 1 1 2 2 1 2 1 1 2 2 1 2 1 1 1 1 1 1 1 1 1 1 1 1 1 1 1 1 1 1 1 1 1 1 1 1 1 1 1 1 1 1 2 1 2 1 1 1 1 1 1 1 1 1 2 1 2 1 1 1 1 1 1 1 1 1 2 1 1 1 1 1 2 1 2 2 1 2 1 1 1 1 1 1 1 1 1 1 1 2 2 1 2 2 1 1 2 1 2 1 1 2 1 1 1 2 1 1 2 1 2 1 1 1 1 1 1 1 1 1 1 1 1 1 1 1 1 1 1 1 1 1 1 1 1 1 1 1 1 1 1 1 1 1 1 1 1 1 1 1 1 1 1 1 1 1 1 1 1 1 1 1 1 1 1 1 1 1 1 1 1 1 1 1 1 1 1 1 1 1 1 1 1 1 1 1 1 1 1 1 1 1 1 1 1 1 1 1 1 1 1 1 1 1 1 1 1 1 1 1 1 1 1 1 1 1 1 1 1 1 1 1 1 1 1 1 1 1 1 1 1 1 1 1 1 1 1 1 1 1 1 1 1 1 1 1 1 1 1 1 1 1 1 1 1 1 1 1 1 1 1 1 1 1 1 1 1 1 1 1 1 1 1 1 1 1 1 1 1 1 1 1 1 1 1 1 1 1 1 1 1 1 1 1 1 1 1 1 1 1 1 1 1 1 1 1 1 1 1 1 1 1 1 1 1 1 1 1 1 1 1 1 1 1 1 1 1 1 1 1 1 1 1 1 1 1 1 1 1 1 1 1 1 1 1 1 1 1 1 1 1 1 1 1 1 1 1 1 1 1 1 1 1 1 1 1 1 1 1 1 1 1 1 1 2 1 1 1 2 1 2 2 1 2 1 1 2 2 1 1 2 1 1 1 1 1 1 1 2 3 1 3 2 1 1 1 1 1 1 1 1 1 1 1 1 1 1 1 1 1 1 1 2 1 1 2 1 1 2 2 1 2 1 1 1 2 1 1 2 1 3 2 1 2 3 1 3 2 1 2 2 1 2 3 1 1 2 1 1 1 1 1 1 1 1 1 1 1 1 1 1 1 1 1 1 1 1 1 1 1 1 1 1 1 1 1 1 1 1 1 1 1 1 1 1 1 1 1 1 1 1 1 1 1 1 1 1 1 1 1 1 1 1 1 1 1 1 1 1 1 1 1 1 1 1 1 1 1 1 1 1 1 1 1 1 1 1 1 1 1 1 1 1 1 1 1 1 1 1 1 1 1 1 1 1 1 1 1 1 1 1 1 1 1 1 1 1 1 1 1 1 1 1 1 1 1 1 1 1 1 1 1 1 1 1 1 1 1 1 1 1 1 1 1 1 1 1 1 1 1 1 1 1 1 1 1 1 1 1 1 1 1 1 1 1 1 1 1 1 1 1 1 1 1 2 2 1 1 2 1 2 2 1 2 2 1 1 1 1 1 1 1 1 1 1 1 1 1 1 1 1 1 1 1 2 1 1 2 1 1 1 1 1 1 1 1 1 1 1 1 1 1 1 1 1 1 1 1 1 1 1 1 1 1 2 1 1 1 2 1 1 1 1 1 2 1 1 1 1 1 2 1 2 2 1 2 1 1 1 1 1 1 1 1 1 1 1 2 1 1 2 2 1 2 1 1 1 1 1 1 1 1 1 1 1 1 1 1 1 1 1 1 1 1 1 1 1 1 1 1 1 1 1 1 1 1 1 1 1 1 1 1 1 1 1 1 1 1 1 1 1 1 1 1 1 1 1 2 1 1 1 2 1 1 1 1 1 1 1 1 1 1 1 1 1 1 2 1 1 1 1 1 1 1 1 2 1 1 2 1 2 1 1 2 2 1 2 2 1 2 1 1 1 2 1 1 2 1 1 2 1 2 1 1 1 2 1 2 1 1 2 1 1 2 1 1 1 1 1 2 2 1 2 2 1 1 1 2 1 1 2 1 2 1 1 1 2 1 1 1 1 1 1 1 1 1 1 1 1 1 1 1 1 1 1 1 1 1 1 1 1 1 1 1 1 1 1 1 1 1 1 1 1 1 1 1 1 1 1 1 2 1 1 2 1 1 1 2 1 1 1 1 1 1 1 1 1 1 1 1 1 1 1 1 1 1 1 1 1 1 1 1 1 1 1 1 1 1 1 2 2 1 1 2 1 2 2 1 2 1 1 2 2 1 2 2 1 1 1 1 2 2 1 1 1 1 2 1 1 1 1 1 1 1 1 1 1 1 1 1 1 1 1 1 1 1 1 1 1 1 1 1 1 1 1 1 1 1 1 1 1 1 1 1 1 1 1 1 1 1 1 1 1 1 1 1 1 1 1 1 2 2 1 2 1 1 1 1 1 1 1 1 1 1 1 1 2 1 2 2 1 2 1 1 1 1 1 1 2 1 2 1 1 1 1 1 2 2 1 2 1 1 1 1 1 1 1 1 1 2 1 1 2 1 2 1 1 2 2 1 1 1 1 1 1 1 1 1 1 1 1 1 1 1 1 1 1 1 1 2 1 2 1 1 2 1 1 2 2 1 1 2 1 1 2 1 2 2 1 2 1 1 2 1 1 1 2 1 2 2 1 1 2 1 2 2 1 2 2 1 2 1 1 1 1 1 1 2 1 2 1 1 2 2 1 1 2 1 1 1 1 1 1 1 1 1 1 1 1 1 1 1 1 1 1 1 2 1 1 1 1 1 1 2 1 1 1 1 1 1 1 1 1 1 1 1 1 1 1 1 1 1 1 1 2 1 2 1 1 2 1 1 1 1 1 1 1 1 1 1 1 1 1 1 1 1 1 2 2 1 2 2 1 1 1 1 1 1 1 1 1 1 1 1 1 1 1 1 1 2 1 2 2 1 2 2 1 2 2 1 2 1 1 2 2 1 1 2 1 2 1 1 2 2 1 2 1 1 1 1 1 1 1 1 1 1 1 1 1 1 1 1 1 1 1 1 1 1 1 1 1 1 1 1 1 1 1 1 1 1 1 1 1 1 1 1 1 1 1 1 1 1 1 1 1 1 1 1 1 1 1 1 1 1 1 1 1 1 1 1 1 1 2 1 1 2 1 2 2 1 1 2 1 1 2 1 2 1 1 2 1 1 2 2 1 2 1 1 2 1 1 1 1 1 1 1 1 1 1 1 2 1 1 2 1 1 1 1 1 1 1 1 1 1 1 1 1 1 1 1 1 1 1 1 1 1 1 1 1 1 1 1 1 1 1 1 1 1 1 1 1 1 1 1 1 1 1 1 1 1 1 1 1 1 1 1 1 1 1 1 1 1 1 2 1 1 2 2 1 2 1 2 1 1 2 1 2 1 1 1 2 1 2 2 1 1 2 1 1 1 1 1 2 1 2 2 1 2 1 1 2 2 1 2 1 1 2 2 1 2 1 1 2 2 1 2 1 1 1 1 1 1 2 1 2 1 1 1 2 1 2 1 1 1 2 1 1 1 1 1 2 1 2 2 1 2 1 1 2 2 1 2 1 1 1 2 1 1 2 1 1 2 1 1 1 1 1 2 1 1 2 1 1 2 1 1 2 1 2 1 1 1 2 1 2 2 1 1 2 1 2 2 1 2 1 1 2 2 1 2 1 1 2 2 1 2 1 1 2 2 1 2 1 1 1 1 1 1 1 1 1 1 1 1 1 1 1 1 1 1 1 1 1 1 1 1 1 1 1 1 1 1 1 1 1 1 1 1 1 1 1 1 1 1 1 1 1 1 1 1 1 1 1 1 1 1 1 1 1 1 1 1 1 1 1 1 1 1 1 1 1 1 1 1 1 1 1 1 1 1 1 1 1 1 1 1 1 1 1 1 1 1 1 1 1 1 1 1 1 1 1 1 1 1 1 1 1 1 1 1 1 1 1 1 1 1 1 1 1 1 1 1 1 1 1 1 1 1 1 1 1 1 1 1 1 1 1 1 1 1 1 1 1 1 1 1 1 1 1 1 1 1 1 1 1 1 1 1 1 1 1 1 1 1 1 1 1 1 1 1 1 1 1 1 1 1 1 1 1 1 1 1 1 1 1 1 1 1 1 1 1 1 1 1 1 1 1 1 1 1 1 1 1 1 1 1 1 1 1 1 1 1 1 1 1 1 1 1 1 1 1 1 1 1 1 1 1 1 1 1 1 1 1 1 1 1 1 1 1 1 1 1 1 1 1 1 1 1 1 1 1 1 1 1 1 1 1 1 1 1 1 1 1 1 1 1 1 1 1 1 1 1 1 1 1 1 1 1 1 1 1 1 1 1 1 1 1 1 1 1 1 1 2 1 1 2 2 1 2 1 1 2 2 1 2 1 1 2 2 1 1 1 1 1 1 1 1 1 1 1 1 1 1 1 1 1 1 1 1 1 1 1 1 1 1 1 1 1 1 1 1 1 1 1 1 1 1 1 1 1 1 1 1 1 1 1 1 1 1 1 1 1 1 1 1 1 1 1 1 1 1 1 1 1 1 1 1 1 1 1 1 1 1 1 1 1 2 1 2 2 1 2 1 1 1 1 1 1 1 1 2 2 1 2 1 1 1 1 1 1 2 1 2 2 1 2 1 1 1 1 1 1 1 1 1 1 1 1 1 1 1 2 1 1 2 1 1 2 1 1 2 1 2 1 1 2 2 1 2 1 1 2 2 1 2 1 1 2 2 1 1 1 1 1 1 1 1 1 1 1 1 1 1 1 1 1 1 1 1 1 1 1 1 1 1 1 1 1 1 1 1 1 1 1 1 1 1 1 1 1 1 1 1 1 1 1 1 1 1 1 1 1 1 1 1 1 1 1 1 1 1 1 1 1 1 1 1 1 1 1 1 1 1 1 1 1 1 1 1 1 1 1 1 1 1 1 1 1 1 1 1 1 1 1 1 1 1 1 1 1 1 1 1 1 1 1 1 1 1 1 1 1 1 1 1 1 1 1 1 1 1 1 1 1 1 1 1 1 1 1 1 1 1 1 1 1 1 1 1 2 1 1 2 1 1 1 1 1 1 1 1 1 1 1 1 1 1 1 1 1 1 1 1 1 1 1 1 1 1 1 1 1 1 1 1 2 1 1 2 1 1 2 1 1 2 1 2 1 1 2 2 1 2 1 1 2 2 1 2 1 1 2 2 1 2 1 1 2 2 1 1 1 1 1 1 1 1 1 1 1 1 1 1 1 1 1 1 1 1 1 1 1 1 1 1 1 1 1 1 1 1 1 1 1 1 1 1 1 1 1 1 1 1 1 1 1 1 1 1 1 1 1 1 1 1 1 1 1 1 1 1 1 1 1 2 1 2 2 1 2 1 1 1 1 1 1 2 1 2 1 1 1 1 1 1 1 1 1 2 1 2 2 1 2 1 1 1 1 1 1 1 1 1 1 1 1 1 1 1 1 1 1 1 1 1 1 1 1 1 1 2 1 1 2 2 1 2 2 1 2 1 1 2 1 1 1 1 2 2 2 2 2 2 2 2 2 2 2 2 2 2 2 2 2 2 2 2 2 2 2 2 2 2 2 2 2 2 2 2 2 2 2 2 2 2 2 2 2 2 2 2 2 2 2 2 2 2 2 2 2 2 2 2 2 2 2 2 2 2 2 2 2 2 2 2 2 2 2 2 2 2 2 2 2 2 2 2 2 2 2 2 2 2 2 2 2 2 2 1 2 2 1 2 2 2 2 2 2 2 2 2 2 2 2 2 2 2 2 2 2 2 2 2 2 2 2 2 2 2 2 2 2 2 2 1 2 2 2 1 2 1 2 2 1 2 2 2 2 2 2 2 2 2 2 2 2 2 2 2 2 2 2 2 2 2 2 2 2 2 2 2 2 2 2 2 2 2 2 2 2 2 2 2 2 2 2 2 2 2 2 2 2 2 2 2 2 2 2 2 2 2 2 2 2 2 2 2 2 2 2 2 2 2 2 2 2 2 2 2 2 2 2 2 2 2 2 2 2 2 2 1 2 2 2 2 2 1 2 2 2 2 2 1 2 2 2 2 2 1 2 2 2 2 2 2 2 2 2 2 2 2 2 2 2 2 2 2 2 2 2 2 2 2 2 2 2 2 2 2 2 2 2 2 2 2 2 2 2 2 2 2 2 2 2 2 2 2 2 2 2 2 2 2 2 2 2 2 2 2 2 2 2 2 2 2 2 2 2 2 2 2 2 2 2 2 2 2 2 2 2 2 2 2 2 2 2 2 2 2 2 2 2 2 2 2 2 2 2 2 2 2 2 2 2 2 2 2 2 2 2 2 2 2 2 2 2 2 2 1 2 2 2 2 2 1 2 2 2 2 2 1 2 2 2 2 2 1 2 2 2 2 2 2 2 2 2 2 2 2 2 2 2 2 2 1 2 2 1 2 2 1 1 2 1 2 2 2 2 2 2 2 2 2 2 2 2 2 2 2 2 2 2 2 2 2 2 2 2 2 2 2 2 2 2 2 2 2 2 2 2 2 2 2 2 2 2 2 2 2 2 2 2 2 2 2 2 2 2 2 2 2 2 2 2 2 2 2 2 2 2 2 2 2 2 2 2 2 2 2 2 2 2 2 2 2 2 2 2 2 2 2 2 2 2 2 2 1 2 2 1 2 2 1 2 2 1 2 2 1 2 2 1 2 2 1 1 2 2 2 2 2 2 2 1 2 2 2 2 2 2 2 2 2 2 2 2 2 2 2 2 2 2 2 2 2 2 2 2 2 2 2 2 2 2 2 2 2 2 2 2 2 2 2 2 2 2 2 2 2 2 2 2 2 2 2 2 2 2 2 2 2 2 2 2 2 2 2 2 2 2 2 2 2 2 2 2 2 2 2 2 2 2 2 2 2 2 2 2 2 2 2 2 2 2 2 2 2 2 2 2 2 2 2 2 2 2 2 2 2 2 2 2 2 2 2 2 2 2 2 2 2 2 2 2 2 2 2 2 2 2 2 2 2 2 2 2 2 2 2 2 2 2 2 2 2 2 2 2 2 2 2 2 2 2 2 2 2 2 2 2 2 2 2 2 2 2 2 2 2 2 2 2 2 2 1 2 2 2 1 2 1 1 2 1 2 2 1 2 2 2 1 2 1 2 2 1 2 2 1 2 2 1 2 2 1 2 2 2 2 2 2 2 2 2 2 2 2 2 2 2 2 2 2 2 2 2 2 2 2 2 2 2 2 2 2 2 2 2 2 2 2 2 2 2 2 2 2 2 2 2 2 2 2 2 2 2 2 2 2 2 2 2 2 2 2 2 2 2 2 2 2 2 2 2 2 2 2 2 2 2 2 2 2 2 2 2 2 2 2 2 2 2 2 2 2 2 2 2 2 2 2 2 2 2 2 2 2 2 2 2 2 2 2 2 2 2 2 2 2 2 2 2 2 2 2 2 2 2 2 2 2 2 2 2 2 2 2 2 2 2 2 2 2 2 2 2 2 2 2 2 2 2 2 2 2 2 2 2 2 2 2 2 2 2 2 2 2 2 2 2 2 2 2 2 2 2 2 2 2 1 2 2 1 2 2 2 2 2 2 2 1 1 2 2 2 2 1 1 2 2 2 2 2 1 2 2 2 2 1 2 2 2 2 2 2 2 2 1 1 2 2 2 2 1 1 2 2 2 2 1 2 2 2 2 2 2 1 2 2 2 2 2 2 2 2 2 2 2 2 2 2 2 2 2 2 2 2 2 2 2 2 2 2 2 2 2 2 2 2 2 2 2 2 2 2 2 2 2 2 2 2 2 2 2 2 2 2 2 2 2 2 2 2 2 2 2 2 2 2 2 2 2 2 2 2 2 2 2 1 2 2 2 2 2 2 2 2 2 2 2 2 2 1 2 2 2 2 2 2 1 2 2 2 2 2 2 2 2 2 2 2 2 2 2 2 2 2 2 2 2 2 2 2 1 2 2 2 2 2 1 2 1 2 2 2 2 2 2 2 2 2 2 2 2 2 2 2 2 2 2 2 2 2 1 2 1 2 2 1 2 2 2 1 2 1 2 2 2 2 2 2 2 2 2 2 2 1 2 2 2 2 2 1 2 2 2 1 2 2 2 2 1 1 2 2 2 2 2 2 2 2 2 2 1 1 2 2 2 2 2 2 2 2 2 2 2 2 2 1 2 2 1 2 2 1 2 2 1 1 2 2 1 2 1 2 2 1 2 2 1 1 2 1 2 2 1 1 2 1 1 2 2 1 2 1 2 2 2 1 2 1 1 2 2 1 2 1 2 2 1 2 2 1 1 2 2 2 2 2 2 2 2 2 2 2 2 2 2 2 2 2 2 2 2 2 2 2 2 2 2 2 2 1 1 2 2 2 2 1 2 2 1 1 2 2 2 2 2 1 2 2 2 2 2 1 2 1 1 2 2 2 2 1 2 2 2 2 2 2 2 2 2 2 2 2 2 2 1 1 2 1 2 2 2 1 2 2 1 2 2 1 2 1 1 2 1 2 2 1 1 2 1 2 2 1 1 2 1 2 2 2 2 2 2 2 2 2 2 2 2 2 2 2 2 2 1 2 2 2 2 2 2 2 2 2 2 2 2 2 2 2 1 2 2 2 2 2 2 2 1 2 2 1 1 2 2 1 2 1 2 2 1 2 2 2 1 2 2 2 2 2 2 2 2 2 2 2 2 2 2 2 2 2 2 2 2 2 2 2 2 2 3 2 2 3 2 2 2 3 2 2 3 2 2 3 2 3 2 2 3 1 2 1 2 2 1 3 2 1 2 2 2 1 2 2 1 2 1 1 2 1 1 2 2 2 2 2 2 2 2 2 2 1 1 2 2 2 2 1 2 2 2 1 2 1 2 2 1 1 2 2 1 2 1 2 2 1 1 2 2 1 2 1 2 2 1 2 2 2 1 2 1 2 2 2 1 2 1 2 2 1 2 2 1 1 2 1 2 2 1 1 2 1 1 2 1 1 2 2 2 2 1 1 2 2 1 2 2 2 2 1 2 2 1 1 2 2 1 2 1 1 2 2 1 2 2 1 2 1 2 2 1 1 2 1 1 2 1 2 2 1 1 2 1 1 2 1 2 2 2 1 2 1 1 2 2 3 2 3 2 2 1 2 2 2 2 2 2 2 2 2 2 2 1 2 2 2 1 2 1 1 2 2 1 2 1 2 2 1 1 2 2 1 2 1 2 2 1 1 2 1 1 2 1 2 2 1 1 2 2 1 2 2 2 2 2 2 2 2 2 2 2 2 3 1 1 3 1 1 3 1 2 3 2 1 </vcount>
          <v>9 0 10 1 9 2 9 0 11 0 11 0 11 0 11 0 11 0 11 0 11 0 11 0 11 0 11 0 11 0 11 0 11 0 11 0 11 0 11 0 11 0 11 0 11 0 11 0 11 0 9 0 2 3 9 4 9 0 11 0 11 0 11 0 11 0 11 0 11 0 11 0 11 0 11 0 9 0 9 5 2 6 2 7 9 8 9 0 2 9 9 10 9 11 2 12 11 0 11 0 11 0 11 0 11 0 11 0 11 0 11 0 11 0 11 0 11 0 11 0 9 0 10 13 9 14 10 15 9 16 11 0 11 0 11 0 9 0 10 17 9 18 9 0 11 0 11 0 11 0 11 0 11 0 11 0 9 0 10 19 9 20 10 21 9 22 11 0 11 0 11 0 11 0 11 0 11 0 9 0 9 0 10 23 9 24 11 0 11 0 11 0 9 0 2 25 9 26 9 27 2 28 9 0 9 29 2 30 2 31 9 32 11 0 11 0 11 0 11 0 11 0 11 0 9 0 9 0 2 33 9 34 9 0 2 35 9 36 9 0 11 0 11 0 11 0 11 0 11 0 11 0 11 0 11 0 11 0 11 0 11 0 11 0 8 0 7 0 7 37 8 38 11 0 11 0 11 0 10 0 10 0 8 0 10 0 10 0 10 0 7 0 7 39 8 40 7 41 8 42 11 0 11 0 11 0 11 0 11 0 11 0 10 0 8 0 10 43 9 44 8 0 10 45 9 46 9 0 8 0 10 47 9 48 8 0 7 0 8 49 7 50 7 0 8 0 8 51 7 52 7 0 11 0 11 0 11 0 8 0 7 0 8 53 7 54 11 0 11 0 11 0 8 0 8 0 10 55 9 56 11 0 11 0 11 0 7 0 7 0 8 57 7 58 7 0 8 59 7 60 8 61 7 62 7 0 8 63 7 64 7 0 7 0 8 65 7 66 7 0 7 0 8 67 7 68 7 0 7 0 7 0 7 0 11 0 11 0 11 0 11 0 11 0 11 0 11 0 11 0 11 0 8 0 7 69 8 70 8 0 8 0 7 71 8 72 8 0 8 0 7 73 8 74 8 0 11 0 11 0 11 0 8 0 7 75 8 76 8 0 11 0 11 0 11 0 8 0 8 0 8 0 11 0 11 0 11 0 7 0 8 77 7 78 7 0 11 0 11 0 11 0 11 0 11 0 11 0 11 0 11 0 11 0 6 0 6 0 6 0 7 0 7 0 8 79 7 80 7 0 7 0 7 0 6 0 6 0 6 0 10 0 10 81 9 82 10 83 9 84 10 0 10 85 9 86 10 0 8 0 8 0 8 0 8 0 8 0 8 0 8 0 8 0 8 0 8 0 8 0 8 0 8 0 8 0 8 0 8 0 8 0 8 0 8 0 8 0 8 0 8 0 8 0 8 0 8 0 8 0 8 0 8 0 8 0 8 0 8 0 8 0 8 0 8 0 8 0 8 0 8 0 8 0 8 0 8 0 8 0 8 0 8 0 8 0 8 0 8 0 8 0 8 0 8 0 8 0 8 0 8 0 8 0 8 0 8 0 8 0 8 0 8 0 8 0 8 0 8 0 8 0 8 0 8 0 8 0 8 0 8 0 8 0 8 0 8 0 8 0 8 0 8 0 8 0 8 0 8 0 8 0 8 0 8 0 8 0 8 0 8 0 8 0 8 0 8 0 8 0 8 0 8 0 8 0 8 0 8 0 8 0 8 0 8 0 8 0 8 0 8 0 8 0 8 0 8 0 8 0 8 0 8 0 8 0 8 0 8 0 8 0 8 0 8 0 8 0 8 0 8 0 8 0 8 0 8 0 8 0 8 0 8 0 8 0 8 0 8 0 8 0 8 0 8 0 8 0 8 0 8 0 8 0 8 0 8 0 8 0 8 0 8 0 8 0 8 0 8 0 8 0 8 0 8 0 8 0 8 0 8 0 8 0 8 0 8 0 8 0 8 0 8 0 8 0 8 0 6 0 6 0 6 0 6 0 6 0 6 0 10 0 10 87 9 88 10 89 9 90 10 0 10 91 9 92 10 0 6 0 6 0 6 0 6 0 6 0 6 0 10 0 10 93 9 94 10 95 9 96 10 0 10 97 9 98 10 0 10 0 10 99 9 100 10 101 9 102 10 0 10 103 9 104 10 0 10 0 10 0 10 0 10 0 10 0 10 0 10 0 10 0 10 0 10 0 10 0 10 0 10 0 10 0 10 0 10 0 10 0 10 0 10 0 10 0 10 0 10 0 10 0 10 0 6 0 6 0 6 0 10 0 10 0 10 105 9 106 10 0 10 107 9 108 10 0 6 0 6 0 6 0 6 0 6 0 6 0 10 0 10 0 10 109 9 110 10 0 10 111 9 112 10 0 6 0 6 0 6 0 6 0 6 0 6 0 10 0 10 0 10 113 9 114 6 0 6 0 6 0 10 0 10 0 10 115 9 116 8 0 10 117 9 118 10 119 9 120 10 0 10 121 9 122 8 0 10 0 10 0 8 0 10 0 10 0 10 0 6 0 6 0 6 0 7 0 7 123 8 124 7 125 8 126 7 0 7 127 8 128 7 129 8 130 8 0 7 0 8 131 7 132 7 0 8 133 7 134 7 0 8 0 8 135 7 136 7 0 8 0 8 0 8 137 7 138 7 0 7 0 8 139 7 140 8 0 7 141 8 142 8 0 6 0 6 0 6 0 6 0 6 0 6 0 6 0 6 0 6 0 6 0 6 0 6 0 8 0 8 0 8 0 8 0 8 0 8 0 8 0 8 0 8 0 8 0 8 0 8 0 8 0 8 0 8 0 8 0 8 0 8 0 8 0 8 0 8 0 8 0 8 0 8 0 8 0 8 0 8 0 8 0 8 0 8 0 8 0 8 0 8 0 8 0 8 0 8 0 8 0 8 0 8 0 8 0 8 0 8 0 8 0 8 0 8 0 8 0 8 0 8 0 8 0 8 0 8 0 8 0 8 0 8 0 8 0 8 0 8 0 8 0 8 0 8 0 8 0 8 0 8 0 8 0 8 0 8 0 8 0 8 0 8 0 8 0 8 0 8 0 8 0 8 0 8 0 8 0 8 0 8 0 8 0 8 0 8 0 8 0 8 0 8 0 8 0 8 0 8 0 8 0 8 0 8 0 8 0 8 0 8 0 8 0 8 0 8 0 8 0 8 0 8 0 8 0 8 0 8 0 8 0 8 0 8 0 8 0 8 0 8 0 8 0 8 0 8 0 8 0 8 0 8 0 8 0 8 0 8 0 8 0 8 0 8 0 8 0 8 0 8 0 8 0 8 0 8 0 8 0 8 0 8 0 8 0 8 0 8 0 8 0 8 0 8 0 8 0 8 0 8 0 8 0 8 0 8 0 8 0 8 0 8 0 8 0 8 0 8 0 8 0 8 0 8 0 8 0 8 0 8 0 8 0 8 0 8 0 8 0 8 0 8 0 8 0 8 0 8 0 8 0 8 0 8 0 8 0 8 0 8 0 8 0 8 0 8 0 8 0 8 0 8 0 8 0 8 0 8 0 8 0 8 0 8 0 8 0 8 0 8 0 8 0 8 0 8 0 8 0 8 0 8 0 8 0 8 0 8 0 8 0 8 0 8 0 8 0 8 0 8 0 8 0 8 0 8 0 8 0 8 0 8 0 8 0 8 0 8 0 8 0 8 0 8 0 8 0 8 0 8 0 8 0 8 0 8 0 8 0 8 0 8 0 8 0 8 0 8 0 8 0 8 0 8 0 8 0 8 0 8 0 8 0 8 0 8 0 8 0 8 0 8 0 8 0 8 0 8 0 8 0 8 0 8 0 8 0 8 0 8 0 8 0 8 0 8 0 8 0 8 0 8 0 10 0 8 143 7 144 8 0 10 0 8 0 8 145 7 146 10 0 8 147 7 148 8 149 7 150 10 0 8 151 7 152 10 0 10 0 8 153 7 154 8 155 7 156 10 0 10 0 8 157 7 158 8 0 8 0 8 0 8 0 8 0 8 0 7 0 8 159 7 160 7 161 10 162 9 163 7 0 7 164 10 165 9 166 8 167 7 168 8 0 8 0 8 0 8 0 8 0 8 0 8 0 8 0 8 0 8 0 8 0 8 0 8 0 8 0 8 0 8 0 8 0 8 0 6 0 6 169 5 170 6 0 6 0 6 171 5 172 6 0 6 0 6 173 5 174 6 175 5 176 6 0 6 177 5 178 6 0 6 0 6 0 6 179 5 180 6 0 6 0 6 181 5 182 10 0 7 183 10 184 9 185 8 186 7 187 10 0 8 188 7 189 7 190 10 191 9 192 10 0 7 193 10 194 9 195 10 196 9 197 6 0 6 198 5 199 6 200 5 201 10 0 10 202 9 203 7 204 10 205 9 206 6 0 6 0 6 207 5 208 8 0 8 0 8 0 8 0 8 0 8 0 8 0 8 0 8 0 8 0 8 0 8 0 8 0 8 0 8 0 8 0 8 0 8 0 8 0 8 0 8 0 8 0 8 0 8 0 8 0 8 0 8 0 8 0 8 0 8 0 8 0 8 0 8 0 8 0 8 0 8 0 8 0 8 0 8 0 8 0 8 0 8 0 8 0 8 0 8 0 8 0 8 0 8 0 10 0 10 0 10 0 10 0 10 0 10 0 10 0 10 0 10 0 10 0 10 0 10 0 10 0 10 0 10 0 10 0 10 0 10 0 10 0 10 0 10 0 10 0 10 0 10 0 10 0 10 0 10 0 10 0 10 0 10 0 10 0 10 0 10 0 10 0 10 0 10 0 10 0 10 0 10 0 10 0 10 0 10 0 10 0 10 0 10 0 10 0 10 0 10 0 10 0 10 0 10 0 10 0 10 0 10 0 8 0 8 0 8 0 10 0 10 0 10 0 10 0 10 0 10 0 10 0 10 0 10 0 10 0 10 0 10 0 10 0 10 0 10 0 10 0 10 0 10 0 10 0 10 0 10 0 10 0 10 0 10 0 10 0 10 0 10 0 10 0 10 0 10 0 10 0 10 0 10 0 8 0 8 0 8 0 8 0 8 0 8 0 8 0 8 0 8 0 8 0 10 0 10 0 8 0 10 0 8 0 8 0 10 0 8 0 8 0 10 0 8 0 10 0 10 0 8 0 8 0 10 0 8 0 8 0 5 0 6 209 5 210 6 211 5 212 5 0 5 0 6 213 5 214 5 0 6 215 5 216 6 217 5 218 5 0 6 219 5 220 6 221 5 222 5 0 5 0 5 0 5 0 5 0 5 0 5 0 5 0 5 0 5 0 5 0 5 0 8 0 8 0 8 0 10 0 10 0 10 0 5 0 6 223 5 224 5 0 5 0 6 225 5 226 5 0 5 0 5 0 5 0 5 0 5 0 5 0 5 0 5 0 5 0 5 0 6 0 5 0 5 0 5 0 5 0 5 0 5 0 5 0 2 0 2 0 2 0 2 0 2 0 2 0 2 0 18 227 2 228 2 0 5 0 5 0 6 229 5 230 5 0 6 0 6 0 2 0 2 0 18 231 2 232 5 0 5 0 5 0 2 0 2 0 18 233 2 234 2 0 18 235 2 236 18 237 2 238 2 0 18 239 2 240 2 0 2 0 2 0 2 0 2 0 2 0 2 0 5 0 5 0 5 0 6 0 6 241 5 242 6 0 2 0 18 243 2 244 18 245 2 246 2 0 18 247 2 248 2 0 2 0 2 0 2 0 2 0 2 0 2 0 2 0 2 0 2 0 2 0 2 0 2 0 2 0 2 0 2 0 2 0 2 0 2 0 2 0 2 0 2 0 2 0 2 0 2 0 2 0 2 0 2 0 2 0 2 0 2 0 2 0 2 0 2 0 2 0 2 0 2 0 2 0 2 0 2 0 2 0 2 0 2 0 2 0 2 0 2 0 2 0 2 0 2 0 5 0 5 0 5 0 5 0 6 249 5 250 5 0 5 0 5 0 6 251 5 252 5 0 6 0 6 0 5 0 5 0 5 0 5 0 5 0 5 0 5 0 5 0 5 0 6 0 6 0 6 253 5 254 5 0 5 0 5 0 5 0 6 0 5 0 5 0 5 0 6 255 5 256 2 0 2 0 18 257 2 258 8 0 11 259 8 260 11 0 2 0 18 261 2 262 18 263 2 264 2 0 18 265 2 266 18 267 2 268 11 0 8 269 11 270 11 0 2 0 2 0 18 271 2 272 2 0 2 0 18 273 2 274 11 0 11 0 8 275 11 276 2 0 18 277 2 278 2 0 11 0 11 0 8 279 11 280 11 0 8 281 11 282 11 0 2 0 18 283 2 284 2 0 2 0 18 285 2 286 2 0 11 0 8 0 8 0 2 0 18 287 2 288 18 289 2 290 2 0 18 291 2 292 18 293 2 294 8 0 11 0 11 0 11 295 8 296 8 0 11 0 11 297 8 298 11 0 11 299 8 300 11 0 8 0 8 0 8 301 11 302 2 0 2 0 2 0 2 0 2 0 2 0 2 0 2 0 2 0 2 0 2 0 2 0 2 0 2 0 2 0 2 0 2 0 2 0 2 0 2 0 2 0 2 0 2 0 2 0 2 0 2 0 2 0 2 0 2 0 2 0 2 0 2 0 2 0 2 0 2 0 2 0 2 0 2 0 2 0 2 0 2 0 2 0 8 0 8 303 11 304 8 0 8 0 8 305 11 306 8 0 8 0 8 0 8 307 11 308 11 0 11 0 11 0 11 0 11 0 11 0 11 0 11 0 11 0 11 0 11 0 11 0 11 0 11 0 11 0 11 0 11 0 11 0 11 0 11 0 11 0 11 0 11 0 11 0 6 0 6 0 6 0 6 0 6 0 6 0 18 0 2 309 18 310 2 311 18 312 11 0 11 0 8 313 11 314 18 0 2 315 18 316 2 317 18 318 11 0 8 319 11 320 11 0 11 0 8 321 11 322 8 323 11 324 18 0 2 325 18 326 2 327 18 328 5 0 5 0 5 0 18 0 2 329 18 330 2 331 18 332 5 0 5 0 5 0 7 0 2 333 7 334 7 0 5 0 5 0 5 0 7 0 7 0 7 0 5 0 5 0 5 0 7 0 2 0 7 0 2 0 2 0 7 0 2 0 7 0 7 0 7 0 7 0 2 0 7 0 7 0 7 0 7 0 7 0 7 0 7 0 2 0 7 0 7 0 2 0 7 0 7 0 7 0 7 0 7 0 7 0 7 0 2 0 7 0 7 0 2 0 7 0 2 0 5 0 5 0 5 0 5 0 5 0 5 0 2 0 2 335 7 336 2 337 7 338 2 0 2 339 7 340 2 0 7 0 7 0 7 0 5 0 6 0 5 0 5 0 6 0 6 0 2 0 2 0 2 341 7 342 2 0 2 343 7 344 2 345 7 346 2 0 2 347 7 348 2 0 11 0 8 0 11 0 2 0 2 0 2 349 7 350 2 0 7 351 2 352 2 0 11 0 8 0 8 0 2 0 7 353 2 354 7 355 2 356 2 0 7 357 2 358 2 0 11 0 11 0 8 0 8 0 11 0 8 0 8 0 8 0 11 359 8 360 2 0 2 0 7 361 2 362 8 0 11 363 8 364 8 0 8 0 11 365 8 366 8 367 11 368 5 0 5 0 5 0 5 0 5 0 5 0 6 0 5 0 6 0 5 0 5 0 5 0 5 0 5 0 5 0 5 0 6 0 6 0 7 0 7 0 7 369 2 370 2 0 7 371 2 372 2 0 2 0 7 373 2 374 2 0 2 0 7 375 2 376 7 377 2 378 2 0 2 0 7 379 2 380 2 0 2 0 7 381 2 382 2 0 7 383 2 384 7 385 2 386 11 0 8 387 11 388 11 0 7 0 2 389 7 390 7 0 7 0 7 0 2 391 7 392 11 0 8 393 11 394 8 395 11 396 2 0 7 0 2 397 7 398 7 0 2 399 7 400 2 401 7 402 7 0 2 403 7 404 2 405 7 406 2 0 2 407 7 408 7 0 7 0 2 0 7 0 11 0 11 0 8 409 11 410 8 0 8 411 11 412 8 0 8 0 8 413 11 414 11 415 8 416 8 0 8 0 8 417 11 418 3 0 3 0 3 0 3 0 3 0 3 0 7 0 7 0 7 0 2 0 7 0 2 0 7 0 7 0 2 0 2 0 2 0 7 0 2 0 7 419 2 420 2 0 3 0 3 0 3 0 2 0 2 0 7 421 2 422 3 0 3 0 3 0 3 0 3 0 3 0 3 0 3 0 3 0 3 0 3 0 3 0 3 0 3 0 3 0 7 0 7 0 7 0 7 0 2 0 7 423 2 424 7 0 7 425 2 426 7 0 7 0 7 427 2 428 2 0 3 0 3 0 3 0 3 0 3 0 3 0 3 0 3 0 3 0 3 0 3 0 3 0 3 0 3 0 3 0 14 0 13 429 14 430 13 431 14 432 14 0 13 433 14 434 13 435 14 436 3 0 3 0 3 0 3 0 3 0 3 0 3 0 3 0 3 0 17 0 17 0 17 0 17 0 17 0 17 0 3 0 3 0 4 437 3 438 3 0 4 439 3 440 4 441 3 442 3 0 4 443 3 444 4 445 3 446 3 0 4 447 3 448 4 449 3 450 3 0 4 451 3 452 3 0 3 0 4 453 3 454 4 455 3 456 3 0 3 0 4 457 3 458 3 0 4 459 3 460 3 0 3 0 4 461 3 462 4 463 3 464 3 0 4 465 3 466 3 0 17 0 17 0 17 0 17 0 17 0 17 0 17 0 17 0 17 0 4 0 4 0 4 0 4 0 4 0 4 0 4 0 4 0 4 0 4 0 4 0 4 0 4 0 4 0 4 0 4 0 4 0 4 0 4 0 4 0 4 0 4 0 4 0 4 0 4 0 4 0 4 0 4 0 4 0 4 0 4 0 4 0 4 0 4 0 4 0 4 0 4 0 4 0 4 0 4 0 4 0 4 0 4 0 4 0 4 0 4 0 4 0 4 0 4 0 4 0 4 0 17 0 17 0 17 0 4 0 4 0 4 467 3 468 4 0 4 0 4 469 3 470 4 0 4 471 3 472 4 473 3 474 4 0 4 0 4 475 3 476 4 0 4 0 4 477 3 478 4 0 4 479 3 480 4 0 4 0 4 481 3 482 4 0 4 0 4 483 3 484 4 485 3 486 4 0 4 487 3 488 4 0 4 0 4 489 3 490 4 0 17 0 17 0 17 0 17 0 17 0 17 0 17 0 17 0 17 0 14 0 13 491 14 492 14 0 14 0 13 493 14 494 14 0 17 0 17 0 17 0 17 0 17 0 17 0 17 0 17 0 17 0 17 0 17 0 17 0 17 0 17 0 17 0 17 0 17 0 17 0 17 0 17 0 17 0 17 0 17 0 17 0 17 0 17 0 17 0 17 0 17 0 17 0 17 0 17 0 17 0 17 0 17 0 17 0 17 0 17 0 17 0 17 0 17 0 17 0 17 0 17 0 17 0 3 0 3 0 3 0 3 0 3 0 3 0 3 0 3 0 3 0 3 0 3 0 3 0 3 0 4 495 3 496 3 0 3 0 4 497 3 498 4 499 3 500 3 0 4 501 3 502 3 0 4 503 3 504 14 0 14 0 13 505 14 506 3 0 4 507 3 508 3 0 14 0 14 0 13 509 14 510 3 0 4 511 3 512 4 513 3 514 14 0 14 0 13 515 14 516 4 0 4 0 4 0 14 0 14 0 13 517 14 518 14 0 13 519 14 520 13 521 14 522 14 0 13 523 14 524 14 0 14 0 13 525 14 526 13 527 14 528 14 0 13 529 14 530 14 0 14 0 13 531 14 532 13 533 14 534 14 0 13 535 14 536 14 0 14 0 13 537 14 538 13 539 14 540 14 0 13 541 14 542 14 0 4 0 4 0 4 0 14 0 14 0 13 543 14 544 4 0 4 545 3 546 4 0 14 0 14 0 13 547 14 548 4 0 4 549 3 550 4 0 14 0 14 0 13 551 14 552 17 0 17 0 17 0 14 0 14 0 13 553 14 554 14 0 13 555 14 556 13 557 14 558 14 0 13 559 14 560 14 0 14 0 13 561 14 562 13 563 14 564 14 0 13 565 14 566 14 0 17 0 17 0 16 567 17 568 17 0 17 0 16 569 17 570 14 0 14 0 13 571 14 572 14 0 14 0 14 0 17 0 17 0 16 573 17 574 14 0 14 0 13 575 14 576 17 0 17 0 16 577 17 578 14 0 14 0 13 579 14 580 17 0 16 581 17 582 17 0 14 0 14 0 13 583 14 584 17 0 16 585 17 586 16 587 17 588 14 0 14 0 13 589 14 590 14 0 13 591 14 592 13 593 14 594 14 0 13 595 14 596 14 0 14 0 13 597 14 598 13 599 14 600 14 0 13 601 14 602 14 0 14 0 13 603 14 604 13 605 14 606 14 0 13 607 14 608 14 0 14 0 13 609 14 610 13 611 14 612 14 0 13 613 14 614 14 0 14 0 14 0 14 0 14 0 14 0 14 0 14 0 14 0 14 0 14 0 14 0 14 0 14 0 14 0 14 0 14 0 14 0 14 0 14 0 14 0 14 0 14 0 14 0 14 0 14 0 14 0 14 0 14 0 14 0 14 0 14 0 14 0 14 0 14 0 14 0 14 0 14 0 14 0 14 0 14 0 14 0 14 0 14 0 14 0 14 0 14 0 14 0 14 0 14 0 14 0 14 0 14 0 14 0 14 0 14 0 14 0 14 0 14 0 14 0 14 0 14 0 14 0 14 0 14 0 14 0 14 0 14 0 14 0 14 0 14 0 14 0 14 0 14 0 14 0 14 0 14 0 14 0 14 0 14 0 14 0 14 0 14 0 14 0 14 0 14 0 14 0 14 0 14 0 14 0 14 0 14 0 14 0 14 0 14 0 14 0 14 0 14 0 14 0 14 0 14 0 14 0 14 0 14 0 14 0 14 0 14 0 14 0 14 0 14 0 14 0 14 0 14 0 14 0 14 0 14 0 14 0 14 0 14 0 14 0 14 0 14 0 14 0 14 0 14 0 14 0 14 0 14 0 14 0 14 0 14 0 14 0 14 0 14 0 14 0 14 0 14 0 14 0 14 0 14 0 14 0 14 0 14 0 14 0 14 0 14 0 14 0 14 0 14 0 14 0 14 0 14 0 14 0 14 0 14 0 14 0 14 0 14 0 14 0 14 0 14 0 14 0 14 0 14 0 14 0 14 0 14 0 14 0 14 0 14 0 14 0 14 0 14 0 14 0 14 0 14 0 14 0 14 0 14 0 14 0 14 0 14 0 14 0 14 0 14 0 14 0 14 0 14 0 14 0 14 0 14 0 14 0 14 0 14 0 14 0 14 0 14 0 14 0 14 0 14 0 14 0 14 0 14 0 14 0 14 0 14 0 14 0 14 0 14 0 14 0 14 0 14 0 14 0 14 0 14 0 14 0 14 0 14 0 14 0 14 0 14 0 14 0 14 0 14 0 14 0 14 0 14 0 14 0 14 0 14 0 14 0 14 0 14 0 14 0 14 0 14 0 14 0 14 0 14 0 14 0 14 0 14 0 14 0 14 0 14 0 14 0 14 0 14 0 14 0 14 0 14 0 14 0 14 0 14 0 14 0 14 0 14 0 14 0 14 0 14 0 14 0 14 0 14 0 14 0 14 0 14 0 14 0 14 0 14 0 14 0 14 0 14 0 14 0 14 0 14 0 14 0 14 0 14 0 14 0 14 0 14 0 14 0 14 0 14 0 14 0 14 0 14 0 14 0 14 0 17 0 16 615 17 616 17 0 17 0 16 617 17 618 16 619 17 620 17 0 16 621 17 622 17 0 17 0 16 623 17 624 16 625 17 626 17 0 16 627 17 628 17 0 17 0 16 629 17 630 16 631 17 632 17 0 17 0 17 0 17 0 17 0 17 0 17 0 17 0 17 0 17 0 17 0 17 0 17 0 17 0 17 0 17 0 17 0 17 0 17 0 17 0 17 0 17 0 17 0 17 0 17 0 17 0 17 0 17 0 17 0 17 0 17 0 17 0 17 0 17 0 17 0 17 0 17 0 17 0 17 0 17 0 17 0 17 0 17 0 17 0 17 0 17 0 17 0 17 0 17 0 17 0 17 0 17 0 17 0 17 0 17 0 17 0 17 0 17 0 17 0 17 0 17 0 17 0 17 0 17 0 17 0 17 0 17 0 17 0 17 0 17 0 17 0 17 0 17 0 17 0 17 0 7 0 7 0 12 633 7 634 7 0 12 635 7 636 12 637 7 638 7 0 12 639 7 640 7 0 17 0 17 0 17 0 17 0 17 0 17 0 7 0 12 641 7 642 12 643 7 644 7 0 12 645 7 646 7 0 17 0 17 0 17 0 7 0 7 0 12 647 7 648 7 0 12 649 7 650 12 651 7 652 7 0 12 653 7 654 7 0 17 0 17 0 17 0 17 0 17 0 17 0 17 0 17 0 17 0 17 0 17 0 17 0 17 0 17 0 16 655 17 656 17 0 17 0 16 657 17 658 17 0 17 0 16 659 17 660 17 0 17 0 16 661 17 662 17 0 16 663 17 664 17 0 17 0 16 665 17 666 16 667 17 668 17 0 16 669 17 670 17 0 17 0 16 671 17 672 16 673 17 674 17 0 16 675 17 676 17 0 17 0 16 677 17 678 16 679 17 680 17 0 17 0 17 0 17 0 17 0 17 0 17 0 17 0 17 0 17 0 17 0 17 0 17 0 17 0 17 0 17 0 17 0 17 0 17 0 17 0 17 0 17 0 17 0 17 0 17 0 17 0 17 0 17 0 17 0 17 0 17 0 17 0 17 0 14 0 14 0 14 0 17 0 17 0 17 0 17 0 17 0 17 0 14 0 14 0 14 0 14 0 14 0 14 0 14 0 14 0 14 0 14 0 14 0 14 0 17 0 17 0 17 0 17 0 17 0 17 0 17 0 17 0 17 0 17 0 17 0 17 0 17 0 17 0 17 0 17 0 17 0 17 0 17 0 17 0 17 0 17 0 17 0 17 0 17 0 17 0 17 0 17 0 17 0 17 0 17 0 17 0 17 0 17 0 17 0 17 0 14 0 14 0 14 0 14 0 14 0 14 0 14 0 14 0 14 0 14 0 14 0 14 0 17 0 17 0 17 0 17 0 17 0 17 0 17 0 17 0 17 0 17 0 17 0 17 0 17 0 17 0 17 0 17 0 17 0 17 0 14 0 14 0 14 0 14 0 14 0 14 0 14 0 14 0 14 0 14 0 14 0 14 0 14 0 14 0 14 0 14 0 14 0 14 0 7 0 7 0 12 681 7 682 7 0 7 0 12 683 7 684 14 0 14 0 14 0 14 0 14 0 14 0 14 0 14 0 14 0 14 0 14 0 14 0 14 0 14 0 14 0 14 0 14 0 14 0 14 0 14 0 14 0 14 0 14 0 14 0 14 0 14 0 14 0 17 0 17 0 17 0 17 0 17 0 16 685 17 686 17 0 17 0 16 687 17 688 17 0 17 0 16 689 17 690 17 0 17 0 16 691 17 692 17 0 16 693 17 694 17 0 17 0 16 695 17 696 16 697 17 698 17 0 16 699 17 700 17 0 17 0 16 701 17 702 16 703 17 704 17 0 16 705 17 706 17 0 17 0 16 707 17 708 16 709 17 710 17 0 16 711 17 712 17 0 17 0 16 713 17 714 16 715 17 716 17 0 17 0 17 0 17 0 17 0 17 0 17 0 17 0 17 0 17 0 17 0 17 0 17 0 17 0 17 0 17 0 17 0 17 0 17 0 17 0 17 0 17 0 17 0 17 0 17 0 17 0 17 0 17 0 17 0 17 0 17 0 17 0 17 0 17 0 17 0 17 0 17 0 17 0 17 0 17 0 17 0 17 0 17 0 17 0 17 0 17 0 17 0 17 0 17 0 17 0 17 0 17 0 17 0 17 0 17 0 17 0 17 0 17 0 17 0 17 0 17 0 17 0 17 0 7 0 7 0 15 717 7 718 7 0 15 719 7 720 15 721 7 722 7 0 15 723 7 724 7 0 17 0 17 0 17 0 7 0 7 0 15 725 7 726 7 0 15 727 7 728 7 0 17 0 17 0 17 0 17 0 17 0 17 0 7 0 7 0 15 729 7 730 7 0 15 731 7 732 15 733 7 734 7 0 15 735 7 736 7 0 17 0 17 0 17 0 17 0 17 0 17 0 17 0 17 0 17 0 17 0 17 0 17 0 17 0 17 0 17 0 17 0 17 0 17 0 17 0 17 0 17 0 17 0 17 0 17 0 17 0 16 737 17 738 17 0 17 0 16 739 17 740 16 741 17 742 17 0 16 743 17 744 16 745 17 746 7 0 15 747 7 748 7 0 7 0 15 749 7 750 7 0 11 0 11 0 11 0 16 751 15 752 16 753 15 754 16 755 15 756 16 757 15 758 16 759 15 760 16 761 15 762 16 763 15 764 16 765 15 766 16 767 15 768 16 769 15 770 16 771 15 772 16 773 15 774 16 775 15 776 16 777 15 778 16 779 15 780 16 781 15 782 16 783 15 784 16 785 15 786 16 787 15 788 16 789 15 790 16 791 15 792 16 793 15 794 16 795 15 796 16 797 15 798 15 799 16 800 17 801 16 802 17 803 16 804 17 805 16 806 17 807 16 808 15 809 16 810 15 811 16 812 17 813 16 814 17 815 16 816 15 817 16 818 17 819 16 820 17 821 16 822 15 823 16 824 17 825 16 826 17 827 16 828 15 829 16 830 17 831 16 832 15 833 16 834 17 835 16 836 17 837 16 838 15 839 16 840 15 841 16 842 17 843 16 844 17 845 16 846 15 847 16 848 17 849 16 850 15 851 16 852 17 853 16 854 17 855 16 856 15 857 16 858 15 859 16 860 17 861 16 862 15 863 16 864 16 865 15 866 16 867 15 868 16 869 15 870 16 871 15 872 16 873 15 874 16 875 15 876 15 877 16 878 17 879 16 880 15 881 16 882 16 883 15 884 15 885 7 886 15 887 7 888 15 889 7 890 16 891 15 892 16 893 15 894 16 895 15 896 16 897 15 898 15 899 7 900 15 901 7 902 16 903 15 904 15 905 7 906 16 907 15 908 16 909 15 910 15 911 7 912 16 913 15 914 16 915 15 916 15 917 7 918 16 919 17 920 16 921 17 922 16 923 17 924 16 925 15 926 16 927 15 928 16 929 15 930 16 931 17 932 17 0 16 933 17 934 16 935 17 936 17 0 16 937 17 938 15 939 7 940 16 941 15 942 15 943 7 944 15 945 7 946 16 947 15 948 16 949 15 950 15 951 7 952 16 953 15 954 15 955 7 956 15 957 7 958 16 959 15 960 16 961 15 962 15 963 7 964 16 965 15 966 15 967 7 968 15 969 7 970 16 971 15 972 16 973 15 974 16 975 15 976 16 977 15 978 15 979 7 980 15 981 7 982 16 983 15 984 15 985 7 986 16 987 15 988 16 989 15 990 16 991 15 992 16 993 15 994 16 995 15 996 16 997 15 998 15 999 7 1000 7 0 15 1001 7 1002 15 1003 7 1004 15 1005 7 1006 7 0 15 1007 7 1008 7 0 15 1009 7 1010 15 1011 7 1012 7 0 15 1013 7 1014 16 1015 15 1016 16 1017 15 1018 16 1019 15 1020 16 1021 15 1022 16 1023 15 1024 16 1025 15 1026 17 1027 16 1028 17 1029 16 1030 15 1031 16 1032 15 1033 16 1034 17 1035 16 1036 15 1037 16 1038 17 1039 16 1040 17 1041 16 1042 15 1043 16 1044 15 1045 16 1046 17 1047 16 1048 15 1049 16 1050 17 1051 16 1052 17 1053 16 1054 15 1055 16 1056 15 1057 16 1058 17 1059 16 1060 15 1061 16 1062 17 1063 16 1064 17 1065 16 1066 15 1067 16 1068 15 1069 16 1070 17 1071 16 1072 15 1073 16 1074 16 1075 15 1076 16 1077 15 1078 15 1079 16 1080 15 1081 16 1082 16 1083 15 1084 15 1085 16 1086 15 1087 16 1088 15 1089 16 1090 16 1091 15 1092 16 1093 15 1094 15 1095 16 1096 16 1097 15 1098 15 1099 16 1100 15 1101 16 1102 16 1103 15 1104 16 1105 15 1106 15 1107 16 1108 16 1109 15 1110 16 1111 15 1112 16 1113 15 1114 15 1115 16 1116 15 1117 16 1118 16 1119 15 1120 15 1121 16 1122 16 1123 15 1124 16 1125 15 1126 15 1127 16 1128 15 1129 16 1130 16 1131 15 1132 15 1133 16 1134 15 1135 16 1136 15 1137 16 1138 16 1139 15 1140 16 1141 15 1142 15 1143 16 1144 16 1145 15 1146 15 1147 16 1148 15 1149 16 1150 16 1151 15 1152 16 1153 15 1154 15 1155 16 1156 16 1157 15 1158 16 1159 15 1160 16 1161 15 1162 15 1163 16 1164 15 1165 16 1166 16 1167 15 1168 15 1169 16 1170 12 1171 7 1172 12 1173 7 1174 13 1175 12 1176 14 1177 13 1178 13 1179 14 1180 13 1181 14 1182 16 1183 17 1184 17 0 16 1185 17 1186 13 1187 14 1188 14 1189 13 1190 14 1191 13 1192 16 1193 17 1194 17 0 16 1195 17 1196 14 1197 13 1198 13 1199 14 1200 13 1201 14 1202 16 1203 17 1204 17 0 16 1205 17 1206 14 1207 13 1208 13 1209 14 1210 13 1211 14 1212 16 1213 17 1214 17 0 16 1215 17 1216 14 1217 13 1218 13 1219 14 1220 13 1221 14 1222 14 1223 13 1224 13 1225 14 1226 13 1227 14 1228 13 1229 12 1230 12 1231 7 1232 13 1233 12 1234 13 1235 12 1236 12 1237 7 1238 13 1239 12 1240 14 1241 13 1242 14 1243 13 1244 13 1245 14 1246 13 1247 12 1248 12 1249 7 1250 13 1251 12 1252 12 1253 7 1254 13 1255 12 1256 13 1257 12 1258 13 1259 12 1260 12 1261 7 1262 12 1263 7 1264 12 1265 13 1266 12 1267 13 1268 14 1269 13 1270 14 1271 13 1272 12 1273 13 1274 14 1275 13 1276 12 1277 13 1278 12 1279 13 1280 14 1281 13 1282 12 1283 13 1284 14 1285 13 1286 14 1287 13 1288 12 1289 13 1290 12 1291 13 1292 14 1293 13 1294 14 1295 13 1296 12 1297 13 1298 14 1299 13 1300 12 1301 13 1302 12 1303 13 1304 14 1305 13 1306 12 1307 13 1308 14 1309 13 1310 14 1311 13 1312 12 1313 13 1314 14 1315 13 1316 14 1317 13 1318 12 1319 13 1320 14 1321 13 1322 14 1323 13 1324 14 1325 13 1326 12 1327 13 1328 14 1329 13 1330 12 1331 13 1332 14 1333 13 1334 14 1335 13 1336 13 1337 14 1338 14 1339 13 1340 14 1341 13 1342 14 1343 13 1344 14 1345 13 1346 13 1347 14 1348 13 1349 14 1350 13 1351 14 1352 14 1353 13 1354 14 1355 13 1356 14 1357 13 1358 13 1359 14 1360 14 1361 13 1362 13 1363 14 1364 13 1365 14 1366 13 1367 14 1368 14 1369 13 1370 14 1371 13 1372 13 1373 14 1374 14 1375 13 1376 14 1377 13 1378 14 1379 13 1380 13 1381 14 1382 13 1383 14 1384 13 1385 14 1386 14 1387 13 1388 13 1389 14 1390 14 1391 13 1392 14 1393 13 1394 13 1395 14 1396 13 1397 14 1398 13 1399 14 1400 14 1401 13 1402 13 1403 14 1404 13 1405 14 1406 13 1407 14 1408 13 1409 14 1410 13 1411 14 1412 13 1413 14 1414 13 1415 14 1416 13 1417 14 1418 13 1419 14 1420 13 1421 14 1422 13 1423 14 1424 13 1425 14 1426 13 1427 14 1428 13 1429 14 1430 13 1431 14 1432 13 1433 14 1434 13 1435 14 1436 13 1437 14 1438 13 1439 14 1440 13 1441 14 1442 13 1443 14 1444 13 1445 14 1446 13 1447 14 1448 13 1449 14 1450 16 1451 17 1452 17 0 16 1453 17 1454 13 1455 14 1456 13 1457 14 1458 13 1459 14 1460 16 1461 17 1462 17 0 16 1463 17 1464 13 1465 14 1466 13 1467 14 1468 13 1469 14 1470 16 1471 17 1472 17 0 16 1473 17 1474 13 1475 14 1476 13 1477 14 1478 13 1479 14 1480 16 1481 17 1482 17 0 16 1483 17 1484 13 1485 14 1486 13 1487 14 1488 13 1489 14 1490 13 1491 14 1492 13 1493 14 1494 13 1495 14 1496 13 1497 14 1498 13 1499 14 1500 13 1501 14 1502 13 1503 12 1504 12 1505 13 1506 13 1507 12 1508 13 1509 12 1510 12 1511 13 1512 12 1513 13 1514 12 1515 7 1516 7 0 12 1517 7 1518 12 1519 7 1520 7 0 12 1521 7 1522 12 1523 7 1524 7 0 7 0 12 1525 7 1526 7 0 12 1527 7 1528 12 1529 7 1530 12 1531 7 1532 13 1533 12 1534 13 1535 12 1536 12 1537 7 1538 13 1539 12 1540 12 1541 7 1542 12 1543 7 1544 13 1545 12 1546 13 1547 12 1548 12 1549 7 1550 13 1551 12 1552 12 1553 7 1554 12 1555 7 1556 13 1557 12 1558 13 1559 12 1560 12 1561 7 1562 13 1563 12 1564 13 1565 12 1566 12 1567 7 1568 13 1569 12 1570 13 1571 12 1572 12 1573 7 1574 12 1575 7 1576 14 1577 13 1578 12 1579 13 1580 14 1581 13 1582 14 1583 13 1584 12 1585 13 1586 12 1587 13 1588 14 1589 13 1590 12 1591 13 1592 14 1593 13 1594 14 1595 13 1596 12 1597 13 1598 12 1599 13 1600 14 1601 13 1602 12 1603 13 1604 14 1605 13 1606 14 1607 13 1608 12 1609 13 1610 12 1611 13 1612 14 1613 13 1614 12 1615 13 1616 14 1617 13 1618 14 1619 13 1620 12 1621 13 1622 12 1623 13 1624 13 1625 12 1626 13 1627 12 1628 13 1629 12 1630 13 1631 12 1632 13 1633 12 1634 13 1635 12 1636 14 1637 13 1638 14 1639 13 1640 13 1641 14 1642 13 1643 14 1644 14 1645 13 1646 13 1647 14 1648 14 1649 13 1650 14 1651 13 1652 13 1653 14 1654 13 1655 14 1656 14 1657 13 1658 13 1659 14 1660 14 1661 13 1662 13 1663 14 1664 14 1665 13 1666 14 1667 13 1668 13 1669 14 1670 13 1671 14 1672 14 1673 13 1674 13 1675 14 1676 14 1677 13 1678 14 1679 13 1680 13 1681 14 1682 13 1683 14 1684 14 1685 13 1686 13 1687 14 1688 13 1689 14 1690 13 1691 14 1692 13 1693 14 1694 13 1695 14 1696 13 1697 14 1698 14 1699 13 1700 13 1701 14 1702 13 1703 14 1704 14 1705 13 1706 13 1707 14 1708 13 1709 14 1710 14 0 13 1711 14 1712 13 1713 14 1714 14 0 13 1715 14 1716 16 1717 17 1718 17 0 16 1719 17 1720 13 1721 14 1722 14 0 13 1723 14 1724 16 1725 17 1726 17 0 16 1727 17 1728 13 1729 14 1730 14 0 13 1731 14 1732 16 1733 17 1734 17 0 17 0 13 1735 12 1736 13 1737 12 1738 13 1739 12 1740 13 1741 12 1742 13 1743 12 1744 13 1745 12 1746 13 1747 14 1748 14 0 13 1749 14 1750 16 1751 17 1752 16 1753 17 1754 16 1755 17 1756 16 1757 17 1758 16 1759 17 1760 16 1761 17 1762 16 1763 17 1764 16 1765 17 1766 16 1767 17 1768 16 1769 17 1770 16 1771 17 1772 16 1773 17 1774 16 1775 17 1776 16 1777 17 1778 16 1779 17 1780 16 1781 17 1782 16 1783 17 1784 16 1785 17 1786 16 1787 17 1788 16 1789 17 1790 16 1791 17 1792 16 1793 17 1794 16 1795 17 1796 16 1797 17 1798 16 1799 17 1800 16 1801 17 1802 16 1803 17 1804 16 1805 17 1806 16 1807 17 1808 16 1809 17 1810 16 1811 17 1812 16 1813 17 1814 16 1815 17 1816 16 1817 17 1818 16 1819 17 1820 16 1821 17 1822 16 1823 17 1824 16 1825 17 1826 16 1827 17 1828 16 1829 17 1830 16 1831 17 1832 16 1833 17 1834 16 1835 17 1836 16 1837 17 1838 16 1839 17 1840 16 1841 17 1842 16 1843 17 1844 16 1845 17 1846 16 1847 17 1848 16 1849 17 1850 16 1851 17 1852 16 1853 17 1854 16 1855 17 1856 16 1857 17 1858 16 1859 17 1860 16 1861 17 1862 16 1863 17 1864 16 1865 17 1866 16 1867 17 1868 16 1869 17 1870 16 1871 17 1872 16 1873 17 1874 16 1875 17 1876 16 1877 17 1878 16 1879 17 1880 16 1881 17 1882 16 1883 17 1884 16 1885 17 1886 16 1887 17 1888 16 1889 17 1890 16 1891 17 1892 16 1893 17 1894 16 1895 17 1896 16 1897 17 1898 16 1899 17 1900 16 1901 17 1902 16 1903 17 1904 16 1905 17 1906 16 1907 17 1908 16 1909 17 1910 16 1911 17 1912 16 1913 17 1914 16 1915 17 1916 16 1917 17 1918 16 1919 17 1920 16 1921 17 1922 16 1923 17 1924 16 1925 17 1926 16 1927 17 1928 16 1929 17 1930 16 1931 17 1932 16 1933 17 1934 16 1935 17 1936 16 1937 17 1938 16 1939 17 1940 16 1941 17 1942 16 1943 17 1944 16 1945 17 1946 16 1947 17 1948 16 1949 17 1950 16 1951 17 1952 16 1953 17 1954 16 1955 17 1956 16 1957 17 1958 16 1959 17 1960 16 1961 17 1962 16 1963 17 1964 16 1965 17 1966 16 1967 17 1968 16 1969 17 1970 16 1971 17 1972 16 1973 17 1974 16 1975 17 1976 16 1977 17 1978 16 1979 17 1980 16 1981 17 1982 16 1983 17 1984 16 1985 17 1986 16 1987 17 1988 16 1989 17 1990 16 1991 17 1992 16 1993 17 1994 16 1995 17 1996 16 1997 17 1998 16 1999 17 2000 16 2001 17 2002 16 2003 17 2004 16 2005 17 2006 16 2007 17 2008 16 2009 17 2010 16 2011 17 2012 16 2013 17 2014 16 2015 17 2016 16 2017 17 2018 16 2019 17 2020 17 2021 16 2022 16 2023 17 2024 16 2025 17 2026 16 2027 17 2028 17 2029 16 2030 16 2031 17 2032 17 2033 16 2034 17 2035 16 2036 16 2037 17 2038 16 2039 17 2040 17 2041 16 2042 16 2043 17 2044 17 2045 16 2046 17 2047 16 2048 16 2049 17 2050 17 2051 16 2052 16 2053 17 2054 16 2055 17 2056 17 2057 16 2058 16 2059 17 2060 17 2061 16 2062 17 2063 16 2064 16 2065 17 2066 16 2067 17 2068 17 2069 16 2070 16 2071 17 2072 17 2073 16 2074 17 2075 16 2076 16 2077 17 2078 16 2079 17 2080 16 2081 17 2082 16 2083 17 2084 17 2085 16 2086 13 2087 14 2088 14 0 13 2089 14 2090 4 2091 3 2092 4 2093 3 2094 4 0 4 2095 3 2096 4 0 4 0 4 2097 3 2098 4 0 4 2099 3 2100 13 2101 14 2102 14 0 13 2103 14 2104 4 2105 3 2106 4 2107 3 2108 4 0 13 2109 14 2110 14 0 13 2111 14 2112 13 2113 14 2114 14 0 13 2115 14 2116 13 2117 14 2118 14 0 13 2119 14 2120 13 2121 14 2122 14 0 13 2123 14 2124 13 2125 14 2126 14 0 13 2127 14 2128 13 2129 12 2130 13 2131 12 2132 13 2133 12 2134 13 2135 12 2136 13 2137 12 2138 13 2139 12 2140 13 2141 12 2142 13 2143 12 2144 13 2145 12 2146 13 2147 12 2148 13 2149 12 2150 13 2151 12 2152 13 2153 12 2154 13 2155 12 2156 13 2157 12 2158 13 2159 12 2160 13 2161 12 2162 13 2163 12 2164 13 2165 12 2166 13 2167 12 2168 13 2169 12 2170 13 2171 12 2172 13 2173 12 2174 13 2175 12 2176 13 2177 12 2178 13 2179 12 2180 13 2181 12 2182 13 2183 12 2184 13 2185 12 2186 13 2187 12 2188 13 2189 12 2190 13 2191 12 2192 13 2193 12 2194 13 2195 12 2196 13 2197 12 2198 13 2199 12 2200 13 2201 12 2202 12 2203 13 2204 13 2205 12 2206 13 2207 12 2208 12 2209 13 2210 12 2211 13 2212 12 2213 13 2214 13 2215 12 2216 12 2217 13 2218 12 2219 13 2220 13 2221 12 2222 13 2223 12 2224 12 2225 13 2226 13 2227 12 2228 12 2229 13 2230 12 2231 13 2232 13 2233 12 2234 13 2235 12 2236 13 2237 12 2238 12 2239 13 2240 13 2241 12 2242 13 2243 12 2244 12 2245 13 2246 12 2247 13 2248 13 2249 12 2250 12 2251 13 2252 13 2253 12 2254 13 2255 12 2256 12 2257 13 2258 12 2259 13 2260 16 2261 17 2262 16 2263 17 2264 16 2265 17 2266 16 2267 17 2268 16 2269 17 2270 16 2271 17 2272 16 2273 17 2274 16 2275 17 2276 16 2277 17 2278 17 2279 16 2280 16 2281 17 2282 16 2283 17 2284 17 2285 16 2286 16 2287 17 2288 16 2289 17 2290 16 2291 17 2292 16 2293 17 2294 16 2295 17 2296 16 2297 17 2298 16 2299 17 2300 16 2301 17 2302 16 2303 17 2304 16 2305 17 2306 16 2307 17 2308 16 2309 17 2310 16 2311 17 2312 16 2313 17 2314 16 2315 17 2316 16 2317 17 2318 16 2319 17 2320 16 2321 17 2322 16 2323 17 2324 16 2325 17 2326 17 2327 16 2328 16 2329 17 2330 16 2331 17 2332 17 2333 16 2334 16 2335 17 2336 16 2337 17 2338 16 2339 17 2340 16 2341 17 2342 16 2343 17 2344 16 2345 17 2346 16 2347 17 2348 16 2349 17 2350 16 2351 17 2352 16 2353 17 2354 16 2355 17 2356 16 2357 17 2358 17 2359 16 2360 17 2361 16 2362 17 2363 16 2364 16 2365 17 2366 16 2367 17 2368 16 2369 17 2370 16 2371 17 2372 16 2373 17 2374 16 2375 17 2376 16 2377 17 2378 16 2379 17 2380 16 2381 17 2382 17 2383 16 2384 16 2385 17 2386 17 2387 16 2388 16 2389 17 2390 17 2391 16 2392 16 2393 17 2394 16 2395 17 2396 17 2397 16 2398 17 2399 16 2400 16 2401 17 2402 16 2403 17 2404 16 2405 17 2406 17 2407 16 2408 17 2409 16 2410 16 2411 17 2412 17 2413 16 2414 17 2415 16 2416 17 2417 16 2418 16 2419 17 2420 16 2421 17 2422 17 2423 16 2424 16 2425 17 2426 17 2427 16 2428 16 2429 17 2430 17 2431 16 2432 16 2433 17 2434 17 2435 16 2436 16 2437 17 2438 17 2439 16 2440 17 2441 16 2442 16 2443 17 2444 17 2445 16 2446 16 2447 17 2448 17 2449 16 2450 17 2451 16 2452 12 2453 13 2454 13 2455 12 2456 12 2457 13 2458 12 2459 13 2460 13 2461 12 2462 13 2463 12 2464 12 2465 13 2466 13 2467 12 2468 12 2469 13 2470 4 2471 3 2472 4 2473 3 2474 4 0 4 2475 3 2476 4 2477 3 2478 4 0 12 2479 13 2480 13 2481 12 2482 13 2483 12 2484 13 2485 14 2486 13 2487 14 2488 13 2489 14 2490 4 2491 3 2492 4 0 4 0 13 2493 14 2494 13 2495 14 2496 13 2497 14 2498 4 2499 3 2500 4 0 4 0 13 2501 14 2502 13 2503 14 2504 13 2505 14 2506 4 2507 3 2508 4 2509 3 2510 4 0 13 2511 14 2512 13 2513 14 2514 13 2515 14 2516 4 2517 3 2518 4 0 4 2519 3 2520 13 2521 14 2522 13 2523 14 2524 13 2525 14 2526 13 2527 14 2528 13 2529 14 2530 13 2531 14 2532 4 2533 3 2534 4 0 4 0 13 2535 14 2536 13 2537 14 2538 13 2539 14 2540 4 2541 3 2542 4 0 4 0 13 2543 14 2544 13 2545 14 2546 13 2547 14 2548 4 2549 3 2550 4 0 4 2551 3 2552 13 2553 14 2554 13 2555 14 2556 13 2557 14 2558 4 2559 3 2560 4 2561 3 2562 4 0 13 2563 14 2564 13 2565 14 2566 13 2567 14 2568 13 2569 14 2570 13 2571 14 2572 13 2573 14 2574 13 2575 14 2576 13 2577 14 2578 13 2579 14 2580 13 2581 14 2582 13 2583 14 2584 13 2585 14 2586 13 2587 14 2588 13 2589 14 2590 13 2591 14 2592 13 2593 14 2594 13 2595 14 2596 13 2597 14 2598 13 2599 14 2600 13 2601 14 2602 13 2603 14 2604 13 2605 14 2606 13 2607 14 2608 13 2609 14 2610 13 2611 14 2612 13 2613 14 2614 13 2615 14 2616 13 2617 14 2618 13 2619 14 2620 13 2621 14 2622 13 2623 14 2624 13 2625 14 2626 13 2627 14 2628 13 2629 14 2630 13 2631 14 2632 13 2633 14 2634 13 2635 14 2636 13 2637 14 2638 13 2639 14 2640 13 2641 14 2642 13 2643 14 2644 13 2645 14 2646 13 2647 14 2648 13 2649 14 2650 13 2651 14 2652 13 2653 14 2654 13 2655 14 2656 13 2657 14 2658 13 2659 14 2660 13 2661 14 2662 13 2663 14 2664 13 2665 14 2666 13 2667 14 2668 13 2669 14 2670 13 2671 14 2672 13 2673 14 2674 13 2675 14 2676 13 2677 14 2678 13 2679 14 2680 13 2681 14 2682 13 2683 14 2684 13 2685 14 2686 13 2687 14 2688 13 2689 14 2690 13 2691 14 2692 13 2693 14 2694 13 2695 14 2696 13 2697 14 2698 13 2699 14 2700 4 2701 3 2702 4 2703 3 2704 3 0 13 2705 14 2706 13 2707 14 2708 13 2709 14 2710 13 2711 14 2712 13 2713 14 2714 13 2715 14 2716 13 2717 14 2718 13 2719 14 2720 13 2721 14 2722 13 2723 14 2724 13 2725 14 2726 13 2727 14 2728 4 2729 3 2730 3 0 4 2731 3 2732 13 2733 14 2734 13 2735 14 2736 13 2737 14 2738 4 2739 3 2740 4 2741 3 2742 3 0 13 2743 14 2744 13 2745 14 2746 13 2747 14 2748 13 2749 14 2750 13 2751 14 2752 13 2753 14 2754 13 2755 14 2756 13 2757 14 2758 13 2759 14 2760 13 2761 14 2762 13 2763 14 2764 13 2765 14 2766 13 2767 14 2768 13 2769 14 2770 13 2771 14 2772 13 2773 14 2774 13 2775 14 2776 13 2777 14 2778 13 2779 14 2780 13 2781 14 2782 13 2783 14 2784 13 2785 14 2786 13 2787 14 2788 14 0 13 2789 14 2790 13 2791 14 2792 13 2793 14 2794 2 2795 7 2796 2 2797 9 2798 7 0 2 2799 7 2800 7 0 2 2801 9 2802 9 2803 2 2804 7 2805 2 2806 7 2807 2 2808 9 2809 2 2810 7 2811 2 2812 7 2813 2 2814 2 2815 9 2816 7 2817 2 2818 9 2819 2 2820 2 2821 9 2822 9 2823 2 2824 7 2825 2 2826 2 2827 7 2828 7 2829 2 2830 2 2831 9 2832 2 2833 7 2834 2 2835 9 2836 7 2837 2 2838 7 2839 2 2840 7 2841 2 2842 2 0 7 2843 2 2844 2 0 7 2845 2 2846 7 2847 2 2848 2 0 7 2849 2 2850 7 2851 2 2852 7 2853 2 2854 2 0 8 2855 11 2856 8 0 11 2857 8 2858 7 2859 2 2860 7 2861 2 2862 2 2863 7 2864 7 2865 2 2866 2 2867 7 2868 7 2869 2 2870 7 2871 2 2872 7 2873 2 2874 2 2875 7 2876 8 2877 11 2878 11 0 8 2879 11 2880 7 2881 2 2882 2 2883 7 2884 7 2885 2 2886 7 2887 2 2888 7 0 2 2889 7 2890 7 2891 2 2892 2 2893 7 2894 7 0 9 2895 2 2896 7 2897 2 2898 9 2899 2 2900 6 2901 5 2902 6 0 5 0 9 2903 2 2904 7 2905 2 2906 7 2907 2 2908 9 2909 2 2910 7 2911 2 2912 9 2913 2 2914 9 2915 2 2916 7 2917 2 2918 7 2919 2 2920 6 2921 5 2922 5 0 6 0 9 2923 2 2924 9 2925 2 2926 7 2927 2 2928 7 2929 2 2930 9 2931 2 2932 7 2933 2 2934 9 2935 2 2936 9 2937 2 2938 7 2939 2 2940 7 2941 2 2942 9 2943 2 2944 7 2945 2 2946 11 2947 8 2948 8 0 8 2949 11 2950 7 2951 2 2952 2 0 7 2953 2 2954 7 2955 2 2956 2 0 7 2957 2 2958 7 2959 2 2960 2 0 2 0 7 2961 2 2962 7 2963 2 2964 2 0 2 2965 7 2966 2 0 2 2967 7 2968 2 2969 7 2970 2 0 2 2971 7 2972 2 2973 7 2974 7 0 7 0 2 2975 7 2976 7 0 2 2977 7 2978 2 2979 7 2980 7 0 7 0 2 2981 7 2982 7 0 7 0 2 2983 7 2984 2 2985 7 2986 7 0 2 2987 18 2988 18 0 2 2989 18 2990 2 2991 18 2992 2 2993 18 2994 18 0 2 2995 18 2996 18 0 18 0 2 2997 18 2998 2 2999 18 3000 18 0 8 3001 11 3002 11 0 8 3003 11 3004 2 3005 18 3006 18 0 2 3007 18 3008 2 3009 18 3010 18 0 18 0 2 3011 18 3012 2 3013 18 3014 2 3015 18 3016 2 3017 18 3018 2 3019 18 3020 2 3021 18 3022 2 3023 18 3024 2 3025 18 3026 2 3027 18 3028 2 3029 18 3030 2 3031 18 3032 2 3033 18 3034 2 3035 18 3036 2 3037 18 3038 2 3039 18 3040 2 3041 18 3042 2 3043 18 3044 2 3045 18 3046 2 3047 18 3048 2 3049 18 3050 2 3051 18 3052 2 3053 18 3054 2 3055 18 3056 2 3057 18 3058 18 3059 2 3060 18 3061 2 3062 2 3063 18 3064 11 3065 8 3066 8 0 8 0 18 3067 2 3068 2 3069 18 3070 18 3071 2 3072 8 3073 11 3074 8 0 8 3075 11 3076 8 3077 11 3078 8 0 8 0 2 3079 18 3080 18 3081 2 3082 2 3083 18 3084 8 3085 11 3086 8 3087 11 3088 8 0 18 3089 2 3090 18 3091 2 3092 2 3093 18 3094 8 3095 11 3096 8 3097 11 3098 8 0 8 3099 11 3100 8 0 8 0 18 3101 2 3102 18 3103 2 3104 2 3105 18 3106 8 3107 11 3108 8 0 8 3109 11 3110 18 3111 2 3112 2 3113 18 3114 18 3115 2 3116 18 3117 2 3118 18 3119 2 3120 2 3121 18 3122 2 3123 18 3124 2 3125 18 3126 18 3127 2 3128 2 3129 18 3130 18 3131 2 3132 2 3133 18 3134 18 3135 2 3136 2 0 2 0 8 3137 11 3138 11 0 11 3139 8 3140 8 3141 11 3142 11 3143 8 3144 11 0 8 3145 11 3146 8 3147 11 3148 11 0 18 3149 2 3150 18 3151 2 3152 2 0 18 3153 2 3154 2 0 2 0 8 3155 11 3156 11 0 8 3157 11 3158 18 3159 2 3160 2 0 2 0 18 3161 2 3162 2 0 18 3163 2 3164 18 3165 2 3166 2 0 2 0 6 3167 5 3168 6 0 6 3169 5 3170 2 3171 18 3172 2 3173 18 3174 18 3175 2 3176 18 3177 2 3178 2 3179 18 3180 18 3181 2 3182 18 3183 2 3184 2 3185 18 3186 18 3187 2 3188 2 3189 18 3190 2 3191 18 3192 2 3193 18 3194 2 3195 18 3196 2 3197 18 3198 2 3199 18 3200 6 3201 5 3202 5 0 6 3203 5 3204 2 3205 18 3206 2 3207 18 3208 2 3209 18 3210 2 3211 18 3212 2 3213 18 3214 2 3215 18 3216 2 3217 18 3218 2 3219 18 3220 2 3221 18 3222 2 3223 18 3224 2 3225 18 3226 2 3227 18 3228 6 3229 5 3230 6 3231 5 3232 6 0 2 3233 18 3234 2 3235 18 3236 2 3237 18 3238 2 3239 18 3240 2 3241 18 3242 2 3243 18 3244 18 3245 2 3246 2 0 18 3247 2 3248 18 3249 2 3250 2 0 2 0 6 3251 5 3252 6 3253 5 3254 5 0 18 3255 2 3256 2 0 18 3257 2 3258 18 3259 2 3260 2 0 18 3261 2 3262 18 3263 2 3264 18 3265 2 3266 2 0 2 3267 18 3268 2 3269 18 3270 18 3271 2 3272 18 3273 2 3274 2 3275 18 3276 18 3277 2 3278 2 3279 18 3280 18 3281 2 3282 2 3283 18 3284 2 3285 18 3286 18 3287 2 3288 18 3289 2 3290 2 3291 18 3292 18 3293 2 3294 2 3295 18 3296 2 3297 18 3298 18 3299 2 3300 18 3301 2 3302 2 3303 18 3304 2 3305 18 3306 18 3307 2 3308 18 3309 2 3310 2 3311 18 3312 18 3313 2 3314 10 3315 9 3316 8 3317 9 3318 10 3319 10 3320 9 3321 10 3322 9 3323 8 3324 9 3325 10 3326 10 3327 9 3328 10 3329 9 3330 10 3331 9 3332 8 3333 9 3334 10 3335 10 3336 9 3337 10 3338 9 3339 8 3340 9 3341 10 3342 10 3343 9 3344 10 3345 9 3346 8 3347 9 3348 10 3349 10 3350 9 3351 8 3352 9 3353 10 3354 10 3355 9 3356 10 3357 9 3358 8 3359 9 3360 10 3361 9 0 6 3362 5 3363 5 0 6 3364 5 3365 10 3366 9 3367 9 0 8 3368 9 3369 10 3370 6 3371 5 3372 6 0 6 3373 5 3374 6 3375 5 3376 6 3377 5 3378 6 0 10 3379 9 3380 10 3381 9 3382 9 0 6 3383 5 3384 6 0 6 0 10 3385 9 3386 9 0 9 0 7 3387 8 3388 7 3389 8 3390 8 3391 7 3392 7 3393 8 3394 8 3395 7 3396 8 3397 7 3398 7 3399 8 3400 8 3401 7 3402 8 3403 7 3404 6 3405 5 3406 6 0 6 0 7 3407 8 3408 8 3409 7 3410 7 3411 8 3412 8 3413 7 3414 7 0 7 3415 8 3416 8 3417 7 3418 7 3419 8 3420 7 0 8 3421 11 3422 8 0 11 3423 8 3424 7 3425 8 3426 8 0 8 0 7 3427 8 3428 7 3429 8 3430 8 0 7 3431 8 3432 8 0 7 3433 8 3434 7 3435 8 3436 8 0 8 0 7 3437 8 3438 8 3439 7 3440 8 0 10 3441 9 3442 10 0 10 3443 9 3444 10 3445 9 3446 10 0 10 3447 9 3448 10 3449 9 3450 10 3451 9 3452 10 0 10 3453 9 3454 10 0 10 3455 9 3456 10 3457 9 3458 10 3459 9 3460 10 0 10 3461 9 3462 10 0 10 3463 9 3464 10 3465 9 3466 10 0 10 3467 9 3468 10 3469 9 3470 10 0 10 0 10 3471 9 3472 10 0 10 3473 9 3474 10 3475 9 3476 10 0 10 0 8 3477 7 3478 7 0 7 0 8 3479 7 3480 7 0 7 0 11 3481 8 3482 8 3483 11 3484 8 3485 11 3486 11 3487 8 3488 8 0 8 0 8 3489 11 3490 11 3491 8 3492 8 0 11 3493 8 3494 8 3495 11 3496 8 3497 11 3498 8 3499 7 3500 7 0 8 3501 7 3502 8 3503 7 3504 7 0 7 0 8 3505 7 3506 8 3507 7 3508 7 0 7 3509 8 3510 8 0 8 0 7 3511 8 3512 7 3513 8 3514 8 0 7 3515 8 3516 7 3517 8 3518 8 0 7 3519 8 3520 8 0 7 3521 8 3522 7 3523 8 3524 8 0 8 0 8 3525 7 3526 7 0 7 0 8 3527 7 3528 7 0 8 3529 7 3530 10 3531 9 3532 8 0 9 0 8 3533 7 3534 7 0 7 0 10 3535 9 3536 8 0 10 3537 9 3538 8 3539 7 3540 7 3541 8 3542 7 0 8 3543 7 3544 7 0 8 0 2 3545 9 3546 10 3547 9 3548 7 3549 10 3550 9 3551 2 3552 9 3553 7 3554 10 3555 9 3556 10 3557 9 3558 10 3559 9 3560 9 0 10 3561 9 3562 2 3563 9 3564 9 3565 2 3566 9 3567 2 3568 9 3569 2 3570 9 3571 2 3572 2 3573 9 3574 9 3575 2 3576 2 3577 9 3578 9 3579 2 3580 10 3581 9 3582 9 0 10 3583 9 3584 10 3585 9 3586 10 3587 9 3588 9 0 10 3589 9 3590 9 0 9 0 10 3591 9 3592 10 3593 9 3594 9 0 10 3595 9 3596 9 0 10 3597 9 3598 10 3599 9 3600 9 0 9 0 10 3601 9 3602 2 3603 9 3604 9 0 10 3605 9 3606 9 0 2 3607 9 3608 9 3609 2 3610 9 0 9 0 9 3611 2 3612 9 0 9 0 2 3613 9 3614 9 0 2 3615 9 3616 2 3617 9 3618 9 0 9 0 2 3619 9 3620 2 3621 9 3622 9 0 2 3623 9 3624 2 3625 9 3626 9 3627 2 3628 9 3629 2 3630 2 3631 9 3632 9 3633 2 3634 2 3635 9 3636 9 3637 2 3638 2 3639 9 3640 16 3641 15 3642 16 3643 15 3644 16 3645 15 3646 7 3647 10 3648 9 3649 10 0 10 0 7 3650 10 3651 9 3652 10 0 10 0 7 3653 10 3654 9 3655 7 0 2 3656 9 3657 7 3658 10 3659 9 3660 2 3661 9 3662 7 0</v>
        </vertex_weights>
      </skin>
      <extra>
        <technique profile="FCOLLADA">
          <user_properties>SkinController</user_properties>
        </technique>
      </extra>
    </controller>
  </library_controllers>
  <library_visual_scenes>
    <visual_scene id="VisualSceneNode" name="rdmscene">
      <node id="VisualSceneNode1" name="Pelipper" sid="Pelipper" type="JOINT">
        <matrix>1 0 0 0 0 1 0 0 0 0 1 0 0 0 0 1</matrix>
        <node id="VisualSceneNode2" name="Origin" sid="Origin" type="JOINT">
          <matrix>1 0 0 0 0 1 0 0 0 0 1 0 0 0 0 1</matrix>
          <node id="VisualSceneNode3" name="Waist" sid="Waist" type="JOINT">
            <matrix>1 0 0 0 0 1 0 0 0 0 1 3.72369 0 0 0 1</matrix>
            <node id="VisualSceneNode4" name="LFoot" sid="LFoot" type="JOINT">
              <matrix>-0.475996 0 0.879448 -0.336644 0 1 0 1.18603 -0.879448 0 -0.475996 -3.11425 0 0 0 1</matrix>
              <node id="VisualSceneNode5" name="LToe" sid="LToe" type="JOINT">
                <matrix>0.879447 0 -0.475996 0 0 1 0 0 0.475996 0 0.879447 1.05509 0 0 0 1</matrix>
              </node>
            </node>
            <node id="VisualSceneNode6" name="RFoot" sid="RFoot" type="JOINT">
              <matrix>-0.475996 0 0.879448 -0.336644 0 1 0 -1.18603 -0.879448 0 -0.475996 -3.11425 0 0 0 1</matrix>
              <node id="VisualSceneNode7" name="RToe" sid="RToe" type="JOINT">
                <matrix>0.879448 0 -0.475996 0 0 1 0 0 0.475996 0 0.879448 1.05509 0 0 0 1</matrix>
              </node>
            </node>
            <node id="VisualSceneNode8" name="Spine" sid="Spine" type="JOINT">
              <matrix>0.998518 0 0.054427 0.307324 0 1 0 0 -0.054427 0 0.998518 1.84403 0 0 0 1</matrix>
              <node id="VisualSceneNode9" name="Head" sid="Head" type="JOINT">
                <matrix>0.998518 0 -0.054427 0 0 1 0 0 0.054427 0 0.998518 2.91469 0 0 0 1</matrix>
                <node id="VisualSceneNode10" name="Feeler" sid="Feeler" type="JOINT">
                  <matrix>-0.268017 0 0.963414 1.26085 0 1 0 0 -0.963414 0 -0.268017 -3.6011 0 0 0 1</matrix>
                </node>
                <node id="VisualSceneNode11" name="LowerBeak" sid="LowerBeak" type="JOINT">
                  <matrix>0 0 1 0.719483 0 1 0 0 -1 0 0 -0.466974 0 0 0 1</matrix>
                </node>
                <node id="VisualSceneNode12" name="UpperBeak" sid="UpperBeak" type="JOINT">
                  <matrix>-0.096611 0 0.995322 2.35658 0 1 0 0 -0.995322 0 -0.096611 0.433787 0 0 0 1</matrix>
                </node>
              </node>
              <node id="VisualSceneNode13" name="LArm" sid="LArm" type="JOINT">
                <matrix>0.998518 0.054427 0 -0.369818 0 0 1 2.531 0.054427 -0.998518 0 1.0143 0 0 0 1</matrix>
                <node id="VisualSceneNode14" name="LForeArm" sid="LForeArm" type="JOINT">
                  <matrix>1 0 0 0 0 1 0 0.000000 0 0 1 3.8 0 0 0 1</matrix>
                  <node id="VisualSceneNode15" name="LHand" sid="LHand" type="JOINT">
                    <matrix>1 0 0 0 0 1 0 0 0 0 1 2.9 0 0 0 1</matrix>
                  </node>
                </node>
              </node>
              <node id="VisualSceneNode16" name="RArm" sid="RArm" type="JOINT">
                <matrix>0.998518 -0.054427 0 -0.369817 0 0 -1 -2.531 0.054427 0.998518 0 1.01429 0 0 0 1</matrix>
                <node id="VisualSceneNode17" name="RForeArm" sid="RForeArm" type="JOINT">
                  <matrix>1 0 0 0 0 1 0 -0.000000 0 0 1 3.8 0 0 0 1</matrix>
                  <node id="VisualSceneNode18" name="RHand" sid="RHand" type="JOINT">
                    <matrix>1 0 0 0 0 1 0 0 0 0 1 2.9 0 0 0 1</matrix>
                  </node>
                </node>
              </node>
            </node>
            <node id="VisualSceneNode19" name="Tail" sid="Tail" type="JOINT">
              <matrix>0.423685 0 -0.90581 -3.36246 0 1 0 0 0.90581 0 0.423685 1.15169 0 0 0 1</matrix>
            </node>
          </node>
        </node>
        <node id="VisualSceneNode20" name="PelipperSkin" sid="PelipperSkin" type="JOINT">
          <matrix>1 0 0 0 0 1 0 0 0 0 1 0 0 0 0 1</matrix>
        </node>
      </node>
      <node id="VisualSceneNode21" name="mesh0000" type="NODE">
        <matrix>1 0 0 0 0 1 0 0 0 0 1 0 0 0 0 1</matrix>
        <instance_controller url="#Controller">
          <skeleton>#VisualSceneNode1</skeleton>
          <bind_material>
            <technique_common>
              <instance_material symbol="VisualMaterial0" target="#VisualMaterial"/>
            </technique_common>
          </bind_material>
        </instance_controller>
      </node>
      <node id="VisualSceneNode22" name="mesh0001" type="NODE">
        <matrix>1 0 0 0 0 1 0 0 0 0 1 0 0 0 0 1</matrix>
        <instance_controller url="#Controller1">
          <skeleton>#VisualSceneNode1</skeleton>
          <bind_material>
            <technique_common>
              <instance_material symbol="VisualMaterial10" target="#VisualMaterial1"/>
            </technique_common>
          </bind_material>
        </instance_controller>
      </node>
    </visual_scene>
  </library_visual_scenes>
  <scene>
    <instance_visual_scene url="#VisualSceneNode"/>
  </scene>
</COLLADA>
