# Noesis .obj export.
#
mtllib unused.mtl
g
v  2.705953 1.172363 9.352346
v  3.024312 0.553223 9.819387
v  2.815694 1.046265 9.884329
v  3.033345 0.534668 9.309622
v  3.024312 0.553223 9.819387
v  2.705953 1.172363 9.352346
v  3.024312 -0.553223 9.819387
v  2.705953 -1.172363 9.352346
v  2.815694 -1.046265 9.884329
v  3.033345 -0.534668 9.309622
v  2.705953 -1.172363 9.352346
v  3.024312 -0.553223 9.819387
v  2.815694 1.046265 9.884329
v  3.024312 0.553223 9.819387
v  2.928365 0.711182 10.350882
v  2.789327 0.976929 9.114065
v  3.033345 0.534668 9.309622
v  2.705953 1.172363 9.352346
v  2.705953 1.172363 9.352346
v  2.313375 1.419556 8.965139
v  2.789327 0.976929 9.114065
v  2.313375 1.419556 8.965139
v  2.705953 1.172363 9.352346
v  2.086568 1.563599 9.300100
v  2.815694 1.046265 9.884329
v  2.928365 0.711182 10.350882
v  2.681295 1.105469 10.617605
v  2.411763 1.441895 9.944143
v  2.333272 1.514282 10.738333
v  2.022725 1.655640 10.082083
v  2.411763 1.441895 9.944143
v  2.815694 1.046265 9.884329
v  2.681295 1.105469 10.617605
v  2.086568 1.563599 9.300100
v  2.411763 1.441895 9.944143
v  2.022725 1.655640 10.082083
v  2.333272 1.514282 10.738333
v  2.411763 1.441895 9.944143
v  2.681295 1.105469 10.617605
v  2.411763 1.441895 9.944143
v  2.086568 1.563599 9.300100
v  2.705953 1.172363 9.352346
v  2.411763 1.441895 9.944143
v  2.705953 1.172363 9.352346
v  2.815694 1.046265 9.884329
v  2.815694 -1.046265 9.884329
v  2.928365 -0.711182 10.350882
v  3.024312 -0.553223 9.819387
v  2.789327 -0.976929 9.114065
v  2.705953 -1.172363 9.352346
v  3.033345 -0.534668 9.309622
v  2.705953 -1.172363 9.352346
v  2.789327 -0.976929 9.114065
v  2.313375 -1.419556 8.965139
v  2.313375 -1.419556 8.965139
v  2.086568 -1.563599 9.300100
v  2.705953 -1.172363 9.352346
v  2.815694 -1.046265 9.884329
v  2.681295 -1.105469 10.617605
v  2.928365 -0.711182 10.350882
v  2.411763 -1.441895 9.944143
v  2.022725 -1.655640 10.082083
v  2.333272 -1.514282 10.738333
v  2.411763 -1.441895 9.944143
v  2.681295 -1.105469 10.617605
v  2.815694 -1.046265 9.884329
v  2.086568 -1.563599 9.300100
v  2.022725 -1.655640 10.082083
v  2.411763 -1.441895 9.944143
v  2.333272 -1.514282 10.738333
v  2.681295 -1.105469 10.617605
v  2.411763 -1.441895 9.944143
v  2.411763 -1.441895 9.944143
v  2.705953 -1.172363 9.352346
v  2.086568 -1.563599 9.300100
v  2.411763 -1.441895 9.944143
v  2.815694 -1.046265 9.884329
v  2.705953 -1.172363 9.352346

vt  0.259613 -0.200104 0.000000
vt  0.023590 -0.134491 0.000000
vt  0.197845 -0.119568 0.000000
vt  0.018829 -0.212067 0.000000
vt  0.023590 -0.134491 0.000000
vt  0.259613 -0.200104 0.000000
vt  0.023590 -0.134491 0.000000
vt  0.259613 -0.200104 0.000000
vt  0.197845 -0.119568 0.000000
vt  0.018829 -0.212067 0.000000
vt  0.259613 -0.200104 0.000000
vt  0.023590 -0.134491 0.000000
vt  0.197845 -0.119568 0.000000
vt  0.023590 -0.134491 0.000000
vt  0.081512 -0.050690 0.000000
vt  0.198334 -0.237732 0.000000
vt  0.018829 -0.212067 0.000000
vt  0.259613 -0.200104 0.000000
vt  0.259613 -0.200104 0.000000
vt  0.410431 -0.248413 0.000000
vt  0.198334 -0.237732 0.000000
vt  0.410431 -0.248413 0.000000
vt  0.259613 -0.200104 0.000000
vt  0.478821 -0.196594 0.000000
vt  0.197845 -0.119568 0.000000
vt  0.081512 -0.050690 0.000000
vt  0.214783 -0.005035 0.000000
vt  0.375061 -0.101166 0.000000
vt  0.359802 0.019958 0.000000
vt  0.476318 -0.067535 0.000000
vt  0.375061 -0.101166 0.000000
vt  0.197845 -0.119568 0.000000
vt  0.214783 -0.005035 0.000000
vt  0.478821 -0.196594 0.000000
vt  0.375061 -0.101166 0.000000
vt  0.476318 -0.067535 0.000000
vt  0.359802 0.019958 0.000000
vt  0.375061 -0.101166 0.000000
vt  0.214783 -0.005035 0.000000
vt  0.375061 -0.101166 0.000000
vt  0.478821 -0.196594 0.000000
vt  0.259613 -0.200104 0.000000
vt  0.375061 -0.101166 0.000000
vt  0.259613 -0.200104 0.000000
vt  0.197845 -0.119568 0.000000
vt  0.197845 -0.119568 0.000000
vt  0.081512 -0.050690 0.000000
vt  0.023590 -0.134491 0.000000
vt  0.198334 -0.237732 0.000000
vt  0.259613 -0.200104 0.000000
vt  0.018829 -0.212067 0.000000
vt  0.259613 -0.200104 0.000000
vt  0.198334 -0.237732 0.000000
vt  0.410431 -0.248413 0.000000
vt  0.410431 -0.248413 0.000000
vt  0.478821 -0.196594 0.000000
vt  0.259613 -0.200104 0.000000
vt  0.197845 -0.119568 0.000000
vt  0.214783 -0.005035 0.000000
vt  0.081512 -0.050690 0.000000
vt  0.375061 -0.101166 0.000000
vt  0.476318 -0.067535 0.000000
vt  0.359802 0.019958 0.000000
vt  0.375061 -0.101166 0.000000
vt  0.214783 -0.005035 0.000000
vt  0.197845 -0.119568 0.000000
vt  0.478821 -0.196594 0.000000
vt  0.476318 -0.067535 0.000000
vt  0.375061 -0.101166 0.000000
vt  0.359802 0.019958 0.000000
vt  0.214783 -0.005035 0.000000
vt  0.375061 -0.101166 0.000000
vt  0.375061 -0.101166 0.000000
vt  0.259613 -0.200104 0.000000
vt  0.478821 -0.196594 0.000000
vt  0.375061 -0.101166 0.000000
vt  0.197845 -0.119568 0.000000
vt  0.259613 -0.200104 0.000000

vn  0.912400 0.398411 -0.093779
vn  0.912400 0.398411 -0.093779
vn  0.912400 0.398411 -0.093779
vn  0.889584 0.456770 -0.000862
vn  0.889584 0.456770 -0.000862
vn  0.889584 0.456770 -0.000862
vn  0.912400 -0.398411 -0.093779
vn  0.912400 -0.398411 -0.093779
vn  0.912400 -0.398411 -0.093779
vn  0.889584 -0.456770 -0.000862
vn  0.889584 -0.456770 -0.000862
vn  0.889584 -0.456770 -0.000862
vn  0.922144 0.383258 0.052565
vn  0.922144 0.383258 0.052565
vn  0.922144 0.383258 0.052565
vn  0.885802 0.459241 -0.066722
vn  0.885802 0.459241 -0.066722
vn  0.885802 0.459241 -0.066722
vn  0.698757 0.653335 -0.291362
vn  0.698757 0.653335 -0.291362
vn  0.698757 0.653335 -0.291362
vn  0.534148 0.845389 -0.001863
vn  0.534148 0.845389 -0.001863
vn  0.534148 0.845389 -0.001863
vn  0.876256 0.465885 0.122990
vn  0.876256 0.465885 0.122990
vn  0.876256 0.465885 0.122990
vn  0.472068 0.880920 -0.033638
vn  0.472068 0.880920 -0.033638
vn  0.472068 0.880920 -0.033638
vn  0.703329 0.707229 0.071809
vn  0.703329 0.707229 0.071809
vn  0.703329 0.707229 0.071809
vn  0.462299 0.884240 -0.066334
vn  0.462299 0.884240 -0.066334
vn  0.462299 0.884240 -0.066334
vn  0.763770 0.645274 0.016670
vn  0.763770 0.645274 0.016670
vn  0.763770 0.645274 0.016670
vn  0.537412 0.835655 -0.113441
vn  0.537412 0.835655 -0.113441
vn  0.537412 0.835655 -0.113441
vn  0.701349 0.712408 0.024186
vn  0.701349 0.712408 0.024186
vn  0.701349 0.712408 0.024186
vn  0.922144 -0.383258 0.052565
vn  0.922144 -0.383258 0.052565
vn  0.922144 -0.383258 0.052565
vn  0.885802 -0.459241 -0.066722
vn  0.885802 -0.459241 -0.066722
vn  0.885802 -0.459241 -0.066722
vn  0.698757 -0.653335 -0.291362
vn  0.698757 -0.653335 -0.291362
vn  0.698757 -0.653335 -0.291362
vn  0.534148 -0.845389 -0.001863
vn  0.534148 -0.845389 -0.001863
vn  0.534148 -0.845389 -0.001863
vn  0.876256 -0.465885 0.122990
vn  0.876256 -0.465885 0.122990
vn  0.876256 -0.465885 0.122990
vn  0.472068 -0.880920 -0.033638
vn  0.472068 -0.880920 -0.033638
vn  0.472068 -0.880920 -0.033638
vn  0.703329 -0.707229 0.071809
vn  0.703329 -0.707229 0.071809
vn  0.703329 -0.707229 0.071809
vn  0.462299 -0.884240 -0.066334
vn  0.462299 -0.884240 -0.066334
vn  0.462299 -0.884240 -0.066334
vn  0.763770 -0.645274 0.016670
vn  0.763770 -0.645274 0.016670
vn  0.763770 -0.645274 0.016670
vn  0.537412 -0.835655 -0.113441
vn  0.537412 -0.835655 -0.113441
vn  0.537412 -0.835655 -0.113441
vn  0.701349 -0.712408 0.024186
vn  0.701349 -0.712408 0.024186
vn  0.701349 -0.712408 0.024186

g rdmobj00
usemtl PelipperEyeDh
f  3/3/3 2/2/2 1/1/1
f  6/6/6 5/5/5 4/4/4
f  9/9/9 8/8/8 7/7/7
f  12/12/12 11/11/11 10/10/10
f  15/15/15 14/14/14 13/13/13
f  18/18/18 17/17/17 16/16/16
f  21/21/21 20/20/20 19/19/19
f  24/24/24 23/23/23 22/22/22
f  27/27/27 26/26/26 25/25/25
f  30/30/30 29/29/29 28/28/28
f  33/33/33 32/32/32 31/31/31
f  36/36/36 35/35/35 34/34/34
f  39/39/39 38/38/38 37/37/37
f  42/42/42 41/41/41 40/40/40
f  45/45/45 44/44/44 43/43/43
f  48/48/48 47/47/47 46/46/46
f  51/51/51 50/50/50 49/49/49
f  54/54/54 53/53/53 52/52/52
f  57/57/57 56/56/56 55/55/55
f  60/60/60 59/59/59 58/58/58
f  63/63/63 62/62/62 61/61/61
f  66/66/66 65/65/65 64/64/64
f  69/69/69 68/68/68 67/67/67
f  72/72/72 71/71/71 70/70/70
f  75/75/75 74/74/74 73/73/73
f  78/78/78 77/77/77 76/76/76

g
v  7.611834 0.000000 2.367543
v  7.948730 2.308105 4.270996
v  7.001363 2.109863 2.403065
v  4.690283 3.614746 8.427887
v  6.492565 3.072754 8.366270
v  4.412433 1.764160 8.724182
v  7.979261 1.999512 8.328419
v  6.348054 0.678711 8.605962
v  6.492565 3.072754 8.366270
v  9.560013 0.000000 8.142604
v  8.650048 0.000000 8.592976
v  8.229073 0.723633 8.551911
v  9.560013 0.000000 8.142604
v  7.979261 1.999512 8.328419
v  8.972501 1.673828 7.912153
v  7.979261 1.999512 8.328419
v  7.748137 2.988281 7.994204
v  8.972501 1.673828 7.912153
v  8.650048 0.000000 8.592976
v  7.843441 0.000000 8.804215
v  8.229073 0.723633 8.551911
v  4.793602 4.419922 8.001359
v  6.492565 3.072754 8.366270
v  4.690283 3.614746 8.427887
v  7.001363 2.109863 2.403065
v  6.131348 0.000000 1.215820
v  7.611834 0.000000 2.367543
v  6.492565 3.072754 8.366270
v  7.748137 2.988281 7.994204
v  7.979261 1.999512 8.328419
v  7.979261 1.999512 8.328419
v  9.560013 0.000000 8.142604
v  8.229073 0.723633 8.551911
v  6.492565 3.072754 8.366270
v  4.793602 4.419922 8.001359
v  6.465999 3.772949 7.794384
v  4.483408 -4.026855 2.643353
v  3.904297 -2.690430 1.442383
v  2.838867 -3.479492 2.844238
v  4.483408 4.026855 2.643353
v  2.838867 3.479492 2.844238
v  3.904297 2.690430 1.442383
v  4.690283 3.614746 8.427887
v  3.396829 4.235352 7.808251
v  4.793602 4.419922 8.001359
v  7.748137 2.988281 7.994204
v  6.492565 3.072754 8.366270
v  6.465999 3.772949 7.794384
v  7.979261 1.999512 8.328419
v  8.229073 0.723633 8.551911
v  6.348054 0.678711 8.605962
v  4.412433 1.764160 8.724182
v  6.492565 3.072754 8.366270
v  6.348054 0.678711 8.605962
v  7.001363 2.109863 2.403065
v  7.948730 2.308105 4.270996
v  6.529297 3.826660 4.368652
v  7.844919 0.000000 8.329194
v  4.793602 4.419922 8.001359
v  2.672542 0.000000 8.983823
v  7.001363 2.109863 2.403065
v  6.529297 3.826660 4.368652
v  5.704827 3.376465 2.523015
v  9.560013 0.000000 8.142604
v  8.972501 1.673828 7.912153
v  7.844919 0.000000 8.329194
v  7.844919 0.000000 8.329194
v  8.972501 1.673828 7.912153
v  7.748137 2.988281 7.994204
v  7.001363 -2.109863 2.403065
v  6.529297 -3.826660 4.368652
v  7.948730 -2.308105 4.270996
v  6.465999 3.772949 7.794384
v  7.844919 0.000000 8.329194
v  7.748137 2.988281 7.994204
v  7.844919 0.000000 8.329194
v  6.465999 3.772949 7.794384
v  4.793602 4.419922 8.001359
v  7.001363 -2.109863 2.403065
v  5.704827 -3.376465 2.523015
v  6.529297 -3.826660 4.368652
v  4.793602 4.419922 8.001359
v  3.396829 4.235352 7.808251
v  2.672542 0.000000 8.983823
v  5.704827 -3.376465 2.523015
v  5.851563 -2.003906 1.469727
v  3.904297 -2.690430 1.442383
v  5.704827 3.376465 2.523015
v  3.904297 2.690430 1.442383
v  5.851563 2.003906 1.469727
v  4.346901 -0.423828 8.837489
v  6.348054 -0.678711 8.605962
v  4.412433 -1.764160 8.724182
v  4.690283 -3.614746 8.427887
v  4.412433 -1.764160 8.724182
v  6.492565 -3.072754 8.366270
v  7.001363 2.109863 2.403065
v  5.704827 3.376465 2.523015
v  5.851563 2.003906 1.469727
v  7.001363 -2.109863 2.403065
v  5.851563 -2.003906 1.469727
v  5.704827 -3.376465 2.523015
v  7.979261 -1.999512 8.328419
v  6.492565 -3.072754 8.366270
v  6.348054 -0.678711 8.605962
v  9.560013 0.000000 8.142604
v  8.229073 -0.723633 8.551911
v  8.650048 0.000000 8.592976
v  9.560013 0.000000 8.142604
v  8.972501 -1.673828 7.912153
v  7.979261 -1.999512 8.328419
v  7.979261 -1.999512 8.328419
v  8.972501 -1.673828 7.912153
v  7.748137 -2.988281 7.994204
v  0.403463 -1.265625 8.868216
v  -0.330386 -1.089355 8.285162
v  -0.130371 -0.833496 8.937012
v  8.650048 0.000000 8.592976
v  8.229073 -0.723633 8.551911
v  7.843441 0.000000 8.804215
v  4.637106 -3.831543 6.368038
v  2.374410 -3.582520 8.124874
v  2.054342 -2.609375 6.402884
v  3.396383 -4.187012 7.808956
v  2.374410 -3.582520 8.124874
v  4.637106 -3.831543 6.368038
v  -0.330386 1.089355 8.285162
v  0.403320 1.265625 8.868164
v  -0.130371 0.833496 8.937012
v  4.793602 -4.419922 8.001359
v  4.690283 -3.614746 8.427887
v  6.492565 -3.072754 8.366270
v  6.492565 -3.072754 8.366270
v  7.979261 -1.999512 8.328419
v  7.748137 -2.988281 7.994204
v  4.637106 -3.831543 6.368038
v  2.054342 -2.609375 6.402884
v  4.626465 -3.678711 4.541504
v  1.180806 0.000000 6.436087
v  3.145020 2.319336 4.575684
v  1.832170 0.000000 4.608950
v  2.054342 2.609375 6.402884
v  3.145020 2.319336 4.575684
v  1.180806 0.000000 6.436087
v  0.776337 2.345703 7.192545
v  0.418945 1.514648 8.294434
v  -0.044322 2.208008 7.307205
v  0.906392 1.771973 8.365774
v  0.418945 1.514648 8.294434
v  0.776337 2.345703 7.192545
v  7.979261 -1.999512 8.328419
v  8.229073 -0.723633 8.551911
v  9.560013 0.000000 8.142604
v  0.906392 -1.771973 8.365774
v  0.776337 -2.345703 7.192545
v  0.418945 -1.514648 8.294434
v  6.492565 -3.072754 8.366270
v  6.465999 -3.772949 7.794384
v  4.793602 -4.419922 8.001359
v  2.054342 -2.609375 6.402884
v  1.180806 0.000000 6.436087
v  3.145020 -2.319336 4.575684
v  4.690283 -3.614746 8.427887
v  4.793602 -4.419922 8.001359
v  3.396829 -4.235352 7.808251
v  0.776337 2.345703 7.192545
v  1.157515 2.676758 6.326765
v  1.111328 2.257324 7.406250
v  1.157515 -2.676758 6.326765
v  1.111328 -2.257324 7.406250
v  1.441406 -2.509277 6.446289
v  0.776337 -2.345703 7.192545
v  1.111328 -2.257324 7.406250
v  1.157515 -2.676758 6.326765
v  -0.947018 1.424805 7.495776
v  -0.741211 0.426270 8.512207
v  -1.111923 0.766113 7.870542
v  -0.330386 1.089355 8.285162
v  -0.741211 0.426270 8.512207
v  -0.947018 1.424805 7.495776
v  2.083464 2.915039 4.411713
v  1.157515 2.676758 6.326765
v  1.258577 3.069824 5.462562
v  7.748137 -2.988281 7.994204
v  6.465999 -3.772949 7.794384
v  6.492565 -3.072754 8.366270
v  7.979261 -1.999512 8.328419
v  6.348054 -0.678711 8.605962
v  8.229073 -0.723633 8.551911
v  4.412433 -1.764160 8.724182
v  6.348054 -0.678711 8.605962
v  6.492565 -3.072754 8.366270
v  1.169576 1.690430 9.851126
v  0.403320 1.265625 8.868164
v  1.182271 1.611328 9.024466
v  0.491353 1.463379 9.757376
v  0.403320 1.265625 8.868164
v  1.169576 1.690430 9.851126
v  -0.110698 0.993164 9.677298
v  0.403320 1.265625 8.868164
v  0.491353 1.463379 9.757376
v  7.844919 0.000000 8.329194
v  2.672542 0.000000 8.983823
v  4.793602 -4.419922 8.001359
v  -0.110698 -0.993164 9.677298
v  -0.507813 -0.370117 9.067871
v  -0.368510 -0.405762 9.622122
v  9.560013 0.000000 8.142604
v  7.844919 0.000000 8.329194
v  8.972501 -1.673828 7.912153
v  0.403463 -1.265625 8.868216
v  -0.110698 -0.993164 9.677298
v  0.491353 -1.463379 9.757376
v  7.844919 0.000000 8.329194
v  7.748137 -2.988281 7.994204
v  8.972501 -1.673828 7.912153
v  -1.111923 0.766113 7.870542
v  -0.991699 0.000000 8.775391
v  -1.366056 0.000000 8.357752
v  6.465999 -3.772949 7.794384
v  7.748137 -2.988281 7.994204
v  7.844919 0.000000 8.329194
v  7.844919 0.000000 8.329194
v  4.793602 -4.419922 8.001359
v  6.465999 -3.772949 7.794384
v  4.793602 -4.419922 8.001359
v  2.672542 0.000000 8.983823
v  3.396829 -4.235352 7.808251
v  1.890567 -1.414546 -0.084185
v  2.297306 -1.197749 -0.084185
v  1.890567 -0.980464 -0.084185
v  -0.330386 -1.089355 8.285162
v  -0.947018 -1.424805 7.495776
v  -0.741211 -0.426270 8.512207
v  1.157515 -2.676758 6.326765
v  2.083464 -2.915039 4.411713
v  1.258577 -3.069824 5.462562
v  2.297306 -1.197749 -0.084185
v  1.751895 -1.197749 0.318159
v  1.676212 -0.970210 0.174116
v  8.252340 2.376953 6.411495
v  6.529297 3.826660 4.368652
v  7.948730 2.308105 4.270996
v  6.510153 3.906250 6.411495
v  6.529297 3.826660 4.368652
v  8.252340 2.376953 6.411495
v  -0.069194 1.073730 11.455130
v  0.639791 0.000000 11.760794
v  -0.124369 0.000000 11.574270
v  0.756978 1.164551 11.665579
v  0.639791 0.000000 11.760794
v  -0.069194 1.073730 11.455130
v  1.642232 1.062012 11.803762
v  2.376607 0.000000 11.850637
v  1.627095 0.000000 11.893606
v  2.374654 0.929199 11.714895
v  2.376607 0.000000 11.850637
v  1.642232 1.062012 11.803762
v  2.858052 1.604004 10.948294
v  3.325338 0.739258 10.888235
v  2.986959 1.197754 11.294485
v  3.191549 1.172852 10.681692
v  3.325338 0.739258 10.888235
v  2.858052 1.604004 10.948294
v  1.006490 2.108398 11.431692
v  2.300924 2.063965 11.055716
v  2.342916 1.665527 11.429739
v  1.203756 2.566895 11.098684
v  2.300924 2.063965 11.055716
v  1.006490 2.108398 11.431692
v  1.203756 2.566895 11.098684
v  0.016256 1.984863 11.205130
v  0.078267 2.385742 10.993216
v  1.006490 2.108398 11.431692
v  0.016256 1.984863 11.205130
v  1.203756 2.566895 11.098684
v  -0.124369 0.000000 11.574270
v  -1.056987 0.764648 11.078665
v  -0.069194 1.073730 11.455130
v  -1.118510 0.000000 11.176809
v  -1.056987 0.764648 11.078665
v  -0.124369 0.000000 11.574270
v  2.342916 1.665527 11.429739
v  2.858052 1.604004 10.948294
v  2.986959 1.197754 11.294485
v  2.300924 2.063965 11.055716
v  2.858052 1.604004 10.948294
v  2.342916 1.665527 11.429739
v  3.191549 1.172852 10.681692
v  3.396138 0.456543 10.435110
v  3.325338 0.739258 10.888235
v  3.274068 0.781738 10.381399
v  3.396138 0.456543 10.435110
v  3.191549 1.172852 10.681692
v  0.639791 0.000000 11.760794
v  1.642232 1.062012 11.803762
v  1.627095 0.000000 11.893606
v  0.756978 1.164551 11.665579
v  1.642232 1.062012 11.803762
v  0.639791 0.000000 11.760794
v  2.374654 0.929199 11.714895
v  3.090963 0.000000 11.542532
v  2.376607 0.000000 11.850637
v  3.038228 0.619141 11.426809
v  3.090963 0.000000 11.542532
v  2.374654 0.929199 11.714895
v  3.396138 0.456543 10.435110
v  3.468892 0.000000 10.998098
v  3.325338 0.739258 10.888235
v  3.458150 0.000000 10.461477
v  3.468892 0.000000 10.998098
v  3.396138 0.456543 10.435110
v  1.006490 2.108398 11.431692
v  -0.069194 1.073730 11.455130
v  0.016256 1.984863 11.205130
v  0.756978 1.164551 11.665579
v  -0.069194 1.073730 11.455130
v  1.006490 2.108398 11.431692
v  3.325338 -0.739258 10.888235
v  2.858052 -1.604004 10.948294
v  2.986959 -1.197754 11.294485
v  3.191549 -1.172852 10.681692
v  2.858052 -1.604004 10.948294
v  3.325338 -0.739258 10.888235
v  2.300924 -2.063965 11.055716
v  1.006490 -2.108398 11.431692
v  2.342916 -1.665527 11.429739
v  1.203756 -2.566895 11.098684
v  1.006490 -2.108398 11.431692
v  2.300924 -2.063965 11.055716
v  0.016256 -1.984863 11.205130
v  1.203756 -2.566895 11.098684
v  0.078267 -2.385742 10.993216
v  1.006490 -2.108398 11.431692
v  1.203756 -2.566895 11.098684
v  0.016256 -1.984863 11.205130
v  -1.056987 -0.764648 11.078665
v  -0.124369 0.000000 11.574270
v  -0.069194 -1.073730 11.455130
v  -1.118510 0.000000 11.176809
v  -0.124369 0.000000 11.574270
v  -1.056987 -0.764648 11.078665
v  2.858052 -1.604004 10.948294
v  2.342916 -1.665527 11.429739
v  2.986959 -1.197754 11.294485
v  2.300924 -2.063965 11.055716
v  2.342916 -1.665527 11.429739
v  2.858052 -1.604004 10.948294
v  3.396138 -0.456543 10.435110
v  3.191549 -1.172852 10.681692
v  3.325338 -0.739258 10.888235
v  3.274068 -0.781738 10.381399
v  3.191549 -1.172852 10.681692
v  3.396138 -0.456543 10.435110
v  0.403463 -1.265625 8.868216
v  1.169576 -1.690430 9.851126
v  1.182271 -1.611328 9.024466
v  0.491353 -1.463379 9.757376
v  1.169576 -1.690430 9.851126
v  0.403463 -1.265625 8.868216
v  1.642232 -1.062012 11.803762
v  0.639791 0.000000 11.760794
v  1.627095 0.000000 11.893606
v  0.756978 -1.164551 11.665579
v  0.639791 0.000000 11.760794
v  1.642232 -1.062012 11.803762
v  3.090963 0.000000 11.542532
v  2.374654 -0.929199 11.714895
v  2.376607 0.000000 11.850637
v  3.038228 -0.619141 11.426809
v  2.374654 -0.929199 11.714895
v  3.090963 0.000000 11.542532
v  3.468892 0.000000 10.998098
v  3.396138 -0.456543 10.435110
v  3.325338 -0.739258 10.888235
v  3.458150 0.000000 10.461477
v  3.396138 -0.456543 10.435110
v  3.468892 0.000000 10.998098
v  -0.069194 -1.073730 11.455130
v  1.006490 -2.108398 11.431692
v  0.016256 -1.984863 11.205130
v  0.756978 -1.164551 11.665579
v  1.006490 -2.108398 11.431692
v  -0.069194 -1.073730 11.455130
v  0.639791 0.000000 11.760794
v  -0.069194 -1.073730 11.455130
v  -0.124369 0.000000 11.574270
v  0.756978 -1.164551 11.665579
v  -0.069194 -1.073730 11.455130
v  0.639791 0.000000 11.760794
v  2.376607 0.000000 11.850637
v  1.642232 -1.062012 11.803762
v  1.627095 0.000000 11.893606
v  2.374654 -0.929199 11.714895
v  1.642232 -1.062012 11.803762
v  2.376607 0.000000 11.850637
v  1.890567 -0.980464 -0.084185
v  2.297306 -1.197749 -0.084185
v  1.676212 -0.970210 0.174116
v  1.950626 -0.455073 -0.084185
v  1.355899 -0.732417 0.220014
v  1.356387 -0.532710 0.312788
v  4.771872 4.597168 6.411495
v  3.249512 4.320313 4.618164
v  4.746582 4.559570 4.478027
v  3.197164 4.375000 6.449093
v  3.249512 4.320313 4.618164
v  4.771872 4.597168 6.411495
v  1.950626 -0.455073 -0.084185
v  1.356387 -0.532710 0.312788
v  1.282657 -0.329096 0.247846
v  1.355899 -0.732417 0.220014
v  1.950626 -0.455073 -0.084185
v  1.319766 -0.812007 -0.084185
v  7.734762 2.611328 6.358273
v  8.097656 0.000000 4.555664
v  7.476563 2.601563 4.532227
v  8.595602 0.000000 6.382198
v  8.097656 0.000000 4.555664
v  7.734762 2.611328 6.358273
v  4.637106 3.831543 6.368038
v  7.476563 2.601563 4.532227
v  4.626465 3.678711 4.541504
v  7.734762 2.611328 6.358273
v  7.476563 2.601563 4.532227
v  4.637106 3.831543 6.368038
v  8.953512 1.665527 7.912472
v  8.595602 0.000000 6.382198
v  7.734762 2.611328 6.358273
v  9.537985 0.000000 8.141476
v  8.595602 0.000000 6.382198
v  8.953512 1.665527 7.912472
v  4.794821 4.395508 8.001339
v  7.734762 2.611328 6.358273
v  4.637106 3.831543 6.368038
v  6.458883 3.751465 7.795284
v  7.734762 2.611328 6.358273
v  4.794821 4.395508 8.001339
v  8.595602 0.000000 6.382198
v  8.953512 -1.665527 7.912472
v  7.734762 -2.611328 6.358273
v  9.537985 0.000000 8.141476
v  8.953512 -1.665527 7.912472
v  8.595602 0.000000 6.382198
v  7.734762 -2.611328 6.358273
v  4.794821 -4.395508 8.001339
v  4.637106 -3.831543 6.368038
v  6.458883 -3.751465 7.795284
v  4.794821 -4.395508 8.001339
v  7.734762 -2.611328 6.358273
v  1.282657 -0.329096 0.247846
v  1.271915 -0.279780 -0.043169
v  1.950626 -0.455073 -0.084185
v  6.510153 -3.906250 6.411495
v  8.252340 -2.376953 6.411495
v  6.529297 -3.826660 4.368652
v  9.023336 0.000000 6.411495
v  7.948730 -2.308105 4.270996
v  8.252340 -2.376953 6.411495
v  1.676212 -0.970210 0.174116
v  1.319766 -0.812007 -0.084185
v  1.890567 -0.980464 -0.084185
v  1.319766 -0.812007 -0.084185
v  1.950626 -0.455073 -0.084185
v  1.271915 -0.279780 -0.043169
v  3.197164 -4.375000 6.449093
v  4.771872 -4.597168 6.411495
v  3.249512 -4.320313 4.618164
v  6.510153 -3.906250 6.411495
v  4.746582 -4.559570 4.478027
v  4.771872 -4.597168 6.411495
v  2.297306 -1.197749 -0.084185
v  1.676212 -1.424800 0.174116
v  1.751895 -1.197749 0.318159
v  1.890567 -1.414546 -0.084185
v  1.676212 -1.424800 0.174116
v  2.297306 -1.197749 -0.084185
v  8.595602 0.000000 6.382198
v  7.734762 -2.611328 6.358273
v  8.097656 0.000000 4.555664
v  1.950626 -1.939936 -0.084185
v  1.356387 -1.862300 0.312788
v  1.355899 -1.662593 0.220014
v  7.734762 -2.611328 6.358273
v  4.637106 -3.831543 6.368038
v  7.476563 -2.601563 4.532227
v  2.054342 2.609375 6.402884
v  4.626465 3.678711 4.541504
v  3.145020 2.319336 4.575684
v  4.637106 3.831543 6.368038
v  4.626465 3.678711 4.541504
v  2.054342 2.609375 6.402884
v  2.374410 3.582520 8.124874
v  4.637106 3.831543 6.368038
v  2.054342 2.609375 6.402884
v  3.396383 4.187012 7.808956
v  4.637106 3.831543 6.368038
v  2.374410 3.582520 8.124874
v  1.950626 -1.939936 -0.084185
v  1.282657 -2.065913 0.247846
v  1.356387 -1.862300 0.312788
v  -0.330386 1.089355 8.285162
v  -0.130371 0.833496 8.937012
v  -0.507813 0.370117 9.067871
v  -0.330386 -1.089355 8.285162
v  -0.507813 -0.370117 9.067871
v  -0.130371 -0.833496 8.937012
v  0.906392 1.771973 8.365774
v  0.776337 2.345703 7.192545
v  1.111328 2.257324 7.406250
v  -0.044322 2.208008 7.307205
v  0.418945 1.514648 8.294434
v  -0.330386 1.089355 8.285162
v  0.906392 -1.771973 8.365774
v  1.111328 -2.257324 7.406250
v  0.776337 -2.345703 7.192545
v  0.403463 -1.265625 8.868216
v  0.906392 -1.771973 8.365774
v  0.418945 -1.514648 8.294434
v  -0.044322 -2.208008 7.307205
v  -0.330386 -1.089355 8.285162
v  0.418945 -1.514648 8.294434
v  1.182271 1.611328 9.024466
v  0.403320 1.265625 8.868164
v  0.906392 1.771973 8.365774
v  1.355899 -1.662593 0.220014
v  1.319766 -1.583003 -0.084185
v  1.950626 -1.939936 -0.084185
v  1.282657 -2.065913 0.247846
v  1.950626 -1.939936 -0.084185
v  1.271915 -2.115229 -0.043169
v  1.676212 -1.424800 0.174116
v  1.890567 -1.414546 -0.084185
v  1.319766 -1.583003 -0.084185
v  1.319766 -1.583003 -0.084185
v  1.271915 -2.115229 -0.043169
v  1.950626 -1.939936 -0.084185
v  2.342916 1.665527 11.429739
v  2.374654 0.929199 11.714895
v  1.642232 1.062012 11.803762
v  2.342916 1.665527 11.429739
v  1.642232 1.062012 11.803762
v  1.006490 2.108398 11.431692
v  -0.110698 0.993164 9.677298
v  0.491353 1.463379 9.757376
v  0.189107 1.720703 10.392141
v  0.189107 1.720703 10.392141
v  -0.627299 1.020508 10.236380
v  -0.110698 0.993164 9.677298
v  -0.627299 1.020508 10.236380
v  -1.097026 0.000000 9.997610
v  -0.368510 0.405762 9.622122
v  2.313131 -1.419434 8.964895
v  1.768209 -1.653320 8.987356
v  2.086568 -1.563477 9.299856
v  3.024068 -0.553223 9.819387
v  3.172994 -0.247070 9.657766
v  3.033345 -0.534668 9.309622
v  3.191549 -1.172852 10.681692
v  2.928365 -0.710938 10.351126
v  2.681295 -1.105469 10.617727
v  2.681295 -1.105469 10.617727
v  2.333150 -1.514160 10.738333
v  2.858052 -1.604004 10.948294
v  2.928365 -0.710938 10.351126
v  3.221334 -0.452148 9.990286
v  3.024068 -0.553223 9.819387
v  2.333150 -1.514160 10.738333
v  1.934224 -1.823730 10.670950
v  2.300924 -2.063965 11.055716
v  3.221334 -0.452148 9.990286
v  3.172994 -0.247070 9.657766
v  3.024068 -0.553223 9.819387
v  2.333150 -1.514160 10.738333
v  2.300924 -2.063965 11.055716
v  2.858052 -1.604004 10.948294
v  2.928365 -0.710938 10.351126
v  3.274068 -0.781738 10.381399
v  3.221334 -0.452148 9.990286
v  -0.990580 -1.465820 10.817434
v  0.189107 -1.720703 10.392141
v  -0.627299 -1.020508 10.236380
v  -0.627299 -1.020508 10.236380
v  -0.110698 -0.993164 9.677298
v  -0.368510 -0.405762 9.622122
v  -1.097026 0.000000 9.997610
v  -0.368510 -0.405762 9.622122
v  -0.567729 0.000000 9.588430
v  1.934224 -1.823730 10.670950
v  1.162740 -2.024414 10.560110
v  1.203756 -2.566895 11.098684
v  3.288717 0.000000 10.060598
v  3.245260 0.000000 9.799368
v  3.221334 -0.452148 9.990286
v  -1.056987 -0.764648 11.078665
v  -2.002299 0.000000 10.589895
v  -1.118510 0.000000 11.176809
v  -1.649760 0.000000 10.373587
v  -2.002299 0.000000 10.589895
v  -0.990580 -1.465820 10.817434
v  1.203756 -2.566895 11.098684
v  2.300924 -2.063965 11.055716
v  1.934224 -1.823730 10.670950
v  3.325338 -0.739258 10.888235
v  2.986959 -1.197754 11.294485
v  3.038228 -0.619141 11.426809
v  2.986959 -1.197754 11.294485
v  2.374654 -0.929199 11.714895
v  3.038228 -0.619141 11.426809
v  3.245260 0.000000 9.799368
v  3.172994 -0.247070 9.657766
v  3.221334 -0.452148 9.990286
v  3.288717 0.000000 10.060598
v  3.396138 -0.456543 10.435110
v  3.458150 0.000000 10.461477
v  0.078267 -2.385742 10.993216
v  1.162740 -2.024414 10.560110
v  0.189107 -1.720703 10.392141
v  0.491353 -1.463379 9.757376
v  0.189107 -1.720703 10.392141
v  1.169576 -1.690430 9.851126
v  1.182271 -1.611328 9.024466
v  1.768209 -1.653320 8.987356
v  0.906392 -1.771973 8.365774
v  3.221334 -0.452148 9.990286
v  3.274068 -0.781738 10.381399
v  3.396138 -0.456543 10.435110
v  -1.097026 0.000000 9.997610
v  -1.649760 0.000000 10.373587
v  -0.627299 -1.020508 10.236380
v  2.022603 -1.655762 10.082083
v  1.169576 -1.690430 9.851126
v  1.162740 -2.024414 10.560110
v  0.906392 -1.771973 8.365774
v  1.768209 -1.653320 8.987356
v  2.313131 -1.419434 8.964895
v  -0.627299 -1.020508 10.236380
v  -1.649760 0.000000 10.373587
v  -0.990580 -1.465820 10.817434
v  0.078267 -2.385742 10.993216
v  0.189107 -1.720703 10.392141
v  -0.990580 -1.465820 10.817434
v  1.203756 -2.566895 11.098684
v  1.162740 -2.024414 10.560110
v  0.078267 -2.385742 10.993216
v  3.221334 -0.452148 9.990286
v  3.396138 -0.456543 10.435110
v  3.288717 0.000000 10.060598
v  1.182271 -1.611328 9.024466
v  1.169576 -1.690430 9.851126
v  2.086568 -1.563477 9.299856
v  1.768209 -1.653320 8.987356
v  1.182271 -1.611328 9.024466
v  2.086568 -1.563477 9.299856
v  2.333150 -1.514160 10.738333
v  2.022603 -1.655762 10.082083
v  1.934224 -1.823730 10.670950
v  3.468892 0.000000 10.998098
v  3.325338 -0.739258 10.888235
v  3.038228 -0.619141 11.426809
v  1.642232 -1.062012 11.803762
v  1.006490 -2.108398 11.431692
v  0.756978 -1.164551 11.665579
v  -0.990580 -1.465820 10.817434
v  0.016256 -1.984863 11.205130
v  0.078267 -2.385742 10.993216
v  -1.056987 -0.764648 11.078665
v  0.016256 -1.984863 11.205130
v  -0.990580 -1.465820 10.817434
v  -0.990580 -1.465820 10.817434
v  -2.002299 0.000000 10.589895
v  -1.056987 -0.764648 11.078665
v  3.468892 0.000000 10.998098
v  3.038228 -0.619141 11.426809
v  3.090963 0.000000 11.542532
v  2.986959 -1.197754 11.294485
v  2.342916 -1.665527 11.429739
v  2.374654 -0.929199 11.714895
v  -1.056987 -0.764648 11.078665
v  -0.069194 -1.073730 11.455130
v  0.016256 -1.984863 11.205130
v  1.281392 -2.438965 8.202688
v  0.906392 -1.771973 8.365774
v  1.881002 -2.419922 8.549856
v  2.313131 -1.419434 8.964895
v  1.881002 -2.419922 8.549856
v  0.906392 -1.771973 8.365774
v  2.022603 -1.655762 10.082083
v  1.162740 -2.024414 10.560110
v  1.934224 -1.823730 10.670950
v  1.169576 -1.690430 9.851126
v  0.189107 -1.720703 10.392141
v  1.162740 -2.024414 10.560110
v  2.086568 -1.563477 9.299856
v  1.169576 -1.690430 9.851126
v  2.022603 -1.655762 10.082083
v  2.681295 -1.105469 10.617727
v  2.858052 -1.604004 10.948294
v  3.191549 -1.172852 10.681692
v  3.274068 -0.781738 10.381399
v  2.928365 -0.710938 10.351126
v  3.191549 -1.172852 10.681692
v  0.906392 -1.771973 8.365774
v  0.906392 0.000000 8.365774
v  1.180806 0.000000 6.436087
v  2.313131 1.419434 8.964895
v  2.086568 1.563477 9.299856
v  1.768209 1.653320 8.987356
v  3.024068 0.553223 9.819387
v  3.033345 0.534668 9.309622
v  3.172994 0.247070 9.657766
v  3.191549 1.172852 10.681692
v  2.681295 1.105469 10.617727
v  2.928365 0.710938 10.351126
v  2.681295 1.105469 10.617727
v  2.858052 1.604004 10.948294
v  2.333150 1.514160 10.738333
v  2.928365 0.710938 10.351126
v  3.024068 0.553223 9.819387
v  3.221334 0.452148 9.990286
v  2.333150 1.514160 10.738333
v  2.300924 2.063965 11.055716
v  1.934224 1.823730 10.670950
v  3.221334 0.452148 9.990286
v  3.024068 0.553223 9.819387
v  3.172994 0.247070 9.657766
v  2.333150 1.514160 10.738333
v  2.858052 1.604004 10.948294
v  2.300924 2.063965 11.055716
v  2.928365 0.710938 10.351126
v  3.221334 0.452148 9.990286
v  3.274068 0.781738 10.381399
v  -0.990580 1.465820 10.817434
v  -0.627299 1.020508 10.236380
v  0.189107 1.720703 10.392141
v  -0.627299 1.020508 10.236380
v  -0.368510 0.405762 9.622122
v  -0.110698 0.993164 9.677298
v  -1.097026 0.000000 9.997610
v  -0.567729 0.000000 9.588430
v  -0.368510 0.405762 9.622122
v  1.934224 1.823730 10.670950
v  1.203756 2.566895 11.098684
v  1.162740 2.024414 10.560110
v  3.288717 0.000000 10.060598
v  3.221334 0.452148 9.990286
v  3.245260 0.000000 9.799368
v  -1.056987 0.764648 11.078665
v  -1.118510 0.000000 11.176809
v  -2.002299 0.000000 10.589895
v  -1.649760 0.000000 10.373587
v  -0.990580 1.465820 10.817434
v  -2.002299 0.000000 10.589895
v  1.203756 2.566895 11.098684
v  1.934224 1.823730 10.670950
v  2.300924 2.063965 11.055716
v  3.325338 0.739258 10.888235
v  3.038228 0.619141 11.426809
v  2.986959 1.197754 11.294485
v  2.986959 1.197754 11.294485
v  3.038228 0.619141 11.426809
v  2.374654 0.929199 11.714895
v  3.245260 0.000000 9.799368
v  3.221334 0.452148 9.990286
v  3.172994 0.247070 9.657766
v  3.288717 0.000000 10.060598
v  3.458150 0.000000 10.461477
v  3.396138 0.456543 10.435110
v  0.078267 2.385742 10.993216
v  0.189107 1.720703 10.392141
v  1.162740 2.024414 10.560110
v  0.491353 1.463379 9.757376
v  1.169576 1.690430 9.851126
v  0.189107 1.720703 10.392141
v  1.182271 1.611328 9.024466
v  0.906392 1.771973 8.365774
v  1.768209 1.653320 8.987356
v  -0.110698 -0.993164 9.677298
v  0.189107 -1.720703 10.392141
v  0.491353 -1.463379 9.757376
v  0.189107 -1.720703 10.392141
v  -0.110698 -0.993164 9.677298
v  -0.627299 -1.020508 10.236380
v  -0.627299 -1.020508 10.236380
v  -0.368510 -0.405762 9.622122
v  -1.097026 0.000000 9.997610
v  1.304586 -2.425293 8.201534
v  1.111328 -2.257324 7.406250
v  0.906392 -1.771973 8.365774
v  1.304586 2.425293 8.201534
v  0.906392 1.771973 8.365774
v  1.111328 2.257324 7.406250
v  1.304586 2.425293 8.201534
v  1.111328 2.257324 7.406250
v  1.441406 2.509277 6.446289
v  2.294332 -3.637207 6.494503
v  1.441406 -2.509277 6.446289
v  1.304586 -2.425293 8.201534
v  1.304586 -2.425293 8.201534
v  1.441406 -2.509277 6.446289
v  1.111328 -2.257324 7.406250
v  2.294332 3.637207 6.494503
v  1.304586 2.425293 8.201534
v  1.441406 2.509277 6.446289
v  -1.097026 0.000000 9.997610
v  -0.627299 1.020508 10.236380
v  -1.649760 0.000000 10.373587
v  2.022603 1.655762 10.082083
v  1.162740 2.024414 10.560110
v  1.169576 1.690430 9.851126
v  2.083464 -2.915039 4.411713
v  1.441406 -2.509277 6.446289
v  2.460449 -3.645508 4.666992
v  2.083464 2.915039 4.411713
v  2.460449 3.645508 4.666992
v  1.441406 2.509277 6.446289
v  0.906392 1.771973 8.365774
v  2.313131 1.419434 8.964895
v  1.768209 1.653320 8.987356
v  -0.627299 1.020508 10.236380
v  -0.990580 1.465820 10.817434
v  -1.649760 0.000000 10.373587
v  0.078267 2.385742 10.993216
v  -0.990580 1.465820 10.817434
v  0.189107 1.720703 10.392141
v  1.203756 2.566895 11.098684
v  0.078267 2.385742 10.993216
v  1.162740 2.024414 10.560110
v  3.221334 0.452148 9.990286
v  3.288717 0.000000 10.060598
v  3.396138 0.456543 10.435110
v  1.182271 1.611328 9.024466
v  2.086568 1.563477 9.299856
v  1.169576 1.690430 9.851126
v  1.751895 -1.197749 0.318159
v  1.028320 -0.872070 0.577637
v  1.676212 -0.970210 0.174116
v  1.355899 -0.732417 0.220014
v  1.028320 -0.872070 0.577637
v  1.356387 -0.532710 0.312788
v  1.751895 -1.197749 0.318159
v  1.021973 -1.197754 0.626465
v  1.028320 -0.872070 0.577637
v  1.676212 -0.970210 0.174116
v  1.028320 -0.872070 0.577637
v  1.319766 -0.812007 -0.084185
v  1.751895 -1.197749 0.318159
v  1.676212 -1.424800 0.174116
v  1.028320 -1.522949 0.577637
v  1.355899 -1.662593 0.220014
v  1.356387 -1.862300 0.312788
v  1.028320 -1.522949 0.577637
v  2.294332 -3.637207 6.494503
v  2.460449 -3.645508 4.666992
v  1.441406 -2.509277 6.446289
v  2.294332 3.637207 6.494503
v  1.441406 2.509277 6.446289
v  2.460449 3.645508 4.666992
v  3.197164 4.375000 6.449093
v  2.460449 3.645508 4.666992
v  3.249512 4.320313 4.618164
v  1.751895 -1.197749 0.318159
v  1.028320 -1.522949 0.577637
v  1.021973 -1.197754 0.626465
v  3.197164 -4.375000 6.449093
v  3.249512 -4.320313 4.618164
v  2.460449 -3.645508 4.666992
v  1.676212 -1.424800 0.174116
v  1.319766 -1.583003 -0.084185
v  1.028320 -1.522949 0.577637
v  1.768209 1.653320 8.987356
v  2.086568 1.563477 9.299856
v  1.182271 1.611328 9.024466
v  2.333150 1.514160 10.738333
v  1.934224 1.823730 10.670950
v  2.022603 1.655762 10.082083
v  3.468892 0.000000 10.998098
v  3.038228 0.619141 11.426809
v  3.325338 0.739258 10.888235
v  1.642232 1.062012 11.803762
v  0.756978 1.164551 11.665579
v  1.006490 2.108398 11.431692
v  -0.990580 1.465820 10.817434
v  0.078267 2.385742 10.993216
v  0.016256 1.984863 11.205130
v  -1.056987 0.764648 11.078665
v  -0.990580 1.465820 10.817434
v  0.016256 1.984863 11.205130
v  -0.990580 1.465820 10.817434
v  -1.056987 0.764648 11.078665
v  -2.002299 0.000000 10.589895
v  3.468892 0.000000 10.998098
v  3.090963 0.000000 11.542532
v  3.038228 0.619141 11.426809
v  2.986959 1.197754 11.294485
v  2.374654 0.929199 11.714895
v  2.342916 1.665527 11.429739
v  -1.056987 0.764648 11.078665
v  0.016256 1.984863 11.205130
v  -0.069194 1.073730 11.455130
v  1.281392 2.438965 8.202688
v  1.881002 2.419922 8.549856
v  0.906392 1.771973 8.365774
v  2.313131 1.419434 8.964895
v  0.906392 1.771973 8.365774
v  1.881002 2.419922 8.549856
v  2.022603 1.655762 10.082083
v  1.934224 1.823730 10.670950
v  1.162740 2.024414 10.560110
v  1.169576 1.690430 9.851126
v  1.162740 2.024414 10.560110
v  0.189107 1.720703 10.392141
v  2.086568 1.563477 9.299856
v  2.022603 1.655762 10.082083
v  1.169576 1.690430 9.851126
v  2.681295 1.105469 10.617727
v  3.191549 1.172852 10.681692
v  2.858052 1.604004 10.948294
v  7.734274 2.972168 7.994503
v  8.252340 2.376953 6.411495
v  8.953512 1.665527 7.912472
v  8.252340 2.376953 6.411495
v  9.023336 0.000000 6.411495
v  8.953512 1.665527 7.912472
v  8.953512 -1.665527 7.912472
v  7.734274 -2.972168 7.994503
v  7.734762 -2.611328 6.358273
v  7.734274 -2.972168 7.994503
v  6.458883 -3.751465 7.795284
v  7.734762 -2.611328 6.358273
v  4.794821 -4.395508 8.001339
v  3.396383 -4.187012 7.808956
v  4.637106 -3.831543 6.368038
v  8.953512 -1.665527 7.912472
v  9.537985 0.000000 8.141476
v  9.023336 0.000000 6.411495
v  6.510153 -3.906250 6.411495
v  4.771872 -4.597168 6.411495
v  4.794821 -4.395508 8.001339
v  7.734274 -2.972168 7.994503
v  8.252340 -2.376953 6.411495
v  6.510153 -3.906250 6.411495
v  4.794821 -4.395508 8.001339
v  4.771872 -4.597168 6.411495
v  3.197164 -4.375000 6.449093
v  3.197164 -4.375000 6.449093
v  2.294332 -3.637207 6.494503
v  2.374410 -3.582520 8.124874
v  1.304586 -2.425293 8.201534
v  2.374410 -3.582520 8.124874
v  2.294332 -3.637207 6.494503
v  2.374410 -3.582520 8.124874
v  3.396383 -4.187012 7.808956
v  3.197164 -4.375000 6.449093
v  4.794821 -4.395508 8.001339
v  6.458883 -3.751465 7.795284
v  6.510153 -3.906250 6.411495
v  6.510153 -3.906250 6.411495
v  6.458883 -3.751465 7.795284
v  7.734274 -2.972168 7.994503
v  3.197164 -4.375000 6.449093
v  3.396383 -4.187012 7.808956
v  4.794821 -4.395508 8.001339
v  7.734274 -2.972168 7.994503
v  8.953512 -1.665527 7.912472
v  8.252340 -2.376953 6.411495
v  8.252340 -2.376953 6.411495
v  8.953512 -1.665527 7.912472
v  9.023336 0.000000 6.411495
v  8.953512 1.665527 7.912472
v  7.734762 2.611328 6.358273
v  7.734274 2.972168 7.994503
v  3.221334 0.452148 9.990286
v  3.396138 0.456543 10.435110
v  3.274068 0.781738 10.381399
v  4.794821 4.395508 8.001339
v  4.637106 3.831543 6.368038
v  3.396383 4.187012 7.808956
v  8.953512 1.665527 7.912472
v  9.023336 0.000000 6.411495
v  9.537985 0.000000 8.141476
v  6.510153 3.906250 6.411495
v  4.794821 4.395508 8.001339
v  4.771872 4.597168 6.411495
v  7.734274 2.972168 7.994503
v  6.510153 3.906250 6.411495
v  8.252340 2.376953 6.411495
v  4.794821 4.395508 8.001339
v  3.197164 4.375000 6.449093
v  4.771872 4.597168 6.411495
v  3.197164 4.375000 6.449093
v  2.374410 3.582520 8.124874
v  2.294332 3.637207 6.494503
v  1.304586 2.425293 8.201534
v  2.294332 3.637207 6.494503
v  2.374410 3.582520 8.124874
v  2.374410 3.582520 8.124874
v  3.197164 4.375000 6.449093
v  3.396383 4.187012 7.808956
v  4.794821 4.395508 8.001339
v  6.510153 3.906250 6.411495
v  6.458883 3.751465 7.795284
v  6.510153 3.906250 6.411495
v  7.734274 2.972168 7.994503
v  6.458883 3.751465 7.795284
v  3.197164 4.375000 6.449093
v  4.794821 4.395508 8.001339
v  3.396383 4.187012 7.808956
v  3.274068 0.781738 10.381399
v  3.191549 1.172852 10.681692
v  2.928365 0.710938 10.351126
v  0.906392 1.771973 8.365774
v  1.182271 -1.611328 9.024466
v  0.906392 -1.771973 8.365774
v  0.403463 -1.265625 8.868216
v  2.342916 -1.665527 11.429739
v  1.642232 -1.062012 11.803762
v  2.374654 -0.929199 11.714895
v  2.374410 -3.582520 8.124874
v  1.304586 -2.425293 8.201534
v  2.054342 -2.609375 6.402884
v  1.304586 -2.425293 8.201534
v  0.906392 -1.771973 8.365774
v  1.180806 0.000000 6.436087
v  1.304586 -2.425293 8.201534
v  1.180806 0.000000 6.436087
v  2.054342 -2.609375 6.402884
v  2.374410 3.582520 8.124874
v  2.054342 2.609375 6.402884
v  1.304586 2.425293 8.201534
v  1.304586 2.425293 8.201534
v  1.180806 0.000000 6.436087
v  0.906392 1.771973 8.365774
v  1.304586 2.425293 8.201534
v  2.054342 2.609375 6.402884
v  1.180806 0.000000 6.436087
v  -0.212048 -1.558589 0.725777
v  1.021973 -1.197754 0.626465
v  1.028320 -1.522949 0.577637
v  -0.212048 -1.558589 0.725777
v  -0.212048 -0.836421 0.725777
v  1.021973 -1.197754 0.626465
v  -0.212048 -0.836421 0.725777
v  0.706543 -0.524902 0.535645
v  1.028320 -0.872070 0.577637
v  -0.212048 -1.558589 0.725777
v  1.028320 -1.522949 0.577637
v  0.706543 -1.870117 0.535645
v  -0.382338 -1.903315 0.460388
v  -0.883416 -1.466303 0.679403
v  -0.212048 -1.558589 0.725777
v  -0.883416 -0.928706 0.679403
v  -0.382338 -0.491694 0.460388
v  -0.212048 -0.836421 0.725777
v  -1.108725 -0.763667 0.004619
v  -0.465236 -0.424311 0.019999
v  -1.090867 -0.746089 0.373053
v  -0.465236 -1.970698 0.019999
v  -1.090867 -1.648921 0.373053
v  -0.382338 -1.903315 0.460388
v  2.342916 -1.665527 11.429739
v  1.006490 -2.108398 11.431692
v  1.642232 -1.062012 11.803762
v  7.734274 2.972168 7.994503
v  7.734762 2.611328 6.358273
v  6.458883 3.751465 7.795284
v  -0.465236 -0.424311 0.019999
v  0.553711 -0.305664 0.225586
v  -0.382338 -0.491694 0.460388
v  -0.465236 -1.970698 0.019999
v  0.553711 -2.089355 0.225586
v  0.527838 -2.140131 0.002184
v  -1.108725 -0.763667 0.004619
v  -1.259393 -1.197749 0.404305
v  -1.108725 -1.631343 0.004619
v  -1.108725 -1.631343 0.004619
v  -1.259393 -1.197749 0.404305
v  -1.090867 -1.648921 0.373053
v  -1.108725 -0.763667 0.004619
v  -0.523467 -0.617671 -0.084511
v  -0.465236 -0.424311 0.019999
v  0.528034 -0.625483 -0.106189
v  1.319766 -0.812007 -0.084185
v  0.527838 -0.254878 0.002184
v  -0.523467 -1.777339 -0.084511
v  -1.108725 -1.631343 0.004619
v  -0.465236 -1.970698 0.019999
v  -0.883416 -1.466303 0.679403
v  -1.259393 -1.197749 0.404305
v  -0.883416 -0.928706 0.679403
v  -2.791992 2.079102 2.546443
v  -1.470703 1.442871 0.987849
v  -1.433105 2.434570 1.594295
v  -2.964355 1.125488 1.978572
v  -1.470703 1.442871 0.987849
v  -2.791992 2.079102 2.546443
v  -2.821289 0.000000 6.236873
v  -3.286133 0.994141 6.005371
v  -2.713379 0.978516 6.163630
v  -0.465236 -0.424311 0.019999
v  0.527838 -0.254878 0.002184
v  0.553711 -0.305664 0.225586
v  0.527838 -0.254878 0.002184
v  1.319766 -0.812007 -0.084185
v  1.271915 -0.279780 -0.043169
v  -2.570801 2.726074 3.260310
v  -2.300293 2.891113 4.495662
v  -3.644531 1.820801 4.031738
v  -1.090867 -0.746089 0.373053
v  -0.465236 -0.424311 0.019999
v  -0.382338 -0.491694 0.460388
v  -2.478516 1.882813 5.931209
v  -2.713379 0.978516 6.163630
v  -3.284180 1.695801 5.659180
v  -2.300293 -2.891113 4.495662
v  -3.644531 -1.820801 4.031738
v  -3.412109 -2.194824 4.846191
v  -2.570801 -2.726074 3.260310
v  -3.644531 -1.820801 4.031738
v  -2.300293 -2.891113 4.495662
v  -1.470703 1.442871 0.987849
v  0.374023 2.659668 1.322322
v  -1.433105 2.434570 1.594295
v  0.503906 1.545898 0.549373
v  0.374023 2.659668 1.322322
v  -1.470703 1.442871 0.987849
v  -1.090867 -0.746089 0.373053
v  -0.382338 -0.491694 0.460388
v  -0.883416 -0.928706 0.679403
v  1.356387 -0.532710 0.312788
v  0.706543 -0.524902 0.535645
v  1.282657 -0.329096 0.247846
v  -2.713379 -0.978516 6.163630
v  -3.284180 -1.695801 5.659180
v  -3.286133 -0.994141 6.005371
v  -2.478516 -1.882813 5.931209
v  -3.284180 -1.695801 5.659180
v  -2.713379 -0.978516 6.163630
v  -2.791992 2.079102 2.546443
v  -1.316895 3.176758 2.894099
v  -2.570801 2.726074 3.260310
v  -1.433105 2.434570 1.594295
v  -1.316895 3.176758 2.894099
v  -2.791992 2.079102 2.546443
v  -1.489258 0.000000 0.732966
v  0.503906 1.545898 0.549373
v  -1.470703 1.442871 0.987849
v  0.556641 0.000000 0.246638
v  0.503906 1.545898 0.549373
v  -1.489258 0.000000 0.732966
v  -3.075684 0.000000 1.650935
v  -1.470703 1.442871 0.987849
v  -2.964355 1.125488 1.978572
v  -1.489258 0.000000 0.732966
v  -1.470703 1.442871 0.987849
v  -3.075684 0.000000 1.650935
v  -1.470703 -1.442871 0.987849
v  -3.075684 0.000000 1.650935
v  -2.964355 -1.125488 1.978572
v  -1.489258 0.000000 0.732966
v  -3.075684 0.000000 1.650935
v  -1.470703 -1.442871 0.987849
v  -1.470703 -1.442871 0.987849
v  -2.791992 -2.079102 2.546443
v  -1.433105 -2.434570 1.594295
v  -2.964355 -1.125488 1.978572
v  -2.791992 -2.079102 2.546443
v  -1.470703 -1.442871 0.987849
v  0.374023 -2.659668 1.322322
v  -1.470703 -1.442871 0.987849
v  -1.433105 -2.434570 1.594295
v  0.503906 -1.545898 0.549373
v  -1.470703 -1.442871 0.987849
v  0.374023 -2.659668 1.322322
v  0.503906 -1.545898 0.549373
v  -1.489258 0.000000 0.732966
v  -1.470703 -1.442871 0.987849
v  0.556641 0.000000 0.246638
v  -1.489258 0.000000 0.732966
v  0.503906 -1.545898 0.549373
v  -1.316895 -3.176758 2.894099
v  -2.791992 -2.079102 2.546443
v  -2.570801 -2.726074 3.260310
v  -1.433105 -2.434570 1.594295
v  -2.791992 -2.079102 2.546443
v  -1.316895 -3.176758 2.894099
v  -0.883416 -0.928706 0.679403
v  -1.259393 -1.197749 0.404305
v  -1.090867 -0.746089 0.373053
v  -0.382338 -0.491694 0.460388
v  0.706543 -0.524902 0.535645
v  -0.212048 -0.836421 0.725777
v  -0.465236 -1.970698 0.019999
v  -0.382338 -1.903315 0.460388
v  0.553711 -2.089355 0.225586
v  0.527838 -2.140131 0.002184
v  1.271915 -2.115229 -0.043169
v  1.319766 -1.583003 -0.084185
v  -1.108725 -0.763667 0.004619
v  -1.090867 -0.746089 0.373053
v  -1.259393 -1.197749 0.404305
v  -1.108725 -1.631343 0.004619
v  -1.090867 -1.648921 0.373053
v  -0.465236 -1.970698 0.019999
v  -1.090867 -1.648921 0.373053
v  -0.883416 -1.466303 0.679403
v  -0.382338 -1.903315 0.460388
v  1.356387 -1.862300 0.312788
v  1.282657 -2.065913 0.247846
v  0.706543 -1.870117 0.535645
v  -1.259393 -1.197749 0.404305
v  -0.883416 -1.466303 0.679403
v  -1.090867 -1.648921 0.373053
v  0.527838 -2.140131 0.002184
v  1.319766 -1.583003 -0.084185
v  0.528034 -1.769526 -0.106189
v  -0.382338 -1.903315 0.460388
v  -0.212048 -1.558589 0.725777
v  0.706543 -1.870117 0.535645
v  -1.675293 2.636719 5.584529
v  -2.478516 1.882813 5.931209
v  -3.284180 1.695801 5.659180
v  1.281392 -2.438965 8.202688
v  2.356445 -3.602539 8.125488
v  2.672542 0.000000 8.983823
v  -2.964355 1.125488 1.978572
v  -3.841797 1.312500 3.500000
v  -4.050293 0.000000 2.937500
v  -2.300293 2.891113 4.495662
v  -3.284180 1.695801 5.659180
v  -3.412109 2.194824 4.846191
v  4.690283 3.614746 8.427887
v  2.972656 3.118652 8.575195
v  3.396829 4.235352 7.808251
v  -1.675293 -2.636719 5.584529
v  -2.300293 -2.891113 4.495662
v  -3.284180 -1.695801 5.659180
v  -2.964355 -1.125488 1.978572
v  -3.075684 0.000000 1.650935
v  -4.050293 0.000000 2.937500
v  4.690283 3.614746 8.427887
v  4.412433 1.764160 8.724182
v  2.972656 3.118652 8.575195
v  -1.675293 -2.636719 5.584529
v  -3.284180 -1.695801 5.659180
v  -2.478516 -1.882813 5.931209
v  4.690283 -3.614746 8.427887
v  3.396829 -4.235352 7.808251
v  2.972656 -3.118652 8.575195
v  4.690283 -3.614746 8.427887
v  2.972656 -3.118652 8.575195
v  4.412433 -1.764160 8.724182
v  -1.675293 2.636719 5.584529
v  -3.284180 1.695801 5.659180
v  -2.300293 2.891113 4.495662
v  -2.964355 1.125488 1.978572
v  -4.050293 0.000000 2.937500
v  -3.075684 0.000000 1.650935
v  1.537547 0.000000 8.808967
v  0.906392 1.771973 8.365774
v  0.906392 0.000000 8.365774
v  -2.300293 -2.891113 4.495662
v  -3.412109 -2.194824 4.846191
v  -3.284180 -1.695801 5.659180
v  -2.964355 -1.125488 1.978572
v  -4.050293 0.000000 2.937500
v  -3.841797 -1.312500 3.500000
v  0.906392 -1.771973 8.365774
v  2.672542 0.000000 8.983823
v  3.396829 4.235352 7.808251
v  2.356445 3.602539 8.125488
v  1.281392 2.438965 8.202688
v  2.672542 0.000000 8.983823
v  2.356445 3.602539 8.125488
v  2.672542 0.000000 8.983823
v  2.356445 -3.602539 8.125488
v  3.396829 -4.235352 7.808251
v  3.033345 0.534668 9.309622
v  2.789205 0.977051 9.113821
v  3.170410 1.315430 8.931641
v  0.374023 2.659668 1.322322
v  -1.316895 3.176758 2.894099
v  -1.433105 2.434570 1.594295
v  0.374023 2.659668 1.322322
v  0.125488 3.441406 2.899470
v  -1.316895 3.176758 2.894099
v  -1.675293 2.636719 5.584529
v  -2.300293 2.891113 4.495662
v  -1.035156 3.292969 4.382380
v  -1.316895 3.176758 2.894099
v  -1.035156 3.292969 4.382380
v  -2.300293 2.891113 4.495662
v  -1.316895 -3.176758 2.894099
v  -2.570801 -2.726074 3.260310
v  -2.300293 -2.891113 4.495662
v  0.125488 -3.441406 2.899470
v  -1.316895 -3.176758 2.894099
v  -1.035156 -3.292969 4.382380
v  -0.193848 -3.086914 5.371150
v  -1.035156 -3.292969 4.382380
v  -1.675293 -2.636719 5.584529
v  0.374023 -2.659668 1.322322
v  -1.433105 -2.434570 1.594295
v  -1.316895 -3.176758 2.894099
v  -1.316895 3.176758 2.894099
v  -2.300293 2.891113 4.495662
v  -2.570801 2.726074 3.260310
v  0.125488 3.441406 2.899470
v  -1.035156 3.292969 4.382380
v  -1.316895 3.176758 2.894099
v  -0.193848 3.086914 5.371150
v  -1.675293 2.636719 5.584529
v  -1.035156 3.292969 4.382380
v  0.374023 -2.659668 1.322322
v  -1.316895 -3.176758 2.894099
v  0.125488 -3.441406 2.899470
v  -1.675293 -2.636719 5.584529
v  -1.035156 -3.292969 4.382380
v  -2.300293 -2.891113 4.495662
v  -1.316895 -3.176758 2.894099
v  -2.300293 -2.891113 4.495662
v  -1.035156 -3.292969 4.382380
v  3.033345 0.534668 9.309622
v  3.660645 0.355469 9.115234
v  3.172994 0.247070 9.657766
v  3.033345 -0.534668 9.309622
v  3.170410 -1.315430 8.931641
v  2.789205 -0.977051 9.113821
v  3.033345 -0.534668 9.309622
v  3.172994 -0.247070 9.657766
v  3.660645 -0.355469 9.115234
v  8.229073 -0.723633 8.551911
v  6.348054 -0.678711 8.605962
v  7.843441 0.000000 8.804215
v  7.843441 0.000000 8.804215
v  6.348054 -0.678711 8.605962
v  6.290519 0.000000 8.776381
v  6.290519 0.000000 8.776381
v  6.348054 -0.678711 8.605962
v  4.373196 0.000000 9.067960
v  4.373196 0.000000 9.067960
v  6.348054 -0.678711 8.605962
v  4.346901 -0.423828 8.837489
v  8.229073 0.723633 8.551911
v  7.843441 0.000000 8.804215
v  6.348054 0.678711 8.605962
v  6.348054 0.678711 8.605962
v  7.843441 0.000000 8.804215
v  6.290519 0.000000 8.776381
v  6.290519 0.000000 8.776381
v  4.373196 0.000000 9.067960
v  6.348054 0.678711 8.605962
v  6.348054 0.678711 8.605962
v  4.373196 0.000000 9.067960
v  4.346901 0.423828 8.837489
v  1.319766 -0.812007 -0.084185
v  1.319766 -1.583003 -0.084185
v  1.890567 -0.980464 -0.084185
v  1.890567 -0.980464 -0.084185
v  1.319766 -1.583003 -0.084185
v  1.890567 -1.414546 -0.084185
v  -5.507771 0.000000 5.752694
v  -5.218262 0.000000 5.113770
v  -5.123535 0.579590 5.474609
v  4.412433 1.764160 8.724182
v  4.346901 0.423828 8.837489
v  3.170410 1.315430 8.931641
v  -5.532624 0.000000 6.235453
v  -5.023926 0.684570 5.813965
v  -4.929688 0.508789 6.151855
v  4.373196 0.000000 9.067960
v  3.798340 0.000000 9.292480
v  4.346901 0.423828 8.837489
v  4.346901 0.423828 8.837489
v  3.798340 0.000000 9.292480
v  3.660645 0.355469 9.115234
v  -5.507771 0.000000 5.752694
v  -5.123535 -0.579590 5.474609
v  -5.218262 0.000000 5.113770
v  -0.465236 -0.424311 0.019999
v  -0.523467 -0.617671 -0.084511
v  0.527838 -0.254878 0.002184
v  -5.532624 0.000000 6.235453
v  -4.929688 -0.508789 6.151855
v  -5.023926 -0.684570 5.813965
v  0.527838 -0.254878 0.002184
v  -0.523467 -0.617671 -0.084511
v  0.528034 -0.625483 -0.106189
v  -1.111923 0.766113 7.870542
v  -1.588379 1.548340 6.748047
v  -0.947018 1.424805 7.495776
v  -1.108725 -1.631343 0.004619
v  -0.523467 -1.777339 -0.084511
v  -1.108725 -0.763667 0.004619
v  -0.947018 1.424805 7.495776
v  -1.311105 2.230957 6.468171
v  -0.837703 2.144531 7.132843
v  -1.108725 -0.763667 0.004619
v  -0.523467 -1.777339 -0.084511
v  -0.523467 -0.617671 -0.084511
v  -1.072464 2.666992 6.136331
v  -0.193848 3.086914 5.371150
v  -0.051583 2.910645 5.909044
v  -1.675293 2.636719 5.584529
v  -0.193848 3.086914 5.371150
v  -1.072464 2.666992 6.136331
v  -0.193848 3.086914 5.371150
v  0.830010 2.864746 6.086910
v  -0.051583 2.910645 5.909044
v  1.258577 3.069824 5.462562
v  0.830010 2.864746 6.086910
v  -0.193848 3.086914 5.371150
v  -0.330386 1.089355 8.285162
v  -0.837703 2.144531 7.132843
v  -0.044322 2.208008 7.307205
v  -0.947018 1.424805 7.495776
v  -0.837703 2.144531 7.132843
v  -0.330386 1.089355 8.285162
v  0.830010 -2.864746 6.086910
v  -0.193848 -3.086914 5.371150
v  -0.051583 -2.910645 5.909044
v  1.258577 -3.069824 5.462562
v  -0.193848 -3.086914 5.371150
v  0.830010 -2.864746 6.086910
v  -0.837703 -2.144531 7.132843
v  -0.330386 -1.089355 8.285162
v  -0.044322 -2.208008 7.307205
v  -0.947018 -1.424805 7.495776
v  -0.330386 -1.089355 8.285162
v  -0.837703 -2.144531 7.132843
v  -0.193848 -3.086914 5.371150
v  -1.072464 -2.666992 6.136331
v  -0.051583 -2.910645 5.909044
v  -1.675293 -2.636719 5.584529
v  -1.072464 -2.666992 6.136331
v  -0.193848 -3.086914 5.371150
v  -0.523467 -0.617671 -0.084511
v  -0.523467 -1.777339 -0.084511
v  0.528034 -0.625483 -0.106189
v  0.528034 -0.625483 -0.106189
v  -0.523467 -1.777339 -0.084511
v  0.528034 -1.769526 -0.106189
v  -2.713379 0.978516 6.163630
v  -1.588379 1.548340 6.748047
v  -1.764160 0.880859 6.972168
v  -2.478516 1.882813 5.931209
v  -1.588379 1.548340 6.748047
v  -2.713379 0.978516 6.163630
v  -1.311105 -2.230957 6.468171
v  -0.947018 -1.424805 7.495776
v  -0.837703 -2.144531 7.132843
v  0.528034 -1.769526 -0.106189
v  1.319766 -1.583003 -0.084185
v  0.528034 -0.625483 -0.106189
v  0.528034 -0.625483 -0.106189
v  1.319766 -1.583003 -0.084185
v  1.319766 -0.812007 -0.084185
v  -2.478516 -1.882813 5.931209
v  -2.713379 -0.978516 6.163630
v  -1.588379 -1.548340 6.748047
v  -2.821289 0.000000 6.236873
v  -1.764160 0.880859 6.972168
v  -1.893555 0.000000 7.234863
v  -2.713379 0.978516 6.163630
v  -1.764160 0.880859 6.972168
v  -2.821289 0.000000 6.236873
v  1.537547 0.000000 8.808967
v  0.906392 -1.771973 8.365774
v  2.672542 0.000000 8.983823
v  -2.713379 -0.978516 6.163630
v  -2.821289 0.000000 6.236873
v  -1.764160 -0.880859 6.972168
v  0.556641 0.000000 0.246638
v  2.646973 1.435547 0.679199
v  0.503906 1.545898 0.549373
v  2.672542 0.000000 8.983823
v  0.906392 -1.771973 8.365774
v  1.281392 -2.438965 8.202688
v  0.374023 2.659668 1.322322
v  2.646973 1.435547 0.679199
v  2.440918 2.534668 1.306152
v  0.503906 1.545898 0.549373
v  2.646973 1.435547 0.679199
v  0.374023 2.659668 1.322322
v  1.537547 0.000000 8.808967
v  2.672542 0.000000 8.983823
v  0.906392 1.771973 8.365774
v  0.906392 1.771973 8.365774
v  2.672542 0.000000 8.983823
v  1.281392 2.438965 8.202688
v  1.281392 -2.438965 8.202688
v  1.881002 -2.419922 8.549856
v  2.356445 -3.602539 8.125488
v  0.503906 -1.545898 0.549373
v  0.374023 -2.659668 1.322322
v  2.646973 -1.435547 0.679199
v  1.281392 2.438965 8.202688
v  2.356445 3.602539 8.125488
v  1.881002 2.419922 8.549856
v  1.881002 2.419922 8.549856
v  2.356445 3.602539 8.125488
v  2.972656 3.118652 8.575195
v  -0.523467 -1.777339 -0.084511
v  -0.465236 -1.970698 0.019999
v  0.528034 -1.769526 -0.106189
v  0.528034 -1.769526 -0.106189
v  -0.465236 -1.970698 0.019999
v  0.527838 -2.140131 0.002184
v  1.282657 -0.329096 0.247846
v  0.527838 -0.254878 0.002184
v  1.271915 -0.279780 -0.043169
v  -0.883416 -1.466303 0.679403
v  -0.883416 -0.928706 0.679403
v  -0.212048 -1.558589 0.725777
v  -0.212048 -1.558589 0.725777
v  -0.883416 -0.928706 0.679403
v  -0.212048 -0.836421 0.725777
v  0.527838 -2.140131 0.002184
v  1.282657 -2.065913 0.247846
v  1.271915 -2.115229 -0.043169
v  2.083464 2.915039 4.411713
v  1.258577 3.069824 5.462562
v  0.855469 3.423828 4.489746
v  0.125488 3.441406 2.899470
v  0.855469 3.423828 4.489746
v  -1.035156 3.292969 4.382380
v  -0.193848 -3.086914 5.371150
v  0.855469 -3.423828 4.489746
v  -1.035156 -3.292969 4.382380
v  0.125488 -3.441406 2.899470
v  0.855469 -3.423828 4.489746
v  1.180664 -3.360840 3.100586
v  0.125488 -3.441406 2.899470
v  -1.035156 -3.292969 4.382380
v  0.855469 -3.423828 4.489746
v  -0.193848 3.086914 5.371150
v  -1.035156 3.292969 4.382380
v  0.855469 3.423828 4.489746
v  0.125488 3.441406 2.899470
v  1.180664 3.360840 3.100586
v  0.855469 3.423828 4.489746
v  4.412433 -1.764160 8.724182
v  3.170410 -1.315430 8.931641
v  4.346901 -0.423828 8.837489
v  -1.366056 0.000000 8.357752
v  -1.764160 0.880859 6.972168
v  -1.111923 0.766113 7.870542
v  -1.366056 0.000000 8.357752
v  -1.111923 -0.766113 7.870542
v  -1.764160 -0.880859 6.972168
v  4.346901 -0.423828 8.837489
v  3.170410 -1.315430 8.931641
v  3.660645 -0.355469 9.115234
v  -2.478516 1.882813 5.931209
v  -1.311105 2.230957 6.468171
v  -1.588379 1.548340 6.748047
v  -1.366056 0.000000 8.357752
v  -1.893555 0.000000 7.234863
v  -1.764160 0.880859 6.972168
v  -1.366056 0.000000 8.357752
v  -1.764160 -0.880859 6.972168
v  -1.893555 0.000000 7.234863
v  -2.478516 -1.882813 5.931209
v  -1.588379 -1.548340 6.748047
v  -1.311105 -2.230957 6.468171
v  -1.311105 2.230957 6.468171
v  -1.675293 2.636719 5.584529
v  -1.072464 2.666992 6.136331
v  4.373196 0.000000 9.067960
v  4.346901 -0.423828 8.837489
v  3.798340 0.000000 9.292480
v  2.789205 -0.977051 9.113821
v  3.170410 -1.315430 8.931641
v  2.313131 -1.419434 8.964895
v  2.313131 -1.419434 8.964895
v  3.170410 -1.315430 8.931641
v  2.539063 -1.999512 8.771484
v  2.789205 0.977051 9.113821
v  2.313131 1.419434 8.964895
v  3.170410 1.315430 8.931641
v  -0.382338 1.903319 0.460388
v  -0.212048 1.558593 0.725777
v  -0.883416 1.466307 0.679403
v  -0.883416 0.928710 0.679403
v  -0.212048 0.836425 0.725777
v  -0.382338 0.491698 0.460388
v  1.258577 3.069824 5.462562
v  1.157515 2.676758 6.326765
v  0.830010 2.864746 6.086910
v  -2.478516 -1.882813 5.931209
v  -1.311105 -2.230957 6.468171
v  -1.675293 -2.636719 5.584529
v  -1.311105 -2.230957 6.468171
v  -1.072464 -2.666992 6.136331
v  -1.675293 -2.636719 5.584529
v  -2.478516 1.882813 5.931209
v  -1.675293 2.636719 5.584529
v  -1.311105 2.230957 6.468171
v  0.374023 2.659668 1.322322
v  2.265625 3.200195 2.199707
v  0.125488 3.441406 2.899470
v  -1.108725 0.763671 0.004619
v  -1.090867 0.746093 0.373054
v  -0.465236 0.424315 0.019999
v  0.374023 -2.659668 1.322322
v  0.125488 -3.441406 2.899470
v  2.265625 -3.200195 2.199707
v  -0.465236 1.970702 0.019999
v  -0.382338 1.903319 0.460388
v  -1.090867 1.648925 0.373054
v  -1.108725 0.763671 0.004619
v  -1.108725 1.631346 0.004619
v  -1.259393 1.197753 0.404305
v  -1.108725 1.631346 0.004619
v  -1.090867 1.648925 0.373054
v  -1.259393 1.197753 0.404305
v  -1.108725 0.763671 0.004619
v  -0.465236 0.424315 0.019999
v  -0.523467 0.617675 -0.084511
v  -0.523467 1.777343 -0.084511
v  -0.465236 1.970702 0.019999
v  -1.108725 1.631346 0.004619
v  1.258577 -3.069824 5.462562
v  0.830010 -2.864746 6.086910
v  1.157515 -2.676758 6.326765
v  1.258577 3.069824 5.462562
v  -0.193848 3.086914 5.371150
v  0.855469 3.423828 4.489746
v  2.083464 -2.915039 4.411713
v  0.855469 -3.423828 4.489746
v  1.258577 -3.069824 5.462562
v  1.258577 -3.069824 5.462562
v  0.855469 -3.423828 4.489746
v  -0.193848 -3.086914 5.371150
v  -0.883416 1.466307 0.679403
v  -0.883416 0.928710 0.679403
v  -1.259393 1.197753 0.404305
v  -1.090867 0.746093 0.373054
v  -0.382338 0.491698 0.460388
v  -0.465236 0.424315 0.019999
v  -1.090867 0.746093 0.373054
v  -0.883416 0.928710 0.679403
v  -0.382338 0.491698 0.460388
v  -0.883416 0.928710 0.679403
v  -1.090867 0.746093 0.373054
v  -1.259393 1.197753 0.404305
v  -1.108725 0.763671 0.004619
v  -1.259393 1.197753 0.404305
v  -1.090867 0.746093 0.373054
v  0.661229 11.375535 6.222709
v  0.675781 9.778809 6.243652
v  1.075195 11.407715 6.048340
v  0.661229 11.375535 6.222709
v  0.499023 9.778809 6.643066
v  0.675781 9.778809 6.243652
v  -1.108725 1.631346 0.004619
v  -0.465236 1.970702 0.019999
v  -1.090867 1.648925 0.373054
v  -1.090867 1.648925 0.373054
v  -0.382338 1.903319 0.460388
v  -0.883416 1.466307 0.679403
v  -1.259393 1.197753 0.404305
v  -1.090867 1.648925 0.373054
v  -0.883416 1.466307 0.679403
v  1.266210 -13.585492 6.643114
v  1.170018 -13.585492 6.419970
v  0.924413 -13.666547 6.643114
v  1.170018 -13.585492 6.866259
v  1.266210 -13.585492 6.643114
v  0.924413 -13.666547 6.643114
v  -0.465236 0.424315 0.019999
v  -0.382338 0.491698 0.460388
v  0.553711 0.305664 0.225586
v  -0.465236 1.970702 0.019999
v  0.527832 2.140137 0.001953
v  0.553711 2.089355 0.225586
v  -0.212048 1.558593 0.725777
v  1.028320 1.522949 0.577637
v  1.021973 1.197754 0.626465
v  -0.465236 0.424315 0.019999
v  0.553711 0.305664 0.225586
v  0.527832 0.254883 0.001953
v  -0.212048 1.558593 0.725777
v  1.021973 1.197754 0.626465
v  -0.212048 0.836425 0.725777
v  -0.212048 0.836425 0.725777
v  1.028320 0.872070 0.577637
v  0.706543 0.524902 0.535645
v  -0.382338 0.491698 0.460388
v  -0.212048 0.836425 0.725777
v  0.706543 0.524902 0.535645
v  -0.465236 1.970702 0.019999
v  0.553711 2.089355 0.225586
v  -0.382338 1.903319 0.460388
v  -0.212048 1.558593 0.725777
v  0.706543 1.870117 0.535645
v  1.028320 1.522949 0.577637
v  -0.382338 1.903319 0.460388
v  0.706543 1.870117 0.535645
v  -0.212048 1.558593 0.725777
v  0.937596 -13.585492 6.959032
v  1.170018 -13.585492 6.866259
v  0.924413 -13.666547 6.643114
v  -1.371485 -13.585980 6.418016
v  -1.123439 -13.668500 6.643114
v  -1.137110 -13.585980 6.324755
v  -1.468165 -13.585980 6.643114
v  -1.123439 -13.668500 6.643114
v  -1.371485 -13.585980 6.418016
v  1.890567 1.414550 -0.084186
v  1.890567 0.980468 -0.084186
v  2.297305 1.197753 -0.084186
v  2.297305 1.197753 -0.084186
v  1.676211 0.970214 0.174115
v  1.751895 1.197753 0.318158
v  1.890567 0.980468 -0.084186
v  1.676211 0.970214 0.174115
v  2.297305 1.197753 -0.084186
v  1.950626 0.455077 -0.084186
v  1.356387 0.532714 0.312787
v  1.355899 0.732421 0.220014
v  1.950626 0.455077 -0.084186
v  1.282657 0.329100 0.247846
v  1.356387 0.532714 0.312787
v  1.355899 0.732421 0.220014
v  1.319766 0.812011 -0.084186
v  1.950626 0.455077 -0.084186
v  1.282657 0.329100 0.247846
v  1.950626 0.455077 -0.084186
v  1.271915 0.279784 -0.043170
v  1.676211 0.970214 0.174115
v  1.890567 0.980468 -0.084186
v  1.319766 0.812011 -0.084186
v  1.319766 0.812011 -0.084186
v  1.271915 0.279784 -0.043170
v  1.950626 0.455077 -0.084186
v  2.297305 1.197753 -0.084186
v  1.751895 1.197753 0.318158
v  1.676211 1.424803 0.174115
v  1.890567 1.414550 -0.084186
v  2.297305 1.197753 -0.084186
v  1.676211 1.424803 0.174115
v  1.950626 1.939940 -0.084186
v  1.355899 1.662596 0.220014
v  1.356387 1.862303 0.312787
v  1.950626 1.939940 -0.084186
v  1.356387 1.862303 0.312787
v  1.282657 2.065917 0.247846
v  1.355899 1.662596 0.220014
v  1.950626 1.939940 -0.084186
v  1.319766 1.583007 -0.084186
v  1.282657 2.065917 0.247846
v  1.271915 2.115233 -0.043170
v  1.950626 1.939940 -0.084186
v  1.676211 1.424803 0.174115
v  1.319766 1.583007 -0.084186
v  1.890567 1.414550 -0.084186
v  1.319766 1.583007 -0.084186
v  1.950626 1.939940 -0.084186
v  1.271915 2.115233 -0.043170
v  -1.137111 -13.585980 6.961473
v  -1.123439 -13.668500 6.643114
v  -1.371486 -13.585980 6.868212
v  1.751895 1.197753 0.318158
v  1.676211 0.970214 0.174115
v  1.028320 0.872070 0.577637
v  1.355899 0.732421 0.220014
v  1.356387 0.532714 0.312787
v  1.028320 0.872070 0.577637
v  1.751895 1.197753 0.318158
v  1.028320 0.872070 0.577637
v  1.021973 1.197754 0.626465
v  1.356387 0.532714 0.312787
v  1.282657 0.329100 0.247846
v  0.706543 0.524902 0.535645
v  1.676211 0.970214 0.174115
v  1.319766 0.812011 -0.084186
v  1.028320 0.872070 0.577637
v  1.751895 1.197753 0.318158
v  1.028320 1.522949 0.577637
v  1.676211 1.424803 0.174115
v  1.355899 1.662596 0.220014
v  1.028320 1.522949 0.577637
v  1.356387 1.862303 0.312787
v  1.751895 1.197753 0.318158
v  1.021973 1.197754 0.626465
v  1.028320 1.522949 0.577637
v  1.356387 1.862303 0.312787
v  0.706543 1.870117 0.535645
v  1.282657 2.065917 0.247846
v  1.676211 1.424803 0.174115
v  1.028320 1.522949 0.577637
v  1.319766 1.583007 -0.084186
v  -0.902736 -13.585980 6.418016
v  -1.137110 -13.585980 6.324755
v  -1.123439 -13.668500 6.643114
v  -0.805568 -13.585980 6.643114
v  -0.902736 -13.585980 6.418016
v  -1.123439 -13.668500 6.643114
v  -0.902736 -13.585980 6.868212
v  -0.805568 -13.585980 6.643114
v  -1.123439 -13.668500 6.643114
v  0.619236 12.871140 6.243217
v  0.487793 11.407715 6.643066
v  0.661229 11.375535 6.222709
v  0.455174 12.871140 6.643119
v  0.487793 11.407715 6.643066
v  0.619236 12.871140 6.243217
v  -1.137111 -13.585980 6.961473
v  -0.902736 -13.585980 6.868212
v  -1.123439 -13.668500 6.643114
v  -0.330958 -13.604535 6.420946
v  -0.100001 -13.692914 6.643114
v  -0.100001 -13.604535 6.329149
v  -0.426661 -13.604535 6.643114
v  -0.100001 -13.692914 6.643114
v  -0.330958 -13.604535 6.420946
v  -0.330958 -13.604535 6.865282
v  -0.100001 -13.692914 6.643114
v  -0.426661 -13.604535 6.643114
v  -0.100001 -13.604535 6.957567
v  -0.100001 -13.692914 6.643114
v  -0.330958 -13.604535 6.865282
v  0.131444 -13.604535 6.420946
v  -0.100001 -13.604535 6.329149
v  -0.100001 -13.692914 6.643114
v  0.227147 -13.604535 6.643114
v  0.131444 -13.604535 6.420946
v  -0.100001 -13.692914 6.643114
v  0.131444 -13.604535 6.865282
v  0.227147 -13.604535 6.643114
v  -0.100001 -13.692914 6.643114
v  -0.100001 -13.604535 6.957567
v  0.131444 -13.604535 6.865282
v  -0.100001 -13.692914 6.643114
v  -1.371486 -13.585980 6.868212
v  -1.123439 -13.668500 6.643114
v  -1.468165 -13.585980 6.643114
v  0.705175 -13.585492 6.419970
v  0.924413 -13.666547 6.643114
v  0.937596 -13.585492 6.327684
v  0.608983 -13.585492 6.643114
v  0.924413 -13.666547 6.643114
v  0.705175 -13.585492 6.419970
v  0.705175 -13.585492 6.866259
v  0.924413 -13.666547 6.643114
v  0.608983 -13.585492 6.643114
v  0.937596 -13.585492 6.959032
v  0.924413 -13.666547 6.643114
v  0.705175 -13.585492 6.866259
v  1.170018 -13.585492 6.419970
v  0.937596 -13.585492 6.327684
v  0.924413 -13.666547 6.643114
v  -1.108725 1.631346 0.004619
v  -1.108725 0.763671 0.004619
v  -0.523467 1.777343 -0.084511
v  -0.523467 1.777343 -0.084511
v  -1.108725 0.763671 0.004619
v  -0.523467 0.617675 -0.084511
v  -0.883416 1.466307 0.679403
v  -0.212048 1.558593 0.725777
v  -0.883416 0.928710 0.679403
v  -0.883416 0.928710 0.679403
v  -0.212048 1.558593 0.725777
v  -0.212048 0.836425 0.725777
v  -0.465236 0.424315 0.019999
v  0.527832 0.254883 0.001953
v  -0.523467 0.617675 -0.084511
v  -0.523467 0.617675 -0.084511
v  0.527832 0.254883 0.001953
v  0.527832 0.625488 -0.105957
v  -0.523467 0.617675 -0.084511
v  0.527832 0.625488 -0.105957
v  -0.523467 1.777343 -0.084511
v  0.527832 1.769531 -0.105957
v  -0.818752 12.871140 6.243217
v  -1.209377 12.871140 6.077690
v  -0.860840 11.407715 6.222656
v  -0.523467 1.777343 -0.084511
v  0.527832 1.769531 -0.105957
v  -0.465236 1.970702 0.019999
v  -0.654689 12.871140 6.643119
v  -0.818752 12.871140 6.243217
v  -0.687012 11.407715 6.643066
v  -0.465236 1.970702 0.019999
v  0.527832 1.769531 -0.105957
v  0.527832 2.140137 0.001953
v  -0.818752 12.871140 7.043022
v  -0.654689 12.871140 6.643119
v  -0.860840 11.407715 7.063477
v  1.319766 0.812011 -0.084186
v  1.890567 0.980468 -0.084186
v  1.319766 1.583007 -0.084186
v  -1.209377 12.871140 7.208549
v  -0.818752 12.871140 7.043022
v  -1.274414 11.407715 7.237793
v  -1.600002 12.871140 7.043022
v  -1.274414 11.407715 7.237793
v  -1.688477 11.407715 7.063477
v  -1.209377 12.871140 7.208549
v  -1.274414 11.407715 7.237793
v  -1.600002 12.871140 7.043022
v  -1.762111 12.871140 6.643119
v  -1.688477 11.407715 7.063477
v  -1.859863 11.407715 6.643066
v  -1.600002 12.871140 7.043022
v  -1.688477 11.407715 7.063477
v  -1.762111 12.871140 6.643119
v  -1.600002 12.871140 6.243217
v  -1.859863 11.407715 6.643066
v  -1.688477 11.407715 6.222656
v  -1.762111 12.871140 6.643119
v  -1.859863 11.407715 6.643066
v  -1.600002 12.871140 6.243217
v  -1.209377 12.871140 6.077690
v  -1.688477 11.407715 6.222656
v  -1.274414 11.407715 6.048340
v  -1.600002 12.871140 6.243217
v  -1.688477 11.407715 6.222656
v  -1.209377 12.871140 6.077690
v  1.319766 1.583007 -0.084186
v  1.890567 0.980468 -0.084186
v  1.890567 1.414550 -0.084186
v  1.400486 12.871140 6.243217
v  1.009861 12.871140 6.077690
v  1.488770 11.407715 6.222656
v  1.319766 1.583007 -0.084186
v  0.527832 0.625488 -0.105957
v  1.319766 0.812011 -0.084186
v  1.562107 12.871140 6.643119
v  1.400486 12.871140 6.243217
v  1.660156 11.407715 6.643066
v  1.282657 2.065917 0.247846
v  0.527832 2.140137 0.001953
v  1.271915 2.115233 -0.043170
v  1.400486 12.871140 7.043022
v  1.562107 12.871140 6.643119
v  1.488770 11.407715 7.063477
v  0.619237 -12.871137 6.243212
v  1.009862 -12.871137 6.077684
v  0.661229 -11.375531 6.222704
v  1.009861 12.871140 7.208549
v  1.400486 12.871140 7.043022
v  1.075195 11.407715 7.237793
v  0.619236 12.871140 7.043022
v  1.075195 11.407715 7.237793
v  0.661133 11.407715 7.063477
v  1.009861 12.871140 7.208549
v  1.075195 11.407715 7.237793
v  0.619236 12.871140 7.043022
v  0.455174 12.871140 6.643119
v  0.661133 11.407715 7.063477
v  0.487793 11.407715 6.643066
v  0.619236 12.871140 7.043022
v  0.661133 11.407715 7.063477
v  0.455174 12.871140 6.643119
v  0.661229 -11.375531 6.222704
v  1.009862 -12.871137 6.077684
v  1.075195 -11.407715 6.048340
v  0.455175 -12.871137 6.643114
v  0.619237 -12.871137 6.243212
v  0.487793 -11.407715 6.643066
v  1.009861 12.871140 6.077690
v  0.661229 11.375535 6.222709
v  1.075195 11.407715 6.048340
v  0.619236 12.871140 6.243217
v  0.661229 11.375535 6.222709
v  1.009861 12.871140 6.077690
v  0.619237 -12.871137 7.043016
v  0.455175 -12.871137 6.643114
v  0.661133 -11.407715 7.063477
v  0.291111 12.871140 6.243217
v  -0.100002 12.871140 6.077690
v  0.313965 11.407715 6.222656
v  1.009862 -12.871137 7.208544
v  0.619237 -12.871137 7.043016
v  1.075195 -11.407715 7.237793
v  0.455174 12.871140 6.643119
v  0.291111 12.871140 6.243217
v  0.487793 11.407715 6.643066
v  1.009862 -12.871137 7.208544
v  1.075195 -11.407715 7.237793
v  1.400487 -12.871137 7.043016
v  0.291111 12.871140 7.043022
v  0.455174 12.871140 6.643119
v  0.313965 11.407715 7.063477
v  1.400487 -12.871137 7.043016
v  1.075195 -11.407715 7.237793
v  1.488770 -11.407715 7.063477
v  -0.100002 12.871140 7.208549
v  0.291111 12.871140 7.043022
v  -0.099609 11.407715 7.237793
v  -0.490627 12.871140 7.043022
v  -0.099609 11.407715 7.237793
v  -0.513672 11.407715 7.063477
v  -0.100002 12.871140 7.208549
v  -0.099609 11.407715 7.237793
v  -0.490627 12.871140 7.043022
v  -0.654689 12.871140 6.643119
v  -0.513672 11.407715 7.063477
v  -0.687012 11.407715 6.643066
v  -0.490627 12.871140 7.043022
v  -0.513672 11.407715 7.063477
v  -0.654689 12.871140 6.643119
v  -0.490627 12.871140 6.243217
v  -0.687012 11.407715 6.643066
v  -0.513672 11.407715 6.222656
v  -0.654689 12.871140 6.643119
v  -0.687012 11.407715 6.643066
v  -0.490627 12.871140 6.243217
v  -0.100002 12.871140 6.077690
v  -0.513672 11.407715 6.222656
v  -0.099609 11.407715 6.048340
v  -0.490627 12.871140 6.243217
v  -0.513672 11.407715 6.222656
v  -0.100002 12.871140 6.077690
v  -0.818752 12.871140 7.043022
v  -1.166408 13.301805 7.140678
v  -0.801662 13.301805 6.995170
v  -1.209377 12.871140 7.208549
v  -1.166408 13.301805 7.140678
v  -0.818752 12.871140 7.043022
v  -0.654689 12.871140 6.643119
v  -0.801662 13.301805 6.995170
v  -0.650783 13.301805 6.643119
v  -0.818752 12.871140 7.043022
v  -0.801662 13.301805 6.995170
v  -0.654689 12.871140 6.643119
v  -0.818752 12.871140 6.243217
v  -0.650783 13.301805 6.643119
v  -0.801662 13.301805 6.291069
v  -0.654689 12.871140 6.643119
v  -0.650783 13.301805 6.643119
v  -0.818752 12.871140 6.243217
v  -1.209377 12.871140 6.077690
v  -0.801662 13.301805 6.291069
v  -1.166408 13.301805 6.145561
v  -0.818752 12.871140 6.243217
v  -0.801662 13.301805 6.291069
v  -1.209377 12.871140 6.077690
v  -1.166408 13.301805 7.140678
v  -1.600002 12.871140 7.043022
v  -1.530666 13.301805 6.995170
v  -1.209377 12.871140 7.208549
v  -1.600002 12.871140 7.043022
v  -1.166408 13.301805 7.140678
v  -1.530666 13.301805 6.995170
v  -1.762111 12.871140 6.643119
v  -1.681545 13.301805 6.643119
v  -1.600002 12.871140 7.043022
v  -1.762111 12.871140 6.643119
v  -1.530666 13.301805 6.995170
v  -1.681545 13.301805 6.643119
v  -1.600002 12.871140 6.243217
v  -1.530666 13.301805 6.291069
v  -1.762111 12.871140 6.643119
v  -1.600002 12.871140 6.243217
v  -1.681545 13.301805 6.643119
v  -1.530666 13.301805 6.291069
v  -1.209377 12.871140 6.077690
v  -1.166408 13.301805 6.145561
v  -1.600002 12.871140 6.243217
v  -1.209377 12.871140 6.077690
v  -1.530666 13.301805 6.291069
v  -1.371486 13.585984 6.868217
v  -1.681545 13.301805 6.643119
v  -1.468166 13.585984 6.643119
v  -1.530666 13.301805 6.995170
v  -1.681545 13.301805 6.643119
v  -1.371486 13.585984 6.868217
v  -1.681545 13.301805 6.643119
v  -1.371486 13.585984 6.418022
v  -1.468166 13.585984 6.643119
v  -1.530666 13.301805 6.291069
v  -1.371486 13.585984 6.418022
v  -1.681545 13.301805 6.643119
v  -1.530666 13.301805 6.291069
v  -1.137111 13.585984 6.324760
v  -1.371486 13.585984 6.418022
v  -1.166408 13.301805 6.145561
v  -1.137111 13.585984 6.324760
v  -1.530666 13.301805 6.291069
v  -1.166408 13.301805 6.145561
v  -0.902736 13.585984 6.418022
v  -1.137111 13.585984 6.324760
v  -0.801662 13.301805 6.291069
v  -0.902736 13.585984 6.418022
v  -1.166408 13.301805 6.145561
v  -0.801662 13.301805 6.291069
v  -0.805568 13.585984 6.643119
v  -0.902736 13.585984 6.418022
v  -0.650783 13.301805 6.643119
v  -0.805568 13.585984 6.643119
v  -0.801662 13.301805 6.291069
v  -0.650783 13.301805 6.643119
v  -0.902736 13.585984 6.868217
v  -0.805568 13.585984 6.643119
v  -0.801662 13.301805 6.995170
v  -0.902736 13.585984 6.868217
v  -0.650783 13.301805 6.643119
v  -0.801662 13.301805 6.995170
v  -1.137111 13.585984 6.961479
v  -0.902736 13.585984 6.868217
v  -1.166408 13.301805 7.140678
v  -1.137111 13.585984 6.961479
v  -0.801662 13.301805 6.995170
v  -1.166408 13.301805 7.140678
v  -1.371486 13.585984 6.868217
v  -1.137111 13.585984 6.961479
v  -1.530666 13.301805 6.995170
v  -1.371486 13.585984 6.868217
v  -1.166408 13.301805 7.140678
v  1.400486 12.871140 7.043022
v  0.966893 13.303758 7.136772
v  1.328221 13.303758 6.992240
v  1.009861 12.871140 7.208549
v  0.966893 13.303758 7.136772
v  1.400486 12.871140 7.043022
v  1.562107 12.871140 6.643119
v  1.328221 13.303758 6.992240
v  1.477635 13.303758 6.643119
v  1.400486 12.871140 7.043022
v  1.328221 13.303758 6.992240
v  1.562107 12.871140 6.643119
v  1.400486 12.871140 6.243217
v  1.477635 13.303758 6.643119
v  1.328221 13.303758 6.293998
v  1.562107 12.871140 6.643119
v  1.477635 13.303758 6.643119
v  1.400486 12.871140 6.243217
v  1.009861 12.871140 6.077690
v  1.328221 13.303758 6.293998
v  0.966893 13.303758 6.149467
v  1.400486 12.871140 6.243217
v  1.328221 13.303758 6.293998
v  1.009861 12.871140 6.077690
v  0.966893 13.303758 7.136772
v  0.619236 12.871140 7.043022
v  0.605564 13.303758 6.992240
v  1.009861 12.871140 7.208549
v  0.619236 12.871140 7.043022
v  0.966893 13.303758 7.136772
v  0.605564 13.303758 6.992240
v  0.455174 12.871140 6.643119
v  0.455662 13.303758 6.643119
v  0.619236 12.871140 7.043022
v  0.455174 12.871140 6.643119
v  0.605564 13.303758 6.992240
v  0.455662 13.303758 6.643119
v  0.619236 12.871140 6.243217
v  0.605565 13.303758 6.293998
v  0.455174 12.871140 6.643119
v  0.619236 12.871140 6.243217
v  0.455662 13.303758 6.643119
v  0.605565 13.303758 6.293998
v  1.009861 12.871140 6.077690
v  0.966893 13.303758 6.149467
v  0.619236 12.871140 6.243217
v  1.009861 12.871140 6.077690
v  0.605565 13.303758 6.293998
v  0.705174 13.585496 6.866264
v  0.455662 13.303758 6.643119
v  0.608982 13.585496 6.643119
v  0.605564 13.303758 6.992240
v  0.455662 13.303758 6.643119
v  0.705174 13.585496 6.866264
v  0.455662 13.303758 6.643119
v  0.705174 13.585496 6.419975
v  0.608982 13.585496 6.643119
v  0.605565 13.303758 6.293998
v  0.705174 13.585496 6.419975
v  0.455662 13.303758 6.643119
v  0.605565 13.303758 6.293998
v  0.937596 13.585496 6.327690
v  0.705174 13.585496 6.419975
v  0.966893 13.303758 6.149467
v  0.937596 13.585496 6.327690
v  0.605565 13.303758 6.293998
v  0.966893 13.303758 6.149467
v  1.170018 13.585496 6.419975
v  0.937596 13.585496 6.327690
v  1.328221 13.303758 6.293998
v  1.170018 13.585496 6.419975
v  0.966893 13.303758 6.149467
v  1.328221 13.303758 6.293998
v  1.266209 13.585496 6.643119
v  1.170018 13.585496 6.419975
v  1.477635 13.303758 6.643119
v  1.266209 13.585496 6.643119
v  1.328221 13.303758 6.293998
v  1.477635 13.303758 6.643119
v  1.170018 13.585496 6.866264
v  1.266209 13.585496 6.643119
v  1.328221 13.303758 6.992240
v  1.170018 13.585496 6.866264
v  1.477635 13.303758 6.643119
v  1.328221 13.303758 6.992240
v  0.937596 13.585496 6.959037
v  1.170018 13.585496 6.866264
v  0.966893 13.303758 7.136772
v  0.937596 13.585496 6.959037
v  1.328221 13.303758 6.992240
v  0.966893 13.303758 7.136772
v  0.705174 13.585496 6.866264
v  0.937596 13.585496 6.959037
v  0.605564 13.303758 6.992240
v  0.705174 13.585496 6.866264
v  0.966893 13.303758 7.136772
v  0.291111 12.871140 7.043022
v  -0.100002 13.307664 7.134330
v  0.259861 13.307664 6.990287
v  -0.100002 12.871140 7.208549
v  -0.100002 13.307664 7.134330
v  0.291111 12.871140 7.043022
v  0.455174 12.871140 6.643119
v  0.259861 13.307664 6.990287
v  0.408787 13.307664 6.643119
v  0.291111 12.871140 7.043022
v  0.259861 13.307664 6.990287
v  0.455174 12.871140 6.643119
v  0.291111 12.871140 6.243217
v  0.408787 13.307664 6.643119
v  0.259861 13.307664 6.295951
v  0.455174 12.871140 6.643119
v  0.408787 13.307664 6.643119
v  0.291111 12.871140 6.243217
v  -0.100002 12.871140 6.077690
v  0.259861 13.307664 6.295951
v  -0.100002 13.307664 6.151908
v  0.291111 12.871140 6.243217
v  0.259861 13.307664 6.295951
v  -0.100002 12.871140 6.077690
v  -0.100002 13.307664 7.134330
v  -0.490627 12.871140 7.043022
v  -0.459377 13.307664 6.990287
v  -0.100002 12.871140 7.208549
v  -0.490627 12.871140 7.043022
v  -0.100002 13.307664 7.134330
v  -0.459377 13.307664 6.990287
v  -0.654689 12.871140 6.643119
v  -0.608303 13.307664 6.643119
v  -0.490627 12.871140 7.043022
v  -0.654689 12.871140 6.643119
v  -0.459377 13.307664 6.990287
v  -0.608303 13.307664 6.643119
v  -0.490627 12.871140 6.243217
v  -0.459377 13.307664 6.295951
v  -0.654689 12.871140 6.643119
v  -0.490627 12.871140 6.243217
v  -0.608303 13.307664 6.643119
v  -0.459377 13.307664 6.295951
v  -0.100002 12.871140 6.077690
v  -0.100002 13.307664 6.151908
v  -0.490627 12.871140 6.243217
v  -0.100002 12.871140 6.077690
v  -0.459377 13.307664 6.295951
v  -0.330959 13.604539 6.865287
v  -0.608303 13.307664 6.643119
v  -0.426662 13.604539 6.643119
v  -0.459377 13.307664 6.990287
v  -0.608303 13.307664 6.643119
v  -0.330959 13.604539 6.865287
v  -0.608303 13.307664 6.643119
v  -0.330959 13.604539 6.420951
v  -0.426662 13.604539 6.643119
v  -0.459377 13.307664 6.295951
v  -0.330959 13.604539 6.420951
v  -0.608303 13.307664 6.643119
v  -0.459377 13.307664 6.295951
v  -0.100002 13.604539 6.329154
v  -0.330959 13.604539 6.420951
v  -0.100002 13.307664 6.151908
v  -0.100002 13.604539 6.329154
v  -0.459377 13.307664 6.295951
v  -0.100002 13.307664 6.151908
v  0.131443 13.604539 6.420951
v  -0.100002 13.604539 6.329154
v  0.259861 13.307664 6.295951
v  0.131443 13.604539 6.420951
v  -0.100002 13.307664 6.151908
v  0.259861 13.307664 6.295951
v  0.227147 13.604539 6.643119
v  0.131443 13.604539 6.420951
v  0.408787 13.307664 6.643119
v  0.227147 13.604539 6.643119
v  0.259861 13.307664 6.295951
v  0.408787 13.307664 6.643119
v  0.131443 13.604539 6.865287
v  0.227147 13.604539 6.643119
v  0.259861 13.307664 6.990287
v  0.131443 13.604539 6.865287
v  0.408787 13.307664 6.643119
v  0.259861 13.307664 6.990287
v  -0.100002 13.604539 6.957572
v  0.131443 13.604539 6.865287
v  -0.100002 13.307664 7.134330
v  -0.100002 13.604539 6.957572
v  0.259861 13.307664 6.990287
v  -0.100002 13.307664 7.134330
v  -0.330959 13.604539 6.865287
v  -0.100002 13.604539 6.957572
v  -0.459377 13.307664 6.990287
v  -0.330959 13.604539 6.865287
v  -0.100002 13.307664 7.134330
v  1.400487 -12.871137 7.043016
v  1.488770 -11.407715 7.063477
v  1.562108 -12.871137 6.643114
v  1.562108 -12.871137 6.643114
v  1.488770 -11.407715 7.063477
v  1.660156 -11.407715 6.643066
v  1.562108 -12.871137 6.643114
v  1.660156 -11.407715 6.643066
v  1.400487 -12.871137 6.243212
v  1.400487 -12.871137 6.243212
v  1.660156 -11.407715 6.643066
v  1.488770 -11.407715 6.222656
v  1.400487 -12.871137 6.243212
v  1.488770 -11.407715 6.222656
v  1.009862 -12.871137 6.077684
v  1.009862 -12.871137 6.077684
v  1.488770 -11.407715 6.222656
v  1.075195 -11.407715 6.048340
v  0.605565 -13.303754 6.992235
v  0.966893 -13.303754 7.136766
v  0.705175 -13.585492 6.866259
v  0.705175 -13.585492 6.866259
v  0.966893 -13.303754 7.136766
v  0.937596 -13.585492 6.959032
v  0.966893 -13.303754 7.136766
v  1.328221 -13.303754 6.992235
v  0.937596 -13.585492 6.959032
v  0.937596 -13.585492 6.959032
v  1.328221 -13.303754 6.992235
v  1.170018 -13.585492 6.866259
v  1.328221 -13.303754 6.992235
v  1.477636 -13.303754 6.643114
v  1.170018 -13.585492 6.866259
v  1.170018 -13.585492 6.866259
v  1.477636 -13.303754 6.643114
v  1.266210 -13.585492 6.643114
v  1.477636 -13.303754 6.643114
v  1.328222 -13.303754 6.293993
v  1.266210 -13.585492 6.643114
v  1.266210 -13.585492 6.643114
v  1.328222 -13.303754 6.293993
v  1.170018 -13.585492 6.419970
v  1.328222 -13.303754 6.293993
v  0.966893 -13.303754 6.149462
v  1.170018 -13.585492 6.419970
v  1.170018 -13.585492 6.419970
v  0.966893 -13.303754 6.149462
v  0.937596 -13.585492 6.327684
v  0.966893 -13.303754 6.149462
v  0.605565 -13.303754 6.293993
v  0.937596 -13.585492 6.327684
v  0.937596 -13.585492 6.327684
v  0.605565 -13.303754 6.293993
v  0.705175 -13.585492 6.419970
v  0.605565 -13.303754 6.293993
v  0.455663 -13.303754 6.643114
v  0.705175 -13.585492 6.419970
v  0.705175 -13.585492 6.419970
v  0.455663 -13.303754 6.643114
v  0.608983 -13.585492 6.643114
v  0.605565 -13.303754 6.992235
v  0.705175 -13.585492 6.866259
v  0.455663 -13.303754 6.643114
v  0.455663 -13.303754 6.643114
v  0.705175 -13.585492 6.866259
v  0.608983 -13.585492 6.643114
v  0.619237 -12.871137 6.243212
v  0.605565 -13.303754 6.293993
v  1.009862 -12.871137 6.077684
v  1.009862 -12.871137 6.077684
v  0.605565 -13.303754 6.293993
v  0.966893 -13.303754 6.149462
v  0.455175 -12.871137 6.643114
v  0.455663 -13.303754 6.643114
v  0.619237 -12.871137 6.243212
v  0.619237 -12.871137 6.243212
v  0.455663 -13.303754 6.643114
v  0.605565 -13.303754 6.293993
v  0.619237 -12.871137 7.043016
v  0.605565 -13.303754 6.992235
v  0.455175 -12.871137 6.643114
v  0.455175 -12.871137 6.643114
v  0.605565 -13.303754 6.992235
v  0.455663 -13.303754 6.643114
v  1.009862 -12.871137 7.208544
v  0.966893 -13.303754 7.136766
v  0.619237 -12.871137 7.043016
v  0.619237 -12.871137 7.043016
v  0.966893 -13.303754 7.136766
v  0.605565 -13.303754 6.992235
v  1.400487 -12.871137 6.243212
v  1.009862 -12.871137 6.077684
v  1.328222 -13.303754 6.293993
v  -0.051583 2.910645 5.909044
v  0.830010 2.864746 6.086910
v  0.021973 2.777832 6.313965
v  0.776337 2.345703 7.192545
v  -0.053711 2.540527 7.001465
v  0.706543 2.628418 6.879883
v  -0.044322 2.208008 7.307205
v  -0.053711 2.540527 7.001465
v  0.776337 2.345703 7.192545
v  1.328222 -13.303754 6.293993
v  1.009862 -12.871137 6.077684
v  0.966893 -13.303754 6.149462
v  1.562108 -12.871137 6.643114
v  1.400487 -12.871137 6.243212
v  1.477636 -13.303754 6.643114
v  -0.837703 2.144531 7.132843
v  -0.961914 2.643066 6.426758
v  -0.796875 2.503906 6.924805
v  -1.311105 2.230957 6.468171
v  -0.961914 2.643066 6.426758
v  -0.837703 2.144531 7.132843
v  1.477636 -13.303754 6.643114
v  1.400487 -12.871137 6.243212
v  1.328222 -13.303754 6.293993
v  -1.072464 2.666992 6.136331
v  -0.051583 2.910645 5.909044
v  -0.961914 2.643066 6.426758
v  1.157515 2.676758 6.326765
v  0.706543 2.628418 6.879883
v  0.802734 2.805176 6.357422
v  0.776337 2.345703 7.192545
v  0.706543 2.628418 6.879883
v  1.157515 2.676758 6.326765
v  1.400487 -12.871137 7.043016
v  1.562108 -12.871137 6.643114
v  1.328221 -13.303754 6.992235
v  1.328221 -13.303754 6.992235
v  1.562108 -12.871137 6.643114
v  1.477636 -13.303754 6.643114
v  1.009862 -12.871137 7.208544
v  1.400487 -12.871137 7.043016
v  0.966893 -13.303754 7.136766
v  0.966893 -13.303754 7.136766
v  1.400487 -12.871137 7.043016
v  1.328221 -13.303754 6.992235
v  -1.600001 -12.871137 6.243212
v  -1.209376 -12.871137 6.077684
v  -1.688477 -11.407715 6.222656
v  -1.762111 -12.871137 6.643114
v  -1.600001 -12.871137 6.243212
v  -1.859863 -11.407715 6.643066
v  -1.600001 -12.871137 7.043016
v  -1.762111 -12.871137 6.643114
v  -1.688477 -11.407715 7.063477
v  -1.209376 -12.871137 7.208544
v  -1.600001 -12.871137 7.043016
v  -1.274414 -11.407715 7.237793
v  -1.209376 -12.871137 7.208544
v  -1.274414 -11.407715 7.237793
v  -0.818751 -12.871137 7.043016
v  -0.818751 -12.871137 7.043016
v  -1.274414 -11.407715 7.237793
v  -0.860840 -11.407715 7.063477
v  -0.818751 -12.871137 7.043016
v  -0.860840 -11.407715 7.063477
v  -0.654689 -12.871137 6.643114
v  -0.654689 -12.871137 6.643114
v  -0.860840 -11.407715 7.063477
v  -0.687012 -11.407715 6.643066
v  -0.818751 -12.871137 6.243212
v  -0.860840 -11.407715 6.222656
v  -1.209376 -12.871137 6.077684
v  -1.209376 -12.871137 6.077684
v  -0.860840 -11.407715 6.222656
v  -1.274414 -11.407715 6.048340
v  -1.530665 -13.301801 6.995165
v  -1.166407 -13.301801 7.140673
v  -1.371486 -13.585980 6.868212
v  -1.371486 -13.585980 6.868212
v  -1.166407 -13.301801 7.140673
v  -1.137111 -13.585980 6.961473
v  -1.166407 -13.301801 7.140673
v  -0.801661 -13.301801 6.995165
v  -1.137111 -13.585980 6.961473
v  -1.137111 -13.585980 6.961473
v  -0.801661 -13.301801 6.995165
v  -0.902736 -13.585980 6.868212
v  -0.801661 -13.301801 6.995165
v  -0.650782 -13.301801 6.643114
v  -0.902736 -13.585980 6.868212
v  -0.902736 -13.585980 6.868212
v  -0.650782 -13.301801 6.643114
v  -0.805568 -13.585980 6.643114
v  -0.650782 -13.301801 6.643114
v  -0.801661 -13.301801 6.291063
v  -0.805568 -13.585980 6.643114
v  -0.805568 -13.585980 6.643114
v  -0.801661 -13.301801 6.291063
v  -0.902736 -13.585980 6.418016
v  -0.801661 -13.301801 6.291063
v  -1.166407 -13.301801 6.145555
v  -0.902736 -13.585980 6.418016
v  -0.902736 -13.585980 6.418016
v  -1.166407 -13.301801 6.145555
v  -1.137110 -13.585980 6.324755
v  -1.166407 -13.301801 6.145555
v  -1.530665 -13.301801 6.291063
v  -1.137110 -13.585980 6.324755
v  -0.426662 13.604539 6.643119
v  -0.330959 13.604539 6.420951
v  -0.100002 13.692918 6.643119
v  -1.137110 -13.585980 6.324755
v  -1.530665 -13.301801 6.291063
v  -1.371485 -13.585980 6.418016
v  -1.530665 -13.301801 6.291063
v  -1.681544 -13.301801 6.643114
v  -1.371485 -13.585980 6.418016
v  -0.330959 13.604539 6.420951
v  -0.100002 13.604539 6.329154
v  -0.100002 13.692918 6.643119
v  -1.137111 13.585984 6.961479
v  -1.123439 13.668504 6.643119
v  -0.902736 13.585984 6.868217
v  -0.902736 13.585984 6.868217
v  -1.123439 13.668504 6.643119
v  -0.805568 13.585984 6.643119
v  -0.805568 13.585984 6.643119
v  -1.123439 13.668504 6.643119
v  -0.902736 13.585984 6.418022
v  -1.371485 -13.585980 6.418016
v  -1.681544 -13.301801 6.643114
v  -1.468165 -13.585980 6.643114
v  -1.530665 -13.301801 6.995165
v  -1.371486 -13.585980 6.868212
v  -1.681544 -13.301801 6.643114
v  -1.681544 -13.301801 6.643114
v  -1.371486 -13.585980 6.868212
v  -1.468165 -13.585980 6.643114
v  -1.600001 -12.871137 6.243212
v  -1.530665 -13.301801 6.291063
v  -1.209376 -12.871137 6.077684
v  -1.209376 -12.871137 6.077684
v  -1.530665 -13.301801 6.291063
v  -1.166407 -13.301801 6.145555
v  -1.762111 -12.871137 6.643114
v  -1.681544 -13.301801 6.643114
v  -1.600001 -12.871137 6.243212
v  -1.600001 -12.871137 6.243212
v  -1.681544 -13.301801 6.643114
v  -1.530665 -13.301801 6.291063
v  -1.600001 -12.871137 7.043016
v  -1.530665 -13.301801 6.995165
v  -1.762111 -12.871137 6.643114
v  -1.762111 -12.871137 6.643114
v  -1.530665 -13.301801 6.995165
v  -1.681544 -13.301801 6.643114
v  -1.209376 -12.871137 7.208544
v  -1.166407 -13.301801 7.140673
v  -1.600001 -12.871137 7.043016
v  -1.600001 -12.871137 7.043016
v  -1.166407 -13.301801 7.140673
v  -1.530665 -13.301801 6.995165
v  -0.818751 -12.871137 6.243212
v  -1.209376 -12.871137 6.077684
v  -0.801661 -13.301801 6.291063
v  -0.902736 13.585984 6.418022
v  -1.123439 13.668504 6.643119
v  -1.137111 13.585984 6.324760
v  -1.137111 13.585984 6.961479
v  -1.371486 13.585984 6.868217
v  -1.123439 13.668504 6.643119
v  -1.371486 13.585984 6.868217
v  -1.468166 13.585984 6.643119
v  -1.123439 13.668504 6.643119
v  -1.468166 13.585984 6.643119
v  -1.371486 13.585984 6.418022
v  -1.123439 13.668504 6.643119
v  -0.801661 -13.301801 6.291063
v  -1.209376 -12.871137 6.077684
v  -1.166407 -13.301801 6.145555
v  -0.654689 -12.871137 6.643114
v  -0.818751 -12.871137 6.243212
v  -0.650782 -13.301801 6.643114
v  -0.650782 -13.301801 6.643114
v  -0.818751 -12.871137 6.243212
v  -0.801661 -13.301801 6.291063
v  -0.818751 -12.871137 7.043016
v  -0.654689 -12.871137 6.643114
v  -0.801661 -13.301801 6.995165
v  -0.801661 -13.301801 6.995165
v  -0.654689 -12.871137 6.643114
v  -0.650782 -13.301801 6.643114
v  -1.209376 -12.871137 7.208544
v  -0.818751 -12.871137 7.043016
v  -1.166407 -13.301801 7.140673
v  -1.371486 13.585984 6.418022
v  -1.137111 13.585984 6.324760
v  -1.123439 13.668504 6.643119
v  0.937596 13.585496 6.959037
v  0.924412 13.666551 6.643119
v  1.170018 13.585496 6.866264
v  1.170018 13.585496 6.866264
v  0.924412 13.666551 6.643119
v  1.266209 13.585496 6.643119
v  1.266209 13.585496 6.643119
v  0.924412 13.666551 6.643119
v  1.170018 13.585496 6.419975
v  1.170018 13.585496 6.419975
v  0.924412 13.666551 6.643119
v  0.937596 13.585496 6.327690
v  0.937596 13.585496 6.959037
v  0.705174 13.585496 6.866264
v  0.924412 13.666551 6.643119
v  0.830010 2.864746 6.086910
v  1.157515 2.676758 6.326765
v  0.802734 2.805176 6.357422
v  -1.311105 2.230957 6.468171
v  -1.072464 2.666992 6.136331
v  -0.961914 2.643066 6.426758
v  0.705174 13.585496 6.866264
v  0.608982 13.585496 6.643119
v  0.924412 13.666551 6.643119
v  0.608982 13.585496 6.643119
v  0.705174 13.585496 6.419975
v  0.924412 13.666551 6.643119
v  0.705174 13.585496 6.419975
v  0.937596 13.585496 6.327690
v  0.924412 13.666551 6.643119
v  -0.100002 13.604539 6.957572
v  -0.100002 13.692918 6.643119
v  0.131443 13.604539 6.865287
v  0.131443 13.604539 6.865287
v  -0.100002 13.692918 6.643119
v  0.227147 13.604539 6.643119
v  0.227147 13.604539 6.643119
v  -0.100002 13.692918 6.643119
v  0.131443 13.604539 6.420951
v  0.131443 13.604539 6.420951
v  -0.100002 13.692918 6.643119
v  -0.100002 13.604539 6.329154
v  -0.100002 13.604539 6.957572
v  -0.330959 13.604539 6.865287
v  -0.100002 13.692918 6.643119
v  -0.330959 13.604539 6.865287
v  -0.426662 13.604539 6.643119
v  -0.100002 13.692918 6.643119
v  -1.166407 -13.301801 7.140673
v  -0.818751 -12.871137 7.043016
v  -0.801661 -13.301801 6.995165
v  -0.490626 -12.871137 6.243212
v  -0.100001 -12.871137 6.077684
v  -0.513672 -11.407715 6.222656
v  -0.654689 -12.871137 6.643114
v  -0.490626 -12.871137 6.243212
v  -0.687012 -11.407715 6.643066
v  -0.490626 -12.871137 7.043016
v  -0.654689 -12.871137 6.643114
v  -0.513672 -11.407715 7.063477
v  -0.100001 -12.871137 7.208544
v  -0.490626 -12.871137 7.043016
v  -0.099609 -11.407715 7.237793
v  -0.100001 -12.871137 7.208544
v  -0.099609 -11.407715 7.237793
v  0.291112 -12.871137 7.043016
v  0.291112 -12.871137 7.043016
v  -0.099609 -11.407715 7.237793
v  0.313965 -11.407715 7.063477
v  0.291112 -12.871137 7.043016
v  0.313965 -11.407715 7.063477
v  0.455175 -12.871137 6.643114
v  0.455175 -12.871137 6.643114
v  0.313965 -11.407715 7.063477
v  0.487793 -11.407715 6.643066
v  0.455175 -12.871137 6.643114
v  0.487793 -11.407715 6.643066
v  0.291112 -12.871137 6.243212
v  0.291112 -12.871137 6.243212
v  0.487793 -11.407715 6.643066
v  0.313965 -11.407715 6.222656
v  0.291112 -12.871137 6.243212
v  0.313965 -11.407715 6.222656
v  -0.100001 -12.871137 6.077684
v  -0.100001 -12.871137 6.077684
v  0.313965 -11.407715 6.222656
v  -0.099609 -11.407715 6.048340
v  -0.459376 -13.307660 6.990282
v  -0.100001 -13.307660 7.134325
v  -0.330958 -13.604535 6.865282
v  -0.330958 -13.604535 6.865282
v  -0.100001 -13.307660 7.134325
v  -0.100001 -13.604535 6.957567
v  -0.100001 -13.307660 7.134325
v  0.259862 -13.307660 6.990282
v  -0.100001 -13.604535 6.957567
v  -0.100001 -13.604535 6.957567
v  0.259862 -13.307660 6.990282
v  0.131444 -13.604535 6.865282
v  0.259862 -13.307660 6.990282
v  0.408788 -13.307660 6.643114
v  0.131444 -13.604535 6.865282
v  0.131444 -13.604535 6.865282
v  0.408788 -13.307660 6.643114
v  0.227147 -13.604535 6.643114
v  0.408788 -13.307660 6.643114
v  0.259862 -13.307660 6.295946
v  0.227147 -13.604535 6.643114
v  0.227147 -13.604535 6.643114
v  0.259862 -13.307660 6.295946
v  0.131444 -13.604535 6.420946
v  0.259862 -13.307660 6.295946
v  -0.100001 -13.307660 6.151903
v  0.131444 -13.604535 6.420946
v  0.131444 -13.604535 6.420946
v  -0.100001 -13.307660 6.151903
v  -0.100001 -13.604535 6.329149
v  -0.100001 -13.307660 6.151903
v  -0.459376 -13.307660 6.295946
v  -0.100001 -13.604535 6.329149
v  -0.100001 -13.604535 6.329149
v  -0.459376 -13.307660 6.295946
v  -0.330958 -13.604535 6.420946
v  -0.459376 -13.307660 6.295946
v  -0.608302 -13.307660 6.643114
v  -0.330958 -13.604535 6.420946
v  -0.330958 -13.604535 6.420946
v  -0.608302 -13.307660 6.643114
v  -0.426661 -13.604535 6.643114
v  -0.459376 -13.307660 6.990282
v  -0.330958 -13.604535 6.865282
v  -0.608302 -13.307660 6.643114
v  -0.608302 -13.307660 6.643114
v  -0.330958 -13.604535 6.865282
v  -0.426661 -13.604535 6.643114
v  -0.490626 -12.871137 6.243212
v  -0.459376 -13.307660 6.295946
v  -0.100001 -12.871137 6.077684
v  -0.100001 -12.871137 6.077684
v  -0.459376 -13.307660 6.295946
v  -0.100001 -13.307660 6.151903
v  -0.654689 -12.871137 6.643114
v  -0.608302 -13.307660 6.643114
v  -0.490626 -12.871137 6.243212
v  -0.490626 -12.871137 6.243212
v  -0.608302 -13.307660 6.643114
v  -0.459376 -13.307660 6.295946
v  -0.490626 -12.871137 7.043016
v  -0.459376 -13.307660 6.990282
v  -0.654689 -12.871137 6.643114
v  0.776337 -2.345703 7.192545
v  1.157515 -2.676758 6.326765
v  0.706543 -2.628418 6.879883
v  0.830010 -2.864746 6.086910
v  0.021973 -2.777832 6.313965
v  0.802734 -2.805176 6.357422
v  -0.051583 -2.910645 5.909044
v  0.021973 -2.777832 6.313965
v  0.830010 -2.864746 6.086910
v  -0.654689 -12.871137 6.643114
v  -0.459376 -13.307660 6.990282
v  -0.608302 -13.307660 6.643114
v  -0.044322 -2.208008 7.307205
v  0.776337 -2.345703 7.192545
v  -0.053711 -2.540527 7.001465
v  -0.044322 -2.208008 7.307205
v  -0.796875 -2.503906 6.924805
v  -0.837703 -2.144531 7.132843
v  -0.100001 -12.871137 7.208544
v  -0.100001 -13.307660 7.134325
v  -0.490626 -12.871137 7.043016
v  -0.490626 -12.871137 7.043016
v  -0.100001 -13.307660 7.134325
v  -0.459376 -13.307660 6.990282
v  -1.311105 -2.230957 6.468171
v  -0.837703 -2.144531 7.132843
v  -0.961914 -2.643066 6.426758
v  -0.051583 -2.910645 5.909044
v  -0.961914 -2.643066 6.426758
v  0.021973 -2.777832 6.313965
v  -1.072464 -2.666992 6.136331
v  -0.961914 -2.643066 6.426758
v  -0.051583 -2.910645 5.909044
v  0.291112 -12.871137 6.243212
v  -0.100001 -12.871137 6.077684
v  0.259862 -13.307660 6.295946
v  0.259862 -13.307660 6.295946
v  -0.100001 -12.871137 6.077684
v  -0.100001 -13.307660 6.151903
v  0.455175 -12.871137 6.643114
v  0.291112 -12.871137 6.243212
v  0.408788 -13.307660 6.643114
v  0.408788 -13.307660 6.643114
v  0.291112 -12.871137 6.243212
v  0.259862 -13.307660 6.295946
v  0.291112 -12.871137 7.043016
v  0.455175 -12.871137 6.643114
v  0.259862 -13.307660 6.990282
v  0.259862 -13.307660 6.990282
v  0.455175 -12.871137 6.643114
v  0.408788 -13.307660 6.643114
v  -0.100001 -12.871137 7.208544
v  0.291112 -12.871137 7.043016
v  -0.100001 -13.307660 7.134325
v  -0.100001 -13.307660 7.134325
v  0.291112 -12.871137 7.043016
v  0.259862 -13.307660 6.990282
v  -0.654689 -12.871137 6.643114
v  -0.687012 -11.407715 6.643066
v  -0.818751 -12.871137 6.243212
v  -0.818751 -12.871137 6.243212
v  -0.687012 -11.407715 6.643066
v  -0.860840 -11.407715 6.222656
v  0.661229 -11.375531 6.222704
v  1.075195 -11.407715 6.048340
v  0.675781 -9.778809 6.243652
v  0.830010 -2.864746 6.086910
v  0.802734 -2.805176 6.357422
v  1.157515 -2.676758 6.326765
v  -1.311105 -2.230957 6.468171
v  -0.961914 -2.643066 6.426758
v  -1.072464 -2.666992 6.136331
v  4.346901 0.423828 8.837489
v  4.412433 1.764160 8.724182
v  6.348054 0.678711 8.605962
v  1.084961 -6.411621 6.356934
v  1.384766 -7.237305 6.694336
v  1.250488 -6.411621 6.706543
v  1.211426 -7.237305 6.317383
v  1.384766 -7.237305 6.694336
v  1.084961 -6.411621 6.356934
v  1.211426 -7.237305 6.317383
v  -0.099609 -6.412109 6.319824
v  -0.099609 -7.237305 6.273926
v  1.084961 -6.411621 6.356934
v  -0.099609 -6.412109 6.319824
v  1.211426 -7.237305 6.317383
v  -0.099609 -7.237305 6.273926
v  -1.284668 -6.411621 6.356934
v  -1.411133 -7.237305 6.317383
v  -0.099609 -6.412109 6.319824
v  -1.284668 -6.411621 6.356934
v  -0.099609 -7.237305 6.273926
v  -1.450195 -6.411621 6.706543
v  -1.411133 -7.237305 6.317383
v  -1.284668 -6.411621 6.356934
v  -1.584473 -7.237305 6.694336
v  -1.411133 -7.237305 6.317383
v  -1.450195 -6.411621 6.706543
v  -0.099609 -8.220703 7.175781
v  0.821289 -9.273926 7.209961
v  -0.099609 -9.226563 7.222656
v  -0.099609 -9.226563 6.099609
v  0.821289 -9.273926 6.079102
v  -0.099609 -8.220703 6.204590
v  -0.099609 -8.220703 6.204590
v  -1.020508 -9.273926 6.079102
v  -0.099609 -9.226563 6.099609
v  -0.099609 -8.220703 7.175781
v  -0.099609 -9.226563 7.222656
v  -1.020508 -9.273926 7.209961
v  -1.541992 -8.220703 7.126953
v  -1.020508 -9.273926 7.209961
v  -1.686523 -9.321289 7.148438
v  -0.099609 -8.220703 7.175781
v  -1.020508 -9.273926 7.209961
v  -1.541992 -8.220703 7.126953
v  1.486816 -9.321289 7.148438
v  0.821289 -9.273926 7.209961
v  1.342285 -8.220703 7.126953
v  1.342285 -8.220703 6.253418
v  0.821289 -9.273926 6.079102
v  1.486816 -9.321289 6.174316
v  -0.099609 -8.220703 6.204590
v  0.821289 -9.273926 6.079102
v  1.342285 -8.220703 6.253418
v  -1.686523 -9.321289 6.174316
v  -1.020508 -9.273926 6.079102
v  -1.541992 -8.220703 6.253418
v  -1.541992 -8.220703 6.253418
v  -1.020508 -9.273926 6.079102
v  -0.099609 -8.220703 6.204590
v  -1.411133 -7.237305 7.084961
v  -0.099609 -6.412109 7.092773
v  -0.099609 -7.237305 7.128418
v  -0.099609 -6.412109 7.092773
v  1.084961 -6.411621 7.055664
v  -0.099609 -7.237305 7.128418
v  1.342285 -8.220703 7.126953
v  0.821289 -9.273926 7.209961
v  -0.099609 -8.220703 7.175781
v  1.250488 -6.411621 6.706543
v  0.706543 -2.628418 6.879883
v  0.802734 -2.805176 6.357422
v  0.802734 -2.805176 6.357422
v  1.084961 -6.411621 6.356934
v  1.250488 -6.411621 6.706543
v  -1.450195 -6.411621 6.706543
v  -1.284668 -6.411621 6.356934
v  -0.961914 -2.643066 6.426758
v  -0.796875 -2.503906 6.924805
v  -1.450195 -6.411621 6.706543
v  -0.961914 -2.643066 6.426758
v  1.250488 -6.411621 6.706543
v  1.084961 -6.411621 7.055664
v  0.706543 -2.628418 6.879883
v  -1.284668 -6.411621 7.055664
v  -1.450195 -6.411621 6.706543
v  -0.796875 -2.503906 6.924805
v  0.675781 -9.778809 6.243652
v  1.075195 -11.407715 6.048340
v  1.097656 -9.778809 6.078125
v  -0.099609 -7.237305 7.128418
v  1.084961 -6.411621 7.055664
v  1.211426 -7.237305 7.084961
v  0.499023 -9.778809 6.643066
v  0.661229 -11.375531 6.222704
v  0.675781 -9.778809 6.243652
v  0.487793 -11.407715 6.643066
v  0.661229 -11.375531 6.222704
v  0.499023 -9.778809 6.643066
v  -0.053711 -2.540527 7.001465
v  -0.099609 -6.412109 7.092773
v  -0.796875 -2.503906 6.924805
v  -0.796875 -2.503906 6.924805
v  -0.099609 -6.412109 7.092773
v  -1.284668 -6.411621 7.055664
v  -0.961914 -2.643066 6.426758
v  -1.284668 -6.411621 6.356934
v  0.021973 -2.777832 6.313965
v  0.021973 -2.777832 6.313965
v  -1.284668 -6.411621 6.356934
v  -0.099609 -6.412109 6.319824
v  0.021973 -2.777832 6.313965
v  -0.099609 -6.412109 6.319824
v  0.802734 -2.805176 6.357422
v  0.802734 -2.805176 6.357422
v  -0.099609 -6.412109 6.319824
v  1.084961 -6.411621 6.356934
v  1.084961 -6.411621 7.055664
v  -0.099609 -6.412109 7.092773
v  0.706543 -2.628418 6.879883
v  0.706543 -2.628418 6.879883
v  -0.099609 -6.412109 7.092773
v  -0.053711 -2.540527 7.001465
v  1.384766 -7.237305 6.694336
v  1.211426 -7.237305 7.084961
v  1.250488 -6.411621 6.706543
v  1.250488 -6.411621 6.706543
v  1.211426 -7.237305 7.084961
v  1.084961 -6.411621 7.055664
v  -0.961914 -2.643066 6.426758
v  -0.837703 -2.144531 7.132843
v  -0.796875 -2.503906 6.924805
v  -0.053711 -2.540527 7.001465
v  -0.796875 -2.503906 6.924805
v  -0.044322 -2.208008 7.307205
v  -0.053711 -2.540527 7.001465
v  0.776337 -2.345703 7.192545
v  0.706543 -2.628418 6.879883
v  0.706543 -2.628418 6.879883
v  1.157515 -2.676758 6.326765
v  0.802734 -2.805176 6.357422
v  -1.411133 -7.237305 7.084961
v  -1.584473 -7.237305 6.694336
v  -1.284668 -6.411621 7.055664
v  -1.284668 -6.411621 7.055664
v  -1.584473 -7.237305 6.694336
v  -1.450195 -6.411621 6.706543
v  -1.686523 -9.321289 7.148438
v  -1.851563 -9.349121 6.642090
v  -1.541992 -8.220703 7.126953
v  -1.541992 -8.220703 7.126953
v  -1.851563 -9.349121 6.642090
v  -1.728516 -8.220703 6.690430
v  -1.851563 -9.349121 6.642090
v  -1.686523 -9.321289 6.174316
v  -1.728516 -8.220703 6.690430
v  -1.728516 -8.220703 6.690430
v  -1.686523 -9.321289 6.174316
v  -1.541992 -8.220703 6.253418
v  1.486816 -9.321289 6.174316
v  1.652344 -9.349121 6.642090
v  1.342285 -8.220703 6.253418
v  1.342285 -8.220703 6.253418
v  1.652344 -9.349121 6.642090
v  1.528809 -8.220703 6.690430
v  1.652344 -9.349121 6.642090
v  1.486816 -9.321289 7.148438
v  1.528809 -8.220703 6.690430
v  1.528809 -8.220703 6.690430
v  1.486816 -9.321289 7.148438
v  1.342285 -8.220703 7.126953
v  -1.411133 -7.237305 7.084961
v  -0.099609 -7.237305 7.128418
v  -1.541992 -8.220703 7.126953
v  -1.541992 -8.220703 7.126953
v  -0.099609 -7.237305 7.128418
v  -0.099609 -8.220703 7.175781
v  -1.541992 -8.220703 7.126953
v  -1.728516 -8.220703 6.690430
v  -1.411133 -7.237305 7.084961
v  -1.411133 -7.237305 7.084961
v  -1.728516 -8.220703 6.690430
v  -1.584473 -7.237305 6.694336
v  -1.728516 -8.220703 6.690430
v  -1.541992 -8.220703 6.253418
v  -1.584473 -7.237305 6.694336
v  -1.584473 -7.237305 6.694336
v  -1.541992 -8.220703 6.253418
v  -1.411133 -7.237305 6.317383
v  -0.099609 -7.237305 6.273926
v  -1.411133 -7.237305 6.317383
v  -0.099609 -8.220703 6.204590
v  -0.099609 -8.220703 6.204590
v  -1.411133 -7.237305 6.317383
v  -1.541992 -8.220703 6.253418
v  1.211426 -7.237305 6.317383
v  -0.099609 -7.237305 6.273926
v  1.342285 -8.220703 6.253418
v  1.342285 -8.220703 6.253418
v  -0.099609 -7.237305 6.273926
v  -0.099609 -8.220703 6.204590
v  1.342285 -8.220703 6.253418
v  1.528809 -8.220703 6.690430
v  1.211426 -7.237305 6.317383
v  1.211426 -7.237305 6.317383
v  1.528809 -8.220703 6.690430
v  1.384766 -7.237305 6.694336
v  1.528809 -8.220703 6.690430
v  1.342285 -8.220703 7.126953
v  1.384766 -7.237305 6.694336
v  1.384766 -7.237305 6.694336
v  1.342285 -8.220703 7.126953
v  1.211426 -7.237305 7.084961
v  -0.099609 -7.237305 7.128418
v  1.211426 -7.237305 7.084961
v  -0.099609 -8.220703 7.175781
v  -0.099609 -8.220703 7.175781
v  1.211426 -7.237305 7.084961
v  1.342285 -8.220703 7.126953
v  -0.796875 2.503906 6.924805
v  -0.961914 2.643066 6.426758
v  -1.450195 6.411621 6.706543
v  -0.099609 9.226563 7.222656
v  -0.698730 9.598633 7.123535
v  -0.099609 9.778809 7.208496
v  -0.099609 -11.407715 7.237793
v  -0.490626 -12.871137 7.043016
v  -0.513672 -11.407715 7.063477
v  -1.297363 9.778809 6.078125
v  -1.686523 9.321289 6.174316
v  -1.020508 9.273926 6.079102
v  -0.513672 -11.407715 7.063477
v  -0.654689 -12.871137 6.643114
v  -0.687012 -11.407715 6.643066
v  -1.686523 9.321289 6.174316
v  -1.297363 9.778809 6.078125
v  -1.719238 9.778809 6.243652
v  -0.687012 -11.407715 6.643066
v  -0.490626 -12.871137 6.243212
v  -0.513672 -11.407715 6.222656
v  -1.686523 9.321289 7.148438
v  -1.719238 9.778809 7.042969
v  -1.297363 9.778809 7.208496
v  -0.513672 -11.407715 6.222656
v  -0.100001 -12.871137 6.077684
v  -0.099609 -11.407715 6.048340
v  1.486816 9.321289 6.174316
v  1.519531 9.778809 6.243652
v  1.097656 9.778809 6.078125
v  1.486816 9.321289 7.148438
v  1.097656 9.778809 7.208496
v  1.519531 9.778809 7.042969
v  -1.284668 6.411621 7.055664
v  -0.796875 2.503906 6.924805
v  -1.450195 6.411621 6.706543
v  1.250488 6.411621 6.706543
v  0.706543 2.628418 6.879883
v  1.084961 6.411621 7.055664
v  -0.099609 9.226563 6.099609
v  0.821289 9.273926 6.079102
v  0.499023 9.598633 6.163086
v  -1.450195 6.411621 6.706543
v  -0.961914 2.643066 6.426758
v  -1.284668 6.411621 6.356934
v  0.802734 2.805176 6.357422
v  1.250488 6.411621 6.706543
v  1.084961 6.411621 6.356934
v  1.250488 6.411621 6.706543
v  0.802734 2.805176 6.357422
v  0.706543 2.628418 6.879883
v  -1.541992 8.220703 6.253418
v  -0.099609 8.220703 6.204590
v  -1.020508 9.273926 6.079102
v  -1.686523 9.321289 6.174316
v  -1.541992 8.220703 6.253418
v  -1.020508 9.273926 6.079102
v  -0.099609 8.220703 6.204590
v  1.342285 8.220703 6.253418
v  0.821289 9.273926 6.079102
v  1.342285 8.220703 6.253418
v  1.486816 9.321289 6.174316
v  0.821289 9.273926 6.079102
v  1.342285 8.220703 7.126953
v  -0.099609 8.220703 7.175781
v  0.821289 9.273926 7.209961
v  1.486816 9.321289 7.148438
v  1.342285 8.220703 7.126953
v  0.821289 9.273926 7.209961
v  -0.099609 8.220703 7.175781
v  -1.541992 8.220703 7.126953
v  -1.020508 9.273926 7.209961
v  -1.541992 8.220703 7.126953
v  -1.686523 9.321289 7.148438
v  -1.020508 9.273926 7.209961
v  -0.099609 8.220703 7.175781
v  -1.020508 9.273926 7.209961
v  -0.099609 9.226563 7.222656
v  -0.099609 8.220703 6.204590
v  -0.099609 9.226563 6.099609
v  -1.020508 9.273926 6.079102
v  -0.099609 9.226563 6.099609
v  -0.099609 8.220703 6.204590
v  0.821289 9.273926 6.079102
v  -0.099609 8.220703 7.175781
v  -0.099609 9.226563 7.222656
v  0.821289 9.273926 7.209961
v  0.499023 9.598633 7.123535
v  0.821289 9.273926 7.209961
v  -0.099609 9.226563 7.222656
v  -0.099609 9.226563 7.222656
v  -1.020508 9.273926 7.209961
v  -0.698730 9.598633 7.123535
v  -0.698730 9.598633 6.163086
v  -1.297363 9.778809 6.078125
v  -1.020508 9.273926 6.079102
v  0.821289 9.273926 6.079102
v  1.486816 9.321289 6.174316
v  1.097656 9.778809 6.078125
v  -1.020508 9.273926 7.209961
v  -1.297363 9.778809 7.208496
v  -0.698730 9.598633 7.123535
v  1.097656 9.778809 7.208496
v  1.486816 9.321289 7.148438
v  0.821289 9.273926 7.209961
v  -0.698730 9.598633 6.163086
v  -1.020508 9.273926 6.079102
v  -0.099609 9.226563 6.099609
v  0.821289 9.273926 6.079102
v  1.097656 9.778809 6.078125
v  0.499023 9.598633 6.163086
v  0.499023 9.598633 7.123535
v  -0.099609 9.226563 7.222656
v  -0.099609 9.778809 7.208496
v  -1.020508 9.273926 7.209961
v  -1.686523 9.321289 7.148438
v  -1.297363 9.778809 7.208496
v  0.499023 9.598633 7.123535
v  1.097656 9.778809 7.208496
v  0.821289 9.273926 7.209961
v  0.499023 9.598633 7.123535
v  0.675781 9.778809 7.042969
v  1.097656 9.778809 7.208496
v  1.097656 9.778809 6.078125
v  0.675781 9.778809 6.243652
v  0.499023 9.598633 6.163086
v  -0.698730 9.598633 6.163086
v  -0.875488 9.778809 6.243652
v  -1.297363 9.778809 6.078125
v  -0.698730 9.778809 6.643066
v  -0.698730 9.598633 6.163086
v  -0.521484 9.778809 6.243652
v  -0.698730 9.598633 6.163086
v  -0.698730 9.778809 6.643066
v  -0.875488 9.778809 6.243652
v  -0.698730 9.778809 6.643066
v  -0.698730 9.598633 7.123535
v  -0.875488 9.778809 7.042969
v  -0.698730 9.598633 7.123535
v  -1.297363 9.778809 7.208496
v  -0.875488 9.778809 7.042969
v  -0.698730 9.598633 7.123535
v  -0.698730 9.778809 6.643066
v  -0.521484 9.778809 7.042969
v  -1.274414 -11.407715 7.237793
v  -1.600001 -12.871137 7.043016
v  -1.688477 -11.407715 7.063477
v  -0.698730 9.598633 7.123535
v  -0.521484 9.778809 7.042969
v  -0.099609 9.778809 7.208496
v  -1.688477 -11.407715 7.063477
v  -1.762111 -12.871137 6.643114
v  -1.859863 -11.407715 6.643066
v  0.499023 9.778809 6.643066
v  0.321777 9.778809 6.243652
v  0.499023 9.598633 6.163086
v  -1.859863 -11.407715 6.643066
v  -1.600001 -12.871137 6.243212
v  -1.688477 -11.407715 6.222656
v  0.499023 9.598633 6.163086
v  0.675781 9.778809 6.243652
v  0.499023 9.778809 6.643066
v  -1.688477 -11.407715 6.222656
v  -1.209376 -12.871137 6.077684
v  -1.274414 -11.407715 6.048340
v  0.499023 9.778809 6.643066
v  0.675781 9.778809 7.042969
v  0.499023 9.598633 7.123535
v  0.499023 9.598633 7.123535
v  0.321777 9.778809 7.042969
v  0.499023 9.778809 6.643066
v  -0.099609 9.778809 7.208496
v  0.321777 9.778809 7.042969
v  0.499023 9.598633 7.123535
v  -0.099609 7.237305 7.128418
v  -0.099609 8.220703 7.175781
v  1.211426 7.237305 7.084961
v  1.211426 7.237305 7.084961
v  -0.099609 8.220703 7.175781
v  1.342285 8.220703 7.126953
v  -0.961914 2.643066 6.426758
v  -0.051583 2.910645 5.909044
v  0.021973 2.777832 6.313965
v  -0.053711 2.540527 7.001465
v  -0.044322 2.208008 7.307205
v  -0.796875 2.503906 6.924805
v  -0.796875 2.503906 6.924805
v  -0.044322 2.208008 7.307205
v  -0.837703 2.144531 7.132843
v  0.021973 2.777832 6.313965
v  0.830010 2.864746 6.086910
v  0.802734 2.805176 6.357422
v  -0.053711 2.540527 7.001465
v  -0.796875 2.503906 6.924805
v  -0.099609 6.412109 7.092773
v  -0.099609 6.412109 7.092773
v  -0.796875 2.503906 6.924805
v  -1.284668 6.411621 7.055664
v  -0.961914 2.643066 6.426758
v  0.021973 2.777832 6.313965
v  -1.284668 6.411621 6.356934
v  -1.284668 6.411621 6.356934
v  0.021973 2.777832 6.313965
v  -0.099609 6.412109 6.319824
v  0.021973 2.777832 6.313965
v  0.802734 2.805176 6.357422
v  -0.099609 6.412109 6.319824
v  -0.099609 6.412109 6.319824
v  0.802734 2.805176 6.357422
v  1.084961 6.411621 6.356934
v  1.084961 6.411621 7.055664
v  0.706543 2.628418 6.879883
v  -0.099609 6.412109 7.092773
v  -0.099609 6.412109 7.092773
v  0.706543 2.628418 6.879883
v  -0.053711 2.540527 7.001465
v  -1.686523 9.321289 7.148438
v  -1.541992 8.220703 7.126953
v  -1.851563 9.349121 6.642090
v  -1.851563 9.349121 6.642090
v  -1.541992 8.220703 7.126953
v  -1.728516 8.220703 6.690430
v  -1.851563 9.349121 6.642090
v  -1.728516 8.220703 6.690430
v  -1.686523 9.321289 6.174316
v  -1.686523 9.321289 6.174316
v  -1.728516 8.220703 6.690430
v  -1.541992 8.220703 6.253418
v  1.486816 9.321289 6.174316
v  1.342285 8.220703 6.253418
v  1.652344 9.349121 6.642090
v  1.652344 9.349121 6.642090
v  1.342285 8.220703 6.253418
v  1.528809 8.220703 6.690430
v  1.652344 9.349121 6.642090
v  1.528809 8.220703 6.690430
v  1.486816 9.321289 7.148438
v  1.486816 9.321289 7.148438
v  1.528809 8.220703 6.690430
v  1.342285 8.220703 7.126953
v  -1.284668 6.411621 7.055664
v  -1.411133 7.237305 7.084961
v  -0.099609 6.412109 7.092773
v  -0.099609 6.412109 7.092773
v  -1.411133 7.237305 7.084961
v  -0.099609 7.237305 7.128418
v  -1.851563 9.349121 6.642090
v  -1.686523 9.321289 6.174316
v  -1.894043 9.778809 6.643066
v  -1.894043 9.778809 6.643066
v  -1.686523 9.321289 6.174316
v  -1.719238 9.778809 6.243652
v  -1.686523 9.321289 7.148438
v  -1.851563 9.349121 6.642090
v  -1.719238 9.778809 7.042969
v  -1.719238 9.778809 7.042969
v  -1.851563 9.349121 6.642090
v  -1.894043 9.778809 6.643066
v  1.652344 9.349121 6.642090
v  1.694336 9.778809 6.643066
v  1.486816 9.321289 6.174316
v  1.486816 9.321289 6.174316
v  1.694336 9.778809 6.643066
v  1.519531 9.778809 6.243652
v  1.486816 9.321289 7.148438
v  1.519531 9.778809 7.042969
v  1.652344 9.349121 6.642090
v  1.652344 9.349121 6.642090
v  1.519531 9.778809 7.042969
v  1.694336 9.778809 6.643066
v  -0.099609 9.226563 6.099609
v  0.499023 9.598633 6.163086
v  -0.099609 9.778809 6.078125
v  -0.099609 9.778809 6.078125
v  0.499023 9.598633 6.163086
v  0.321777 9.778809 6.243652
v  -0.698730 9.598633 6.163086
v  -0.099609 9.226563 6.099609
v  -0.521484 9.778809 6.243652
v  -0.521484 9.778809 6.243652
v  -0.099609 9.226563 6.099609
v  -0.099609 9.778809 6.078125
v  -0.099609 11.407715 7.237793
v  0.291111 12.871140 7.043022
v  0.313965 11.407715 7.063477
v  0.313965 11.407715 7.063477
v  0.455174 12.871140 6.643119
v  0.487793 11.407715 6.643066
v  1.075195 -11.407715 7.237793
v  0.619237 -12.871137 7.043016
v  0.661133 -11.407715 7.063477
v  0.487793 11.407715 6.643066
v  0.291111 12.871140 6.243217
v  0.313965 11.407715 6.222656
v  0.661133 -11.407715 7.063477
v  0.455175 -12.871137 6.643114
v  0.487793 -11.407715 6.643066
v  0.313965 11.407715 6.222656
v  -0.100002 12.871140 6.077690
v  -0.099609 11.407715 6.048340
v  0.487793 -11.407715 6.643066
v  0.619237 -12.871137 6.243212
v  0.661229 -11.375531 6.222704
v  -1.411133 7.237305 7.084961
v  -1.284668 6.411621 7.055664
v  -1.584473 7.237305 6.694336
v  -1.584473 7.237305 6.694336
v  -1.284668 6.411621 7.055664
v  -1.450195 6.411621 6.706543
v  1.075195 11.407715 7.237793
v  1.400486 12.871140 7.043022
v  1.488770 11.407715 7.063477
v  -1.719238 -9.778809 6.243652
v  -1.274414 -11.407715 6.048340
v  -1.297363 -9.778809 6.078125
v  -1.688477 -11.407715 6.222656
v  -1.274414 -11.407715 6.048340
v  -1.719238 -9.778809 6.243652
v  -1.894043 -9.778809 6.643066
v  -1.688477 -11.407715 6.222656
v  -1.719238 -9.778809 6.243652
v  -1.859863 -11.407715 6.643066
v  -1.688477 -11.407715 6.222656
v  -1.894043 -9.778809 6.643066
v  -1.719238 -9.778809 7.042969
v  -1.859863 -11.407715 6.643066
v  -1.894043 -9.778809 6.643066
v  -1.688477 -11.407715 7.063477
v  -1.859863 -11.407715 6.643066
v  -1.719238 -9.778809 7.042969
v  1.075195 -11.407715 6.048340
v  1.519531 -9.778809 6.243652
v  1.097656 -9.778809 6.078125
v  1.488770 -11.407715 6.222656
v  1.519531 -9.778809 6.243652
v  1.075195 -11.407715 6.048340
v  1.488770 -11.407715 6.222656
v  1.694336 -9.778809 6.643066
v  1.519531 -9.778809 6.243652
v  1.660156 -11.407715 6.643066
v  1.694336 -9.778809 6.643066
v  1.488770 -11.407715 6.222656
v  -0.099609 -11.407715 6.048340
v  0.321777 -9.778809 6.243652
v  -0.099609 -9.778809 6.078125
v  0.313965 -11.407715 6.222656
v  0.321777 -9.778809 6.243652
v  -0.099609 -11.407715 6.048340
v  0.313965 -11.407715 6.222656
v  0.499023 -9.778809 6.643066
v  0.321777 -9.778809 6.243652
v  0.487793 -11.407715 6.643066
v  0.499023 -9.778809 6.643066
v  0.313965 -11.407715 6.222656
v  0.487793 -11.407715 6.643066
v  0.321777 -9.778809 7.042969
v  0.499023 -9.778809 6.643066
v  0.313965 -11.407715 7.063477
v  0.321777 -9.778809 7.042969
v  0.487793 -11.407715 6.643066
v  0.313965 -11.407715 7.063477
v  -0.099609 -9.778809 7.208496
v  0.321777 -9.778809 7.042969
v  -0.099609 -11.407715 7.237793
v  -0.099609 -9.778809 7.208496
v  0.313965 -11.407715 7.063477
v  -0.099609 -9.778809 7.208496
v  -0.513672 -11.407715 7.063477
v  -0.521484 -9.778809 7.042969
v  -0.099609 -11.407715 7.237793
v  -0.513672 -11.407715 7.063477
v  -0.099609 -9.778809 7.208496
v  -0.521484 -9.778809 6.243652
v  -0.099609 -11.407715 6.048340
v  -0.099609 -9.778809 6.078125
v  -0.513672 -11.407715 6.222656
v  -0.099609 -11.407715 6.048340
v  -0.521484 -9.778809 6.243652
v  -0.698730 -9.778809 6.643066
v  -0.513672 -11.407715 6.222656
v  -0.521484 -9.778809 6.243652
v  -0.687012 -11.407715 6.643066
v  -0.513672 -11.407715 6.222656
v  -0.698730 -9.778809 6.643066
v  -0.521484 -9.778809 7.042969
v  -0.687012 -11.407715 6.643066
v  -0.698730 -9.778809 6.643066
v  -0.513672 -11.407715 7.063477
v  -0.687012 -11.407715 6.643066
v  -0.521484 -9.778809 7.042969
v  1.660156 -11.407715 6.643066
v  1.519531 -9.778809 7.042969
v  1.694336 -9.778809 6.643066
v  1.488770 -11.407715 7.063477
v  1.519531 -9.778809 7.042969
v  1.660156 -11.407715 6.643066
v  -1.274414 -11.407715 6.048340
v  -0.875488 -9.778809 6.243652
v  -1.297363 -9.778809 6.078125
v  -0.860840 -11.407715 6.222656
v  -0.875488 -9.778809 6.243652
v  -1.274414 -11.407715 6.048340
v  -0.860840 -11.407715 6.222656
v  -0.698730 -9.778809 6.643066
v  -0.875488 -9.778809 6.243652
v  -0.687012 -11.407715 6.643066
v  -0.698730 -9.778809 6.643066
v  -0.860840 -11.407715 6.222656
v  -0.687012 -11.407715 6.643066
v  -0.875488 -9.778809 7.042969
v  -0.698730 -9.778809 6.643066
v  -0.860840 -11.407715 7.063477
v  -0.875488 -9.778809 7.042969
v  -0.687012 -11.407715 6.643066
v  -0.860840 -11.407715 7.063477
v  -1.297363 -9.778809 7.208496
v  -0.875488 -9.778809 7.042969
v  -1.274414 -11.407715 7.237793
v  -1.297363 -9.778809 7.208496
v  -0.860840 -11.407715 7.063477
v  -1.297363 -9.778809 7.208496
v  -1.688477 -11.407715 7.063477
v  -1.719238 -9.778809 7.042969
v  -1.274414 -11.407715 7.237793
v  -1.688477 -11.407715 7.063477
v  -1.297363 -9.778809 7.208496
v  1.488770 -11.407715 7.063477
v  1.097656 -9.778809 7.208496
v  1.519531 -9.778809 7.042969
v  1.075195 -11.407715 7.237793
v  1.097656 -9.778809 7.208496
v  1.488770 -11.407715 7.063477
v  1.097656 -9.778809 7.208496
v  0.661133 -11.407715 7.063477
v  0.675781 -9.778809 7.042969
v  1.075195 -11.407715 7.237793
v  0.661133 -11.407715 7.063477
v  1.097656 -9.778809 7.208496
v  0.675781 -9.778809 7.042969
v  0.487793 -11.407715 6.643066
v  0.499023 -9.778809 6.643066
v  0.661133 -11.407715 7.063477
v  0.487793 -11.407715 6.643066
v  0.675781 -9.778809 7.042969
v  0.499023 -9.598145 6.163086
v  -0.099609 -9.778809 6.078125
v  0.321777 -9.778809 6.243652
v  -0.099609 -9.226563 6.099609
v  -0.099609 -9.778809 6.078125
v  0.499023 -9.598145 6.163086
v  1.519531 -9.778809 7.042969
v  1.652344 -9.349121 6.642090
v  1.694336 -9.778809 6.643066
v  1.486816 -9.321289 7.148438
v  1.652344 -9.349121 6.642090
v  1.519531 -9.778809 7.042969
v  1.694336 -9.778809 6.643066
v  1.486816 -9.321289 6.174316
v  1.519531 -9.778809 6.243652
v  1.652344 -9.349121 6.642090
v  1.486816 -9.321289 6.174316
v  1.694336 -9.778809 6.643066
v  -1.851563 -9.349121 6.642090
v  -1.719238 -9.778809 7.042969
v  -1.894043 -9.778809 6.643066
v  -1.686523 -9.321289 7.148438
v  -1.719238 -9.778809 7.042969
v  -1.851563 -9.349121 6.642090
v  -1.686523 -9.321289 6.174316
v  -1.894043 -9.778809 6.643066
v  -1.719238 -9.778809 6.243652
v  -1.851563 -9.349121 6.642090
v  -1.894043 -9.778809 6.643066
v  -1.686523 -9.321289 6.174316
v  -0.099609 -9.226563 6.099609
v  -0.521484 -9.778809 6.243652
v  -0.099609 -9.778809 6.078125
v  -0.698730 -9.598145 6.163086
v  -0.521484 -9.778809 6.243652
v  -0.099609 -9.226563 6.099609
v  1.488770 11.407715 7.063477
v  1.562107 12.871140 6.643119
v  1.660156 11.407715 6.643066
v  0.553711 2.089355 0.225586
v  0.527832 2.140137 0.001953
v  1.282657 2.065917 0.247846
v  0.527832 0.254883 0.001953
v  1.282657 0.329100 0.247846
v  1.271915 0.279784 -0.043170
v  0.553711 0.305664 0.225586
v  1.282657 0.329100 0.247846
v  0.527832 0.254883 0.001953
v  1.660156 11.407715 6.643066
v  1.400486 12.871140 6.243217
v  1.488770 11.407715 6.222656
v  0.527832 1.769531 -0.105957
v  0.527832 0.625488 -0.105957
v  1.319766 1.583007 -0.084186
v  1.488770 11.407715 6.222656
v  1.009861 12.871140 6.077690
v  1.075195 11.407715 6.048340
v  -1.274414 11.407715 7.237793
v  -0.818752 12.871140 7.043022
v  -0.860840 11.407715 7.063477
v  -0.860840 11.407715 7.063477
v  -0.654689 12.871140 6.643119
v  -0.687012 11.407715 6.643066
v  -0.687012 11.407715 6.643066
v  -0.818752 12.871140 6.243217
v  -0.860840 11.407715 6.222656
v  -0.860840 11.407715 6.222656
v  -1.209377 12.871140 6.077690
v  -1.274414 11.407715 6.048340
v  -1.584473 7.237305 6.694336
v  -1.450195 6.411621 6.706543
v  -1.411133 7.237305 6.317383
v  -1.411133 7.237305 6.317383
v  -1.450195 6.411621 6.706543
v  -1.284668 6.411621 6.356934
v  -0.099609 6.412109 6.319824
v  -0.099609 7.237305 6.273926
v  -1.284668 6.411621 6.356934
v  -1.284668 6.411621 6.356934
v  -0.099609 7.237305 6.273926
v  -1.411133 7.237305 6.317383
v  1.084961 6.411621 6.356934
v  1.211426 7.237305 6.317383
v  -0.099609 6.412109 6.319824
v  -0.099609 6.412109 6.319824
v  1.211426 7.237305 6.317383
v  -0.099609 7.237305 6.273926
v  1.211426 7.237305 6.317383
v  1.084961 6.411621 6.356934
v  1.384766 7.237305 6.694336
v  1.384766 7.237305 6.694336
v  1.084961 6.411621 6.356934
v  1.250488 6.411621 6.706543
v  1.384766 7.237305 6.694336
v  1.250488 6.411621 6.706543
v  1.211426 7.237305 7.084961
v  1.211426 7.237305 7.084961
v  1.250488 6.411621 6.706543
v  1.084961 6.411621 7.055664
v  -0.099609 6.412109 7.092773
v  -0.099609 7.237305 7.128418
v  1.084961 6.411621 7.055664
v  1.084961 6.411621 7.055664
v  -0.099609 7.237305 7.128418
v  1.211426 7.237305 7.084961
v  -1.411133 7.237305 7.084961
v  -1.541992 8.220703 7.126953
v  -0.099609 7.237305 7.128418
v  -0.099609 7.237305 7.128418
v  -1.541992 8.220703 7.126953
v  -0.099609 8.220703 7.175781
v  -1.541992 8.220703 7.126953
v  -1.411133 7.237305 7.084961
v  -1.728516 8.220703 6.690430
v  -1.728516 8.220703 6.690430
v  -1.411133 7.237305 7.084961
v  -1.584473 7.237305 6.694336
v  -1.728516 8.220703 6.690430
v  -1.584473 7.237305 6.694336
v  -1.541992 8.220703 6.253418
v  -1.541992 8.220703 6.253418
v  -1.584473 7.237305 6.694336
v  -1.411133 7.237305 6.317383
v  -0.099609 7.237305 6.273926
v  -0.099609 8.220703 6.204590
v  -1.411133 7.237305 6.317383
v  -1.411133 7.237305 6.317383
v  -0.099609 8.220703 6.204590
v  -1.541992 8.220703 6.253418
v  1.211426 7.237305 6.317383
v  1.342285 8.220703 6.253418
v  -0.099609 7.237305 6.273926
v  -0.099609 7.237305 6.273926
v  1.342285 8.220703 6.253418
v  -0.099609 8.220703 6.204590
v  -0.099609 -9.778809 7.208496
v  0.499023 -9.598145 7.123535
v  0.321777 -9.778809 7.042969
v  0.499023 -9.598145 7.123535
v  0.499023 -9.778809 6.643066
v  0.321777 -9.778809 7.042969
v  0.499023 -9.598145 7.123535
v  1.097656 -9.778809 7.208496
v  0.675781 -9.778809 7.042969
v  1.486816 -9.321289 7.148438
v  1.519531 -9.778809 7.042969
v  1.097656 -9.778809 7.208496
v  1.486816 -9.321289 6.174316
v  1.097656 -9.778809 6.078125
v  1.519531 -9.778809 6.243652
v  0.499023 -9.778809 6.643066
v  0.499023 -9.598145 7.123535
v  0.675781 -9.778809 7.042969
v  0.499023 -9.598145 6.163086
v  0.499023 -9.778809 6.643066
v  0.675781 -9.778809 6.243652
v  0.499023 -9.778809 6.643066
v  0.499023 -9.598145 6.163086
v  0.321777 -9.778809 6.243652
v  -0.698730 -9.598145 7.123535
v  -0.099609 -9.778809 7.208496
v  -0.521484 -9.778809 7.042969
v  -0.698730 -9.598145 7.123535
v  -0.521484 -9.778809 7.042969
v  -0.698730 -9.778809 6.643066
v  -0.698730 -9.598145 7.123535
v  -0.875488 -9.778809 7.042969
v  -1.297363 -9.778809 7.208496
v  -1.686523 -9.321289 7.148438
v  -1.297363 -9.778809 7.208496
v  -1.719238 -9.778809 7.042969
v  -1.686523 -9.321289 6.174316
v  -1.719238 -9.778809 6.243652
v  -1.297363 -9.778809 6.078125
v  -0.698730 -9.778809 6.643066
v  -0.875488 -9.778809 7.042969
v  -0.698730 -9.598145 7.123535
v  -0.698730 -9.598145 6.163086
v  -0.875488 -9.778809 6.243652
v  -0.698730 -9.778809 6.643066
v  -0.698730 -9.778809 6.643066
v  -0.521484 -9.778809 6.243652
v  -0.698730 -9.598145 6.163086
v  -1.297363 -9.778809 6.078125
v  -1.020508 -9.273926 6.079102
v  -1.686523 -9.321289 6.174316
v  -0.099609 -9.226563 7.222656
v  -0.099609 -9.778809 7.208496
v  -0.698730 -9.598145 7.123535
v  -0.698730 -9.598145 6.163086
v  -1.297363 -9.778809 6.078125
v  -0.875488 -9.778809 6.243652
v  1.097656 -9.778809 6.078125
v  0.499023 -9.598145 6.163086
v  0.675781 -9.778809 6.243652
v  0.499023 -9.598145 7.123535
v  0.821289 -9.273926 7.209961
v  1.097656 -9.778809 7.208496
v  -1.020508 -9.273926 7.209961
v  -1.297363 -9.778809 7.208496
v  -1.686523 -9.321289 7.148438
v  0.499023 -9.598145 7.123535
v  -0.099609 -9.778809 7.208496
v  -0.099609 -9.226563 7.222656
v  0.821289 -9.273926 6.079102
v  0.499023 -9.598145 6.163086
v  1.097656 -9.778809 6.078125
v  -0.698730 -9.598145 6.163086
v  -0.099609 -9.226563 6.099609
v  -1.020508 -9.273926 6.079102
v  1.097656 -9.778809 7.208496
v  0.821289 -9.273926 7.209961
v  1.486816 -9.321289 7.148438
v  -1.020508 -9.273926 7.209961
v  -0.698730 -9.598145 7.123535
v  -1.297363 -9.778809 7.208496
v  0.821289 -9.273926 6.079102
v  1.097656 -9.778809 6.078125
v  1.486816 -9.321289 6.174316
v  -0.698730 -9.598145 6.163086
v  -1.020508 -9.273926 6.079102
v  -1.297363 -9.778809 6.078125
v  -0.099609 -9.226563 6.099609
v  0.499023 -9.598145 6.163086
v  0.821289 -9.273926 6.079102
v  -0.099609 -9.226563 7.222656
v  -0.698730 -9.598145 7.123535
v  -1.020508 -9.273926 7.209961
v  0.499023 -9.598145 7.123535
v  -0.099609 -9.226563 7.222656
v  0.821289 -9.273926 7.209961
v  1.342285 8.220703 6.253418
v  1.211426 7.237305 6.317383
v  1.528809 8.220703 6.690430
v  1.528809 8.220703 6.690430
v  1.211426 7.237305 6.317383
v  1.384766 7.237305 6.694336
v  1.528809 8.220703 6.690430
v  1.384766 7.237305 6.694336
v  1.342285 8.220703 7.126953
v  0.706543 1.870117 0.535645
v  0.553711 2.089355 0.225586
v  1.282657 2.065917 0.247846
v  0.527832 2.140137 0.001953
v  0.527832 1.769531 -0.105957
v  1.319766 1.583007 -0.084186
v  1.342285 8.220703 7.126953
v  1.384766 7.237305 6.694336
v  1.211426 7.237305 7.084961
v  -0.513672 11.407715 7.063477
v  -0.521484 9.778809 7.042969
v  -0.687012 11.407715 6.643066
v  1.028320 1.522949 0.577637
v  1.355899 1.662596 0.220014
v  1.319766 1.583007 -0.084186
v  -0.687012 11.407715 6.643066
v  -0.521484 9.778809 7.042969
v  -0.698730 9.778809 6.643066
v  0.527832 2.140137 0.001953
v  1.319766 1.583007 -0.084186
v  1.271915 2.115233 -0.043170
v  -0.687012 11.407715 6.643066
v  -0.698730 9.778809 6.643066
v  -0.513672 11.407715 6.222656
v  1.028320 1.522949 0.577637
v  0.706543 1.870117 0.535645
v  1.356387 1.862303 0.312787
v  -0.513672 11.407715 6.222656
v  -0.698730 9.778809 6.643066
v  -0.521484 9.778809 6.243652
v  0.706543 0.524902 0.535645
v  1.282657 0.329100 0.247846
v  0.553711 0.305664 0.225586
v  -0.513672 11.407715 6.222656
v  -0.521484 9.778809 6.243652
v  -0.099609 11.407715 6.048340
v  -0.099609 11.407715 6.048340
v  -0.521484 9.778809 6.243652
v  -0.099609 9.778809 6.078125
v  1.028320 0.872070 0.577637
v  1.319766 0.812011 -0.084186
v  1.355899 0.732421 0.220014
v  -0.099609 11.407715 7.237793
v  -0.099609 9.778809 7.208496
v  -0.513672 11.407715 7.063477
v  0.527832 0.254883 0.001953
v  1.271915 0.279784 -0.043170
v  1.319766 0.812011 -0.084186
v  -0.513672 11.407715 7.063477
v  -0.099609 9.778809 7.208496
v  -0.521484 9.778809 7.042969
v  1.028320 0.872070 0.577637
v  1.356387 0.532714 0.312787
v  0.706543 0.524902 0.535645
v  -0.099609 11.407715 7.237793
v  0.313965 11.407715 7.063477
v  -0.099609 9.778809 7.208496
v  0.527832 0.625488 -0.105957
v  0.527832 0.254883 0.001953
v  1.319766 0.812011 -0.084186
v  -0.099609 9.778809 7.208496
v  0.313965 11.407715 7.063477
v  0.321777 9.778809 7.042969
v  0.313965 11.407715 7.063477
v  0.487793 11.407715 6.643066
v  0.321777 9.778809 7.042969
v  0.321777 9.778809 7.042969
v  0.487793 11.407715 6.643066
v  0.499023 9.778809 6.643066
v  0.487793 11.407715 6.643066
v  0.313965 11.407715 6.222656
v  0.499023 9.778809 6.643066
v  0.499023 9.778809 6.643066
v  0.313965 11.407715 6.222656
v  0.321777 9.778809 6.243652
v  0.313965 11.407715 6.222656
v  -0.099609 11.407715 6.048340
v  0.321777 9.778809 6.243652
v  0.321777 9.778809 6.243652
v  -0.099609 11.407715 6.048340
v  -0.099609 9.778809 6.078125
v  0.661133 11.407715 7.063477
v  0.675781 9.778809 7.042969
v  0.487793 11.407715 6.643066
v  0.487793 11.407715 6.643066
v  0.675781 9.778809 7.042969
v  0.499023 9.778809 6.643066
v  1.075195 11.407715 7.237793
v  1.097656 9.778809 7.208496
v  0.661133 11.407715 7.063477
v  0.661133 11.407715 7.063477
v  1.097656 9.778809 7.208496
v  0.675781 9.778809 7.042969
v  1.075195 11.407715 7.237793
v  1.488770 11.407715 7.063477
v  1.097656 9.778809 7.208496
v  1.097656 9.778809 7.208496
v  1.488770 11.407715 7.063477
v  1.519531 9.778809 7.042969
v  1.488770 11.407715 7.063477
v  1.660156 11.407715 6.643066
v  1.519531 9.778809 7.042969
v  1.519531 9.778809 7.042969
v  1.660156 11.407715 6.643066
v  1.694336 9.778809 6.643066
v  1.660156 11.407715 6.643066
v  1.488770 11.407715 6.222656
v  1.694336 9.778809 6.643066
v  1.694336 9.778809 6.643066
v  1.488770 11.407715 6.222656
v  1.519531 9.778809 6.243652
v  1.488770 11.407715 6.222656
v  1.075195 11.407715 6.048340
v  1.519531 9.778809 6.243652
v  1.519531 9.778809 6.243652
v  1.075195 11.407715 6.048340
v  1.097656 9.778809 6.078125
v  -1.688477 11.407715 7.063477
v  -1.719238 9.778809 7.042969
v  -1.859863 11.407715 6.643066
v  -1.859863 11.407715 6.643066
v  -1.719238 9.778809 7.042969
v  -1.894043 9.778809 6.643066
v  -1.859863 11.407715 6.643066
v  -1.894043 9.778809 6.643066
v  -1.688477 11.407715 6.222656
v  -1.688477 11.407715 6.222656
v  -1.894043 9.778809 6.643066
v  -1.719238 9.778809 6.243652
v  0.553711 2.089355 0.225586
v  0.706543 1.870117 0.535645
v  -0.382338 1.903319 0.460388
v  -1.688477 11.407715 6.222656
v  -1.719238 9.778809 6.243652
v  -1.274414 11.407715 6.048340
v  -1.274414 11.407715 6.048340
v  -1.719238 9.778809 6.243652
v  -1.297363 9.778809 6.078125
v  -1.274414 11.407715 7.237793
v  -1.297363 9.778809 7.208496
v  -1.688477 11.407715 7.063477
v  -1.688477 11.407715 7.063477
v  -1.297363 9.778809 7.208496
v  -1.719238 9.778809 7.042969
v  0.553711 0.305664 0.225586
v  -0.382338 0.491698 0.460388
v  0.706543 0.524902 0.535645
v  -1.274414 11.407715 7.237793
v  -0.860840 11.407715 7.063477
v  -1.297363 9.778809 7.208496
v  1.021973 1.197754 0.626465
v  1.028320 0.872070 0.577637
v  -0.212048 0.836425 0.725777
v  -1.297363 9.778809 7.208496
v  -0.860840 11.407715 7.063477
v  -0.875488 9.778809 7.042969
v  -0.860840 11.407715 7.063477
v  -0.687012 11.407715 6.643066
v  -0.875488 9.778809 7.042969
v  -0.875488 9.778809 7.042969
v  -0.687012 11.407715 6.643066
v  -0.698730 9.778809 6.643066
v  -0.687012 11.407715 6.643066
v  -0.860840 11.407715 6.222656
v  -0.698730 9.778809 6.643066
v  -0.698730 9.778809 6.643066
v  -0.860840 11.407715 6.222656
v  -0.875488 9.778809 6.243652
v  -0.860840 11.407715 6.222656
v  -1.274414 11.407715 6.048340
v  -0.875488 9.778809 6.243652
v  -0.875488 9.778809 6.243652
v  -1.274414 11.407715 6.048340
v  -1.297363 9.778809 6.078125
v  0.487793 11.407715 6.643066
v  0.499023 9.778809 6.643066
v  0.661229 11.375535 6.222709
v  1.075195 11.407715 6.048340
v  0.675781 9.778809 6.243652
v  1.097656 9.778809 6.078125
v  1.945313 3.120117 3.727539
v  2.838867 3.479492 2.844238
v  2.083464 2.915039 4.411713
v  1.945313 -3.120117 3.727539
v  2.083464 -2.915039 4.411713
v  2.838867 -3.479492 2.844238
v  3.904297 -2.690430 1.442383
v  2.440918 -2.534668 1.306152
v  2.265625 -3.200195 2.199707
v  3.904297 2.690430 1.442383
v  2.265625 3.200195 2.199707
v  2.440918 2.534668 1.306152
v  2.838867 3.479492 2.844238
v  2.265625 3.200195 2.199707
v  3.904297 2.690430 1.442383
v  2.838867 -3.479492 2.844238
v  3.904297 -2.690430 1.442383
v  2.265625 -3.200195 2.199707
v  1.945313 3.120117 3.727539
v  2.265625 3.200195 2.199707
v  2.838867 3.479492 2.844238
v  1.945313 -3.120117 3.727539
v  2.838867 -3.479492 2.844238
v  2.265625 -3.200195 2.199707
v  2.440918 2.534668 1.306152
v  2.265625 3.200195 2.199707
v  0.374023 2.659668 1.322322
v  2.440918 -2.534668 1.306152
v  0.374023 -2.659668 1.322322
v  2.265625 -3.200195 2.199707
v  2.265625 -3.200195 2.199707
v  0.125488 -3.441406 2.899470
v  1.180664 -3.360840 3.100586
v  2.265625 3.200195 2.199707
v  1.180664 3.360840 3.100586
v  0.125488 3.441406 2.899470
v  3.170410 1.315430 8.931641
v  2.313131 1.419434 8.964895
v  2.539063 1.999512 8.771484
v  1.180664 -3.360840 3.100586
v  0.855469 -3.423828 4.489746
v  1.945313 -3.120117 3.727539
v  1.180664 3.360840 3.100586
v  1.945313 3.120117 3.727539
v  0.855469 3.423828 4.489746
v  2.265625 -3.200195 2.199707
v  1.180664 -3.360840 3.100586
v  1.945313 -3.120117 3.727539
v  3.798340 0.000000 9.292480
v  4.346901 -0.423828 8.837489
v  3.660645 -0.355469 9.115234
v  2.265625 3.200195 2.199707
v  1.945313 3.120117 3.727539
v  1.180664 3.360840 3.100586
v  0.855469 -3.423828 4.489746
v  2.083464 -2.915039 4.411713
v  1.945313 -3.120117 3.727539
v  0.855469 3.423828 4.489746
v  1.945313 3.120117 3.727539
v  2.083464 2.915039 4.411713
v  4.435059 -1.483887 0.890137
v  2.646973 -1.435547 0.679199
v  3.904297 -2.690430 1.442383
v  0.553711 -2.089355 0.225586
v  1.282657 -2.065913 0.247846
v  0.527838 -2.140131 0.002184
v  3.904297 -2.690430 1.442383
v  2.646973 -1.435547 0.679199
v  2.440918 -2.534668 1.306152
v  4.617188 0.000000 0.662598
v  2.719238 0.000000 0.357422
v  4.435059 -1.483887 0.890137
v  4.435059 -1.483887 0.890137
v  2.719238 0.000000 0.357422
v  2.646973 -1.435547 0.679199
v  0.553711 -0.305664 0.225586
v  0.527838 -0.254878 0.002184
v  1.282657 -0.329096 0.247846
v  4.435059 1.483887 0.890137
v  3.904297 2.690430 1.442383
v  2.646973 1.435547 0.679199
v  2.646973 1.435547 0.679199
v  3.904297 2.690430 1.442383
v  2.440918 2.534668 1.306152
v  4.617188 0.000000 0.662598
v  4.435059 1.483887 0.890137
v  2.719238 0.000000 0.357422
v  2.719238 0.000000 0.357422
v  4.435059 1.483887 0.890137
v  2.646973 1.435547 0.679199
v  2.356445 -3.602539 8.125488
v  1.881002 -2.419922 8.549856
v  2.972656 -3.118652 8.575195
v  2.646973 -1.435547 0.679199
v  0.374023 -2.659668 1.322322
v  2.440918 -2.534668 1.306152
v  2.719238 0.000000 0.357422
v  0.556641 0.000000 0.246638
v  2.646973 -1.435547 0.679199
v  2.646973 -1.435547 0.679199
v  0.556641 0.000000 0.246638
v  0.503906 -1.545898 0.549373
v  2.719238 0.000000 0.357422
v  2.646973 1.435547 0.679199
v  0.556641 0.000000 0.246638
v  -1.764160 -0.880859 6.972168
v  -2.821289 0.000000 6.236873
v  -1.893555 0.000000 7.234863
v  -1.588379 -1.548340 6.748047
v  -2.713379 -0.978516 6.163630
v  -1.764160 -0.880859 6.972168
v  -1.588379 -1.548340 6.748047
v  -0.947018 -1.424805 7.495776
v  -1.311105 -2.230957 6.468171
v  -1.764160 -0.880859 6.972168
v  -1.111923 -0.766113 7.870542
v  -1.588379 -1.548340 6.748047
v  -1.588379 -1.548340 6.748047
v  -1.111923 -0.766113 7.870542
v  -0.947018 -1.424805 7.495776
v  -1.588379 1.548340 6.748047
v  -1.311105 2.230957 6.468171
v  -0.947018 1.424805 7.495776
v  -1.764160 0.880859 6.972168
v  -1.588379 1.548340 6.748047
v  -1.111923 0.766113 7.870542
v  -5.123535 -0.579590 5.474609
v  -5.507771 0.000000 5.752694
v  -5.023926 -0.684570 5.813965
v  -4.931641 0.000000 6.251953
v  -4.929688 -0.508789 6.151855
v  -5.532624 0.000000 6.235453
v  -5.023926 -0.684570 5.813965
v  -5.507771 0.000000 5.752694
v  -5.532624 0.000000 6.235453
v  -5.123535 0.579590 5.474609
v  -5.023926 0.684570 5.813965
v  -5.507771 0.000000 5.752694
v  3.170410 1.315430 8.931641
v  4.346901 0.423828 8.837489
v  3.660645 0.355469 9.115234
v  -4.931641 0.000000 6.251953
v  -5.532624 0.000000 6.235453
v  -4.929688 0.508789 6.151855
v  -5.023926 0.684570 5.813965
v  -5.532624 0.000000 6.235453
v  -5.507771 0.000000 5.752694
v  -4.346680 -1.522949 5.342285
v  -5.123535 -0.579590 5.474609
v  -5.023926 -0.684570 5.813965
v  -4.526367 -0.849609 4.618164
v  -4.689941 0.000000 4.125488
v  -5.218262 0.000000 5.113770
v  -5.218262 0.000000 5.113770
v  -5.123535 -0.579590 5.474609
v  -4.526367 -0.849609 4.618164
v  -4.526367 -0.849609 4.618164
v  -5.123535 -0.579590 5.474609
v  -4.346680 -1.522949 5.342285
v  -4.346680 1.522949 5.342285
v  -5.023926 0.684570 5.813965
v  -5.123535 0.579590 5.474609
v  -4.526367 0.849609 4.618164
v  -5.218262 0.000000 5.113770
v  -4.689941 0.000000 4.125488
v  -5.218262 0.000000 5.113770
v  -4.526367 0.849609 4.618164
v  -5.123535 0.579590 5.474609
v  -4.526367 0.849609 4.618164
v  -4.346680 1.522949 5.342285
v  -5.123535 0.579590 5.474609
v  -3.644531 -1.820801 4.031738
v  -3.841797 -1.312500 3.500000
v  -4.526367 -0.849609 4.618164
v  2.539063 1.999512 8.771484
v  2.313131 1.419434 8.964895
v  1.881002 2.419922 8.549856
v  -3.284180 -1.695801 5.659180
v  -4.284180 -0.858398 6.032715
v  -3.286133 -0.994141 6.005371
v  3.660645 -0.355469 9.115234
v  3.172994 -0.247070 9.657766
v  3.798340 0.000000 9.292480
v  3.798340 0.000000 9.292480
v  3.172994 -0.247070 9.657766
v  3.245260 0.000000 9.799368
v  -4.284180 -0.858398 6.032715
v  -3.284180 -1.695801 5.659180
v  -4.346680 -1.522949 5.342285
v  3.660645 -0.355469 9.115234
v  3.170410 -1.315430 8.931641
v  3.033345 -0.534668 9.309622
v  -3.412109 2.194824 4.846191
v  -3.284180 1.695801 5.659180
v  -4.346680 1.522949 5.342285
v  3.660645 0.355469 9.115234
v  3.798340 0.000000 9.292480
v  3.172994 0.247070 9.657766
v  3.798340 0.000000 9.292480
v  3.245260 0.000000 9.799368
v  3.172994 0.247070 9.657766
v  -3.644531 1.820801 4.031738
v  -3.412109 2.194824 4.846191
v  -4.346680 1.522949 5.342285
v  3.660645 0.355469 9.115234
v  3.033345 0.534668 9.309622
v  3.170410 1.315430 8.931641
v  -3.644531 1.820801 4.031738
v  -4.526367 0.849609 4.618164
v  -3.841797 1.312500 3.500000
v  -3.284180 1.695801 5.659180
v  -3.286133 0.994141 6.005371
v  -4.284180 0.858398 6.032715
v  -4.284180 0.858398 6.032715
v  -4.346680 1.522949 5.342285
v  -3.284180 1.695801 5.659180
v  -4.526367 0.849609 4.618164
v  -3.644531 1.820801 4.031738
v  -4.346680 1.522949 5.342285
v  -3.841797 1.312500 3.500000
v  -2.964355 1.125488 1.978572
v  -2.791992 2.079102 2.546443
v  2.972656 -3.118652 8.575195
v  3.396829 -4.235352 7.808251
v  2.356445 -3.602539 8.125488
v  2.972656 3.118652 8.575195
v  2.356445 3.602539 8.125488
v  3.396829 4.235352 7.808251
v  2.972656 -3.118652 8.575195
v  3.170410 -1.315430 8.931641
v  4.412433 -1.764160 8.724182
v  -3.644531 1.820801 4.031738
v  -3.841797 1.312500 3.500000
v  -2.570801 2.726074 3.260310
v  -3.841797 -1.312500 3.500000
v  -2.570801 -2.726074 3.260310
v  -2.791992 -2.079102 2.546443
v  2.972656 3.118652 8.575195
v  4.412433 1.764160 8.724182
v  3.170410 1.315430 8.931641
v  -3.841797 -1.312500 3.500000
v  -2.791992 -2.079102 2.546443
v  -2.964355 -1.125488 1.978572
v  -3.644531 -1.820801 4.031738
v  -2.570801 -2.726074 3.260310
v  -3.841797 -1.312500 3.500000
v  -3.841797 1.312500 3.500000
v  -2.791992 2.079102 2.546443
v  -2.570801 2.726074 3.260310
v  0.706543 -1.870117 0.535645
v  1.282657 -2.065913 0.247846
v  0.553711 -2.089355 0.225586
v  -4.526367 -0.849609 4.618164
v  -4.346680 -1.522949 5.342285
v  -3.644531 -1.820801 4.031738
v  -3.412109 -2.194824 4.846191
v  -4.346680 -1.522949 5.342285
v  -3.284180 -1.695801 5.659180
v  -3.644531 -1.820801 4.031738
v  -4.346680 -1.522949 5.342285
v  -3.412109 -2.194824 4.846191
v  -4.346680 -1.522949 5.342285
v  -5.023926 -0.684570 5.813965
v  -4.284180 -0.858398 6.032715
v  -4.284180 -0.858398 6.032715
v  -5.023926 -0.684570 5.813965
v  -4.929688 -0.508789 6.151855
v  0.553711 -2.089355 0.225586
v  -0.382338 -1.903315 0.460388
v  0.706543 -1.870117 0.535645
v  -4.284180 -0.858398 6.032715
v  -4.929688 -0.508789 6.151855
v  -4.289063 0.000000 6.216309
v  -4.289063 0.000000 6.216309
v  -4.929688 -0.508789 6.151855
v  -4.931641 0.000000 6.251953
v  -4.284180 0.858398 6.032715
v  -4.289063 0.000000 6.216309
v  -4.929688 0.508789 6.151855
v  -4.929688 0.508789 6.151855
v  -4.289063 0.000000 6.216309
v  -4.931641 0.000000 6.251953
v  0.706543 -0.524902 0.535645
v  0.553711 -0.305664 0.225586
v  1.282657 -0.329096 0.247846
v  -4.346680 1.522949 5.342285
v  -4.284180 0.858398 6.032715
v  -5.023926 0.684570 5.813965
v  -5.023926 0.684570 5.813965
v  -4.284180 0.858398 6.032715
v  -4.929688 0.508789 6.151855
v  -3.345215 0.000000 6.106934
v  -2.821289 0.000000 6.236873
v  -3.286133 -0.994141 6.005371
v  -3.286133 -0.994141 6.005371
v  -2.821289 0.000000 6.236873
v  -2.713379 -0.978516 6.163630
v  0.553711 -0.305664 0.225586
v  0.706543 -0.524902 0.535645
v  -0.382338 -0.491694 0.460388
v  -3.284180 1.695801 5.659180
v  -2.713379 0.978516 6.163630
v  -3.286133 0.994141 6.005371
v  -3.644531 1.820801 4.031738
v  -2.300293 2.891113 4.495662
v  -3.412109 2.194824 4.846191
v  -3.345215 0.000000 6.106934
v  -3.286133 0.994141 6.005371
v  -2.821289 0.000000 6.236873
v  -4.689941 0.000000 4.125488
v  -4.526367 -0.849609 4.618164
v  -4.050293 0.000000 2.937500
v  -4.050293 0.000000 2.937500
v  -4.526367 -0.849609 4.618164
v  -3.841797 -1.312500 3.500000
v  -4.289063 0.000000 6.216309
v  -3.345215 0.000000 6.106934
v  -4.284180 -0.858398 6.032715
v  -4.284180 -0.858398 6.032715
v  -3.345215 0.000000 6.106934
v  -3.286133 -0.994141 6.005371
v  -4.689941 0.000000 4.125488
v  -4.050293 0.000000 2.937500
v  -4.526367 0.849609 4.618164
v  -4.526367 0.849609 4.618164
v  -4.050293 0.000000 2.937500
v  -3.841797 1.312500 3.500000
v  -4.289063 0.000000 6.216309
v  -4.284180 0.858398 6.032715
v  -3.345215 0.000000 6.106934
v  -3.345215 0.000000 6.106934
v  -4.284180 0.858398 6.032715
v  -3.286133 0.994141 6.005371
v  4.626465 3.678711 4.541504
v  5.250488 0.000000 3.444336
v  3.145020 2.319336 4.575684
v  7.476563 2.601563 4.532227
v  5.250488 0.000000 3.444336
v  4.626465 3.678711 4.541504
v  7.476563 2.601563 4.532227
v  8.097656 0.000000 4.555664
v  5.250488 0.000000 3.444336
v  4.626465 -3.678711 4.541504
v  3.145020 -2.319336 4.575684
v  5.250488 0.000000 3.444336
v  7.476563 -2.601563 4.532227
v  4.626465 -3.678711 4.541504
v  5.250488 0.000000 3.444336
v  7.476563 -2.601563 4.532227
v  5.250488 0.000000 3.444336
v  8.097656 0.000000 4.555664
v  3.145020 2.319336 4.575684
v  5.250488 0.000000 3.444336
v  1.832170 0.000000 4.608950
v  1.021973 -1.197754 0.626465
v  -0.212048 -0.836421 0.725777
v  1.028320 -0.872070 0.577637
v  3.145020 -2.319336 4.575684
v  1.832170 0.000000 4.608950
v  5.250488 0.000000 3.444336
v  1.028320 -1.522949 0.577637
v  1.356387 -1.862300 0.312788
v  0.706543 -1.870117 0.535645
v  1.028320 -0.872070 0.577637
v  0.706543 -0.524902 0.535645
v  1.356387 -0.532710 0.312788
v  8.537109 0.000000 4.204590
v  7.948730 2.308105 4.270996
v  7.611834 0.000000 2.367543
v  1.028320 -1.522949 0.577637
v  1.319766 -1.583003 -0.084185
v  1.355899 -1.662593 0.220014
v  7.948730 -2.308105 4.270996
v  7.611834 0.000000 2.367543
v  7.001363 -2.109863 2.403065
v  -0.708496 0.000000 9.164551
v  -0.507813 -0.370117 9.067871
v  -0.741211 -0.426270 8.512207
v  -0.708496 0.000000 9.164551
v  -0.991699 0.000000 8.775391
v  -0.741211 0.426270 8.512207
v  -0.708496 0.000000 9.164551
v  -0.741211 -0.426270 8.512207
v  -0.991699 0.000000 8.775391
v  1.028320 -0.872070 0.577637
v  1.355899 -0.732417 0.220014
v  1.319766 -0.812007 -0.084185
v  -0.708496 0.000000 9.164551
v  -0.741211 0.426270 8.512207
v  -0.507813 0.370117 9.067871
v  -0.741211 0.426270 8.512207
v  -0.330386 1.089355 8.285162
v  -0.507813 0.370117 9.067871
v  -0.741211 -0.426270 8.512207
v  -0.507813 -0.370117 9.067871
v  -0.330386 -1.089355 8.285162
v  2.972656 -3.118652 8.575195
v  1.881002 -2.419922 8.549856
v  2.539063 -1.999512 8.771484
v  -0.507813 -0.370117 9.067871
v  -0.567729 0.000000 9.588430
v  -0.368510 -0.405762 9.622122
v  -0.708496 0.000000 9.164551
v  -0.507813 0.370117 9.067871
v  -0.567729 0.000000 9.588430
v  -0.708496 0.000000 9.164551
v  -0.567729 0.000000 9.588430
v  -0.507813 -0.370117 9.067871
v  -0.507813 0.370117 9.067871
v  -0.368510 0.405762 9.622122
v  -0.567729 0.000000 9.588430
v  0.403320 1.265625 8.868164
v  0.418945 1.514648 8.294434
v  0.906392 1.771973 8.365774
v  7.476563 -2.601563 4.532227
v  4.637106 -3.831543 6.368038
v  4.626465 -3.678711 4.541504
v  8.097656 0.000000 4.555664
v  7.734762 -2.611328 6.358273
v  7.476563 -2.601563 4.532227
v  6.529297 -3.826660 4.368652
v  4.746582 -4.559570 4.478027
v  6.510153 -3.906250 6.411495
v  3.249512 -4.320313 4.618164
v  4.771872 -4.597168 6.411495
v  4.746582 -4.559570 4.478027
v  8.537109 0.000000 4.204590
v  7.948730 -2.308105 4.270996
v  9.023336 0.000000 6.411495
v  6.529297 -3.826660 4.368652
v  8.252340 -2.376953 6.411495
v  7.948730 -2.308105 4.270996
v  6.529297 3.826660 4.368652
v  6.510153 3.906250 6.411495
v  4.746582 4.559570 4.478027
v  4.746582 4.559570 4.478027
v  6.510153 3.906250 6.411495
v  4.771872 4.597168 6.411495
v  8.537109 0.000000 4.204590
v  9.023336 0.000000 6.411495
v  7.948730 2.308105 4.270996
v  7.948730 2.308105 4.270996
v  9.023336 0.000000 6.411495
v  8.252340 2.376953 6.411495
v  1.441406 -2.509277 6.446289
v  2.083464 -2.915039 4.411713
v  1.157515 -2.676758 6.326765
v  -0.741211 -0.426270 8.512207
v  -0.947018 -1.424805 7.495776
v  -1.111923 -0.766113 7.870542
v  2.539063 -1.999512 8.771484
v  3.170410 -1.315430 8.931641
v  2.972656 -3.118652 8.575195
v  2.539063 -1.999512 8.771484
v  1.881002 -2.419922 8.549856
v  2.313131 -1.419434 8.964895
v  2.972656 3.118652 8.575195
v  2.539063 1.999512 8.771484
v  1.881002 2.419922 8.549856
v  2.539063 1.999512 8.771484
v  2.972656 3.118652 8.575195
v  3.170410 1.315430 8.931641
v  -0.741211 -0.426270 8.512207
v  -1.111923 -0.766113 7.870542
v  -0.991699 0.000000 8.775391
v  -0.991699 0.000000 8.775391
v  -1.111923 -0.766113 7.870542
v  -1.366056 0.000000 8.357752
v  -0.741211 0.426270 8.512207
v  -0.991699 0.000000 8.775391
v  -1.111923 0.766113 7.870542
v  -0.130371 -0.833496 8.937012
v  -0.110698 -0.993164 9.677298
v  0.403463 -1.265625 8.868216
v  -0.130371 -0.833496 8.937012
v  -0.507813 -0.370117 9.067871
v  -0.110698 -0.993164 9.677298
v  -0.130371 0.833496 8.937012
v  0.403320 1.265625 8.868164
v  -0.110698 0.993164 9.677298
v  -0.130371 0.833496 8.937012
v  -0.110698 0.993164 9.677298
v  -0.507813 0.370117 9.067871
v  -0.507813 0.370117 9.067871
v  -0.110698 0.993164 9.677298
v  -0.368510 0.405762 9.622122
v  1.441406 2.509277 6.446289
v  1.157515 2.676758 6.326765
v  2.083464 2.915039 4.411713
v  1.111328 2.257324 7.406250
v  1.157515 2.676758 6.326765
v  1.441406 2.509277 6.446289
v  3.145020 -2.319336 4.575684
v  1.180806 0.000000 6.436087
v  1.832170 0.000000 4.608950
v  0.418945 -1.514648 8.294434
v  0.776337 -2.345703 7.192545
v  -0.044322 -2.208008 7.307205
v  4.626465 -3.678711 4.541504
v  2.054342 -2.609375 6.402884
v  3.145020 -2.319336 4.575684
v  0.418945 1.514648 8.294434
v  0.403320 1.265625 8.868164
v  -0.330386 1.089355 8.285162
v  0.418945 -1.514648 8.294434
v  -0.330386 -1.089355 8.285162
v  0.403463 -1.265625 8.868216
v  2.838867 3.479492 2.844238
v  3.249512 4.320313 4.618164
v  2.460449 3.645508 4.666992
v  2.838867 -3.479492 2.844238
v  2.460449 -3.645508 4.666992
v  3.249512 -4.320313 4.618164
v  8.537109 0.000000 4.204590
v  7.611834 0.000000 2.367543
v  7.948730 -2.308105 4.270996
v  6.131348 0.000000 1.215820
v  4.435059 1.483887 0.890137
v  4.617188 0.000000 0.662598
v  3.904297 2.690430 1.442383
v  4.435059 1.483887 0.890137
v  5.851563 2.003906 1.469727
v  3.904297 -2.690430 1.442383
v  5.851563 -2.003906 1.469727
v  4.435059 -1.483887 0.890137
v  3.249512 4.320313 4.618164
v  4.483408 4.026855 2.643353
v  4.746582 4.559570 4.478027
v  6.529297 3.826660 4.368652
v  4.746582 4.559570 4.478027
v  5.704827 3.376465 2.523015
v  4.746582 -4.559570 4.478027
v  5.704827 -3.376465 2.523015
v  4.483408 -4.026855 2.643353
v  3.249512 -4.320313 4.618164
v  4.746582 -4.559570 4.478027
v  4.483408 -4.026855 2.643353
v  6.529297 -3.826660 4.368652
v  5.704827 -3.376465 2.523015
v  4.746582 -4.559570 4.478027
v  4.746582 4.559570 4.478027
v  4.483408 4.026855 2.643353
v  5.704827 3.376465 2.523015
v  3.249512 4.320313 4.618164
v  2.838867 3.479492 2.844238
v  4.483408 4.026855 2.643353
v  3.249512 -4.320313 4.618164
v  4.483408 -4.026855 2.643353
v  2.838867 -3.479492 2.844238
v  3.904297 -2.690430 1.442383
v  4.483408 -4.026855 2.643353
v  5.704827 -3.376465 2.523015
v  3.904297 2.690430 1.442383
v  5.704827 3.376465 2.523015
v  4.483408 4.026855 2.643353
v  5.851563 -2.003906 1.469727
v  7.001363 -2.109863 2.403065
v  6.131348 0.000000 1.215820
v  6.131348 0.000000 1.215820
v  7.001363 -2.109863 2.403065
v  7.611834 0.000000 2.367543
v  5.851563 2.003906 1.469727
v  6.131348 0.000000 1.215820
v  7.001363 2.109863 2.403065
v  5.851563 -2.003906 1.469727
v  6.131348 0.000000 1.215820
v  4.435059 -1.483887 0.890137
v  4.435059 -1.483887 0.890137
v  6.131348 0.000000 1.215820
v  4.617188 0.000000 0.662598
v  5.851563 2.003906 1.469727
v  4.435059 1.483887 0.890137
v  6.131348 0.000000 1.215820
v  -1.284668 -6.411621 7.055664
v  -0.099609 -6.412109 7.092773
v  -1.411133 -7.237305 7.084961
v  2.460449 -3.645508 4.666992
v  2.294332 -3.637207 6.494503
v  3.197164 -4.375000 6.449093
v  2.460449 3.645508 4.666992
v  3.197164 4.375000 6.449093
v  2.294332 3.637207 6.494503
v  2.460449 3.645508 4.666992
v  2.083464 2.915039 4.411713
v  2.838867 3.479492 2.844238
v  2.460449 -3.645508 4.666992
v  2.838867 -3.479492 2.844238
v  2.083464 -2.915039 4.411713

vt  0.125885 -0.832947 0.000000
vt  0.139587 -0.731903 0.000000
vt  0.181427 -0.822784 0.000000
vt  0.278320 -0.434998 0.000000
vt  0.165039 -0.415497 0.000000
vt  0.273682 -0.420044 0.000000
vt  0.088409 -0.438141 0.000000
vt  0.164978 -0.400879 0.000000
vt  0.165039 -0.415497 0.000000
vt  0.008362 -0.461334 0.000000
vt  0.040253 -0.416138 0.000000
vt  0.080902 -0.417572 0.000000
vt  0.008362 -0.461334 0.000000
vt  0.088409 -0.438141 0.000000
vt  0.037659 -0.480316 0.000000
vt  0.088409 -0.438141 0.000000
vt  0.087585 -0.483826 0.000000
vt  0.037659 -0.480316 0.000000
vt  0.040253 -0.416138 0.000000
vt  0.088318 -0.401794 0.000000
vt  0.080902 -0.417572 0.000000
vt  0.235870 -0.482574 0.000000
vt  0.165039 -0.415497 0.000000
vt  0.278320 -0.434998 0.000000
vt  0.181427 -0.822784 0.000000
vt  0.203827 -0.897614 0.000000
vt  0.125885 -0.832947 0.000000
vt  0.165039 -0.415497 0.000000
vt  0.087585 -0.483826 0.000000
vt  0.088409 -0.438141 0.000000
vt  0.088409 -0.438141 0.000000
vt  0.008362 -0.461334 0.000000
vt  0.080902 -0.417572 0.000000
vt  0.165039 -0.415497 0.000000
vt  0.235870 -0.482574 0.000000
vt  0.157501 -0.489594 0.000000
vt  0.356262 -0.826599 0.000000
vt  0.373169 -0.898407 0.000000
vt  0.433411 -0.806671 0.000000
vt  0.356262 -0.826599 0.000000
vt  0.433411 -0.806671 0.000000
vt  0.373169 -0.898407 0.000000
vt  0.278320 -0.434998 0.000000
vt  0.319366 -0.485870 0.000000
vt  0.235870 -0.482574 0.000000
vt  0.087585 -0.483826 0.000000
vt  0.165039 -0.415497 0.000000
vt  0.157501 -0.489594 0.000000
vt  0.088409 -0.438141 0.000000
vt  0.080902 -0.417572 0.000000
vt  0.164978 -0.400879 0.000000
vt  0.273682 -0.420044 0.000000
vt  0.165039 -0.415497 0.000000
vt  0.164978 -0.400879 0.000000
vt  0.181427 -0.822784 0.000000
vt  0.139587 -0.731903 0.000000
vt  0.223480 -0.725983 0.000000
vt  0.024445 -0.264679 0.000000
vt  0.179535 -0.161133 0.000000
vt  0.024445 -0.069275 0.000000
vt  0.181427 -0.822784 0.000000
vt  0.223480 -0.725983 0.000000
vt  0.250671 -0.821564 0.000000
vt  0.024445 -0.321289 0.000000
vt  0.067200 -0.302277 0.000000
vt  0.024445 -0.264679 0.000000
vt  0.024445 -0.264679 0.000000
vt  0.067200 -0.302277 0.000000
vt  0.121277 -0.265533 0.000000
vt  0.181427 -0.822784 0.000000
vt  0.223480 -0.725983 0.000000
vt  0.139587 -0.731903 0.000000
vt  0.159180 -0.216309 0.000000
vt  0.024445 -0.264679 0.000000
vt  0.121277 -0.265533 0.000000
vt  0.024445 -0.264679 0.000000
vt  0.159180 -0.216309 0.000000
vt  0.179535 -0.161133 0.000000
vt  0.181427 -0.822784 0.000000
vt  0.250671 -0.821564 0.000000
vt  0.223480 -0.725983 0.000000
vt  0.179535 -0.161133 0.000000
vt  0.170563 -0.102356 0.000000
vt  0.024445 -0.069275 0.000000
vt  0.250671 -0.821564 0.000000
vt  0.243561 -0.878662 0.000000
vt  0.373169 -0.898407 0.000000
vt  0.250671 -0.821564 0.000000
vt  0.373169 -0.898407 0.000000
vt  0.243561 -0.878662 0.000000
vt  0.268890 -0.398010 0.000000
vt  0.164978 -0.400879 0.000000
vt  0.273682 -0.420044 0.000000
vt  0.278320 -0.434998 0.000000
vt  0.273682 -0.420044 0.000000
vt  0.165039 -0.415497 0.000000
vt  0.181427 -0.822784 0.000000
vt  0.250671 -0.821564 0.000000
vt  0.243561 -0.878662 0.000000
vt  0.181427 -0.822784 0.000000
vt  0.243561 -0.878662 0.000000
vt  0.250671 -0.821564 0.000000
vt  0.088409 -0.438141 0.000000
vt  0.165039 -0.415497 0.000000
vt  0.164978 -0.400879 0.000000
vt  0.008362 -0.461334 0.000000
vt  0.080902 -0.417572 0.000000
vt  0.040253 -0.416138 0.000000
vt  0.008362 -0.461334 0.000000
vt  0.037659 -0.480316 0.000000
vt  0.088409 -0.438141 0.000000
vt  0.088409 -0.438141 0.000000
vt  0.037659 -0.480316 0.000000
vt  0.087585 -0.483826 0.000000
vt  0.593384 -0.439148 0.000000
vt  0.622498 -0.489014 0.000000
vt  0.636688 -0.446136 0.000000
vt  0.040253 -0.416138 0.000000
vt  0.080902 -0.417572 0.000000
vt  0.088318 -0.401794 0.000000
vt  0.292664 -0.146942 0.000000
vt  0.350037 -0.058075 0.000000
vt  0.258148 -0.072571 0.000000
vt  0.368927 -0.106628 0.000000
vt  0.350037 -0.058075 0.000000
vt  0.292664 -0.146942 0.000000
vt  0.622498 -0.489014 0.000000
vt  0.593384 -0.439148 0.000000
vt  0.636688 -0.446136 0.000000
vt  0.235870 -0.482574 0.000000
vt  0.278320 -0.434998 0.000000
vt  0.165039 -0.415497 0.000000
vt  0.165039 -0.415497 0.000000
vt  0.088409 -0.438141 0.000000
vt  0.087585 -0.483826 0.000000
vt  0.292664 -0.146942 0.000000
vt  0.258148 -0.072571 0.000000
vt  0.281067 -0.147217 0.000000
vt  0.206451 -0.052429 0.000000
vt  0.251526 -0.082825 0.000000
vt  0.206116 -0.073822 0.000000
vt  0.258148 -0.072571 0.000000
vt  0.251526 -0.082825 0.000000
vt  0.206451 -0.052429 0.000000
vt  0.569489 -0.554413 0.000000
vt  0.590363 -0.491211 0.000000
vt  0.611969 -0.547455 0.000000
vt  0.557434 -0.490387 0.000000
vt  0.590363 -0.491211 0.000000
vt  0.569489 -0.554413 0.000000
vt  0.088409 -0.438141 0.000000
vt  0.080902 -0.417572 0.000000
vt  0.008362 -0.461334 0.000000
vt  0.557434 -0.490387 0.000000
vt  0.569489 -0.554413 0.000000
vt  0.590363 -0.491211 0.000000
vt  0.165039 -0.415497 0.000000
vt  0.157501 -0.489594 0.000000
vt  0.235870 -0.482574 0.000000
vt  0.258148 -0.072571 0.000000
vt  0.206451 -0.052429 0.000000
vt  0.251526 -0.082825 0.000000
vt  0.278320 -0.434998 0.000000
vt  0.235870 -0.482574 0.000000
vt  0.319366 -0.485870 0.000000
vt  0.569489 -0.554413 0.000000
vt  0.547424 -0.597809 0.000000
vt  0.550232 -0.541443 0.000000
vt  0.547424 -0.597809 0.000000
vt  0.550232 -0.541443 0.000000
vt  0.525604 -0.597626 0.000000
vt  0.569489 -0.554413 0.000000
vt  0.550232 -0.541443 0.000000
vt  0.547424 -0.597809 0.000000
vt  0.661438 -0.534088 0.000000
vt  0.643677 -0.486542 0.000000
vt  0.672546 -0.521790 0.000000
vt  0.622498 -0.489014 0.000000
vt  0.643677 -0.486542 0.000000
vt  0.661438 -0.534088 0.000000
vt  0.489319 -0.713562 0.000000
vt  0.547424 -0.597809 0.000000
vt  0.539642 -0.659515 0.000000
vt  0.087585 -0.483826 0.000000
vt  0.157501 -0.489594 0.000000
vt  0.165039 -0.415497 0.000000
vt  0.088409 -0.438141 0.000000
vt  0.164978 -0.400879 0.000000
vt  0.080902 -0.417572 0.000000
vt  0.273682 -0.420044 0.000000
vt  0.164978 -0.400879 0.000000
vt  0.165039 -0.415497 0.000000
vt  0.544220 -0.376038 0.000000
vt  0.593384 -0.439148 0.000000
vt  0.545807 -0.431580 0.000000
vt  0.594910 -0.393738 0.000000
vt  0.593384 -0.439148 0.000000
vt  0.544220 -0.376038 0.000000
vt  0.602631 -0.394775 0.000000
vt  0.593384 -0.439148 0.000000
vt  0.594910 -0.393738 0.000000
vt  0.024445 -0.264679 0.000000
vt  0.024445 -0.069275 0.000000
vt  0.179535 -0.161133 0.000000
vt  0.602631 -0.394775 0.000000
vt  0.651428 -0.439972 0.000000
vt  0.642487 -0.400208 0.000000
vt  0.024445 -0.321289 0.000000
vt  0.024445 -0.264679 0.000000
vt  0.067200 -0.302277 0.000000
vt  0.593384 -0.439148 0.000000
vt  0.602631 -0.394775 0.000000
vt  0.594910 -0.393738 0.000000
vt  0.024445 -0.264679 0.000000
vt  0.121277 -0.265533 0.000000
vt  0.067200 -0.302277 0.000000
vt  0.672546 -0.521790 0.000000
vt  0.677002 -0.477356 0.000000
vt  0.703033 -0.506805 0.000000
vt  0.159180 -0.216309 0.000000
vt  0.121277 -0.265533 0.000000
vt  0.024445 -0.264679 0.000000
vt  0.024445 -0.264679 0.000000
vt  0.179535 -0.161133 0.000000
vt  0.159180 -0.216309 0.000000
vt  0.179535 -0.161133 0.000000
vt  0.024445 -0.069275 0.000000
vt  0.170563 -0.102356 0.000000
vt  0.885498 -0.408539 0.000000
vt  0.868164 -0.387390 0.000000
vt  0.850830 -0.408539 0.000000
vt  0.622498 -0.489014 0.000000
vt  0.661438 -0.534088 0.000000
vt  0.643677 -0.486542 0.000000
vt  0.547424 -0.597809 0.000000
vt  0.489319 -0.713562 0.000000
vt  0.539642 -0.659515 0.000000
vt  0.868164 -0.387390 0.000000
vt  0.868164 -0.355530 0.000000
vt  0.842407 -0.378662 0.000000
vt  0.130493 -0.601898 0.000000
vt  0.223480 -0.725983 0.000000
vt  0.139587 -0.731903 0.000000
vt  0.217499 -0.601898 0.000000
vt  0.223480 -0.725983 0.000000
vt  0.130493 -0.601898 0.000000
vt  0.611511 -0.263245 0.000000
vt  0.559662 -0.249695 0.000000
vt  0.610168 -0.252502 0.000000
vt  0.559998 -0.260803 0.000000
vt  0.559662 -0.249695 0.000000
vt  0.611511 -0.263245 0.000000
vt  0.504883 -0.262390 0.000000
vt  0.462280 -0.252686 0.000000
vt  0.502563 -0.250732 0.000000
vt  0.466949 -0.264801 0.000000
vt  0.462280 -0.252686 0.000000
vt  0.504883 -0.262390 0.000000
vt  0.462158 -0.302643 0.000000
vt  0.417816 -0.292450 0.000000
vt  0.444916 -0.283844 0.000000
vt  0.430328 -0.302643 0.000000
vt  0.417816 -0.292450 0.000000
vt  0.462158 -0.302643 0.000000
vt  0.542847 -0.287354 0.000000
vt  0.498718 -0.302643 0.000000
vt  0.476715 -0.285645 0.000000
vt  0.542847 -0.302643 0.000000
vt  0.498718 -0.302643 0.000000
vt  0.542847 -0.287354 0.000000
vt  0.542847 -0.302643 0.000000
vt  0.611420 -0.288086 0.000000
vt  0.609009 -0.302643 0.000000
vt  0.542847 -0.287354 0.000000
vt  0.611420 -0.288086 0.000000
vt  0.542847 -0.302643 0.000000
vt  0.610168 -0.252502 0.000000
vt  0.680908 -0.280670 0.000000
vt  0.611511 -0.263245 0.000000
vt  0.684479 -0.273163 0.000000
vt  0.680908 -0.280670 0.000000
vt  0.610168 -0.252502 0.000000
vt  0.476715 -0.285645 0.000000
vt  0.462158 -0.302643 0.000000
vt  0.444916 -0.283844 0.000000
vt  0.498718 -0.302643 0.000000
vt  0.462158 -0.302643 0.000000
vt  0.476715 -0.285645 0.000000
vt  0.430328 -0.302643 0.000000
vt  0.413849 -0.312622 0.000000
vt  0.417816 -0.292450 0.000000
vt  0.430328 -0.324982 0.000000
vt  0.413849 -0.312622 0.000000
vt  0.430328 -0.302643 0.000000
vt  0.559662 -0.249695 0.000000
vt  0.504883 -0.262390 0.000000
vt  0.502563 -0.250732 0.000000
vt  0.559998 -0.260803 0.000000
vt  0.504883 -0.262390 0.000000
vt  0.559662 -0.249695 0.000000
vt  0.466949 -0.264801 0.000000
vt  0.425018 -0.258301 0.000000
vt  0.462280 -0.252686 0.000000
vt  0.433868 -0.271942 0.000000
vt  0.425018 -0.258301 0.000000
vt  0.466949 -0.264801 0.000000
vt  0.413849 -0.312622 0.000000
vt  0.403320 -0.285278 0.000000
vt  0.417816 -0.292450 0.000000
vt  0.401733 -0.312622 0.000000
vt  0.403320 -0.285278 0.000000
vt  0.413849 -0.312622 0.000000
vt  0.542847 -0.287354 0.000000
vt  0.611511 -0.263245 0.000000
vt  0.611420 -0.288086 0.000000
vt  0.559998 -0.260803 0.000000
vt  0.611511 -0.263245 0.000000
vt  0.542847 -0.287354 0.000000
vt  0.417816 -0.292450 0.000000
vt  0.462158 -0.302643 0.000000
vt  0.444916 -0.283844 0.000000
vt  0.430328 -0.302643 0.000000
vt  0.462158 -0.302643 0.000000
vt  0.417816 -0.292450 0.000000
vt  0.498718 -0.302643 0.000000
vt  0.542847 -0.287354 0.000000
vt  0.476715 -0.285645 0.000000
vt  0.542847 -0.302643 0.000000
vt  0.542847 -0.287354 0.000000
vt  0.498718 -0.302643 0.000000
vt  0.611420 -0.288086 0.000000
vt  0.542847 -0.302643 0.000000
vt  0.609009 -0.302643 0.000000
vt  0.542847 -0.287354 0.000000
vt  0.542847 -0.302643 0.000000
vt  0.611420 -0.288086 0.000000
vt  0.680908 -0.280670 0.000000
vt  0.610168 -0.252502 0.000000
vt  0.611511 -0.263245 0.000000
vt  0.684479 -0.273163 0.000000
vt  0.610168 -0.252502 0.000000
vt  0.680908 -0.280670 0.000000
vt  0.462158 -0.302643 0.000000
vt  0.476715 -0.285645 0.000000
vt  0.444916 -0.283844 0.000000
vt  0.498718 -0.302643 0.000000
vt  0.476715 -0.285645 0.000000
vt  0.462158 -0.302643 0.000000
vt  0.413849 -0.312622 0.000000
vt  0.430328 -0.302643 0.000000
vt  0.417816 -0.292450 0.000000
vt  0.430328 -0.324982 0.000000
vt  0.430328 -0.302643 0.000000
vt  0.413849 -0.312622 0.000000
vt  0.593384 -0.439148 0.000000
vt  0.544220 -0.376038 0.000000
vt  0.545807 -0.431580 0.000000
vt  0.594910 -0.393738 0.000000
vt  0.544220 -0.376038 0.000000
vt  0.593384 -0.439148 0.000000
vt  0.504883 -0.262390 0.000000
vt  0.559662 -0.249695 0.000000
vt  0.502563 -0.250732 0.000000
vt  0.559998 -0.260803 0.000000
vt  0.559662 -0.249695 0.000000
vt  0.504883 -0.262390 0.000000
vt  0.425018 -0.258301 0.000000
vt  0.466949 -0.264801 0.000000
vt  0.462280 -0.252686 0.000000
vt  0.433868 -0.271942 0.000000
vt  0.466949 -0.264801 0.000000
vt  0.425018 -0.258301 0.000000
vt  0.403320 -0.285278 0.000000
vt  0.413849 -0.312622 0.000000
vt  0.417816 -0.292450 0.000000
vt  0.401733 -0.312622 0.000000
vt  0.413849 -0.312622 0.000000
vt  0.403320 -0.285278 0.000000
vt  0.611511 -0.263245 0.000000
vt  0.542847 -0.287354 0.000000
vt  0.611420 -0.288086 0.000000
vt  0.559998 -0.260803 0.000000
vt  0.542847 -0.287354 0.000000
vt  0.611511 -0.263245 0.000000
vt  0.559662 -0.249695 0.000000
vt  0.611511 -0.263245 0.000000
vt  0.610168 -0.252502 0.000000
vt  0.559998 -0.260803 0.000000
vt  0.611511 -0.263245 0.000000
vt  0.559662 -0.249695 0.000000
vt  0.462280 -0.252686 0.000000
vt  0.504883 -0.262390 0.000000
vt  0.502563 -0.250732 0.000000
vt  0.466949 -0.264801 0.000000
vt  0.504883 -0.262390 0.000000
vt  0.462280 -0.252686 0.000000
vt  0.850830 -0.408539 0.000000
vt  0.868164 -0.387390 0.000000
vt  0.842407 -0.378662 0.000000
vt  0.779572 -0.415039 0.000000
vt  0.804138 -0.381958 0.000000
vt  0.788818 -0.366974 0.000000
vt  0.313568 -0.601898 0.000000
vt  0.394470 -0.710846 0.000000
vt  0.315063 -0.719330 0.000000
vt  0.398804 -0.599579 0.000000
vt  0.394470 -0.710846 0.000000
vt  0.313568 -0.601898 0.000000
vt  0.779572 -0.415039 0.000000
vt  0.788818 -0.366974 0.000000
vt  0.760864 -0.379456 0.000000
vt  0.804138 -0.381958 0.000000
vt  0.779572 -0.415039 0.000000
vt  0.822174 -0.430664 0.000000
vt  0.273987 -0.227142 0.000000
vt  0.206116 -0.244843 0.000000
vt  0.261658 -0.218536 0.000000
vt  0.206451 -0.263947 0.000000
vt  0.206116 -0.244843 0.000000
vt  0.273987 -0.227142 0.000000
vt  0.292664 -0.146942 0.000000
vt  0.261658 -0.218536 0.000000
vt  0.281067 -0.147217 0.000000
vt  0.273987 -0.227142 0.000000
vt  0.261658 -0.218536 0.000000
vt  0.292664 -0.146942 0.000000
vt  0.268707 -0.320679 0.000000
vt  0.206451 -0.263947 0.000000
vt  0.273987 -0.227142 0.000000
vt  0.206451 -0.339050 0.000000
vt  0.206451 -0.263947 0.000000
vt  0.268707 -0.320679 0.000000
vt  0.378510 -0.174561 0.000000
vt  0.273987 -0.227142 0.000000
vt  0.292664 -0.146942 0.000000
vt  0.357208 -0.228119 0.000000
vt  0.273987 -0.227142 0.000000
vt  0.378510 -0.174561 0.000000
vt  0.206451 -0.263947 0.000000
vt  0.268707 -0.320679 0.000000
vt  0.273987 -0.227142 0.000000
vt  0.206451 -0.339050 0.000000
vt  0.268707 -0.320679 0.000000
vt  0.206451 -0.263947 0.000000
vt  0.273987 -0.227142 0.000000
vt  0.378510 -0.174561 0.000000
vt  0.292664 -0.146942 0.000000
vt  0.357208 -0.228119 0.000000
vt  0.378510 -0.174561 0.000000
vt  0.273987 -0.227142 0.000000
vt  0.760864 -0.379456 0.000000
vt  0.754761 -0.426697 0.000000
vt  0.779572 -0.415039 0.000000
vt  0.217499 -0.601898 0.000000
vt  0.130493 -0.601898 0.000000
vt  0.223480 -0.725983 0.000000
vt  0.045837 -0.601898 0.000000
vt  0.139587 -0.731903 0.000000
vt  0.130493 -0.601898 0.000000
vt  0.842407 -0.378662 0.000000
vt  0.822174 -0.430664 0.000000
vt  0.850830 -0.408539 0.000000
vt  0.822174 -0.430664 0.000000
vt  0.779572 -0.415039 0.000000
vt  0.754761 -0.426697 0.000000
vt  0.398804 -0.599579 0.000000
vt  0.313568 -0.601898 0.000000
vt  0.394470 -0.710846 0.000000
vt  0.217499 -0.601898 0.000000
vt  0.315063 -0.719330 0.000000
vt  0.313568 -0.601898 0.000000
vt  0.868164 -0.387390 0.000000
vt  0.893890 -0.378662 0.000000
vt  0.868164 -0.355530 0.000000
vt  0.885498 -0.408539 0.000000
vt  0.893890 -0.378662 0.000000
vt  0.868164 -0.387390 0.000000
vt  0.206451 -0.263947 0.000000
vt  0.273987 -0.227142 0.000000
vt  0.206116 -0.244843 0.000000
vt  0.956726 -0.415039 0.000000
vt  0.947510 -0.366974 0.000000
vt  0.932159 -0.381958 0.000000
vt  0.273987 -0.227142 0.000000
vt  0.292664 -0.146942 0.000000
vt  0.261658 -0.218536 0.000000
vt  0.258148 -0.072571 0.000000
vt  0.281067 -0.147217 0.000000
vt  0.251526 -0.082825 0.000000
vt  0.292664 -0.146942 0.000000
vt  0.281067 -0.147217 0.000000
vt  0.258148 -0.072571 0.000000
vt  0.350037 -0.058075 0.000000
vt  0.292664 -0.146942 0.000000
vt  0.258148 -0.072571 0.000000
vt  0.368927 -0.106628 0.000000
vt  0.292664 -0.146942 0.000000
vt  0.350037 -0.058075 0.000000
vt  0.956726 -0.415039 0.000000
vt  0.975433 -0.379456 0.000000
vt  0.947510 -0.366974 0.000000
vt  0.622498 -0.489014 0.000000
vt  0.636688 -0.446136 0.000000
vt  0.651428 -0.439972 0.000000
vt  0.622498 -0.489014 0.000000
vt  0.651428 -0.439972 0.000000
vt  0.636688 -0.446136 0.000000
vt  0.557434 -0.490387 0.000000
vt  0.569489 -0.554413 0.000000
vt  0.550232 -0.541443 0.000000
vt  0.611969 -0.547455 0.000000
vt  0.590363 -0.491211 0.000000
vt  0.622498 -0.489014 0.000000
vt  0.557434 -0.490387 0.000000
vt  0.550232 -0.541443 0.000000
vt  0.569489 -0.554413 0.000000
vt  0.593384 -0.439148 0.000000
vt  0.559998 -0.479431 0.000000
vt  0.591003 -0.488464 0.000000
vt  0.611969 -0.547455 0.000000
vt  0.622498 -0.489014 0.000000
vt  0.590363 -0.491211 0.000000
vt  0.545807 -0.431580 0.000000
vt  0.593384 -0.439148 0.000000
vt  0.559998 -0.479431 0.000000
vt  0.932159 -0.381958 0.000000
vt  0.914154 -0.430664 0.000000
vt  0.956726 -0.415039 0.000000
vt  0.975433 -0.379456 0.000000
vt  0.956726 -0.415039 0.000000
vt  0.981567 -0.426697 0.000000
vt  0.893890 -0.378662 0.000000
vt  0.885498 -0.408539 0.000000
vt  0.914154 -0.430664 0.000000
vt  0.914154 -0.430664 0.000000
vt  0.981567 -0.426697 0.000000
vt  0.956726 -0.415039 0.000000
vt  0.476715 -0.285645 0.000000
vt  0.466949 -0.264801 0.000000
vt  0.504883 -0.262390 0.000000
vt  0.476715 -0.285645 0.000000
vt  0.504883 -0.262390 0.000000
vt  0.542847 -0.287354 0.000000
vt  0.602631 -0.394775 0.000000
vt  0.594910 -0.393738 0.000000
vt  0.601837 -0.335114 0.000000
vt  0.601837 -0.335114 0.000000
vt  0.655914 -0.352722 0.000000
vt  0.602631 -0.394775 0.000000
vt  0.655914 -0.352722 0.000000
vt  0.688568 -0.383484 0.000000
vt  0.642487 -0.400208 0.000000
vt  0.473816 -0.443237 0.000000
vt  0.511871 -0.442078 0.000000
vt  0.493134 -0.415802 0.000000
vt  0.444611 -0.356384 0.000000
vt  0.430328 -0.377258 0.000000
vt  0.444458 -0.377258 0.000000
vt  0.430328 -0.302643 0.000000
vt  0.449280 -0.340240 0.000000
vt  0.453339 -0.326569 0.000000
vt  0.453339 -0.326569 0.000000
vt  0.470520 -0.324677 0.000000
vt  0.462158 -0.302643 0.000000
vt  0.449280 -0.340240 0.000000
vt  0.430328 -0.353973 0.000000
vt  0.444611 -0.356384 0.000000
vt  0.470520 -0.324677 0.000000
vt  0.496155 -0.326538 0.000000
vt  0.498718 -0.302643 0.000000
vt  0.430328 -0.353973 0.000000
vt  0.430328 -0.377258 0.000000
vt  0.444611 -0.356384 0.000000
vt  0.470520 -0.324677 0.000000
vt  0.498718 -0.302643 0.000000
vt  0.462158 -0.302643 0.000000
vt  0.449280 -0.340240 0.000000
vt  0.430328 -0.324982 0.000000
vt  0.430328 -0.353973 0.000000
vt  0.670135 -0.304199 0.000000
vt  0.601837 -0.335114 0.000000
vt  0.655914 -0.352722 0.000000
vt  0.655914 -0.352722 0.000000
vt  0.602631 -0.394775 0.000000
vt  0.642487 -0.400208 0.000000
vt  0.688568 -0.383484 0.000000
vt  0.642487 -0.400208 0.000000
vt  0.667816 -0.407318 0.000000
vt  0.496155 -0.326538 0.000000
vt  0.544250 -0.327972 0.000000
vt  0.542847 -0.302643 0.000000
vt  0.401733 -0.363953 0.000000
vt  0.401733 -0.377258 0.000000
vt  0.430328 -0.353973 0.000000
vt  0.680908 -0.280670 0.000000
vt  0.732941 -0.305420 0.000000
vt  0.684479 -0.273163 0.000000
vt  0.722107 -0.318848 0.000000
vt  0.732941 -0.305420 0.000000
vt  0.670135 -0.304199 0.000000
vt  0.542847 -0.302643 0.000000
vt  0.498718 -0.302643 0.000000
vt  0.496155 -0.326538 0.000000
vt  0.417816 -0.292450 0.000000
vt  0.444916 -0.283844 0.000000
vt  0.433868 -0.271942 0.000000
vt  0.444916 -0.283844 0.000000
vt  0.466949 -0.264801 0.000000
vt  0.433868 -0.271942 0.000000
vt  0.401733 -0.377258 0.000000
vt  0.430328 -0.377258 0.000000
vt  0.430328 -0.353973 0.000000
vt  0.401733 -0.363953 0.000000
vt  0.413849 -0.312622 0.000000
vt  0.401733 -0.312622 0.000000
vt  0.609009 -0.302643 0.000000
vt  0.544250 -0.327972 0.000000
vt  0.601837 -0.335114 0.000000
vt  0.594910 -0.393738 0.000000
vt  0.601837 -0.335114 0.000000
vt  0.544220 -0.376038 0.000000
vt  0.545807 -0.431580 0.000000
vt  0.511871 -0.442078 0.000000
vt  0.559998 -0.479431 0.000000
vt  0.430328 -0.353973 0.000000
vt  0.430328 -0.324982 0.000000
vt  0.413849 -0.312622 0.000000
vt  0.688568 -0.383484 0.000000
vt  0.722107 -0.318848 0.000000
vt  0.655914 -0.352722 0.000000
vt  0.491669 -0.372162 0.000000
vt  0.544220 -0.376038 0.000000
vt  0.544250 -0.327972 0.000000
vt  0.559998 -0.479431 0.000000
vt  0.511871 -0.442078 0.000000
vt  0.473816 -0.443237 0.000000
vt  0.655914 -0.352722 0.000000
vt  0.722107 -0.318848 0.000000
vt  0.670135 -0.304199 0.000000
vt  0.609009 -0.302643 0.000000
vt  0.601837 -0.335114 0.000000
vt  0.670135 -0.304199 0.000000
vt  0.542847 -0.302643 0.000000
vt  0.544250 -0.327972 0.000000
vt  0.609009 -0.302643 0.000000
vt  0.430328 -0.353973 0.000000
vt  0.413849 -0.312622 0.000000
vt  0.401733 -0.363953 0.000000
vt  0.545807 -0.431580 0.000000
vt  0.544220 -0.376038 0.000000
vt  0.493134 -0.415802 0.000000
vt  0.511871 -0.442078 0.000000
vt  0.545807 -0.431580 0.000000
vt  0.493134 -0.415802 0.000000
vt  0.470520 -0.324677 0.000000
vt  0.491669 -0.372162 0.000000
vt  0.496155 -0.326538 0.000000
vt  0.403320 -0.285278 0.000000
vt  0.417816 -0.292450 0.000000
vt  0.433868 -0.271942 0.000000
vt  0.504883 -0.262390 0.000000
vt  0.542847 -0.287354 0.000000
vt  0.559998 -0.260803 0.000000
vt  0.670135 -0.304199 0.000000
vt  0.611420 -0.288086 0.000000
vt  0.609009 -0.302643 0.000000
vt  0.680908 -0.280670 0.000000
vt  0.611420 -0.288086 0.000000
vt  0.670135 -0.304199 0.000000
vt  0.670135 -0.304199 0.000000
vt  0.732941 -0.305420 0.000000
vt  0.680908 -0.280670 0.000000
vt  0.403320 -0.285278 0.000000
vt  0.433868 -0.271942 0.000000
vt  0.425018 -0.258301 0.000000
vt  0.444916 -0.283844 0.000000
vt  0.476715 -0.285645 0.000000
vt  0.466949 -0.264801 0.000000
vt  0.680908 -0.280670 0.000000
vt  0.611511 -0.263245 0.000000
vt  0.611420 -0.288086 0.000000
vt  0.439880 -0.480225 0.000000
vt  0.472351 -0.474243 0.000000
vt  0.413940 -0.450409 0.000000
vt  0.418793 -0.421906 0.000000
vt  0.413940 -0.450409 0.000000
vt  0.472351 -0.474243 0.000000
vt  0.491669 -0.372162 0.000000
vt  0.544250 -0.327972 0.000000
vt  0.496155 -0.326538 0.000000
vt  0.544220 -0.376038 0.000000
vt  0.601837 -0.335114 0.000000
vt  0.544250 -0.327972 0.000000
vt  0.493134 -0.415802 0.000000
vt  0.544220 -0.376038 0.000000
vt  0.491669 -0.372162 0.000000
vt  0.453339 -0.326569 0.000000
vt  0.462158 -0.302643 0.000000
vt  0.430328 -0.302643 0.000000
vt  0.430328 -0.324982 0.000000
vt  0.449280 -0.340240 0.000000
vt  0.430328 -0.302643 0.000000
vt  0.277069 -0.010651 0.000000
vt  0.207031 -0.027740 0.000000
vt  0.206451 -0.052429 0.000000
vt  0.473816 -0.443237 0.000000
vt  0.493134 -0.415802 0.000000
vt  0.511871 -0.442078 0.000000
vt  0.444611 -0.356384 0.000000
vt  0.444458 -0.377258 0.000000
vt  0.430328 -0.377258 0.000000
vt  0.430328 -0.302643 0.000000
vt  0.453339 -0.326569 0.000000
vt  0.449280 -0.340240 0.000000
vt  0.453339 -0.326569 0.000000
vt  0.462158 -0.302643 0.000000
vt  0.470520 -0.324677 0.000000
vt  0.449280 -0.340240 0.000000
vt  0.444611 -0.356384 0.000000
vt  0.430328 -0.353973 0.000000
vt  0.470520 -0.324677 0.000000
vt  0.498718 -0.302643 0.000000
vt  0.496155 -0.326538 0.000000
vt  0.430328 -0.353973 0.000000
vt  0.444611 -0.356384 0.000000
vt  0.430328 -0.377258 0.000000
vt  0.470520 -0.324677 0.000000
vt  0.462158 -0.302643 0.000000
vt  0.498718 -0.302643 0.000000
vt  0.449280 -0.340240 0.000000
vt  0.430328 -0.353973 0.000000
vt  0.430328 -0.324982 0.000000
vt  0.670135 -0.304199 0.000000
vt  0.655914 -0.352722 0.000000
vt  0.601837 -0.335114 0.000000
vt  0.655914 -0.352722 0.000000
vt  0.642487 -0.400208 0.000000
vt  0.602631 -0.394775 0.000000
vt  0.688568 -0.383484 0.000000
vt  0.667816 -0.407318 0.000000
vt  0.642487 -0.400208 0.000000
vt  0.496155 -0.326538 0.000000
vt  0.542847 -0.302643 0.000000
vt  0.544250 -0.327972 0.000000
vt  0.401733 -0.363953 0.000000
vt  0.430328 -0.353973 0.000000
vt  0.401733 -0.377258 0.000000
vt  0.680908 -0.280670 0.000000
vt  0.684479 -0.273163 0.000000
vt  0.732941 -0.305420 0.000000
vt  0.722107 -0.318848 0.000000
vt  0.670135 -0.304199 0.000000
vt  0.732941 -0.305420 0.000000
vt  0.542847 -0.302643 0.000000
vt  0.496155 -0.326538 0.000000
vt  0.498718 -0.302643 0.000000
vt  0.417816 -0.292450 0.000000
vt  0.433868 -0.271942 0.000000
vt  0.444916 -0.283844 0.000000
vt  0.444916 -0.283844 0.000000
vt  0.433868 -0.271942 0.000000
vt  0.466949 -0.264801 0.000000
vt  0.401733 -0.377258 0.000000
vt  0.430328 -0.353973 0.000000
vt  0.430328 -0.377258 0.000000
vt  0.401733 -0.363953 0.000000
vt  0.401733 -0.312622 0.000000
vt  0.413849 -0.312622 0.000000
vt  0.609009 -0.302643 0.000000
vt  0.601837 -0.335114 0.000000
vt  0.544250 -0.327972 0.000000
vt  0.594910 -0.393738 0.000000
vt  0.544220 -0.376038 0.000000
vt  0.601837 -0.335114 0.000000
vt  0.545807 -0.431580 0.000000
vt  0.559998 -0.479431 0.000000
vt  0.511871 -0.442078 0.000000
vt  0.602631 -0.394775 0.000000
vt  0.601837 -0.335114 0.000000
vt  0.594910 -0.393738 0.000000
vt  0.601837 -0.335114 0.000000
vt  0.602631 -0.394775 0.000000
vt  0.655914 -0.352722 0.000000
vt  0.655914 -0.352722 0.000000
vt  0.642487 -0.400208 0.000000
vt  0.688568 -0.383484 0.000000
vt  0.536987 -0.501343 0.000000
vt  0.550232 -0.541443 0.000000
vt  0.557434 -0.490387 0.000000
vt  0.536987 -0.501343 0.000000
vt  0.557434 -0.490387 0.000000
vt  0.550232 -0.541443 0.000000
vt  0.536987 -0.501343 0.000000
vt  0.550232 -0.541443 0.000000
vt  0.525604 -0.597626 0.000000
vt  0.472046 -0.597290 0.000000
vt  0.525604 -0.597626 0.000000
vt  0.536987 -0.501343 0.000000
vt  0.536987 -0.501343 0.000000
vt  0.525604 -0.597626 0.000000
vt  0.550232 -0.541443 0.000000
vt  0.472046 -0.597290 0.000000
vt  0.536987 -0.501343 0.000000
vt  0.525604 -0.597626 0.000000
vt  0.688568 -0.383484 0.000000
vt  0.655914 -0.352722 0.000000
vt  0.722107 -0.318848 0.000000
vt  0.491669 -0.372162 0.000000
vt  0.544250 -0.327972 0.000000
vt  0.544220 -0.376038 0.000000
vt  0.489319 -0.713562 0.000000
vt  0.525604 -0.597626 0.000000
vt  0.468384 -0.703644 0.000000
vt  0.489319 -0.713562 0.000000
vt  0.468384 -0.703644 0.000000
vt  0.525604 -0.597626 0.000000
vt  0.559998 -0.479431 0.000000
vt  0.473816 -0.443237 0.000000
vt  0.511871 -0.442078 0.000000
vt  0.655914 -0.352722 0.000000
vt  0.670135 -0.304199 0.000000
vt  0.722107 -0.318848 0.000000
vt  0.609009 -0.302643 0.000000
vt  0.670135 -0.304199 0.000000
vt  0.601837 -0.335114 0.000000
vt  0.542847 -0.302643 0.000000
vt  0.609009 -0.302643 0.000000
vt  0.544250 -0.327972 0.000000
vt  0.430328 -0.353973 0.000000
vt  0.401733 -0.363953 0.000000
vt  0.413849 -0.312622 0.000000
vt  0.545807 -0.431580 0.000000
vt  0.493134 -0.415802 0.000000
vt  0.544220 -0.376038 0.000000
vt  0.868164 -0.355530 0.000000
vt  0.822174 -0.331360 0.000000
vt  0.842407 -0.378662 0.000000
vt  0.804138 -0.381958 0.000000
vt  0.822174 -0.331360 0.000000
vt  0.788818 -0.366974 0.000000
vt  0.868164 -0.355530 0.000000
vt  0.868164 -0.335480 0.000000
vt  0.822174 -0.331360 0.000000
vt  0.842407 -0.378662 0.000000
vt  0.822174 -0.331360 0.000000
vt  0.822174 -0.430664 0.000000
vt  0.868164 -0.355530 0.000000
vt  0.893890 -0.378662 0.000000
vt  0.914154 -0.331360 0.000000
vt  0.932159 -0.381958 0.000000
vt  0.947510 -0.366974 0.000000
vt  0.914154 -0.331360 0.000000
vt  0.472046 -0.597290 0.000000
vt  0.468384 -0.703644 0.000000
vt  0.525604 -0.597626 0.000000
vt  0.472046 -0.597290 0.000000
vt  0.525604 -0.597626 0.000000
vt  0.468384 -0.703644 0.000000
vt  0.398804 -0.599579 0.000000
vt  0.468384 -0.703644 0.000000
vt  0.394470 -0.710846 0.000000
vt  0.868164 -0.355530 0.000000
vt  0.914154 -0.331360 0.000000
vt  0.868164 -0.335480 0.000000
vt  0.398804 -0.599579 0.000000
vt  0.394470 -0.710846 0.000000
vt  0.468384 -0.703644 0.000000
vt  0.893890 -0.378662 0.000000
vt  0.914154 -0.430664 0.000000
vt  0.914154 -0.331360 0.000000
vt  0.511871 -0.442078 0.000000
vt  0.493134 -0.415802 0.000000
vt  0.545807 -0.431580 0.000000
vt  0.470520 -0.324677 0.000000
vt  0.496155 -0.326538 0.000000
vt  0.491669 -0.372162 0.000000
vt  0.403320 -0.285278 0.000000
vt  0.433868 -0.271942 0.000000
vt  0.417816 -0.292450 0.000000
vt  0.504883 -0.262390 0.000000
vt  0.559998 -0.260803 0.000000
vt  0.542847 -0.287354 0.000000
vt  0.670135 -0.304199 0.000000
vt  0.609009 -0.302643 0.000000
vt  0.611420 -0.288086 0.000000
vt  0.680908 -0.280670 0.000000
vt  0.670135 -0.304199 0.000000
vt  0.611420 -0.288086 0.000000
vt  0.670135 -0.304199 0.000000
vt  0.680908 -0.280670 0.000000
vt  0.732941 -0.305420 0.000000
vt  0.403320 -0.285278 0.000000
vt  0.425018 -0.258301 0.000000
vt  0.433868 -0.271942 0.000000
vt  0.444916 -0.283844 0.000000
vt  0.466949 -0.264801 0.000000
vt  0.476715 -0.285645 0.000000
vt  0.680908 -0.280670 0.000000
vt  0.611420 -0.288086 0.000000
vt  0.611511 -0.263245 0.000000
vt  0.439880 -0.480225 0.000000
vt  0.413940 -0.450409 0.000000
vt  0.472351 -0.474243 0.000000
vt  0.418793 -0.421906 0.000000
vt  0.472351 -0.474243 0.000000
vt  0.413940 -0.450409 0.000000
vt  0.491669 -0.372162 0.000000
vt  0.496155 -0.326538 0.000000
vt  0.544250 -0.327972 0.000000
vt  0.544220 -0.376038 0.000000
vt  0.544250 -0.327972 0.000000
vt  0.601837 -0.335114 0.000000
vt  0.493134 -0.415802 0.000000
vt  0.491669 -0.372162 0.000000
vt  0.544220 -0.376038 0.000000
vt  0.453339 -0.326569 0.000000
vt  0.430328 -0.302643 0.000000
vt  0.462158 -0.302643 0.000000
vt  0.151550 -0.516479 0.000000
vt  0.130493 -0.601898 0.000000
vt  0.094208 -0.514893 0.000000
vt  0.130493 -0.601898 0.000000
vt  0.045837 -0.601898 0.000000
vt  0.094208 -0.514893 0.000000
vt  0.268707 -0.320679 0.000000
vt  0.319855 -0.281311 0.000000
vt  0.273987 -0.227142 0.000000
vt  0.319855 -0.281311 0.000000
vt  0.357208 -0.228119 0.000000
vt  0.273987 -0.227142 0.000000
vt  0.378510 -0.174561 0.000000
vt  0.368927 -0.106628 0.000000
vt  0.292664 -0.146942 0.000000
vt  0.094208 -0.514893 0.000000
vt  0.040131 -0.503082 0.000000
vt  0.045837 -0.601898 0.000000
vt  0.217499 -0.601898 0.000000
vt  0.313568 -0.601898 0.000000
vt  0.314514 -0.509979 0.000000
vt  0.151550 -0.516479 0.000000
vt  0.130493 -0.601898 0.000000
vt  0.217499 -0.601898 0.000000
vt  0.314514 -0.509979 0.000000
vt  0.313568 -0.601898 0.000000
vt  0.398804 -0.599579 0.000000
vt  0.398804 -0.599579 0.000000
vt  0.472046 -0.597290 0.000000
vt  0.482147 -0.503937 0.000000
vt  0.536987 -0.501343 0.000000
vt  0.482147 -0.503937 0.000000
vt  0.472046 -0.597290 0.000000
vt  0.482147 -0.503937 0.000000
vt  0.406250 -0.519409 0.000000
vt  0.398804 -0.599579 0.000000
vt  0.314514 -0.509979 0.000000
vt  0.228394 -0.522491 0.000000
vt  0.217499 -0.601898 0.000000
vt  0.217499 -0.601898 0.000000
vt  0.228394 -0.522491 0.000000
vt  0.151550 -0.516479 0.000000
vt  0.398804 -0.599579 0.000000
vt  0.406250 -0.519409 0.000000
vt  0.314514 -0.509979 0.000000
vt  0.151550 -0.516479 0.000000
vt  0.094208 -0.514893 0.000000
vt  0.130493 -0.601898 0.000000
vt  0.130493 -0.601898 0.000000
vt  0.094208 -0.514893 0.000000
vt  0.045837 -0.601898 0.000000
vt  0.268707 -0.320679 0.000000
vt  0.273987 -0.227142 0.000000
vt  0.319855 -0.281311 0.000000
vt  0.430328 -0.353973 0.000000
vt  0.413849 -0.312622 0.000000
vt  0.430328 -0.324982 0.000000
vt  0.378510 -0.174561 0.000000
vt  0.292664 -0.146942 0.000000
vt  0.368927 -0.106628 0.000000
vt  0.094208 -0.514893 0.000000
vt  0.045837 -0.601898 0.000000
vt  0.040131 -0.503082 0.000000
vt  0.217499 -0.601898 0.000000
vt  0.314514 -0.509979 0.000000
vt  0.313568 -0.601898 0.000000
vt  0.151550 -0.516479 0.000000
vt  0.217499 -0.601898 0.000000
vt  0.130493 -0.601898 0.000000
vt  0.314514 -0.509979 0.000000
vt  0.398804 -0.599579 0.000000
vt  0.313568 -0.601898 0.000000
vt  0.398804 -0.599579 0.000000
vt  0.482147 -0.503937 0.000000
vt  0.472046 -0.597290 0.000000
vt  0.536987 -0.501343 0.000000
vt  0.472046 -0.597290 0.000000
vt  0.482147 -0.503937 0.000000
vt  0.482147 -0.503937 0.000000
vt  0.398804 -0.599579 0.000000
vt  0.406250 -0.519409 0.000000
vt  0.314514 -0.509979 0.000000
vt  0.217499 -0.601898 0.000000
vt  0.228394 -0.522491 0.000000
vt  0.217499 -0.601898 0.000000
vt  0.151550 -0.516479 0.000000
vt  0.228394 -0.522491 0.000000
vt  0.398804 -0.599579 0.000000
vt  0.314514 -0.509979 0.000000
vt  0.406250 -0.519409 0.000000
vt  0.430328 -0.324982 0.000000
vt  0.430328 -0.302643 0.000000
vt  0.449280 -0.340240 0.000000
vt  0.277069 -0.010651 0.000000
vt  0.545807 -0.431580 0.000000
vt  0.559998 -0.479431 0.000000
vt  0.593384 -0.439148 0.000000
vt  0.476715 -0.285645 0.000000
vt  0.504883 -0.262390 0.000000
vt  0.466949 -0.264801 0.000000
vt  0.350037 -0.058075 0.000000
vt  0.313141 -0.033020 0.000000
vt  0.258148 -0.072571 0.000000
vt  0.313141 -0.033020 0.000000
vt  0.277069 -0.010651 0.000000
vt  0.206451 -0.052429 0.000000
vt  0.313141 -0.033020 0.000000
vt  0.206451 -0.052429 0.000000
vt  0.258148 -0.072571 0.000000
vt  0.350037 -0.058075 0.000000
vt  0.258148 -0.072571 0.000000
vt  0.313141 -0.033020 0.000000
vt  0.313141 -0.033020 0.000000
vt  0.206451 -0.052429 0.000000
vt  0.277069 -0.010651 0.000000
vt  0.313141 -0.033020 0.000000
vt  0.258148 -0.072571 0.000000
vt  0.206451 -0.052429 0.000000
vt  0.896301 -0.296631 0.000000
vt  0.868164 -0.335480 0.000000
vt  0.914154 -0.331360 0.000000
vt  0.896301 -0.296631 0.000000
vt  0.840027 -0.296631 0.000000
vt  0.868164 -0.335480 0.000000
vt  0.840027 -0.296631 0.000000
vt  0.805115 -0.306366 0.000000
vt  0.822174 -0.331360 0.000000
vt  0.896301 -0.296631 0.000000
vt  0.914154 -0.331360 0.000000
vt  0.931183 -0.306366 0.000000
vt  0.936676 -0.269897 0.000000
vt  0.899384 -0.242096 0.000000
vt  0.896301 -0.296631 0.000000
vt  0.836945 -0.242096 0.000000
vt  0.799622 -0.269897 0.000000
vt  0.840027 -0.296631 0.000000
vt  0.817719 -0.213135 0.000000
vt  0.778290 -0.256927 0.000000
vt  0.815704 -0.225494 0.000000
vt  0.958008 -0.256927 0.000000
vt  0.920593 -0.225494 0.000000
vt  0.936676 -0.269897 0.000000
vt  0.476715 -0.285645 0.000000
vt  0.542847 -0.287354 0.000000
vt  0.504883 -0.262390 0.000000
vt  0.319855 -0.281311 0.000000
vt  0.273987 -0.227142 0.000000
vt  0.357208 -0.228119 0.000000
vt  0.778290 -0.256927 0.000000
vt  0.756714 -0.362305 0.000000
vt  0.799622 -0.269897 0.000000
vt  0.958008 -0.256927 0.000000
vt  0.979614 -0.362305 0.000000
vt  0.993195 -0.320923 0.000000
vt  0.817719 -0.213135 0.000000
vt  0.868164 -0.223633 0.000000
vt  0.918579 -0.213135 0.000000
vt  0.918579 -0.213135 0.000000
vt  0.868164 -0.223633 0.000000
vt  0.920593 -0.225494 0.000000
vt  0.820648 -0.540680 0.000000
vt  0.804535 -0.502716 0.000000
vt  0.783173 -0.498962 0.000000
vt  0.798126 -0.457367 0.000000
vt  0.822174 -0.430664 0.000000
vt  0.743103 -0.448669 0.000000
vt  0.932587 -0.502716 0.000000
vt  0.916473 -0.540680 0.000000
vt  0.953949 -0.498962 0.000000
vt  0.899384 -0.242096 0.000000
vt  0.868164 -0.223633 0.000000
vt  0.836945 -0.242096 0.000000
vt  0.770966 -0.853241 0.000000
vt  0.697418 -0.951630 0.000000
vt  0.689270 -0.899353 0.000000
vt  0.784637 -0.892670 0.000000
vt  0.697418 -0.951630 0.000000
vt  0.770966 -0.853241 0.000000
vt  0.780334 -0.578247 0.000000
vt  0.805756 -0.618652 0.000000
vt  0.772003 -0.603455 0.000000
vt  0.778290 -0.256927 0.000000
vt  0.743103 -0.320923 0.000000
vt  0.756714 -0.362305 0.000000
vt  0.743103 -0.448669 0.000000
vt  0.822174 -0.430664 0.000000
vt  0.754761 -0.426697 0.000000
vt  0.765503 -0.795776 0.000000
vt  0.752319 -0.719971 0.000000
vt  0.836182 -0.757690 0.000000
vt  0.815704 -0.225494 0.000000
vt  0.778290 -0.256927 0.000000
vt  0.799622 -0.269897 0.000000
vt  0.744659 -0.622406 0.000000
vt  0.772003 -0.603455 0.000000
vt  0.803986 -0.652435 0.000000
vt  0.752319 -0.719971 0.000000
vt  0.836182 -0.757690 0.000000
vt  0.812469 -0.696655 0.000000
vt  0.765503 -0.795776 0.000000
vt  0.836182 -0.757690 0.000000
vt  0.752319 -0.719971 0.000000
vt  0.697418 -0.951630 0.000000
vt  0.588470 -0.919037 0.000000
vt  0.689270 -0.899353 0.000000
vt  0.583282 -0.962921 0.000000
vt  0.588470 -0.919037 0.000000
vt  0.697418 -0.951630 0.000000
vt  0.815704 -0.225494 0.000000
vt  0.799622 -0.269897 0.000000
vt  0.836945 -0.242096 0.000000
vt  0.788818 -0.366974 0.000000
vt  0.805115 -0.306366 0.000000
vt  0.760864 -0.379456 0.000000
vt  0.772003 -0.603455 0.000000
vt  0.803986 -0.652435 0.000000
vt  0.805756 -0.618652 0.000000
vt  0.744659 -0.622406 0.000000
vt  0.803986 -0.652435 0.000000
vt  0.772003 -0.603455 0.000000
vt  0.770966 -0.853241 0.000000
vt  0.697388 -0.815857 0.000000
vt  0.765503 -0.795776 0.000000
vt  0.689270 -0.899353 0.000000
vt  0.697388 -0.815857 0.000000
vt  0.770966 -0.853241 0.000000
vt  0.709290 -0.990570 0.000000
vt  0.583282 -0.962921 0.000000
vt  0.697418 -0.951630 0.000000
vt  0.582031 -0.988831 0.000000
vt  0.583282 -0.962921 0.000000
vt  0.709290 -0.990570 0.000000
vt  0.816284 -0.950287 0.000000
vt  0.697418 -0.951630 0.000000
vt  0.784637 -0.892670 0.000000
vt  0.709290 -0.990570 0.000000
vt  0.697418 -0.951630 0.000000
vt  0.816284 -0.950287 0.000000
vt  0.697418 -0.951630 0.000000
vt  0.816284 -0.950287 0.000000
vt  0.784637 -0.892670 0.000000
vt  0.709290 -0.990570 0.000000
vt  0.816284 -0.950287 0.000000
vt  0.697418 -0.951630 0.000000
vt  0.697418 -0.951630 0.000000
vt  0.770966 -0.853241 0.000000
vt  0.689270 -0.899353 0.000000
vt  0.784637 -0.892670 0.000000
vt  0.770966 -0.853241 0.000000
vt  0.697418 -0.951630 0.000000
vt  0.588470 -0.919037 0.000000
vt  0.697418 -0.951630 0.000000
vt  0.689270 -0.899353 0.000000
vt  0.583282 -0.962921 0.000000
vt  0.697418 -0.951630 0.000000
vt  0.588470 -0.919037 0.000000
vt  0.583282 -0.962921 0.000000
vt  0.709290 -0.990570 0.000000
vt  0.697418 -0.951630 0.000000
vt  0.582031 -0.988831 0.000000
vt  0.709290 -0.990570 0.000000
vt  0.583282 -0.962921 0.000000
vt  0.697388 -0.815857 0.000000
vt  0.770966 -0.853241 0.000000
vt  0.765503 -0.795776 0.000000
vt  0.689270 -0.899353 0.000000
vt  0.770966 -0.853241 0.000000
vt  0.697388 -0.815857 0.000000
vt  0.836945 -0.242096 0.000000
vt  0.868164 -0.223633 0.000000
vt  0.815704 -0.225494 0.000000
vt  0.799622 -0.269897 0.000000
vt  0.805115 -0.306366 0.000000
vt  0.840027 -0.296631 0.000000
vt  0.958008 -0.256927 0.000000
vt  0.936676 -0.269897 0.000000
vt  0.979614 -0.362305 0.000000
vt  0.993195 -0.448669 0.000000
vt  0.981567 -0.426697 0.000000
vt  0.914154 -0.430664 0.000000
vt  0.817719 -0.213135 0.000000
vt  0.815704 -0.225494 0.000000
vt  0.868164 -0.223633 0.000000
vt  0.918579 -0.213135 0.000000
vt  0.920593 -0.225494 0.000000
vt  0.958008 -0.256927 0.000000
vt  0.920593 -0.225494 0.000000
vt  0.899384 -0.242096 0.000000
vt  0.936676 -0.269897 0.000000
vt  0.947510 -0.366974 0.000000
vt  0.975433 -0.379456 0.000000
vt  0.931183 -0.306366 0.000000
vt  0.868164 -0.223633 0.000000
vt  0.899384 -0.242096 0.000000
vt  0.920593 -0.225494 0.000000
vt  0.993195 -0.448669 0.000000
vt  0.914154 -0.430664 0.000000
vt  0.938599 -0.457367 0.000000
vt  0.936676 -0.269897 0.000000
vt  0.896301 -0.296631 0.000000
vt  0.931183 -0.306366 0.000000
vt  0.725616 -0.650085 0.000000
vt  0.744659 -0.622406 0.000000
vt  0.803986 -0.652435 0.000000
vt  0.103668 -0.018616 0.000000
vt  0.149567 -0.053741 0.000000
vt  0.024445 -0.069275 0.000000
vt  0.784637 -0.892670 0.000000
vt  0.849548 -0.796600 0.000000
vt  0.871124 -0.840912 0.000000
vt  0.752319 -0.719971 0.000000
vt  0.803986 -0.652435 0.000000
vt  0.812469 -0.696655 0.000000
vt  0.278320 -0.434998 0.000000
vt  0.348328 -0.438873 0.000000
vt  0.319366 -0.485870 0.000000
vt  0.725616 -0.650085 0.000000
vt  0.752319 -0.719971 0.000000
vt  0.803986 -0.652435 0.000000
vt  0.784637 -0.892670 0.000000
vt  0.816284 -0.950287 0.000000
vt  0.871124 -0.840912 0.000000
vt  0.278320 -0.434998 0.000000
vt  0.273682 -0.420044 0.000000
vt  0.348328 -0.438873 0.000000
vt  0.725616 -0.650085 0.000000
vt  0.803986 -0.652435 0.000000
vt  0.744659 -0.622406 0.000000
vt  0.278320 -0.434998 0.000000
vt  0.319366 -0.485870 0.000000
vt  0.348328 -0.438873 0.000000
vt  0.278320 -0.434998 0.000000
vt  0.348328 -0.438873 0.000000
vt  0.273682 -0.420044 0.000000
vt  0.725616 -0.650085 0.000000
vt  0.803986 -0.652435 0.000000
vt  0.752319 -0.719971 0.000000
vt  0.784637 -0.892670 0.000000
vt  0.871124 -0.840912 0.000000
vt  0.816284 -0.950287 0.000000
vt  0.207703 -0.005249 0.000000
vt  0.277069 -0.010651 0.000000
vt  0.207031 -0.027740 0.000000
vt  0.752319 -0.719971 0.000000
vt  0.812469 -0.696655 0.000000
vt  0.803986 -0.652435 0.000000
vt  0.784637 -0.892670 0.000000
vt  0.871124 -0.840912 0.000000
vt  0.849548 -0.796600 0.000000
vt  0.277069 -0.010651 0.000000
vt  0.024445 -0.069275 0.000000
vt  0.170563 -0.102356 0.000000
vt  0.149567 -0.053741 0.000000
vt  0.103668 -0.018616 0.000000
vt  0.024445 -0.069275 0.000000
vt  0.149567 -0.053741 0.000000
vt  0.024445 -0.069275 0.000000
vt  0.149567 -0.053741 0.000000
vt  0.170563 -0.102356 0.000000
vt  0.365570 -0.380249 0.000000
vt  0.395020 -0.402313 0.000000
vt  0.344513 -0.426331 0.000000
vt  0.588470 -0.919037 0.000000
vt  0.697388 -0.815857 0.000000
vt  0.689270 -0.899353 0.000000
vt  0.588470 -0.919037 0.000000
vt  0.613617 -0.826813 0.000000
vt  0.697388 -0.815857 0.000000
vt  0.725616 -0.650085 0.000000
vt  0.752319 -0.719971 0.000000
vt  0.672211 -0.737915 0.000000
vt  0.697388 -0.815857 0.000000
vt  0.672211 -0.737915 0.000000
vt  0.752319 -0.719971 0.000000
vt  0.697388 -0.815857 0.000000
vt  0.765503 -0.795776 0.000000
vt  0.752319 -0.719971 0.000000
vt  0.613617 -0.826813 0.000000
vt  0.697388 -0.815857 0.000000
vt  0.672211 -0.737915 0.000000
vt  0.635925 -0.677887 0.000000
vt  0.672211 -0.737915 0.000000
vt  0.725616 -0.650085 0.000000
vt  0.588470 -0.919037 0.000000
vt  0.689270 -0.899353 0.000000
vt  0.697388 -0.815857 0.000000
vt  0.697388 -0.815857 0.000000
vt  0.752319 -0.719971 0.000000
vt  0.765503 -0.795776 0.000000
vt  0.613617 -0.826813 0.000000
vt  0.672211 -0.737915 0.000000
vt  0.697388 -0.815857 0.000000
vt  0.635925 -0.677887 0.000000
vt  0.725616 -0.650085 0.000000
vt  0.672211 -0.737915 0.000000
vt  0.588470 -0.919037 0.000000
vt  0.697388 -0.815857 0.000000
vt  0.613617 -0.826813 0.000000
vt  0.725616 -0.650085 0.000000
vt  0.672211 -0.737915 0.000000
vt  0.752319 -0.719971 0.000000
vt  0.697388 -0.815857 0.000000
vt  0.752319 -0.719971 0.000000
vt  0.672211 -0.737915 0.000000
vt  0.365570 -0.380249 0.000000
vt  0.317322 -0.377930 0.000000
vt  0.346069 -0.331177 0.000000
vt  0.365570 -0.380249 0.000000
vt  0.344513 -0.426331 0.000000
vt  0.395020 -0.402313 0.000000
vt  0.365570 -0.380249 0.000000
vt  0.346069 -0.331177 0.000000
vt  0.317322 -0.377930 0.000000
vt  0.080902 -0.417572 0.000000
vt  0.164978 -0.400879 0.000000
vt  0.088318 -0.401794 0.000000
vt  0.088318 -0.401794 0.000000
vt  0.164978 -0.400879 0.000000
vt  0.165283 -0.382965 0.000000
vt  0.165283 -0.382965 0.000000
vt  0.164978 -0.400879 0.000000
vt  0.260101 -0.370117 0.000000
vt  0.260101 -0.370117 0.000000
vt  0.164978 -0.400879 0.000000
vt  0.268890 -0.398010 0.000000
vt  0.080902 -0.417572 0.000000
vt  0.088318 -0.401794 0.000000
vt  0.164978 -0.400879 0.000000
vt  0.164978 -0.400879 0.000000
vt  0.088318 -0.401794 0.000000
vt  0.165283 -0.382965 0.000000
vt  0.165283 -0.382965 0.000000
vt  0.260101 -0.370117 0.000000
vt  0.164978 -0.400879 0.000000
vt  0.164978 -0.400879 0.000000
vt  0.260101 -0.370117 0.000000
vt  0.268890 -0.398010 0.000000
vt  0.822174 -0.430664 0.000000
vt  0.914154 -0.430664 0.000000
vt  0.850830 -0.408539 0.000000
vt  0.850830 -0.408539 0.000000
vt  0.914154 -0.430664 0.000000
vt  0.885498 -0.408539 0.000000
vt  0.952332 -0.648438 0.000000
vt  0.938324 -0.707581 0.000000
vt  0.914917 -0.673767 0.000000
vt  0.273682 -0.420044 0.000000
vt  0.268890 -0.398010 0.000000
vt  0.344513 -0.426331 0.000000
vt  0.948883 -0.612152 0.000000
vt  0.914703 -0.645660 0.000000
vt  0.896088 -0.635864 0.000000
vt  0.260101 -0.370117 0.000000
vt  0.295258 -0.358246 0.000000
vt  0.268890 -0.398010 0.000000
vt  0.268890 -0.398010 0.000000
vt  0.295258 -0.358246 0.000000
vt  0.317322 -0.377930 0.000000
vt  0.952332 -0.648438 0.000000
vt  0.914917 -0.673767 0.000000
vt  0.938324 -0.707581 0.000000
vt  0.783173 -0.498962 0.000000
vt  0.804535 -0.502716 0.000000
vt  0.743103 -0.448669 0.000000
vt  0.948883 -0.612152 0.000000
vt  0.896088 -0.635864 0.000000
vt  0.914703 -0.645660 0.000000
vt  0.743103 -0.448669 0.000000
vt  0.804535 -0.502716 0.000000
vt  0.798126 -0.457367 0.000000
vt  0.672546 -0.521790 0.000000
vt  0.710602 -0.589264 0.000000
vt  0.661438 -0.534088 0.000000
vt  0.916473 -0.540680 0.000000
vt  0.932587 -0.502716 0.000000
vt  0.820648 -0.540680 0.000000
vt  0.661438 -0.534088 0.000000
vt  0.692871 -0.593872 0.000000
vt  0.652100 -0.552246 0.000000
vt  0.820648 -0.540680 0.000000
vt  0.932587 -0.502716 0.000000
vt  0.804535 -0.502716 0.000000
vt  0.666534 -0.601471 0.000000
vt  0.635925 -0.677887 0.000000
vt  0.605286 -0.619598 0.000000
vt  0.725616 -0.650085 0.000000
vt  0.635925 -0.677887 0.000000
vt  0.666534 -0.601471 0.000000
vt  0.635925 -0.677887 0.000000
vt  0.561890 -0.603271 0.000000
vt  0.605286 -0.619598 0.000000
vt  0.539642 -0.659515 0.000000
vt  0.561890 -0.603271 0.000000
vt  0.635925 -0.677887 0.000000
vt  0.622498 -0.489014 0.000000
vt  0.652100 -0.552246 0.000000
vt  0.611969 -0.547455 0.000000
vt  0.661438 -0.534088 0.000000
vt  0.652100 -0.552246 0.000000
vt  0.622498 -0.489014 0.000000
vt  0.561890 -0.603271 0.000000
vt  0.635925 -0.677887 0.000000
vt  0.605286 -0.619598 0.000000
vt  0.539642 -0.659515 0.000000
vt  0.635925 -0.677887 0.000000
vt  0.561890 -0.603271 0.000000
vt  0.652100 -0.552246 0.000000
vt  0.622498 -0.489014 0.000000
vt  0.611969 -0.547455 0.000000
vt  0.661438 -0.534088 0.000000
vt  0.622498 -0.489014 0.000000
vt  0.652100 -0.552246 0.000000
vt  0.635925 -0.677887 0.000000
vt  0.666534 -0.601471 0.000000
vt  0.605286 -0.619598 0.000000
vt  0.725616 -0.650085 0.000000
vt  0.666534 -0.601471 0.000000
vt  0.635925 -0.677887 0.000000
vt  0.804535 -0.502716 0.000000
vt  0.932587 -0.502716 0.000000
vt  0.798126 -0.457367 0.000000
vt  0.798126 -0.457367 0.000000
vt  0.932587 -0.502716 0.000000
vt  0.938599 -0.457367 0.000000
vt  0.772003 -0.603455 0.000000
vt  0.710602 -0.589264 0.000000
vt  0.725128 -0.578064 0.000000
vt  0.744659 -0.622406 0.000000
vt  0.710602 -0.589264 0.000000
vt  0.772003 -0.603455 0.000000
vt  0.692871 -0.593872 0.000000
vt  0.661438 -0.534088 0.000000
vt  0.652100 -0.552246 0.000000
vt  0.938599 -0.457367 0.000000
vt  0.914154 -0.430664 0.000000
vt  0.798126 -0.457367 0.000000
vt  0.798126 -0.457367 0.000000
vt  0.914154 -0.430664 0.000000
vt  0.822174 -0.430664 0.000000
vt  0.744659 -0.622406 0.000000
vt  0.772003 -0.603455 0.000000
vt  0.710602 -0.589264 0.000000
vt  0.780334 -0.578247 0.000000
vt  0.725128 -0.578064 0.000000
vt  0.739929 -0.546875 0.000000
vt  0.772003 -0.603455 0.000000
vt  0.725128 -0.578064 0.000000
vt  0.780334 -0.578247 0.000000
vt  0.024445 -0.036560 0.000000
vt  0.077759 -0.003845 0.000000
vt  0.024445 -0.069275 0.000000
vt  0.772003 -0.603455 0.000000
vt  0.780334 -0.578247 0.000000
vt  0.725128 -0.578064 0.000000
vt  0.582031 -0.988831 0.000000
vt  0.461975 -0.951416 0.000000
vt  0.583282 -0.962921 0.000000
vt  0.024445 -0.069275 0.000000
vt  0.077759 -0.003845 0.000000
vt  0.103668 -0.018616 0.000000
vt  0.588470 -0.919037 0.000000
vt  0.461975 -0.951416 0.000000
vt  0.470856 -0.919037 0.000000
vt  0.583282 -0.962921 0.000000
vt  0.461975 -0.951416 0.000000
vt  0.588470 -0.919037 0.000000
vt  0.024445 -0.036560 0.000000
vt  0.024445 -0.069275 0.000000
vt  0.077759 -0.003845 0.000000
vt  0.077759 -0.003845 0.000000
vt  0.024445 -0.069275 0.000000
vt  0.103668 -0.018616 0.000000
vt  0.439880 -0.480225 0.000000
vt  0.413940 -0.450409 0.000000
vt  0.389008 -0.470215 0.000000
vt  0.583282 -0.962921 0.000000
vt  0.588470 -0.919037 0.000000
vt  0.461975 -0.951416 0.000000
vt  0.439880 -0.480225 0.000000
vt  0.389008 -0.470215 0.000000
vt  0.413940 -0.450409 0.000000
vt  0.413940 -0.450409 0.000000
vt  0.389008 -0.470215 0.000000
vt  0.348328 -0.438873 0.000000
vt  0.932587 -0.502716 0.000000
vt  0.953949 -0.498962 0.000000
vt  0.938599 -0.457367 0.000000
vt  0.938599 -0.457367 0.000000
vt  0.953949 -0.498962 0.000000
vt  0.993195 -0.448669 0.000000
vt  0.760864 -0.379456 0.000000
vt  0.743103 -0.448669 0.000000
vt  0.754761 -0.426697 0.000000
vt  0.899384 -0.242096 0.000000
vt  0.836945 -0.242096 0.000000
vt  0.896301 -0.296631 0.000000
vt  0.896301 -0.296631 0.000000
vt  0.836945 -0.242096 0.000000
vt  0.840027 -0.296631 0.000000
vt  0.993195 -0.448669 0.000000
vt  0.975433 -0.379456 0.000000
vt  0.981567 -0.426697 0.000000
vt  0.489319 -0.713562 0.000000
vt  0.539642 -0.659515 0.000000
vt  0.574188 -0.731415 0.000000
vt  0.613617 -0.826813 0.000000
vt  0.574188 -0.731415 0.000000
vt  0.672211 -0.737915 0.000000
vt  0.635925 -0.677887 0.000000
vt  0.574188 -0.731415 0.000000
vt  0.672211 -0.737915 0.000000
vt  0.613617 -0.826813 0.000000
vt  0.574188 -0.731415 0.000000
vt  0.545654 -0.812561 0.000000
vt  0.613617 -0.826813 0.000000
vt  0.672211 -0.737915 0.000000
vt  0.574188 -0.731415 0.000000
vt  0.635925 -0.677887 0.000000
vt  0.672211 -0.737915 0.000000
vt  0.574188 -0.731415 0.000000
vt  0.613617 -0.826813 0.000000
vt  0.545654 -0.812561 0.000000
vt  0.574188 -0.731415 0.000000
vt  0.273682 -0.420044 0.000000
vt  0.344513 -0.426331 0.000000
vt  0.268890 -0.398010 0.000000
vt  0.703033 -0.506805 0.000000
vt  0.725128 -0.578064 0.000000
vt  0.672546 -0.521790 0.000000
vt  0.703033 -0.506805 0.000000
vt  0.672546 -0.521790 0.000000
vt  0.725128 -0.578064 0.000000
vt  0.268890 -0.398010 0.000000
vt  0.344513 -0.426331 0.000000
vt  0.317322 -0.377930 0.000000
vt  0.744659 -0.622406 0.000000
vt  0.692871 -0.593872 0.000000
vt  0.710602 -0.589264 0.000000
vt  0.703033 -0.506805 0.000000
vt  0.739929 -0.546875 0.000000
vt  0.725128 -0.578064 0.000000
vt  0.703033 -0.506805 0.000000
vt  0.725128 -0.578064 0.000000
vt  0.739929 -0.546875 0.000000
vt  0.744659 -0.622406 0.000000
vt  0.710602 -0.589264 0.000000
vt  0.692871 -0.593872 0.000000
vt  0.692871 -0.593872 0.000000
vt  0.725616 -0.650085 0.000000
vt  0.666534 -0.601471 0.000000
vt  0.260101 -0.370117 0.000000
vt  0.268890 -0.398010 0.000000
vt  0.295258 -0.358246 0.000000
vt  0.395020 -0.402313 0.000000
vt  0.344513 -0.426331 0.000000
vt  0.418793 -0.421906 0.000000
vt  0.418793 -0.421906 0.000000
vt  0.344513 -0.426331 0.000000
vt  0.387421 -0.430481 0.000000
vt  0.395020 -0.402313 0.000000
vt  0.418793 -0.421906 0.000000
vt  0.344513 -0.426331 0.000000
vt  0.936676 -0.269897 0.000000
vt  0.896301 -0.296631 0.000000
vt  0.899384 -0.242096 0.000000
vt  0.836945 -0.242096 0.000000
vt  0.840027 -0.296631 0.000000
vt  0.799622 -0.269897 0.000000
vt  0.539642 -0.659515 0.000000
vt  0.547424 -0.597809 0.000000
vt  0.561890 -0.603271 0.000000
vt  0.744659 -0.622406 0.000000
vt  0.692871 -0.593872 0.000000
vt  0.725616 -0.650085 0.000000
vt  0.692871 -0.593872 0.000000
vt  0.666534 -0.601471 0.000000
vt  0.725616 -0.650085 0.000000
vt  0.744659 -0.622406 0.000000
vt  0.725616 -0.650085 0.000000
vt  0.692871 -0.593872 0.000000
vt  0.588470 -0.919037 0.000000
vt  0.478638 -0.883636 0.000000
vt  0.613617 -0.826813 0.000000
vt  0.817719 -0.213135 0.000000
vt  0.815704 -0.225494 0.000000
vt  0.778290 -0.256927 0.000000
vt  0.588470 -0.919037 0.000000
vt  0.613617 -0.826813 0.000000
vt  0.478638 -0.883636 0.000000
vt  0.958008 -0.256927 0.000000
vt  0.936676 -0.269897 0.000000
vt  0.920593 -0.225494 0.000000
vt  0.817719 -0.213135 0.000000
vt  0.918579 -0.213135 0.000000
vt  0.868164 -0.223633 0.000000
vt  0.918579 -0.213135 0.000000
vt  0.920593 -0.225494 0.000000
vt  0.868164 -0.223633 0.000000
vt  0.820648 -0.540680 0.000000
vt  0.783173 -0.498962 0.000000
vt  0.804535 -0.502716 0.000000
vt  0.932587 -0.502716 0.000000
vt  0.953949 -0.498962 0.000000
vt  0.916473 -0.540680 0.000000
vt  0.539642 -0.659515 0.000000
vt  0.561890 -0.603271 0.000000
vt  0.547424 -0.597809 0.000000
vt  0.539642 -0.659515 0.000000
vt  0.635925 -0.677887 0.000000
vt  0.574188 -0.731415 0.000000
vt  0.489319 -0.713562 0.000000
vt  0.574188 -0.731415 0.000000
vt  0.539642 -0.659515 0.000000
vt  0.539642 -0.659515 0.000000
vt  0.574188 -0.731415 0.000000
vt  0.635925 -0.677887 0.000000
vt  0.899384 -0.242096 0.000000
vt  0.836945 -0.242096 0.000000
vt  0.868164 -0.223633 0.000000
vt  0.815704 -0.225494 0.000000
vt  0.799622 -0.269897 0.000000
vt  0.778290 -0.256927 0.000000
vt  0.815704 -0.225494 0.000000
vt  0.836945 -0.242096 0.000000
vt  0.799622 -0.269897 0.000000
vt  0.836945 -0.242096 0.000000
vt  0.815704 -0.225494 0.000000
vt  0.868164 -0.223633 0.000000
vt  0.817719 -0.213135 0.000000
vt  0.868164 -0.223633 0.000000
vt  0.815704 -0.225494 0.000000
vt  0.856171 -0.164246 0.000000
vt  0.757019 -0.165100 0.000000
vt  0.856171 -0.188660 0.000000
vt  0.856171 -0.164246 0.000000
vt  0.757019 -0.155121 0.000000
vt  0.757019 -0.165100 0.000000
vt  0.918579 -0.213135 0.000000
vt  0.958008 -0.256927 0.000000
vt  0.920593 -0.225494 0.000000
vt  0.920593 -0.225494 0.000000
vt  0.936676 -0.269897 0.000000
vt  0.899384 -0.242096 0.000000
vt  0.868164 -0.223633 0.000000
vt  0.920593 -0.225494 0.000000
vt  0.899384 -0.242096 0.000000
vt  0.970490 -0.208618 0.000000
vt  0.970490 -0.202820 0.000000
vt  0.977783 -0.188110 0.000000
vt  0.970490 -0.202820 0.000000
vt  0.970490 -0.208618 0.000000
vt  0.977783 -0.188110 0.000000
vt  0.778290 -0.256927 0.000000
vt  0.799622 -0.269897 0.000000
vt  0.756714 -0.362305 0.000000
vt  0.958008 -0.256927 0.000000
vt  0.993195 -0.320923 0.000000
vt  0.979614 -0.362305 0.000000
vt  0.896301 -0.296631 0.000000
vt  0.914154 -0.331360 0.000000
vt  0.868164 -0.335480 0.000000
vt  0.778290 -0.256927 0.000000
vt  0.756714 -0.362305 0.000000
vt  0.743103 -0.320923 0.000000
vt  0.896301 -0.296631 0.000000
vt  0.868164 -0.335480 0.000000
vt  0.840027 -0.296631 0.000000
vt  0.840027 -0.296631 0.000000
vt  0.822174 -0.331360 0.000000
vt  0.805115 -0.306366 0.000000
vt  0.799622 -0.269897 0.000000
vt  0.840027 -0.296631 0.000000
vt  0.805115 -0.306366 0.000000
vt  0.958008 -0.256927 0.000000
vt  0.979614 -0.362305 0.000000
vt  0.936676 -0.269897 0.000000
vt  0.896301 -0.296631 0.000000
vt  0.931183 -0.306366 0.000000
vt  0.914154 -0.331360 0.000000
vt  0.936676 -0.269897 0.000000
vt  0.931183 -0.306366 0.000000
vt  0.896301 -0.296631 0.000000
vt  0.970490 -0.188904 0.000000
vt  0.970490 -0.202820 0.000000
vt  0.977783 -0.188110 0.000000
vt  0.970490 -0.034576 0.000000
vt  0.977783 -0.049316 0.000000
vt  0.970490 -0.048492 0.000000
vt  0.970490 -0.028809 0.000000
vt  0.977783 -0.049316 0.000000
vt  0.970490 -0.034576 0.000000
vt  0.885498 -0.408539 0.000000
vt  0.850830 -0.408539 0.000000
vt  0.868164 -0.387390 0.000000
vt  0.868164 -0.387390 0.000000
vt  0.842407 -0.378662 0.000000
vt  0.868164 -0.355530 0.000000
vt  0.850830 -0.408539 0.000000
vt  0.842407 -0.378662 0.000000
vt  0.868164 -0.387390 0.000000
vt  0.779572 -0.415039 0.000000
vt  0.788818 -0.366974 0.000000
vt  0.804138 -0.381958 0.000000
vt  0.779572 -0.415039 0.000000
vt  0.760864 -0.379456 0.000000
vt  0.788818 -0.366974 0.000000
vt  0.804138 -0.381958 0.000000
vt  0.822174 -0.430664 0.000000
vt  0.779572 -0.415039 0.000000
vt  0.760864 -0.379456 0.000000
vt  0.779572 -0.415039 0.000000
vt  0.754761 -0.426697 0.000000
vt  0.842407 -0.378662 0.000000
vt  0.850830 -0.408539 0.000000
vt  0.822174 -0.430664 0.000000
vt  0.822174 -0.430664 0.000000
vt  0.754761 -0.426697 0.000000
vt  0.779572 -0.415039 0.000000
vt  0.868164 -0.387390 0.000000
vt  0.868164 -0.355530 0.000000
vt  0.893890 -0.378662 0.000000
vt  0.885498 -0.408539 0.000000
vt  0.868164 -0.387390 0.000000
vt  0.893890 -0.378662 0.000000
vt  0.956726 -0.415039 0.000000
vt  0.932159 -0.381958 0.000000
vt  0.947510 -0.366974 0.000000
vt  0.956726 -0.415039 0.000000
vt  0.947510 -0.366974 0.000000
vt  0.975433 -0.379456 0.000000
vt  0.932159 -0.381958 0.000000
vt  0.956726 -0.415039 0.000000
vt  0.914154 -0.430664 0.000000
vt  0.975433 -0.379456 0.000000
vt  0.981567 -0.426697 0.000000
vt  0.956726 -0.415039 0.000000
vt  0.893890 -0.378662 0.000000
vt  0.914154 -0.430664 0.000000
vt  0.885498 -0.408539 0.000000
vt  0.914154 -0.430664 0.000000
vt  0.956726 -0.415039 0.000000
vt  0.981567 -0.426697 0.000000
vt  0.970490 -0.048492 0.000000
vt  0.977783 -0.049316 0.000000
vt  0.970490 -0.034576 0.000000
vt  0.868164 -0.355530 0.000000
vt  0.842407 -0.378662 0.000000
vt  0.822174 -0.331360 0.000000
vt  0.804138 -0.381958 0.000000
vt  0.788818 -0.366974 0.000000
vt  0.822174 -0.331360 0.000000
vt  0.868164 -0.355530 0.000000
vt  0.822174 -0.331360 0.000000
vt  0.868164 -0.335480 0.000000
vt  0.788818 -0.366974 0.000000
vt  0.760864 -0.379456 0.000000
vt  0.805115 -0.306366 0.000000
vt  0.842407 -0.378662 0.000000
vt  0.822174 -0.430664 0.000000
vt  0.822174 -0.331360 0.000000
vt  0.868164 -0.355530 0.000000
vt  0.914154 -0.331360 0.000000
vt  0.893890 -0.378662 0.000000
vt  0.932159 -0.381958 0.000000
vt  0.914154 -0.331360 0.000000
vt  0.947510 -0.366974 0.000000
vt  0.868164 -0.355530 0.000000
vt  0.868164 -0.335480 0.000000
vt  0.914154 -0.331360 0.000000
vt  0.947510 -0.366974 0.000000
vt  0.931183 -0.306366 0.000000
vt  0.975433 -0.379456 0.000000
vt  0.893890 -0.378662 0.000000
vt  0.914154 -0.331360 0.000000
vt  0.914154 -0.430664 0.000000
vt  0.970490 -0.062439 0.000000
vt  0.970490 -0.048492 0.000000
vt  0.977783 -0.049316 0.000000
vt  0.970490 -0.068207 0.000000
vt  0.970490 -0.062439 0.000000
vt  0.977783 -0.049316 0.000000
vt  0.970490 -0.062439 0.000000
vt  0.970490 -0.068207 0.000000
vt  0.977783 -0.049316 0.000000
vt  0.931274 -0.164795 0.000000
vt  0.856171 -0.155121 0.000000
vt  0.856171 -0.164246 0.000000
vt  0.931274 -0.155121 0.000000
vt  0.856171 -0.155121 0.000000
vt  0.931274 -0.164795 0.000000
vt  0.970490 -0.048492 0.000000
vt  0.970490 -0.062439 0.000000
vt  0.977783 -0.049316 0.000000
vt  0.970490 -0.105438 0.000000
vt  0.977783 -0.119354 0.000000
vt  0.970490 -0.119354 0.000000
vt  0.970490 -0.099670 0.000000
vt  0.977783 -0.119354 0.000000
vt  0.970490 -0.105438 0.000000
vt  0.970490 -0.105438 0.000000
vt  0.977783 -0.119354 0.000000
vt  0.970490 -0.099670 0.000000
vt  0.970490 -0.119354 0.000000
vt  0.977783 -0.119354 0.000000
vt  0.970490 -0.105438 0.000000
vt  0.970490 -0.133301 0.000000
vt  0.970490 -0.119354 0.000000
vt  0.977783 -0.119354 0.000000
vt  0.970490 -0.139069 0.000000
vt  0.970490 -0.133301 0.000000
vt  0.977783 -0.119354 0.000000
vt  0.970490 -0.133301 0.000000
vt  0.970490 -0.139069 0.000000
vt  0.977783 -0.119354 0.000000
vt  0.970490 -0.119354 0.000000
vt  0.970490 -0.133301 0.000000
vt  0.977783 -0.119354 0.000000
vt  0.970490 -0.034576 0.000000
vt  0.977783 -0.049316 0.000000
vt  0.970490 -0.028809 0.000000
vt  0.970490 -0.174957 0.000000
vt  0.977783 -0.188110 0.000000
vt  0.970490 -0.188904 0.000000
vt  0.970490 -0.169189 0.000000
vt  0.977783 -0.188110 0.000000
vt  0.970490 -0.174957 0.000000
vt  0.970490 -0.174957 0.000000
vt  0.977783 -0.188110 0.000000
vt  0.970490 -0.169189 0.000000
vt  0.970490 -0.188904 0.000000
vt  0.977783 -0.188110 0.000000
vt  0.970490 -0.174957 0.000000
vt  0.970490 -0.202820 0.000000
vt  0.970490 -0.188904 0.000000
vt  0.977783 -0.188110 0.000000
vt  0.916473 -0.540680 0.000000
vt  0.820648 -0.540680 0.000000
vt  0.932587 -0.502716 0.000000
vt  0.932587 -0.502716 0.000000
vt  0.820648 -0.540680 0.000000
vt  0.804535 -0.502716 0.000000
vt  0.899384 -0.242096 0.000000
vt  0.896301 -0.296631 0.000000
vt  0.836945 -0.242096 0.000000
vt  0.836945 -0.242096 0.000000
vt  0.896301 -0.296631 0.000000
vt  0.840027 -0.296631 0.000000
vt  0.783173 -0.498962 0.000000
vt  0.743103 -0.448669 0.000000
vt  0.804535 -0.502716 0.000000
vt  0.804535 -0.502716 0.000000
vt  0.743103 -0.448669 0.000000
vt  0.798126 -0.457367 0.000000
vt  0.804535 -0.502716 0.000000
vt  0.798126 -0.457367 0.000000
vt  0.932587 -0.502716 0.000000
vt  0.938599 -0.457367 0.000000
vt  0.931274 -0.072815 0.000000
vt  0.931274 -0.050079 0.000000
vt  0.856171 -0.072815 0.000000
vt  0.932587 -0.502716 0.000000
vt  0.938599 -0.457367 0.000000
vt  0.953949 -0.498962 0.000000
vt  0.931274 -0.083313 0.000000
vt  0.931274 -0.072815 0.000000
vt  0.856171 -0.083313 0.000000
vt  0.953949 -0.498962 0.000000
vt  0.938599 -0.457367 0.000000
vt  0.993195 -0.448669 0.000000
vt  0.931274 -0.072815 0.000000
vt  0.931274 -0.083313 0.000000
vt  0.856171 -0.072815 0.000000
vt  0.822174 -0.430664 0.000000
vt  0.850830 -0.408539 0.000000
vt  0.914154 -0.430664 0.000000
vt  0.931274 -0.050079 0.000000
vt  0.931274 -0.072815 0.000000
vt  0.856171 -0.050079 0.000000
vt  0.931274 -0.027039 0.000000
vt  0.856171 -0.050079 0.000000
vt  0.856171 -0.025665 0.000000
vt  0.931274 -0.050079 0.000000
vt  0.856171 -0.050079 0.000000
vt  0.931274 -0.027039 0.000000
vt  0.931274 -0.017487 0.000000
vt  0.856171 -0.025665 0.000000
vt  0.856171 -0.015564 0.000000
vt  0.931274 -0.027039 0.000000
vt  0.856171 -0.025665 0.000000
vt  0.931274 -0.017487 0.000000
vt  0.931274 -0.027039 0.000000
vt  0.856171 -0.015564 0.000000
vt  0.856171 -0.025665 0.000000
vt  0.931274 -0.017487 0.000000
vt  0.856171 -0.015564 0.000000
vt  0.931274 -0.027039 0.000000
vt  0.931274 -0.050079 0.000000
vt  0.856171 -0.025665 0.000000
vt  0.856171 -0.050079 0.000000
vt  0.931274 -0.027039 0.000000
vt  0.856171 -0.025665 0.000000
vt  0.931274 -0.050079 0.000000
vt  0.914154 -0.430664 0.000000
vt  0.850830 -0.408539 0.000000
vt  0.885498 -0.408539 0.000000
vt  0.931274 -0.210876 0.000000
vt  0.931274 -0.187836 0.000000
vt  0.856171 -0.213074 0.000000
vt  0.914154 -0.430664 0.000000
vt  0.798126 -0.457367 0.000000
vt  0.822174 -0.430664 0.000000
vt  0.931274 -0.220428 0.000000
vt  0.931274 -0.210876 0.000000
vt  0.856171 -0.223175 0.000000
vt  0.975433 -0.379456 0.000000
vt  0.993195 -0.448669 0.000000
vt  0.981567 -0.426697 0.000000
vt  0.931274 -0.210876 0.000000
vt  0.931274 -0.220428 0.000000
vt  0.856171 -0.213074 0.000000
vt  0.931274 -0.164795 0.000000
vt  0.931274 -0.187836 0.000000
vt  0.856171 -0.164246 0.000000
vt  0.931274 -0.187836 0.000000
vt  0.931274 -0.210876 0.000000
vt  0.856171 -0.188660 0.000000
vt  0.931274 -0.164795 0.000000
vt  0.856171 -0.188660 0.000000
vt  0.856171 -0.164246 0.000000
vt  0.931274 -0.187836 0.000000
vt  0.856171 -0.188660 0.000000
vt  0.931274 -0.164795 0.000000
vt  0.931274 -0.155121 0.000000
vt  0.856171 -0.164246 0.000000
vt  0.856171 -0.155121 0.000000
vt  0.931274 -0.164795 0.000000
vt  0.856171 -0.164246 0.000000
vt  0.931274 -0.155121 0.000000
vt  0.856171 -0.164246 0.000000
vt  0.931274 -0.187836 0.000000
vt  0.856171 -0.188660 0.000000
vt  0.931274 -0.155121 0.000000
vt  0.931274 -0.164795 0.000000
vt  0.856171 -0.155121 0.000000
vt  0.931274 -0.187836 0.000000
vt  0.856171 -0.164246 0.000000
vt  0.856171 -0.188660 0.000000
vt  0.931274 -0.164795 0.000000
vt  0.856171 -0.164246 0.000000
vt  0.931274 -0.187836 0.000000
vt  0.931274 -0.164795 0.000000
vt  0.931274 -0.155121 0.000000
vt  0.856171 -0.164246 0.000000
vt  0.931274 -0.142426 0.000000
vt  0.931274 -0.119354 0.000000
vt  0.856171 -0.143768 0.000000
vt  0.931274 -0.187836 0.000000
vt  0.931274 -0.164795 0.000000
vt  0.856171 -0.188660 0.000000
vt  0.931274 -0.155121 0.000000
vt  0.931274 -0.142426 0.000000
vt  0.856171 -0.155121 0.000000
vt  0.931274 -0.187836 0.000000
vt  0.856171 -0.188660 0.000000
vt  0.931274 -0.210876 0.000000
vt  0.931274 -0.142426 0.000000
vt  0.931274 -0.155121 0.000000
vt  0.856171 -0.143768 0.000000
vt  0.931274 -0.210876 0.000000
vt  0.856171 -0.188660 0.000000
vt  0.856171 -0.213074 0.000000
vt  0.931274 -0.119354 0.000000
vt  0.931274 -0.142426 0.000000
vt  0.856171 -0.119354 0.000000
vt  0.931274 -0.096313 0.000000
vt  0.856171 -0.119354 0.000000
vt  0.856171 -0.094971 0.000000
vt  0.931274 -0.119354 0.000000
vt  0.856171 -0.119354 0.000000
vt  0.931274 -0.096313 0.000000
vt  0.931274 -0.083313 0.000000
vt  0.856171 -0.094971 0.000000
vt  0.856171 -0.083313 0.000000
vt  0.931274 -0.096313 0.000000
vt  0.856171 -0.094971 0.000000
vt  0.931274 -0.083313 0.000000
vt  0.931274 -0.096313 0.000000
vt  0.856171 -0.083313 0.000000
vt  0.856171 -0.094971 0.000000
vt  0.931274 -0.083313 0.000000
vt  0.856171 -0.083313 0.000000
vt  0.931274 -0.096313 0.000000
vt  0.931274 -0.119354 0.000000
vt  0.856171 -0.094971 0.000000
vt  0.856171 -0.119354 0.000000
vt  0.931274 -0.096313 0.000000
vt  0.856171 -0.094971 0.000000
vt  0.931274 -0.119354 0.000000
vt  0.931274 -0.072815 0.000000
vt  0.954559 -0.046753 0.000000
vt  0.954559 -0.068451 0.000000
vt  0.931274 -0.050079 0.000000
vt  0.954559 -0.046753 0.000000
vt  0.931274 -0.072815 0.000000
vt  0.931274 -0.083313 0.000000
vt  0.954559 -0.068451 0.000000
vt  0.954559 -0.077423 0.000000
vt  0.931274 -0.072815 0.000000
vt  0.954559 -0.068451 0.000000
vt  0.931274 -0.083313 0.000000
vt  0.931274 -0.072815 0.000000
vt  0.954559 -0.077423 0.000000
vt  0.954559 -0.068451 0.000000
vt  0.931274 -0.083313 0.000000
vt  0.954559 -0.077423 0.000000
vt  0.931274 -0.072815 0.000000
vt  0.931274 -0.050079 0.000000
vt  0.954559 -0.068451 0.000000
vt  0.954559 -0.046753 0.000000
vt  0.931274 -0.072815 0.000000
vt  0.954559 -0.068451 0.000000
vt  0.931274 -0.050079 0.000000
vt  0.954559 -0.046753 0.000000
vt  0.931274 -0.027039 0.000000
vt  0.954559 -0.025085 0.000000
vt  0.931274 -0.050079 0.000000
vt  0.931274 -0.027039 0.000000
vt  0.954559 -0.046753 0.000000
vt  0.954559 -0.025085 0.000000
vt  0.931274 -0.017487 0.000000
vt  0.954559 -0.016113 0.000000
vt  0.931274 -0.027039 0.000000
vt  0.931274 -0.017487 0.000000
vt  0.954559 -0.025085 0.000000
vt  0.954559 -0.016113 0.000000
vt  0.931274 -0.027039 0.000000
vt  0.954559 -0.025085 0.000000
vt  0.931274 -0.017487 0.000000
vt  0.931274 -0.027039 0.000000
vt  0.954559 -0.016113 0.000000
vt  0.954559 -0.025085 0.000000
vt  0.931274 -0.050079 0.000000
vt  0.954559 -0.046753 0.000000
vt  0.931274 -0.027039 0.000000
vt  0.931274 -0.050079 0.000000
vt  0.954559 -0.025085 0.000000
vt  0.970490 -0.034576 0.000000
vt  0.954559 -0.016113 0.000000
vt  0.970490 -0.028809 0.000000
vt  0.954559 -0.025085 0.000000
vt  0.954559 -0.016113 0.000000
vt  0.970490 -0.034576 0.000000
vt  0.954559 -0.016113 0.000000
vt  0.970490 -0.034576 0.000000
vt  0.970490 -0.028809 0.000000
vt  0.954559 -0.025085 0.000000
vt  0.970490 -0.034576 0.000000
vt  0.954559 -0.016113 0.000000
vt  0.954559 -0.025085 0.000000
vt  0.970490 -0.048492 0.000000
vt  0.970490 -0.034576 0.000000
vt  0.954559 -0.046753 0.000000
vt  0.970490 -0.048492 0.000000
vt  0.954559 -0.025085 0.000000
vt  0.954559 -0.046753 0.000000
vt  0.970490 -0.062439 0.000000
vt  0.970490 -0.048492 0.000000
vt  0.954559 -0.068451 0.000000
vt  0.970490 -0.062439 0.000000
vt  0.954559 -0.046753 0.000000
vt  0.954559 -0.068451 0.000000
vt  0.970490 -0.068207 0.000000
vt  0.970490 -0.062439 0.000000
vt  0.954559 -0.077423 0.000000
vt  0.970490 -0.068207 0.000000
vt  0.954559 -0.068451 0.000000
vt  0.954559 -0.077423 0.000000
vt  0.970490 -0.062439 0.000000
vt  0.970490 -0.068207 0.000000
vt  0.954559 -0.068451 0.000000
vt  0.970490 -0.062439 0.000000
vt  0.954559 -0.077423 0.000000
vt  0.954559 -0.068451 0.000000
vt  0.970490 -0.048492 0.000000
vt  0.970490 -0.062439 0.000000
vt  0.954559 -0.046753 0.000000
vt  0.970490 -0.048492 0.000000
vt  0.954559 -0.068451 0.000000
vt  0.954559 -0.046753 0.000000
vt  0.970490 -0.034576 0.000000
vt  0.970490 -0.048492 0.000000
vt  0.954559 -0.025085 0.000000
vt  0.970490 -0.034576 0.000000
vt  0.954559 -0.046753 0.000000
vt  0.931274 -0.210876 0.000000
vt  0.954559 -0.190643 0.000000
vt  0.954559 -0.212311 0.000000
vt  0.931274 -0.187836 0.000000
vt  0.954559 -0.190643 0.000000
vt  0.931274 -0.210876 0.000000
vt  0.931274 -0.220428 0.000000
vt  0.954559 -0.212311 0.000000
vt  0.954559 -0.221283 0.000000
vt  0.931274 -0.210876 0.000000
vt  0.954559 -0.212311 0.000000
vt  0.931274 -0.220428 0.000000
vt  0.931274 -0.210876 0.000000
vt  0.954559 -0.221283 0.000000
vt  0.954559 -0.212311 0.000000
vt  0.931274 -0.220428 0.000000
vt  0.954559 -0.221283 0.000000
vt  0.931274 -0.210876 0.000000
vt  0.931274 -0.187836 0.000000
vt  0.954559 -0.212311 0.000000
vt  0.954559 -0.190643 0.000000
vt  0.931274 -0.210876 0.000000
vt  0.954559 -0.212311 0.000000
vt  0.931274 -0.187836 0.000000
vt  0.954559 -0.190643 0.000000
vt  0.931274 -0.164795 0.000000
vt  0.954559 -0.168976 0.000000
vt  0.931274 -0.187836 0.000000
vt  0.931274 -0.164795 0.000000
vt  0.954559 -0.190643 0.000000
vt  0.954559 -0.168976 0.000000
vt  0.931274 -0.155121 0.000000
vt  0.954559 -0.159973 0.000000
vt  0.931274 -0.164795 0.000000
vt  0.931274 -0.155121 0.000000
vt  0.954559 -0.168976 0.000000
vt  0.954559 -0.159973 0.000000
vt  0.931274 -0.164795 0.000000
vt  0.954559 -0.168976 0.000000
vt  0.931274 -0.155121 0.000000
vt  0.931274 -0.164795 0.000000
vt  0.954559 -0.159973 0.000000
vt  0.954559 -0.168976 0.000000
vt  0.931274 -0.187836 0.000000
vt  0.954559 -0.190643 0.000000
vt  0.931274 -0.164795 0.000000
vt  0.931274 -0.187836 0.000000
vt  0.954559 -0.168976 0.000000
vt  0.970490 -0.174957 0.000000
vt  0.954559 -0.159973 0.000000
vt  0.970490 -0.169189 0.000000
vt  0.954559 -0.168976 0.000000
vt  0.954559 -0.159973 0.000000
vt  0.970490 -0.174957 0.000000
vt  0.954559 -0.159973 0.000000
vt  0.970490 -0.174957 0.000000
vt  0.970490 -0.169189 0.000000
vt  0.954559 -0.168976 0.000000
vt  0.970490 -0.174957 0.000000
vt  0.954559 -0.159973 0.000000
vt  0.954559 -0.168976 0.000000
vt  0.970490 -0.188904 0.000000
vt  0.970490 -0.174957 0.000000
vt  0.954559 -0.190643 0.000000
vt  0.970490 -0.188904 0.000000
vt  0.954559 -0.168976 0.000000
vt  0.954559 -0.190643 0.000000
vt  0.970490 -0.202820 0.000000
vt  0.970490 -0.188904 0.000000
vt  0.954559 -0.212311 0.000000
vt  0.970490 -0.202820 0.000000
vt  0.954559 -0.190643 0.000000
vt  0.954559 -0.212311 0.000000
vt  0.970490 -0.208618 0.000000
vt  0.970490 -0.202820 0.000000
vt  0.954559 -0.221283 0.000000
vt  0.970490 -0.208618 0.000000
vt  0.954559 -0.212311 0.000000
vt  0.954559 -0.221283 0.000000
vt  0.970490 -0.202820 0.000000
vt  0.970490 -0.208618 0.000000
vt  0.954559 -0.212311 0.000000
vt  0.970490 -0.202820 0.000000
vt  0.954559 -0.221283 0.000000
vt  0.954559 -0.212311 0.000000
vt  0.970490 -0.188904 0.000000
vt  0.970490 -0.202820 0.000000
vt  0.954559 -0.190643 0.000000
vt  0.970490 -0.188904 0.000000
vt  0.954559 -0.212311 0.000000
vt  0.954559 -0.190643 0.000000
vt  0.970490 -0.174957 0.000000
vt  0.970490 -0.188904 0.000000
vt  0.954559 -0.168976 0.000000
vt  0.970490 -0.174957 0.000000
vt  0.954559 -0.190643 0.000000
vt  0.931274 -0.142426 0.000000
vt  0.954559 -0.119354 0.000000
vt  0.954559 -0.141052 0.000000
vt  0.931274 -0.119354 0.000000
vt  0.954559 -0.119354 0.000000
vt  0.931274 -0.142426 0.000000
vt  0.931274 -0.155121 0.000000
vt  0.954559 -0.141052 0.000000
vt  0.954559 -0.150024 0.000000
vt  0.931274 -0.142426 0.000000
vt  0.954559 -0.141052 0.000000
vt  0.931274 -0.155121 0.000000
vt  0.931274 -0.142426 0.000000
vt  0.954559 -0.150024 0.000000
vt  0.954559 -0.141052 0.000000
vt  0.931274 -0.155121 0.000000
vt  0.954559 -0.150024 0.000000
vt  0.931274 -0.142426 0.000000
vt  0.931274 -0.119354 0.000000
vt  0.954559 -0.141052 0.000000
vt  0.954559 -0.119354 0.000000
vt  0.931274 -0.142426 0.000000
vt  0.954559 -0.141052 0.000000
vt  0.931274 -0.119354 0.000000
vt  0.954559 -0.119354 0.000000
vt  0.931274 -0.096313 0.000000
vt  0.954559 -0.097687 0.000000
vt  0.931274 -0.119354 0.000000
vt  0.931274 -0.096313 0.000000
vt  0.954559 -0.119354 0.000000
vt  0.954559 -0.097687 0.000000
vt  0.931274 -0.083313 0.000000
vt  0.954559 -0.088715 0.000000
vt  0.931274 -0.096313 0.000000
vt  0.931274 -0.083313 0.000000
vt  0.954559 -0.097687 0.000000
vt  0.954559 -0.088715 0.000000
vt  0.931274 -0.096313 0.000000
vt  0.954559 -0.097687 0.000000
vt  0.931274 -0.083313 0.000000
vt  0.931274 -0.096313 0.000000
vt  0.954559 -0.088715 0.000000
vt  0.954559 -0.097687 0.000000
vt  0.931274 -0.119354 0.000000
vt  0.954559 -0.119354 0.000000
vt  0.931274 -0.096313 0.000000
vt  0.931274 -0.119354 0.000000
vt  0.954559 -0.097687 0.000000
vt  0.970490 -0.105438 0.000000
vt  0.954559 -0.088715 0.000000
vt  0.970490 -0.099670 0.000000
vt  0.954559 -0.097687 0.000000
vt  0.954559 -0.088715 0.000000
vt  0.970490 -0.105438 0.000000
vt  0.954559 -0.088715 0.000000
vt  0.970490 -0.105438 0.000000
vt  0.970490 -0.099670 0.000000
vt  0.954559 -0.097687 0.000000
vt  0.970490 -0.105438 0.000000
vt  0.954559 -0.088715 0.000000
vt  0.954559 -0.097687 0.000000
vt  0.970490 -0.119354 0.000000
vt  0.970490 -0.105438 0.000000
vt  0.954559 -0.119354 0.000000
vt  0.970490 -0.119354 0.000000
vt  0.954559 -0.097687 0.000000
vt  0.954559 -0.119354 0.000000
vt  0.970490 -0.133301 0.000000
vt  0.970490 -0.119354 0.000000
vt  0.954559 -0.141052 0.000000
vt  0.970490 -0.133301 0.000000
vt  0.954559 -0.119354 0.000000
vt  0.954559 -0.141052 0.000000
vt  0.970490 -0.139069 0.000000
vt  0.970490 -0.133301 0.000000
vt  0.954559 -0.150024 0.000000
vt  0.970490 -0.139069 0.000000
vt  0.954559 -0.141052 0.000000
vt  0.954559 -0.150024 0.000000
vt  0.970490 -0.133301 0.000000
vt  0.970490 -0.139069 0.000000
vt  0.954559 -0.141052 0.000000
vt  0.970490 -0.133301 0.000000
vt  0.954559 -0.150024 0.000000
vt  0.954559 -0.141052 0.000000
vt  0.970490 -0.119354 0.000000
vt  0.970490 -0.133301 0.000000
vt  0.954559 -0.119354 0.000000
vt  0.970490 -0.119354 0.000000
vt  0.954559 -0.141052 0.000000
vt  0.954559 -0.119354 0.000000
vt  0.970490 -0.105438 0.000000
vt  0.970490 -0.119354 0.000000
vt  0.954559 -0.097687 0.000000
vt  0.970490 -0.105438 0.000000
vt  0.954559 -0.119354 0.000000
vt  0.931274 -0.210876 0.000000
vt  0.856171 -0.213074 0.000000
vt  0.931274 -0.220428 0.000000
vt  0.931274 -0.220428 0.000000
vt  0.856171 -0.213074 0.000000
vt  0.856171 -0.223175 0.000000
vt  0.931274 -0.220428 0.000000
vt  0.856171 -0.223175 0.000000
vt  0.931274 -0.210876 0.000000
vt  0.931274 -0.210876 0.000000
vt  0.856171 -0.223175 0.000000
vt  0.856171 -0.213074 0.000000
vt  0.931274 -0.210876 0.000000
vt  0.856171 -0.213074 0.000000
vt  0.931274 -0.187836 0.000000
vt  0.931274 -0.187836 0.000000
vt  0.856171 -0.213074 0.000000
vt  0.856171 -0.188660 0.000000
vt  0.954559 -0.168976 0.000000
vt  0.954559 -0.190643 0.000000
vt  0.970490 -0.174957 0.000000
vt  0.970490 -0.174957 0.000000
vt  0.954559 -0.190643 0.000000
vt  0.970490 -0.188904 0.000000
vt  0.954559 -0.190643 0.000000
vt  0.954559 -0.212311 0.000000
vt  0.970490 -0.188904 0.000000
vt  0.970490 -0.188904 0.000000
vt  0.954559 -0.212311 0.000000
vt  0.970490 -0.202820 0.000000
vt  0.954559 -0.212311 0.000000
vt  0.954559 -0.221283 0.000000
vt  0.970490 -0.202820 0.000000
vt  0.970490 -0.202820 0.000000
vt  0.954559 -0.221283 0.000000
vt  0.970490 -0.208618 0.000000
vt  0.954559 -0.221283 0.000000
vt  0.954559 -0.212311 0.000000
vt  0.970490 -0.208618 0.000000
vt  0.970490 -0.208618 0.000000
vt  0.954559 -0.212311 0.000000
vt  0.970490 -0.202820 0.000000
vt  0.954559 -0.212311 0.000000
vt  0.954559 -0.190643 0.000000
vt  0.970490 -0.202820 0.000000
vt  0.970490 -0.202820 0.000000
vt  0.954559 -0.190643 0.000000
vt  0.970490 -0.188904 0.000000
vt  0.954559 -0.190643 0.000000
vt  0.954559 -0.168976 0.000000
vt  0.970490 -0.188904 0.000000
vt  0.970490 -0.188904 0.000000
vt  0.954559 -0.168976 0.000000
vt  0.970490 -0.174957 0.000000
vt  0.954559 -0.168976 0.000000
vt  0.954559 -0.159973 0.000000
vt  0.970490 -0.174957 0.000000
vt  0.970490 -0.174957 0.000000
vt  0.954559 -0.159973 0.000000
vt  0.970490 -0.169189 0.000000
vt  0.954559 -0.168976 0.000000
vt  0.970490 -0.174957 0.000000
vt  0.954559 -0.159973 0.000000
vt  0.954559 -0.159973 0.000000
vt  0.970490 -0.174957 0.000000
vt  0.970490 -0.169189 0.000000
vt  0.931274 -0.164795 0.000000
vt  0.954559 -0.168976 0.000000
vt  0.931274 -0.187836 0.000000
vt  0.931274 -0.187836 0.000000
vt  0.954559 -0.168976 0.000000
vt  0.954559 -0.190643 0.000000
vt  0.931274 -0.155121 0.000000
vt  0.954559 -0.159973 0.000000
vt  0.931274 -0.164795 0.000000
vt  0.931274 -0.164795 0.000000
vt  0.954559 -0.159973 0.000000
vt  0.954559 -0.168976 0.000000
vt  0.931274 -0.164795 0.000000
vt  0.954559 -0.168976 0.000000
vt  0.931274 -0.155121 0.000000
vt  0.931274 -0.155121 0.000000
vt  0.954559 -0.168976 0.000000
vt  0.954559 -0.159973 0.000000
vt  0.931274 -0.187836 0.000000
vt  0.954559 -0.190643 0.000000
vt  0.931274 -0.164795 0.000000
vt  0.931274 -0.164795 0.000000
vt  0.954559 -0.190643 0.000000
vt  0.954559 -0.168976 0.000000
vt  0.931274 -0.210876 0.000000
vt  0.931274 -0.187836 0.000000
vt  0.954559 -0.212311 0.000000
vt  0.605286 -0.619598 0.000000
vt  0.561890 -0.603271 0.000000
vt  0.611145 -0.592804 0.000000
vt  0.569489 -0.554413 0.000000
vt  0.615509 -0.566010 0.000000
vt  0.574127 -0.573425 0.000000
vt  0.611969 -0.547455 0.000000
vt  0.615509 -0.566010 0.000000
vt  0.569489 -0.554413 0.000000
vt  0.954559 -0.212311 0.000000
vt  0.931274 -0.187836 0.000000
vt  0.954559 -0.190643 0.000000
vt  0.931274 -0.220428 0.000000
vt  0.931274 -0.210876 0.000000
vt  0.954559 -0.221283 0.000000
vt  0.652100 -0.552246 0.000000
vt  0.663330 -0.585968 0.000000
vt  0.652344 -0.570709 0.000000
vt  0.692871 -0.593872 0.000000
vt  0.663330 -0.585968 0.000000
vt  0.652100 -0.552246 0.000000
vt  0.954559 -0.221283 0.000000
vt  0.931274 -0.210876 0.000000
vt  0.954559 -0.212311 0.000000
vt  0.666534 -0.601471 0.000000
vt  0.605286 -0.619598 0.000000
vt  0.663330 -0.585968 0.000000
vt  0.547424 -0.597809 0.000000
vt  0.574127 -0.573425 0.000000
vt  0.567719 -0.590179 0.000000
vt  0.569489 -0.554413 0.000000
vt  0.574127 -0.573425 0.000000
vt  0.547424 -0.597809 0.000000
vt  0.931274 -0.210876 0.000000
vt  0.931274 -0.220428 0.000000
vt  0.954559 -0.212311 0.000000
vt  0.954559 -0.212311 0.000000
vt  0.931274 -0.220428 0.000000
vt  0.954559 -0.221283 0.000000
vt  0.931274 -0.187836 0.000000
vt  0.931274 -0.210876 0.000000
vt  0.954559 -0.190643 0.000000
vt  0.954559 -0.190643 0.000000
vt  0.931274 -0.210876 0.000000
vt  0.954559 -0.212311 0.000000
vt  0.931274 -0.027039 0.000000
vt  0.931274 -0.050079 0.000000
vt  0.856171 -0.025665 0.000000
vt  0.931274 -0.017487 0.000000
vt  0.931274 -0.027039 0.000000
vt  0.856171 -0.015564 0.000000
vt  0.931274 -0.027039 0.000000
vt  0.931274 -0.017487 0.000000
vt  0.856171 -0.025665 0.000000
vt  0.931274 -0.050079 0.000000
vt  0.931274 -0.027039 0.000000
vt  0.856171 -0.050079 0.000000
vt  0.931274 -0.050079 0.000000
vt  0.856171 -0.050079 0.000000
vt  0.931274 -0.072815 0.000000
vt  0.931274 -0.072815 0.000000
vt  0.856171 -0.050079 0.000000
vt  0.856171 -0.072815 0.000000
vt  0.931274 -0.072815 0.000000
vt  0.856171 -0.072815 0.000000
vt  0.931274 -0.083313 0.000000
vt  0.931274 -0.083313 0.000000
vt  0.856171 -0.072815 0.000000
vt  0.856171 -0.083313 0.000000
vt  0.931274 -0.072815 0.000000
vt  0.856171 -0.072815 0.000000
vt  0.931274 -0.050079 0.000000
vt  0.931274 -0.050079 0.000000
vt  0.856171 -0.072815 0.000000
vt  0.856171 -0.050079 0.000000
vt  0.954559 -0.025085 0.000000
vt  0.954559 -0.046753 0.000000
vt  0.970490 -0.034576 0.000000
vt  0.970490 -0.034576 0.000000
vt  0.954559 -0.046753 0.000000
vt  0.970490 -0.048492 0.000000
vt  0.954559 -0.046753 0.000000
vt  0.954559 -0.068451 0.000000
vt  0.970490 -0.048492 0.000000
vt  0.970490 -0.048492 0.000000
vt  0.954559 -0.068451 0.000000
vt  0.970490 -0.062439 0.000000
vt  0.954559 -0.068451 0.000000
vt  0.954559 -0.077423 0.000000
vt  0.970490 -0.062439 0.000000
vt  0.970490 -0.062439 0.000000
vt  0.954559 -0.077423 0.000000
vt  0.970490 -0.068207 0.000000
vt  0.954559 -0.077423 0.000000
vt  0.954559 -0.068451 0.000000
vt  0.970490 -0.068207 0.000000
vt  0.970490 -0.068207 0.000000
vt  0.954559 -0.068451 0.000000
vt  0.970490 -0.062439 0.000000
vt  0.954559 -0.068451 0.000000
vt  0.954559 -0.046753 0.000000
vt  0.970490 -0.062439 0.000000
vt  0.970490 -0.062439 0.000000
vt  0.954559 -0.046753 0.000000
vt  0.970490 -0.048492 0.000000
vt  0.954559 -0.046753 0.000000
vt  0.954559 -0.025085 0.000000
vt  0.970490 -0.048492 0.000000
vt  0.970490 -0.099670 0.000000
vt  0.970490 -0.105438 0.000000
vt  0.977783 -0.119354 0.000000
vt  0.970490 -0.048492 0.000000
vt  0.954559 -0.025085 0.000000
vt  0.970490 -0.034576 0.000000
vt  0.954559 -0.025085 0.000000
vt  0.954559 -0.016113 0.000000
vt  0.970490 -0.034576 0.000000
vt  0.970490 -0.105438 0.000000
vt  0.970490 -0.119354 0.000000
vt  0.977783 -0.119354 0.000000
vt  0.970490 -0.048492 0.000000
vt  0.977783 -0.049316 0.000000
vt  0.970490 -0.062439 0.000000
vt  0.970490 -0.062439 0.000000
vt  0.977783 -0.049316 0.000000
vt  0.970490 -0.068207 0.000000
vt  0.970490 -0.068207 0.000000
vt  0.977783 -0.049316 0.000000
vt  0.970490 -0.062439 0.000000
vt  0.970490 -0.034576 0.000000
vt  0.954559 -0.016113 0.000000
vt  0.970490 -0.028809 0.000000
vt  0.954559 -0.025085 0.000000
vt  0.970490 -0.034576 0.000000
vt  0.954559 -0.016113 0.000000
vt  0.954559 -0.016113 0.000000
vt  0.970490 -0.034576 0.000000
vt  0.970490 -0.028809 0.000000
vt  0.931274 -0.027039 0.000000
vt  0.954559 -0.025085 0.000000
vt  0.931274 -0.050079 0.000000
vt  0.931274 -0.050079 0.000000
vt  0.954559 -0.025085 0.000000
vt  0.954559 -0.046753 0.000000
vt  0.931274 -0.017487 0.000000
vt  0.954559 -0.016113 0.000000
vt  0.931274 -0.027039 0.000000
vt  0.931274 -0.027039 0.000000
vt  0.954559 -0.016113 0.000000
vt  0.954559 -0.025085 0.000000
vt  0.931274 -0.027039 0.000000
vt  0.954559 -0.025085 0.000000
vt  0.931274 -0.017487 0.000000
vt  0.931274 -0.017487 0.000000
vt  0.954559 -0.025085 0.000000
vt  0.954559 -0.016113 0.000000
vt  0.931274 -0.050079 0.000000
vt  0.954559 -0.046753 0.000000
vt  0.931274 -0.027039 0.000000
vt  0.931274 -0.027039 0.000000
vt  0.954559 -0.046753 0.000000
vt  0.954559 -0.025085 0.000000
vt  0.931274 -0.072815 0.000000
vt  0.931274 -0.050079 0.000000
vt  0.954559 -0.068451 0.000000
vt  0.970490 -0.062439 0.000000
vt  0.977783 -0.049316 0.000000
vt  0.970490 -0.048492 0.000000
vt  0.970490 -0.048492 0.000000
vt  0.970490 -0.034576 0.000000
vt  0.977783 -0.049316 0.000000
vt  0.970490 -0.034576 0.000000
vt  0.970490 -0.028809 0.000000
vt  0.977783 -0.049316 0.000000
vt  0.970490 -0.028809 0.000000
vt  0.970490 -0.034576 0.000000
vt  0.977783 -0.049316 0.000000
vt  0.954559 -0.068451 0.000000
vt  0.931274 -0.050079 0.000000
vt  0.954559 -0.046753 0.000000
vt  0.931274 -0.083313 0.000000
vt  0.931274 -0.072815 0.000000
vt  0.954559 -0.077423 0.000000
vt  0.954559 -0.077423 0.000000
vt  0.931274 -0.072815 0.000000
vt  0.954559 -0.068451 0.000000
vt  0.931274 -0.072815 0.000000
vt  0.931274 -0.083313 0.000000
vt  0.954559 -0.068451 0.000000
vt  0.954559 -0.068451 0.000000
vt  0.931274 -0.083313 0.000000
vt  0.954559 -0.077423 0.000000
vt  0.931274 -0.050079 0.000000
vt  0.931274 -0.072815 0.000000
vt  0.954559 -0.046753 0.000000
vt  0.970490 -0.034576 0.000000
vt  0.970490 -0.048492 0.000000
vt  0.977783 -0.049316 0.000000
vt  0.970490 -0.188904 0.000000
vt  0.977783 -0.188110 0.000000
vt  0.970490 -0.202820 0.000000
vt  0.970490 -0.202820 0.000000
vt  0.977783 -0.188110 0.000000
vt  0.970490 -0.208618 0.000000
vt  0.970490 -0.208618 0.000000
vt  0.977783 -0.188110 0.000000
vt  0.970490 -0.202820 0.000000
vt  0.970490 -0.202820 0.000000
vt  0.977783 -0.188110 0.000000
vt  0.970490 -0.188904 0.000000
vt  0.970490 -0.188904 0.000000
vt  0.970490 -0.174957 0.000000
vt  0.977783 -0.188110 0.000000
vt  0.561890 -0.603271 0.000000
vt  0.547424 -0.597809 0.000000
vt  0.567719 -0.590179 0.000000
vt  0.692871 -0.593872 0.000000
vt  0.666534 -0.601471 0.000000
vt  0.663330 -0.585968 0.000000
vt  0.970490 -0.174957 0.000000
vt  0.970490 -0.169189 0.000000
vt  0.977783 -0.188110 0.000000
vt  0.970490 -0.169189 0.000000
vt  0.970490 -0.174957 0.000000
vt  0.977783 -0.188110 0.000000
vt  0.970490 -0.174957 0.000000
vt  0.970490 -0.188904 0.000000
vt  0.977783 -0.188110 0.000000
vt  0.970490 -0.119354 0.000000
vt  0.977783 -0.119354 0.000000
vt  0.970490 -0.133301 0.000000
vt  0.970490 -0.133301 0.000000
vt  0.977783 -0.119354 0.000000
vt  0.970490 -0.139069 0.000000
vt  0.970490 -0.139069 0.000000
vt  0.977783 -0.119354 0.000000
vt  0.970490 -0.133301 0.000000
vt  0.970490 -0.133301 0.000000
vt  0.977783 -0.119354 0.000000
vt  0.970490 -0.119354 0.000000
vt  0.970490 -0.119354 0.000000
vt  0.970490 -0.105438 0.000000
vt  0.977783 -0.119354 0.000000
vt  0.970490 -0.105438 0.000000
vt  0.970490 -0.099670 0.000000
vt  0.977783 -0.119354 0.000000
vt  0.954559 -0.046753 0.000000
vt  0.931274 -0.072815 0.000000
vt  0.954559 -0.068451 0.000000
vt  0.931274 -0.096313 0.000000
vt  0.931274 -0.119354 0.000000
vt  0.856171 -0.094971 0.000000
vt  0.931274 -0.083313 0.000000
vt  0.931274 -0.096313 0.000000
vt  0.856171 -0.083313 0.000000
vt  0.931274 -0.096313 0.000000
vt  0.931274 -0.083313 0.000000
vt  0.856171 -0.094971 0.000000
vt  0.931274 -0.119354 0.000000
vt  0.931274 -0.096313 0.000000
vt  0.856171 -0.119354 0.000000
vt  0.931274 -0.119354 0.000000
vt  0.856171 -0.119354 0.000000
vt  0.931274 -0.142426 0.000000
vt  0.931274 -0.142426 0.000000
vt  0.856171 -0.119354 0.000000
vt  0.856171 -0.143768 0.000000
vt  0.931274 -0.142426 0.000000
vt  0.856171 -0.143768 0.000000
vt  0.931274 -0.155121 0.000000
vt  0.931274 -0.155121 0.000000
vt  0.856171 -0.143768 0.000000
vt  0.856171 -0.155121 0.000000
vt  0.931274 -0.155121 0.000000
vt  0.856171 -0.155121 0.000000
vt  0.931274 -0.142426 0.000000
vt  0.931274 -0.142426 0.000000
vt  0.856171 -0.155121 0.000000
vt  0.856171 -0.143768 0.000000
vt  0.931274 -0.142426 0.000000
vt  0.856171 -0.143768 0.000000
vt  0.931274 -0.119354 0.000000
vt  0.931274 -0.119354 0.000000
vt  0.856171 -0.143768 0.000000
vt  0.856171 -0.119354 0.000000
vt  0.954559 -0.097687 0.000000
vt  0.954559 -0.119354 0.000000
vt  0.970490 -0.105438 0.000000
vt  0.970490 -0.105438 0.000000
vt  0.954559 -0.119354 0.000000
vt  0.970490 -0.119354 0.000000
vt  0.954559 -0.119354 0.000000
vt  0.954559 -0.141052 0.000000
vt  0.970490 -0.119354 0.000000
vt  0.970490 -0.119354 0.000000
vt  0.954559 -0.141052 0.000000
vt  0.970490 -0.133301 0.000000
vt  0.954559 -0.141052 0.000000
vt  0.954559 -0.150024 0.000000
vt  0.970490 -0.133301 0.000000
vt  0.970490 -0.133301 0.000000
vt  0.954559 -0.150024 0.000000
vt  0.970490 -0.139069 0.000000
vt  0.954559 -0.150024 0.000000
vt  0.954559 -0.141052 0.000000
vt  0.970490 -0.139069 0.000000
vt  0.970490 -0.139069 0.000000
vt  0.954559 -0.141052 0.000000
vt  0.970490 -0.133301 0.000000
vt  0.954559 -0.141052 0.000000
vt  0.954559 -0.119354 0.000000
vt  0.970490 -0.133301 0.000000
vt  0.970490 -0.133301 0.000000
vt  0.954559 -0.119354 0.000000
vt  0.970490 -0.119354 0.000000
vt  0.954559 -0.119354 0.000000
vt  0.954559 -0.097687 0.000000
vt  0.970490 -0.119354 0.000000
vt  0.970490 -0.119354 0.000000
vt  0.954559 -0.097687 0.000000
vt  0.970490 -0.105438 0.000000
vt  0.954559 -0.097687 0.000000
vt  0.954559 -0.088715 0.000000
vt  0.970490 -0.105438 0.000000
vt  0.970490 -0.105438 0.000000
vt  0.954559 -0.088715 0.000000
vt  0.970490 -0.099670 0.000000
vt  0.954559 -0.097687 0.000000
vt  0.970490 -0.105438 0.000000
vt  0.954559 -0.088715 0.000000
vt  0.954559 -0.088715 0.000000
vt  0.970490 -0.105438 0.000000
vt  0.970490 -0.099670 0.000000
vt  0.931274 -0.096313 0.000000
vt  0.954559 -0.097687 0.000000
vt  0.931274 -0.119354 0.000000
vt  0.931274 -0.119354 0.000000
vt  0.954559 -0.097687 0.000000
vt  0.954559 -0.119354 0.000000
vt  0.931274 -0.083313 0.000000
vt  0.954559 -0.088715 0.000000
vt  0.931274 -0.096313 0.000000
vt  0.931274 -0.096313 0.000000
vt  0.954559 -0.088715 0.000000
vt  0.954559 -0.097687 0.000000
vt  0.931274 -0.096313 0.000000
vt  0.954559 -0.097687 0.000000
vt  0.931274 -0.083313 0.000000
vt  0.569489 -0.554413 0.000000
vt  0.547424 -0.597809 0.000000
vt  0.574127 -0.573425 0.000000
vt  0.561890 -0.603271 0.000000
vt  0.611145 -0.592804 0.000000
vt  0.567719 -0.590179 0.000000
vt  0.605286 -0.619598 0.000000
vt  0.611145 -0.592804 0.000000
vt  0.561890 -0.603271 0.000000
vt  0.931274 -0.083313 0.000000
vt  0.954559 -0.097687 0.000000
vt  0.954559 -0.088715 0.000000
vt  0.611969 -0.547455 0.000000
vt  0.569489 -0.554413 0.000000
vt  0.615509 -0.566010 0.000000
vt  0.611969 -0.547455 0.000000
vt  0.652344 -0.570709 0.000000
vt  0.652100 -0.552246 0.000000
vt  0.931274 -0.119354 0.000000
vt  0.954559 -0.119354 0.000000
vt  0.931274 -0.096313 0.000000
vt  0.931274 -0.096313 0.000000
vt  0.954559 -0.119354 0.000000
vt  0.954559 -0.097687 0.000000
vt  0.692871 -0.593872 0.000000
vt  0.652100 -0.552246 0.000000
vt  0.663330 -0.585968 0.000000
vt  0.605286 -0.619598 0.000000
vt  0.663330 -0.585968 0.000000
vt  0.611145 -0.592804 0.000000
vt  0.666534 -0.601471 0.000000
vt  0.663330 -0.585968 0.000000
vt  0.605286 -0.619598 0.000000
vt  0.931274 -0.142426 0.000000
vt  0.931274 -0.119354 0.000000
vt  0.954559 -0.141052 0.000000
vt  0.954559 -0.141052 0.000000
vt  0.931274 -0.119354 0.000000
vt  0.954559 -0.119354 0.000000
vt  0.931274 -0.155121 0.000000
vt  0.931274 -0.142426 0.000000
vt  0.954559 -0.150024 0.000000
vt  0.954559 -0.150024 0.000000
vt  0.931274 -0.142426 0.000000
vt  0.954559 -0.141052 0.000000
vt  0.931274 -0.142426 0.000000
vt  0.931274 -0.155121 0.000000
vt  0.954559 -0.141052 0.000000
vt  0.954559 -0.141052 0.000000
vt  0.931274 -0.155121 0.000000
vt  0.954559 -0.150024 0.000000
vt  0.931274 -0.119354 0.000000
vt  0.931274 -0.142426 0.000000
vt  0.954559 -0.119354 0.000000
vt  0.954559 -0.119354 0.000000
vt  0.931274 -0.142426 0.000000
vt  0.954559 -0.141052 0.000000
vt  0.931274 -0.083313 0.000000
vt  0.856171 -0.083313 0.000000
vt  0.931274 -0.072815 0.000000
vt  0.931274 -0.072815 0.000000
vt  0.856171 -0.083313 0.000000
vt  0.856171 -0.072815 0.000000
vt  0.856171 -0.164246 0.000000
vt  0.856171 -0.188660 0.000000
vt  0.757019 -0.165100 0.000000
vt  0.561890 -0.603271 0.000000
vt  0.567719 -0.590179 0.000000
vt  0.547424 -0.597809 0.000000
vt  0.692871 -0.593872 0.000000
vt  0.663330 -0.585968 0.000000
vt  0.666534 -0.601471 0.000000
vt  0.268890 -0.398010 0.000000
vt  0.273682 -0.420044 0.000000
vt  0.164978 -0.400879 0.000000
vt  0.581482 -0.194763 0.000000
vt  0.602448 -0.208923 0.000000
vt  0.582123 -0.206451 0.000000
vt  0.601379 -0.196838 0.000000
vt  0.602448 -0.208923 0.000000
vt  0.581482 -0.194763 0.000000
vt  0.601379 -0.196838 0.000000
vt  0.580597 -0.118561 0.000000
vt  0.599823 -0.118561 0.000000
vt  0.581482 -0.194763 0.000000
vt  0.580597 -0.118561 0.000000
vt  0.601379 -0.196838 0.000000
vt  0.599823 -0.118561 0.000000
vt  0.581482 -0.042358 0.000000
vt  0.601379 -0.040283 0.000000
vt  0.580597 -0.118561 0.000000
vt  0.581482 -0.042358 0.000000
vt  0.599823 -0.118561 0.000000
vt  0.582123 -0.030701 0.000000
vt  0.601379 -0.040283 0.000000
vt  0.581482 -0.042358 0.000000
vt  0.602448 -0.028198 0.000000
vt  0.601379 -0.040283 0.000000
vt  0.582123 -0.030701 0.000000
vt  0.606903 -0.118561 0.000000
vt  0.693237 -0.163757 0.000000
vt  0.689423 -0.118561 0.000000
vt  0.689423 -0.118561 0.000000
vt  0.693237 -0.163757 0.000000
vt  0.606903 -0.118561 0.000000
vt  0.606903 -0.118561 0.000000
vt  0.693237 -0.073364 0.000000
vt  0.689423 -0.118561 0.000000
vt  0.606903 -0.118561 0.000000
vt  0.689423 -0.118561 0.000000
vt  0.693237 -0.073364 0.000000
vt  0.608734 -0.039520 0.000000
vt  0.693237 -0.073364 0.000000
vt  0.697052 -0.028168 0.000000
vt  0.606903 -0.118561 0.000000
vt  0.693237 -0.073364 0.000000
vt  0.608734 -0.039520 0.000000
vt  0.697052 -0.208954 0.000000
vt  0.693237 -0.163757 0.000000
vt  0.608734 -0.197601 0.000000
vt  0.608734 -0.197601 0.000000
vt  0.693237 -0.163757 0.000000
vt  0.697052 -0.208954 0.000000
vt  0.606903 -0.118561 0.000000
vt  0.693237 -0.163757 0.000000
vt  0.608734 -0.197601 0.000000
vt  0.697052 -0.028168 0.000000
vt  0.693237 -0.073364 0.000000
vt  0.608734 -0.039520 0.000000
vt  0.608734 -0.039520 0.000000
vt  0.693237 -0.073364 0.000000
vt  0.606903 -0.118561 0.000000
vt  0.601379 -0.040283 0.000000
vt  0.580597 -0.118561 0.000000
vt  0.599823 -0.118561 0.000000
vt  0.580597 -0.118561 0.000000
vt  0.581482 -0.194763 0.000000
vt  0.599823 -0.118561 0.000000
vt  0.608734 -0.197601 0.000000
vt  0.693237 -0.163757 0.000000
vt  0.606903 -0.118561 0.000000
vt  0.582123 -0.206451 0.000000
vt  0.458130 -0.159668 0.000000
vt  0.420441 -0.145172 0.000000
vt  0.420441 -0.145172 0.000000
vt  0.581482 -0.194763 0.000000
vt  0.582123 -0.206451 0.000000
vt  0.582123 -0.030701 0.000000
vt  0.581482 -0.042358 0.000000
vt  0.420441 -0.082581 0.000000
vt  0.458130 -0.077362 0.000000
vt  0.582123 -0.030701 0.000000
vt  0.420441 -0.082581 0.000000
vt  0.582123 -0.206451 0.000000
vt  0.581482 -0.194763 0.000000
vt  0.458130 -0.159668 0.000000
vt  0.581482 -0.042358 0.000000
vt  0.582123 -0.030701 0.000000
vt  0.458130 -0.077362 0.000000
vt  0.757019 -0.165100 0.000000
vt  0.856171 -0.188660 0.000000
vt  0.757019 -0.190247 0.000000
vt  0.599823 -0.118561 0.000000
vt  0.581482 -0.194763 0.000000
vt  0.601379 -0.196838 0.000000
vt  0.757019 -0.155121 0.000000
vt  0.856171 -0.164246 0.000000
vt  0.757019 -0.165100 0.000000
vt  0.856171 -0.155121 0.000000
vt  0.856171 -0.164246 0.000000
vt  0.757019 -0.155121 0.000000
vt  0.458130 -0.116150 0.000000
vt  0.580597 -0.118561 0.000000
vt  0.458130 -0.077362 0.000000
vt  0.458130 -0.077362 0.000000
vt  0.580597 -0.118561 0.000000
vt  0.581482 -0.042358 0.000000
vt  0.420441 -0.082581 0.000000
vt  0.581482 -0.042358 0.000000
vt  0.398071 -0.117188 0.000000
vt  0.398071 -0.117188 0.000000
vt  0.581482 -0.042358 0.000000
vt  0.580597 -0.118561 0.000000
vt  0.398071 -0.117188 0.000000
vt  0.580597 -0.118561 0.000000
vt  0.420441 -0.145172 0.000000
vt  0.420441 -0.145172 0.000000
vt  0.580597 -0.118561 0.000000
vt  0.581482 -0.194763 0.000000
vt  0.581482 -0.194763 0.000000
vt  0.580597 -0.118561 0.000000
vt  0.458130 -0.159668 0.000000
vt  0.458130 -0.159668 0.000000
vt  0.580597 -0.118561 0.000000
vt  0.458130 -0.116150 0.000000
vt  0.602448 -0.208923 0.000000
vt  0.601379 -0.196838 0.000000
vt  0.582123 -0.206451 0.000000
vt  0.582123 -0.206451 0.000000
vt  0.601379 -0.196838 0.000000
vt  0.581482 -0.194763 0.000000
vt  0.663330 -0.585968 0.000000
vt  0.652100 -0.552246 0.000000
vt  0.652344 -0.570709 0.000000
vt  0.615509 -0.566010 0.000000
vt  0.652344 -0.570709 0.000000
vt  0.611969 -0.547455 0.000000
vt  0.615509 -0.566010 0.000000
vt  0.569489 -0.554413 0.000000
vt  0.574127 -0.573425 0.000000
vt  0.574127 -0.573425 0.000000
vt  0.547424 -0.597809 0.000000
vt  0.567719 -0.590179 0.000000
vt  0.601379 -0.040283 0.000000
vt  0.602448 -0.028198 0.000000
vt  0.581482 -0.042358 0.000000
vt  0.581482 -0.042358 0.000000
vt  0.602448 -0.028198 0.000000
vt  0.582123 -0.030701 0.000000
vt  0.697052 -0.028168 0.000000
vt  0.702179 -0.013672 0.000000
vt  0.608734 -0.039520 0.000000
vt  0.608734 -0.039520 0.000000
vt  0.702179 -0.013672 0.000000
vt  0.609955 -0.027283 0.000000
vt  0.702179 -0.013672 0.000000
vt  0.697052 -0.028168 0.000000
vt  0.609955 -0.027283 0.000000
vt  0.609955 -0.027283 0.000000
vt  0.697052 -0.028168 0.000000
vt  0.608734 -0.039520 0.000000
vt  0.697052 -0.208954 0.000000
vt  0.702179 -0.223450 0.000000
vt  0.608734 -0.197601 0.000000
vt  0.608734 -0.197601 0.000000
vt  0.702179 -0.223450 0.000000
vt  0.609955 -0.209839 0.000000
vt  0.702179 -0.223450 0.000000
vt  0.697052 -0.208954 0.000000
vt  0.609955 -0.209839 0.000000
vt  0.609955 -0.209839 0.000000
vt  0.697052 -0.208954 0.000000
vt  0.608734 -0.197601 0.000000
vt  0.601379 -0.040283 0.000000
vt  0.599823 -0.118561 0.000000
vt  0.608734 -0.039520 0.000000
vt  0.608734 -0.039520 0.000000
vt  0.599823 -0.118561 0.000000
vt  0.606903 -0.118561 0.000000
vt  0.608734 -0.039520 0.000000
vt  0.609955 -0.027283 0.000000
vt  0.601379 -0.040283 0.000000
vt  0.601379 -0.040283 0.000000
vt  0.609955 -0.027283 0.000000
vt  0.602448 -0.028198 0.000000
vt  0.609955 -0.027283 0.000000
vt  0.608734 -0.039520 0.000000
vt  0.602448 -0.028198 0.000000
vt  0.602448 -0.028198 0.000000
vt  0.608734 -0.039520 0.000000
vt  0.601379 -0.040283 0.000000
vt  0.599823 -0.118561 0.000000
vt  0.601379 -0.040283 0.000000
vt  0.606903 -0.118561 0.000000
vt  0.606903 -0.118561 0.000000
vt  0.601379 -0.040283 0.000000
vt  0.608734 -0.039520 0.000000
vt  0.601379 -0.196838 0.000000
vt  0.599823 -0.118561 0.000000
vt  0.608734 -0.197601 0.000000
vt  0.608734 -0.197601 0.000000
vt  0.599823 -0.118561 0.000000
vt  0.606903 -0.118561 0.000000
vt  0.608734 -0.197601 0.000000
vt  0.609955 -0.209839 0.000000
vt  0.601379 -0.196838 0.000000
vt  0.601379 -0.196838 0.000000
vt  0.609955 -0.209839 0.000000
vt  0.602448 -0.208923 0.000000
vt  0.609955 -0.209839 0.000000
vt  0.608734 -0.197601 0.000000
vt  0.602448 -0.208923 0.000000
vt  0.602448 -0.208923 0.000000
vt  0.608734 -0.197601 0.000000
vt  0.601379 -0.196838 0.000000
vt  0.599823 -0.118561 0.000000
vt  0.601379 -0.196838 0.000000
vt  0.606903 -0.118561 0.000000
vt  0.606903 -0.118561 0.000000
vt  0.601379 -0.196838 0.000000
vt  0.608734 -0.197601 0.000000
vt  0.458130 -0.077362 0.000000
vt  0.420441 -0.082581 0.000000
vt  0.582123 -0.030701 0.000000
vt  0.689423 -0.118561 0.000000
vt  0.734833 -0.086578 0.000000
vt  0.757019 -0.118958 0.000000
vt  0.856171 -0.119354 0.000000
vt  0.931274 -0.096313 0.000000
vt  0.856171 -0.094971 0.000000
vt  0.757019 -0.047699 0.000000
vt  0.697052 -0.028168 0.000000
vt  0.693237 -0.073364 0.000000
vt  0.856171 -0.094971 0.000000
vt  0.931274 -0.083313 0.000000
vt  0.856171 -0.083313 0.000000
vt  0.697052 -0.028168 0.000000
vt  0.757019 -0.047699 0.000000
vt  0.757019 -0.022552 0.000000
vt  0.856171 -0.083313 0.000000
vt  0.931274 -0.096313 0.000000
vt  0.856171 -0.094971 0.000000
vt  0.697052 -0.028168 0.000000
vt  0.757019 -0.022552 0.000000
vt  0.757019 -0.047699 0.000000
vt  0.856171 -0.094971 0.000000
vt  0.931274 -0.119354 0.000000
vt  0.856171 -0.119354 0.000000
vt  0.697052 -0.208954 0.000000
vt  0.757019 -0.215363 0.000000
vt  0.757019 -0.190247 0.000000
vt  0.697052 -0.208954 0.000000
vt  0.757019 -0.190247 0.000000
vt  0.757019 -0.215363 0.000000
vt  0.581482 -0.042358 0.000000
vt  0.458130 -0.077362 0.000000
vt  0.582123 -0.030701 0.000000
vt  0.582123 -0.206451 0.000000
vt  0.458130 -0.159668 0.000000
vt  0.581482 -0.194763 0.000000
vt  0.689423 -0.118561 0.000000
vt  0.693237 -0.163757 0.000000
vt  0.734833 -0.154510 0.000000
vt  0.582123 -0.030701 0.000000
vt  0.420441 -0.082581 0.000000
vt  0.581482 -0.042358 0.000000
vt  0.420441 -0.145172 0.000000
vt  0.582123 -0.206451 0.000000
vt  0.581482 -0.194763 0.000000
vt  0.582123 -0.206451 0.000000
vt  0.420441 -0.145172 0.000000
vt  0.458130 -0.159668 0.000000
vt  0.608734 -0.039520 0.000000
vt  0.606903 -0.118561 0.000000
vt  0.693237 -0.073364 0.000000
vt  0.697052 -0.028168 0.000000
vt  0.608734 -0.039520 0.000000
vt  0.693237 -0.073364 0.000000
vt  0.606903 -0.118561 0.000000
vt  0.608734 -0.197601 0.000000
vt  0.693237 -0.163757 0.000000
vt  0.608734 -0.197601 0.000000
vt  0.697052 -0.208954 0.000000
vt  0.693237 -0.163757 0.000000
vt  0.608734 -0.197601 0.000000
vt  0.606903 -0.118561 0.000000
vt  0.693237 -0.163757 0.000000
vt  0.697052 -0.208954 0.000000
vt  0.608734 -0.197601 0.000000
vt  0.693237 -0.163757 0.000000
vt  0.606903 -0.118561 0.000000
vt  0.608734 -0.039520 0.000000
vt  0.693237 -0.073364 0.000000
vt  0.608734 -0.039520 0.000000
vt  0.697052 -0.028168 0.000000
vt  0.693237 -0.073364 0.000000
vt  0.606903 -0.118561 0.000000
vt  0.693237 -0.073364 0.000000
vt  0.689423 -0.118561 0.000000
vt  0.606903 -0.118561 0.000000
vt  0.689423 -0.118561 0.000000
vt  0.693237 -0.073364 0.000000
vt  0.689423 -0.118561 0.000000
vt  0.606903 -0.118561 0.000000
vt  0.693237 -0.163757 0.000000
vt  0.606903 -0.118561 0.000000
vt  0.689423 -0.118561 0.000000
vt  0.693237 -0.163757 0.000000
vt  0.734833 -0.154510 0.000000
vt  0.693237 -0.163757 0.000000
vt  0.689423 -0.118561 0.000000
vt  0.689423 -0.118561 0.000000
vt  0.693237 -0.073364 0.000000
vt  0.734833 -0.086578 0.000000
vt  0.734833 -0.086578 0.000000
vt  0.757019 -0.047699 0.000000
vt  0.693237 -0.073364 0.000000
vt  0.693237 -0.163757 0.000000
vt  0.697052 -0.208954 0.000000
vt  0.757019 -0.190247 0.000000
vt  0.693237 -0.073364 0.000000
vt  0.757019 -0.047699 0.000000
vt  0.734833 -0.086578 0.000000
vt  0.757019 -0.190247 0.000000
vt  0.697052 -0.208954 0.000000
vt  0.693237 -0.163757 0.000000
vt  0.734833 -0.086578 0.000000
vt  0.693237 -0.073364 0.000000
vt  0.689423 -0.118561 0.000000
vt  0.693237 -0.163757 0.000000
vt  0.757019 -0.190247 0.000000
vt  0.734833 -0.154510 0.000000
vt  0.734833 -0.154510 0.000000
vt  0.689423 -0.118561 0.000000
vt  0.757019 -0.118958 0.000000
vt  0.693237 -0.073364 0.000000
vt  0.697052 -0.028168 0.000000
vt  0.757019 -0.047699 0.000000
vt  0.734833 -0.154510 0.000000
vt  0.757019 -0.190247 0.000000
vt  0.693237 -0.163757 0.000000
vt  0.734833 -0.154510 0.000000
vt  0.757019 -0.165100 0.000000
vt  0.757019 -0.190247 0.000000
vt  0.757019 -0.190247 0.000000
vt  0.757019 -0.165100 0.000000
vt  0.734833 -0.154510 0.000000
vt  0.734833 -0.086578 0.000000
vt  0.757019 -0.072815 0.000000
vt  0.757019 -0.047699 0.000000
vt  0.757019 -0.083313 0.000000
vt  0.734833 -0.086578 0.000000
vt  0.757019 -0.093811 0.000000
vt  0.734833 -0.086578 0.000000
vt  0.757019 -0.083313 0.000000
vt  0.757019 -0.072815 0.000000
vt  0.757019 -0.083313 0.000000
vt  0.734833 -0.086578 0.000000
vt  0.757019 -0.072815 0.000000
vt  0.734833 -0.086578 0.000000
vt  0.757019 -0.047699 0.000000
vt  0.757019 -0.072815 0.000000
vt  0.734833 -0.086578 0.000000
vt  0.757019 -0.083313 0.000000
vt  0.757019 -0.093811 0.000000
vt  0.856171 -0.050079 0.000000
vt  0.931274 -0.027039 0.000000
vt  0.856171 -0.025665 0.000000
vt  0.734833 -0.086578 0.000000
vt  0.757019 -0.093811 0.000000
vt  0.757019 -0.118958 0.000000
vt  0.856171 -0.025665 0.000000
vt  0.931274 -0.017487 0.000000
vt  0.856171 -0.015564 0.000000
vt  0.757019 -0.155121 0.000000
vt  0.757019 -0.144104 0.000000
vt  0.734833 -0.154510 0.000000
vt  0.856171 -0.015564 0.000000
vt  0.931274 -0.027039 0.000000
vt  0.856171 -0.025665 0.000000
vt  0.734833 -0.154510 0.000000
vt  0.757019 -0.165100 0.000000
vt  0.757019 -0.155121 0.000000
vt  0.856171 -0.025665 0.000000
vt  0.931274 -0.050079 0.000000
vt  0.856171 -0.050079 0.000000
vt  0.757019 -0.155121 0.000000
vt  0.757019 -0.165100 0.000000
vt  0.734833 -0.154510 0.000000
vt  0.734833 -0.154510 0.000000
vt  0.757019 -0.144104 0.000000
vt  0.757019 -0.155121 0.000000
vt  0.757019 -0.118958 0.000000
vt  0.757019 -0.144104 0.000000
vt  0.734833 -0.154510 0.000000
vt  0.599823 -0.118561 0.000000
vt  0.606903 -0.118561 0.000000
vt  0.601379 -0.196838 0.000000
vt  0.601379 -0.196838 0.000000
vt  0.606903 -0.118561 0.000000
vt  0.608734 -0.197601 0.000000
vt  0.663330 -0.585968 0.000000
vt  0.605286 -0.619598 0.000000
vt  0.611145 -0.592804 0.000000
vt  0.615509 -0.566010 0.000000
vt  0.611969 -0.547455 0.000000
vt  0.652344 -0.570709 0.000000
vt  0.652344 -0.570709 0.000000
vt  0.611969 -0.547455 0.000000
vt  0.652100 -0.552246 0.000000
vt  0.611145 -0.592804 0.000000
vt  0.561890 -0.603271 0.000000
vt  0.567719 -0.590179 0.000000
vt  0.458130 -0.116150 0.000000
vt  0.458130 -0.077362 0.000000
vt  0.580597 -0.118561 0.000000
vt  0.580597 -0.118561 0.000000
vt  0.458130 -0.077362 0.000000
vt  0.581482 -0.042358 0.000000
vt  0.420441 -0.082581 0.000000
vt  0.398071 -0.117188 0.000000
vt  0.581482 -0.042358 0.000000
vt  0.581482 -0.042358 0.000000
vt  0.398071 -0.117188 0.000000
vt  0.580597 -0.118561 0.000000
vt  0.398071 -0.117188 0.000000
vt  0.420441 -0.145172 0.000000
vt  0.580597 -0.118561 0.000000
vt  0.580597 -0.118561 0.000000
vt  0.420441 -0.145172 0.000000
vt  0.581482 -0.194763 0.000000
vt  0.581482 -0.194763 0.000000
vt  0.458130 -0.159668 0.000000
vt  0.580597 -0.118561 0.000000
vt  0.580597 -0.118561 0.000000
vt  0.458130 -0.159668 0.000000
vt  0.458130 -0.116150 0.000000
vt  0.697052 -0.028168 0.000000
vt  0.608734 -0.039520 0.000000
vt  0.702179 -0.013672 0.000000
vt  0.702179 -0.013672 0.000000
vt  0.608734 -0.039520 0.000000
vt  0.609955 -0.027283 0.000000
vt  0.702179 -0.013672 0.000000
vt  0.609955 -0.027283 0.000000
vt  0.697052 -0.028168 0.000000
vt  0.697052 -0.028168 0.000000
vt  0.609955 -0.027283 0.000000
vt  0.608734 -0.039520 0.000000
vt  0.697052 -0.208954 0.000000
vt  0.608734 -0.197601 0.000000
vt  0.702179 -0.223450 0.000000
vt  0.702179 -0.223450 0.000000
vt  0.608734 -0.197601 0.000000
vt  0.609955 -0.209839 0.000000
vt  0.702179 -0.223450 0.000000
vt  0.609955 -0.209839 0.000000
vt  0.697052 -0.208954 0.000000
vt  0.697052 -0.208954 0.000000
vt  0.609955 -0.209839 0.000000
vt  0.608734 -0.197601 0.000000
vt  0.581482 -0.042358 0.000000
vt  0.601379 -0.040283 0.000000
vt  0.580597 -0.118561 0.000000
vt  0.580597 -0.118561 0.000000
vt  0.601379 -0.040283 0.000000
vt  0.599823 -0.118561 0.000000
vt  0.702179 -0.013672 0.000000
vt  0.697052 -0.028168 0.000000
vt  0.757019 -0.012146 0.000000
vt  0.757019 -0.012146 0.000000
vt  0.697052 -0.028168 0.000000
vt  0.757019 -0.022552 0.000000
vt  0.697052 -0.028168 0.000000
vt  0.702179 -0.013672 0.000000
vt  0.757019 -0.022552 0.000000
vt  0.757019 -0.022552 0.000000
vt  0.702179 -0.013672 0.000000
vt  0.757019 -0.012146 0.000000
vt  0.702179 -0.223450 0.000000
vt  0.757019 -0.225800 0.000000
vt  0.697052 -0.208954 0.000000
vt  0.697052 -0.208954 0.000000
vt  0.757019 -0.225800 0.000000
vt  0.757019 -0.215363 0.000000
vt  0.697052 -0.208954 0.000000
vt  0.757019 -0.215363 0.000000
vt  0.702179 -0.223450 0.000000
vt  0.702179 -0.223450 0.000000
vt  0.757019 -0.215363 0.000000
vt  0.757019 -0.225800 0.000000
vt  0.689423 -0.118561 0.000000
vt  0.734833 -0.154510 0.000000
vt  0.757019 -0.118958 0.000000
vt  0.757019 -0.118958 0.000000
vt  0.734833 -0.154510 0.000000
vt  0.757019 -0.144104 0.000000
vt  0.734833 -0.086578 0.000000
vt  0.689423 -0.118561 0.000000
vt  0.757019 -0.093811 0.000000
vt  0.757019 -0.093811 0.000000
vt  0.689423 -0.118561 0.000000
vt  0.757019 -0.118958 0.000000
vt  0.856171 -0.119354 0.000000
vt  0.931274 -0.142426 0.000000
vt  0.856171 -0.143768 0.000000
vt  0.856171 -0.143768 0.000000
vt  0.931274 -0.155121 0.000000
vt  0.856171 -0.155121 0.000000
vt  0.856171 -0.188660 0.000000
vt  0.931274 -0.164795 0.000000
vt  0.856171 -0.164246 0.000000
vt  0.856171 -0.155121 0.000000
vt  0.931274 -0.142426 0.000000
vt  0.856171 -0.143768 0.000000
vt  0.856171 -0.164246 0.000000
vt  0.931274 -0.155121 0.000000
vt  0.856171 -0.155121 0.000000
vt  0.856171 -0.143768 0.000000
vt  0.931274 -0.119354 0.000000
vt  0.856171 -0.119354 0.000000
vt  0.856171 -0.155121 0.000000
vt  0.931274 -0.164795 0.000000
vt  0.856171 -0.164246 0.000000
vt  0.601379 -0.040283 0.000000
vt  0.581482 -0.042358 0.000000
vt  0.602448 -0.028198 0.000000
vt  0.602448 -0.028198 0.000000
vt  0.581482 -0.042358 0.000000
vt  0.582123 -0.030701 0.000000
vt  0.856171 -0.188660 0.000000
vt  0.931274 -0.210876 0.000000
vt  0.856171 -0.213074 0.000000
vt  0.757019 -0.022552 0.000000
vt  0.856171 -0.050079 0.000000
vt  0.757019 -0.047699 0.000000
vt  0.856171 -0.025665 0.000000
vt  0.856171 -0.050079 0.000000
vt  0.757019 -0.022552 0.000000
vt  0.757019 -0.012146 0.000000
vt  0.856171 -0.025665 0.000000
vt  0.757019 -0.022552 0.000000
vt  0.856171 -0.015564 0.000000
vt  0.856171 -0.025665 0.000000
vt  0.757019 -0.012146 0.000000
vt  0.757019 -0.022552 0.000000
vt  0.856171 -0.015564 0.000000
vt  0.757019 -0.012146 0.000000
vt  0.856171 -0.025665 0.000000
vt  0.856171 -0.015564 0.000000
vt  0.757019 -0.022552 0.000000
vt  0.856171 -0.188660 0.000000
vt  0.757019 -0.215363 0.000000
vt  0.757019 -0.190247 0.000000
vt  0.856171 -0.213074 0.000000
vt  0.757019 -0.215363 0.000000
vt  0.856171 -0.188660 0.000000
vt  0.856171 -0.213074 0.000000
vt  0.757019 -0.225800 0.000000
vt  0.757019 -0.215363 0.000000
vt  0.856171 -0.223175 0.000000
vt  0.757019 -0.225800 0.000000
vt  0.856171 -0.213074 0.000000
vt  0.856171 -0.119354 0.000000
vt  0.757019 -0.144104 0.000000
vt  0.757019 -0.118958 0.000000
vt  0.856171 -0.143768 0.000000
vt  0.757019 -0.144104 0.000000
vt  0.856171 -0.119354 0.000000
vt  0.856171 -0.143768 0.000000
vt  0.757019 -0.155121 0.000000
vt  0.757019 -0.144104 0.000000
vt  0.856171 -0.155121 0.000000
vt  0.757019 -0.155121 0.000000
vt  0.856171 -0.143768 0.000000
vt  0.856171 -0.155121 0.000000
vt  0.757019 -0.144104 0.000000
vt  0.757019 -0.155121 0.000000
vt  0.856171 -0.143768 0.000000
vt  0.757019 -0.144104 0.000000
vt  0.856171 -0.155121 0.000000
vt  0.856171 -0.143768 0.000000
vt  0.757019 -0.118958 0.000000
vt  0.757019 -0.144104 0.000000
vt  0.856171 -0.119354 0.000000
vt  0.757019 -0.118958 0.000000
vt  0.856171 -0.143768 0.000000
vt  0.757019 -0.118958 0.000000
vt  0.856171 -0.094971 0.000000
vt  0.757019 -0.093811 0.000000
vt  0.856171 -0.119354 0.000000
vt  0.856171 -0.094971 0.000000
vt  0.757019 -0.118958 0.000000
vt  0.757019 -0.093811 0.000000
vt  0.856171 -0.119354 0.000000
vt  0.757019 -0.118958 0.000000
vt  0.856171 -0.094971 0.000000
vt  0.856171 -0.119354 0.000000
vt  0.757019 -0.093811 0.000000
vt  0.757019 -0.083313 0.000000
vt  0.856171 -0.094971 0.000000
vt  0.757019 -0.093811 0.000000
vt  0.856171 -0.083313 0.000000
vt  0.856171 -0.094971 0.000000
vt  0.757019 -0.083313 0.000000
vt  0.757019 -0.093811 0.000000
vt  0.856171 -0.083313 0.000000
vt  0.757019 -0.083313 0.000000
vt  0.856171 -0.094971 0.000000
vt  0.856171 -0.083313 0.000000
vt  0.757019 -0.093811 0.000000
vt  0.856171 -0.223175 0.000000
vt  0.757019 -0.215363 0.000000
vt  0.757019 -0.225800 0.000000
vt  0.856171 -0.213074 0.000000
vt  0.757019 -0.215363 0.000000
vt  0.856171 -0.223175 0.000000
vt  0.856171 -0.050079 0.000000
vt  0.757019 -0.072815 0.000000
vt  0.757019 -0.047699 0.000000
vt  0.856171 -0.072815 0.000000
vt  0.757019 -0.072815 0.000000
vt  0.856171 -0.050079 0.000000
vt  0.856171 -0.072815 0.000000
vt  0.757019 -0.083313 0.000000
vt  0.757019 -0.072815 0.000000
vt  0.856171 -0.083313 0.000000
vt  0.757019 -0.083313 0.000000
vt  0.856171 -0.072815 0.000000
vt  0.856171 -0.083313 0.000000
vt  0.757019 -0.072815 0.000000
vt  0.757019 -0.083313 0.000000
vt  0.856171 -0.072815 0.000000
vt  0.757019 -0.072815 0.000000
vt  0.856171 -0.083313 0.000000
vt  0.856171 -0.072815 0.000000
vt  0.757019 -0.047699 0.000000
vt  0.757019 -0.072815 0.000000
vt  0.856171 -0.050079 0.000000
vt  0.757019 -0.047699 0.000000
vt  0.856171 -0.072815 0.000000
vt  0.757019 -0.047699 0.000000
vt  0.856171 -0.025665 0.000000
vt  0.757019 -0.022552 0.000000
vt  0.856171 -0.050079 0.000000
vt  0.856171 -0.025665 0.000000
vt  0.757019 -0.047699 0.000000
vt  0.856171 -0.213074 0.000000
vt  0.757019 -0.190247 0.000000
vt  0.757019 -0.215363 0.000000
vt  0.856171 -0.188660 0.000000
vt  0.757019 -0.190247 0.000000
vt  0.856171 -0.213074 0.000000
vt  0.757019 -0.190247 0.000000
vt  0.856171 -0.164246 0.000000
vt  0.757019 -0.165100 0.000000
vt  0.856171 -0.188660 0.000000
vt  0.856171 -0.164246 0.000000
vt  0.757019 -0.190247 0.000000
vt  0.757019 -0.165100 0.000000
vt  0.856171 -0.155121 0.000000
vt  0.757019 -0.155121 0.000000
vt  0.856171 -0.164246 0.000000
vt  0.856171 -0.155121 0.000000
vt  0.757019 -0.165100 0.000000
vt  0.734833 -0.154510 0.000000
vt  0.757019 -0.118958 0.000000
vt  0.757019 -0.144104 0.000000
vt  0.689423 -0.118561 0.000000
vt  0.757019 -0.118958 0.000000
vt  0.734833 -0.154510 0.000000
vt  0.757019 -0.215363 0.000000
vt  0.702179 -0.223450 0.000000
vt  0.757019 -0.225800 0.000000
vt  0.697052 -0.208954 0.000000
vt  0.702179 -0.223450 0.000000
vt  0.757019 -0.215363 0.000000
vt  0.757019 -0.225800 0.000000
vt  0.697052 -0.208954 0.000000
vt  0.757019 -0.215363 0.000000
vt  0.702179 -0.223450 0.000000
vt  0.697052 -0.208954 0.000000
vt  0.757019 -0.225800 0.000000
vt  0.702179 -0.013672 0.000000
vt  0.757019 -0.022552 0.000000
vt  0.757019 -0.012146 0.000000
vt  0.697052 -0.028168 0.000000
vt  0.757019 -0.022552 0.000000
vt  0.702179 -0.013672 0.000000
vt  0.697052 -0.028168 0.000000
vt  0.757019 -0.012146 0.000000
vt  0.757019 -0.022552 0.000000
vt  0.702179 -0.013672 0.000000
vt  0.757019 -0.012146 0.000000
vt  0.697052 -0.028168 0.000000
vt  0.689423 -0.118561 0.000000
vt  0.757019 -0.093811 0.000000
vt  0.757019 -0.118958 0.000000
vt  0.734833 -0.086578 0.000000
vt  0.757019 -0.093811 0.000000
vt  0.689423 -0.118561 0.000000
vt  0.856171 -0.213074 0.000000
vt  0.931274 -0.220428 0.000000
vt  0.856171 -0.223175 0.000000
vt  0.979614 -0.362305 0.000000
vt  0.993195 -0.448669 0.000000
vt  0.975433 -0.379456 0.000000
vt  0.743103 -0.448669 0.000000
vt  0.760864 -0.379456 0.000000
vt  0.754761 -0.426697 0.000000
vt  0.756714 -0.362305 0.000000
vt  0.760864 -0.379456 0.000000
vt  0.743103 -0.448669 0.000000
vt  0.856171 -0.223175 0.000000
vt  0.931274 -0.210876 0.000000
vt  0.856171 -0.213074 0.000000
vt  0.938599 -0.457367 0.000000
vt  0.798126 -0.457367 0.000000
vt  0.914154 -0.430664 0.000000
vt  0.856171 -0.213074 0.000000
vt  0.931274 -0.187836 0.000000
vt  0.856171 -0.188660 0.000000
vt  0.856171 -0.050079 0.000000
vt  0.931274 -0.072815 0.000000
vt  0.856171 -0.072815 0.000000
vt  0.856171 -0.072815 0.000000
vt  0.931274 -0.083313 0.000000
vt  0.856171 -0.083313 0.000000
vt  0.856171 -0.083313 0.000000
vt  0.931274 -0.072815 0.000000
vt  0.856171 -0.072815 0.000000
vt  0.856171 -0.072815 0.000000
vt  0.931274 -0.050079 0.000000
vt  0.856171 -0.050079 0.000000
vt  0.602448 -0.028198 0.000000
vt  0.582123 -0.030701 0.000000
vt  0.601379 -0.040283 0.000000
vt  0.601379 -0.040283 0.000000
vt  0.582123 -0.030701 0.000000
vt  0.581482 -0.042358 0.000000
vt  0.580597 -0.118561 0.000000
vt  0.599823 -0.118561 0.000000
vt  0.581482 -0.042358 0.000000
vt  0.581482 -0.042358 0.000000
vt  0.599823 -0.118561 0.000000
vt  0.601379 -0.040283 0.000000
vt  0.581482 -0.194763 0.000000
vt  0.601379 -0.196838 0.000000
vt  0.580597 -0.118561 0.000000
vt  0.580597 -0.118561 0.000000
vt  0.601379 -0.196838 0.000000
vt  0.599823 -0.118561 0.000000
vt  0.601379 -0.196838 0.000000
vt  0.581482 -0.194763 0.000000
vt  0.602448 -0.208923 0.000000
vt  0.602448 -0.208923 0.000000
vt  0.581482 -0.194763 0.000000
vt  0.582123 -0.206451 0.000000
vt  0.602448 -0.208923 0.000000
vt  0.582123 -0.206451 0.000000
vt  0.601379 -0.196838 0.000000
vt  0.601379 -0.196838 0.000000
vt  0.582123 -0.206451 0.000000
vt  0.581482 -0.194763 0.000000
vt  0.580597 -0.118561 0.000000
vt  0.599823 -0.118561 0.000000
vt  0.581482 -0.194763 0.000000
vt  0.581482 -0.194763 0.000000
vt  0.599823 -0.118561 0.000000
vt  0.601379 -0.196838 0.000000
vt  0.601379 -0.040283 0.000000
vt  0.608734 -0.039520 0.000000
vt  0.599823 -0.118561 0.000000
vt  0.599823 -0.118561 0.000000
vt  0.608734 -0.039520 0.000000
vt  0.606903 -0.118561 0.000000
vt  0.608734 -0.039520 0.000000
vt  0.601379 -0.040283 0.000000
vt  0.609955 -0.027283 0.000000
vt  0.609955 -0.027283 0.000000
vt  0.601379 -0.040283 0.000000
vt  0.602448 -0.028198 0.000000
vt  0.609955 -0.027283 0.000000
vt  0.602448 -0.028198 0.000000
vt  0.608734 -0.039520 0.000000
vt  0.608734 -0.039520 0.000000
vt  0.602448 -0.028198 0.000000
vt  0.601379 -0.040283 0.000000
vt  0.599823 -0.118561 0.000000
vt  0.606903 -0.118561 0.000000
vt  0.601379 -0.040283 0.000000
vt  0.601379 -0.040283 0.000000
vt  0.606903 -0.118561 0.000000
vt  0.608734 -0.039520 0.000000
vt  0.601379 -0.196838 0.000000
vt  0.608734 -0.197601 0.000000
vt  0.599823 -0.118561 0.000000
vt  0.599823 -0.118561 0.000000
vt  0.608734 -0.197601 0.000000
vt  0.606903 -0.118561 0.000000
vt  0.757019 -0.118958 0.000000
vt  0.734833 -0.154510 0.000000
vt  0.757019 -0.144104 0.000000
vt  0.734833 -0.154510 0.000000
vt  0.757019 -0.155121 0.000000
vt  0.757019 -0.144104 0.000000
vt  0.734833 -0.154510 0.000000
vt  0.757019 -0.190247 0.000000
vt  0.757019 -0.165100 0.000000
vt  0.697052 -0.208954 0.000000
vt  0.757019 -0.215363 0.000000
vt  0.757019 -0.190247 0.000000
vt  0.697052 -0.208954 0.000000
vt  0.757019 -0.190247 0.000000
vt  0.757019 -0.215363 0.000000
vt  0.757019 -0.155121 0.000000
vt  0.734833 -0.154510 0.000000
vt  0.757019 -0.165100 0.000000
vt  0.734833 -0.154510 0.000000
vt  0.757019 -0.155121 0.000000
vt  0.757019 -0.165100 0.000000
vt  0.757019 -0.155121 0.000000
vt  0.734833 -0.154510 0.000000
vt  0.757019 -0.144104 0.000000
vt  0.734833 -0.086578 0.000000
vt  0.757019 -0.118958 0.000000
vt  0.757019 -0.093811 0.000000
vt  0.734833 -0.086578 0.000000
vt  0.757019 -0.093811 0.000000
vt  0.757019 -0.083313 0.000000
vt  0.734833 -0.086578 0.000000
vt  0.757019 -0.072815 0.000000
vt  0.757019 -0.047699 0.000000
vt  0.697052 -0.028168 0.000000
vt  0.757019 -0.047699 0.000000
vt  0.757019 -0.022552 0.000000
vt  0.697052 -0.028168 0.000000
vt  0.757019 -0.022552 0.000000
vt  0.757019 -0.047699 0.000000
vt  0.757019 -0.083313 0.000000
vt  0.757019 -0.072815 0.000000
vt  0.734833 -0.086578 0.000000
vt  0.734833 -0.086578 0.000000
vt  0.757019 -0.072815 0.000000
vt  0.757019 -0.083313 0.000000
vt  0.757019 -0.083313 0.000000
vt  0.757019 -0.093811 0.000000
vt  0.734833 -0.086578 0.000000
vt  0.757019 -0.047699 0.000000
vt  0.693237 -0.073364 0.000000
vt  0.697052 -0.028168 0.000000
vt  0.689423 -0.118561 0.000000
vt  0.757019 -0.118958 0.000000
vt  0.734833 -0.086578 0.000000
vt  0.734833 -0.086578 0.000000
vt  0.757019 -0.047699 0.000000
vt  0.757019 -0.072815 0.000000
vt  0.757019 -0.190247 0.000000
vt  0.734833 -0.154510 0.000000
vt  0.757019 -0.165100 0.000000
vt  0.734833 -0.154510 0.000000
vt  0.693237 -0.163757 0.000000
vt  0.757019 -0.190247 0.000000
vt  0.693237 -0.073364 0.000000
vt  0.757019 -0.047699 0.000000
vt  0.697052 -0.028168 0.000000
vt  0.734833 -0.154510 0.000000
vt  0.757019 -0.118958 0.000000
vt  0.689423 -0.118561 0.000000
vt  0.693237 -0.163757 0.000000
vt  0.734833 -0.154510 0.000000
vt  0.757019 -0.190247 0.000000
vt  0.734833 -0.086578 0.000000
vt  0.689423 -0.118561 0.000000
vt  0.693237 -0.073364 0.000000
vt  0.757019 -0.190247 0.000000
vt  0.693237 -0.163757 0.000000
vt  0.697052 -0.208954 0.000000
vt  0.693237 -0.073364 0.000000
vt  0.734833 -0.086578 0.000000
vt  0.757019 -0.047699 0.000000
vt  0.693237 -0.163757 0.000000
vt  0.757019 -0.190247 0.000000
vt  0.697052 -0.208954 0.000000
vt  0.734833 -0.086578 0.000000
vt  0.693237 -0.073364 0.000000
vt  0.757019 -0.047699 0.000000
vt  0.689423 -0.118561 0.000000
vt  0.734833 -0.154510 0.000000
vt  0.693237 -0.163757 0.000000
vt  0.689423 -0.118561 0.000000
vt  0.734833 -0.086578 0.000000
vt  0.693237 -0.073364 0.000000
vt  0.734833 -0.154510 0.000000
vt  0.689423 -0.118561 0.000000
vt  0.693237 -0.163757 0.000000
vt  0.608734 -0.197601 0.000000
vt  0.601379 -0.196838 0.000000
vt  0.609955 -0.209839 0.000000
vt  0.609955 -0.209839 0.000000
vt  0.601379 -0.196838 0.000000
vt  0.602448 -0.208923 0.000000
vt  0.609955 -0.209839 0.000000
vt  0.602448 -0.208923 0.000000
vt  0.608734 -0.197601 0.000000
vt  0.931183 -0.306366 0.000000
vt  0.979614 -0.362305 0.000000
vt  0.975433 -0.379456 0.000000
vt  0.993195 -0.448669 0.000000
vt  0.938599 -0.457367 0.000000
vt  0.914154 -0.430664 0.000000
vt  0.608734 -0.197601 0.000000
vt  0.602448 -0.208923 0.000000
vt  0.601379 -0.196838 0.000000
vt  0.856171 -0.094971 0.000000
vt  0.757019 -0.093811 0.000000
vt  0.856171 -0.083313 0.000000
vt  0.914154 -0.331360 0.000000
vt  0.932159 -0.381958 0.000000
vt  0.914154 -0.430664 0.000000
vt  0.856171 -0.083313 0.000000
vt  0.757019 -0.093811 0.000000
vt  0.757019 -0.083313 0.000000
vt  0.993195 -0.448669 0.000000
vt  0.914154 -0.430664 0.000000
vt  0.981567 -0.426697 0.000000
vt  0.856171 -0.083313 0.000000
vt  0.757019 -0.083313 0.000000
vt  0.856171 -0.094971 0.000000
vt  0.914154 -0.331360 0.000000
vt  0.931183 -0.306366 0.000000
vt  0.947510 -0.366974 0.000000
vt  0.856171 -0.094971 0.000000
vt  0.757019 -0.083313 0.000000
vt  0.757019 -0.093811 0.000000
vt  0.805115 -0.306366 0.000000
vt  0.760864 -0.379456 0.000000
vt  0.756714 -0.362305 0.000000
vt  0.856171 -0.094971 0.000000
vt  0.757019 -0.093811 0.000000
vt  0.856171 -0.119354 0.000000
vt  0.856171 -0.119354 0.000000
vt  0.757019 -0.093811 0.000000
vt  0.757019 -0.118958 0.000000
vt  0.822174 -0.331360 0.000000
vt  0.822174 -0.430664 0.000000
vt  0.804138 -0.381958 0.000000
vt  0.856171 -0.119354 0.000000
vt  0.757019 -0.118958 0.000000
vt  0.856171 -0.094971 0.000000
vt  0.743103 -0.448669 0.000000
vt  0.754761 -0.426697 0.000000
vt  0.822174 -0.430664 0.000000
vt  0.856171 -0.094971 0.000000
vt  0.757019 -0.118958 0.000000
vt  0.757019 -0.093811 0.000000
vt  0.822174 -0.331360 0.000000
vt  0.788818 -0.366974 0.000000
vt  0.805115 -0.306366 0.000000
vt  0.856171 -0.119354 0.000000
vt  0.856171 -0.143768 0.000000
vt  0.757019 -0.118958 0.000000
vt  0.798126 -0.457367 0.000000
vt  0.743103 -0.448669 0.000000
vt  0.822174 -0.430664 0.000000
vt  0.757019 -0.118958 0.000000
vt  0.856171 -0.143768 0.000000
vt  0.757019 -0.144104 0.000000
vt  0.856171 -0.143768 0.000000
vt  0.856171 -0.155121 0.000000
vt  0.757019 -0.144104 0.000000
vt  0.757019 -0.144104 0.000000
vt  0.856171 -0.155121 0.000000
vt  0.757019 -0.155121 0.000000
vt  0.856171 -0.155121 0.000000
vt  0.856171 -0.143768 0.000000
vt  0.757019 -0.155121 0.000000
vt  0.757019 -0.155121 0.000000
vt  0.856171 -0.143768 0.000000
vt  0.757019 -0.144104 0.000000
vt  0.856171 -0.143768 0.000000
vt  0.856171 -0.119354 0.000000
vt  0.757019 -0.144104 0.000000
vt  0.757019 -0.144104 0.000000
vt  0.856171 -0.119354 0.000000
vt  0.757019 -0.118958 0.000000
vt  0.856171 -0.164246 0.000000
vt  0.757019 -0.165100 0.000000
vt  0.856171 -0.155121 0.000000
vt  0.856171 -0.155121 0.000000
vt  0.757019 -0.165100 0.000000
vt  0.757019 -0.155121 0.000000
vt  0.856171 -0.188660 0.000000
vt  0.757019 -0.190247 0.000000
vt  0.856171 -0.164246 0.000000
vt  0.856171 -0.164246 0.000000
vt  0.757019 -0.190247 0.000000
vt  0.757019 -0.165100 0.000000
vt  0.856171 -0.188660 0.000000
vt  0.856171 -0.213074 0.000000
vt  0.757019 -0.190247 0.000000
vt  0.757019 -0.190247 0.000000
vt  0.856171 -0.213074 0.000000
vt  0.757019 -0.215363 0.000000
vt  0.856171 -0.213074 0.000000
vt  0.856171 -0.223175 0.000000
vt  0.757019 -0.215363 0.000000
vt  0.757019 -0.215363 0.000000
vt  0.856171 -0.223175 0.000000
vt  0.757019 -0.225800 0.000000
vt  0.856171 -0.223175 0.000000
vt  0.856171 -0.213074 0.000000
vt  0.757019 -0.225800 0.000000
vt  0.757019 -0.225800 0.000000
vt  0.856171 -0.213074 0.000000
vt  0.757019 -0.215363 0.000000
vt  0.856171 -0.213074 0.000000
vt  0.856171 -0.188660 0.000000
vt  0.757019 -0.215363 0.000000
vt  0.757019 -0.215363 0.000000
vt  0.856171 -0.188660 0.000000
vt  0.757019 -0.190247 0.000000
vt  0.856171 -0.025665 0.000000
vt  0.757019 -0.022552 0.000000
vt  0.856171 -0.015564 0.000000
vt  0.856171 -0.015564 0.000000
vt  0.757019 -0.022552 0.000000
vt  0.757019 -0.012146 0.000000
vt  0.856171 -0.015564 0.000000
vt  0.757019 -0.012146 0.000000
vt  0.856171 -0.025665 0.000000
vt  0.856171 -0.025665 0.000000
vt  0.757019 -0.012146 0.000000
vt  0.757019 -0.022552 0.000000
vt  0.979614 -0.362305 0.000000
vt  0.931183 -0.306366 0.000000
vt  0.936676 -0.269897 0.000000
vt  0.856171 -0.025665 0.000000
vt  0.757019 -0.022552 0.000000
vt  0.856171 -0.050079 0.000000
vt  0.856171 -0.050079 0.000000
vt  0.757019 -0.022552 0.000000
vt  0.757019 -0.047699 0.000000
vt  0.856171 -0.050079 0.000000
vt  0.757019 -0.047699 0.000000
vt  0.856171 -0.025665 0.000000
vt  0.856171 -0.025665 0.000000
vt  0.757019 -0.047699 0.000000
vt  0.757019 -0.022552 0.000000
vt  0.756714 -0.362305 0.000000
vt  0.799622 -0.269897 0.000000
vt  0.805115 -0.306366 0.000000
vt  0.856171 -0.050079 0.000000
vt  0.856171 -0.072815 0.000000
vt  0.757019 -0.047699 0.000000
vt  0.868164 -0.335480 0.000000
vt  0.822174 -0.331360 0.000000
vt  0.840027 -0.296631 0.000000
vt  0.757019 -0.047699 0.000000
vt  0.856171 -0.072815 0.000000
vt  0.757019 -0.072815 0.000000
vt  0.856171 -0.072815 0.000000
vt  0.856171 -0.083313 0.000000
vt  0.757019 -0.072815 0.000000
vt  0.757019 -0.072815 0.000000
vt  0.856171 -0.083313 0.000000
vt  0.757019 -0.083313 0.000000
vt  0.856171 -0.083313 0.000000
vt  0.856171 -0.072815 0.000000
vt  0.757019 -0.083313 0.000000
vt  0.757019 -0.083313 0.000000
vt  0.856171 -0.072815 0.000000
vt  0.757019 -0.072815 0.000000
vt  0.856171 -0.072815 0.000000
vt  0.856171 -0.050079 0.000000
vt  0.757019 -0.072815 0.000000
vt  0.757019 -0.072815 0.000000
vt  0.856171 -0.050079 0.000000
vt  0.757019 -0.047699 0.000000
vt  0.856171 -0.155121 0.000000
vt  0.757019 -0.155121 0.000000
vt  0.856171 -0.164246 0.000000
vt  0.856171 -0.188660 0.000000
vt  0.757019 -0.165100 0.000000
vt  0.757019 -0.190247 0.000000
vt  0.499115 -0.761292 0.000000
vt  0.433411 -0.806671 0.000000
vt  0.489319 -0.713562 0.000000
vt  0.499115 -0.761292 0.000000
vt  0.489319 -0.713562 0.000000
vt  0.433411 -0.806671 0.000000
vt  0.373169 -0.898407 0.000000
vt  0.470856 -0.919037 0.000000
vt  0.478638 -0.883636 0.000000
vt  0.373169 -0.898407 0.000000
vt  0.478638 -0.883636 0.000000
vt  0.470856 -0.919037 0.000000
vt  0.433411 -0.806671 0.000000
vt  0.478638 -0.883636 0.000000
vt  0.373169 -0.898407 0.000000
vt  0.433411 -0.806671 0.000000
vt  0.373169 -0.898407 0.000000
vt  0.478638 -0.883636 0.000000
vt  0.499115 -0.761292 0.000000
vt  0.478638 -0.883636 0.000000
vt  0.433411 -0.806671 0.000000
vt  0.499115 -0.761292 0.000000
vt  0.433411 -0.806671 0.000000
vt  0.478638 -0.883636 0.000000
vt  0.470856 -0.919037 0.000000
vt  0.478638 -0.883636 0.000000
vt  0.588470 -0.919037 0.000000
vt  0.470856 -0.919037 0.000000
vt  0.588470 -0.919037 0.000000
vt  0.478638 -0.883636 0.000000
vt  0.478638 -0.883636 0.000000
vt  0.613617 -0.826813 0.000000
vt  0.545654 -0.812561 0.000000
vt  0.478638 -0.883636 0.000000
vt  0.545654 -0.812561 0.000000
vt  0.613617 -0.826813 0.000000
vt  0.344513 -0.426331 0.000000
vt  0.418793 -0.421906 0.000000
vt  0.387421 -0.430481 0.000000
vt  0.545654 -0.812561 0.000000
vt  0.574188 -0.731415 0.000000
vt  0.499115 -0.761292 0.000000
vt  0.545654 -0.812561 0.000000
vt  0.499115 -0.761292 0.000000
vt  0.574188 -0.731415 0.000000
vt  0.478638 -0.883636 0.000000
vt  0.545654 -0.812561 0.000000
vt  0.499115 -0.761292 0.000000
vt  0.295258 -0.358246 0.000000
vt  0.268890 -0.398010 0.000000
vt  0.317322 -0.377930 0.000000
vt  0.478638 -0.883636 0.000000
vt  0.499115 -0.761292 0.000000
vt  0.545654 -0.812561 0.000000
vt  0.574188 -0.731415 0.000000
vt  0.489319 -0.713562 0.000000
vt  0.499115 -0.761292 0.000000
vt  0.574188 -0.731415 0.000000
vt  0.499115 -0.761292 0.000000
vt  0.489319 -0.713562 0.000000
vt  0.349182 -0.924255 0.000000
vt  0.461975 -0.951416 0.000000
vt  0.373169 -0.898407 0.000000
vt  0.979614 -0.362305 0.000000
vt  0.975433 -0.379456 0.000000
vt  0.993195 -0.448669 0.000000
vt  0.373169 -0.898407 0.000000
vt  0.461975 -0.951416 0.000000
vt  0.470856 -0.919037 0.000000
vt  0.334167 -0.943817 0.000000
vt  0.455963 -0.974792 0.000000
vt  0.349182 -0.924255 0.000000
vt  0.349182 -0.924255 0.000000
vt  0.455963 -0.974792 0.000000
vt  0.461975 -0.951416 0.000000
vt  0.756714 -0.362305 0.000000
vt  0.743103 -0.448669 0.000000
vt  0.760864 -0.379456 0.000000
vt  0.349182 -0.924255 0.000000
vt  0.373169 -0.898407 0.000000
vt  0.461975 -0.951416 0.000000
vt  0.461975 -0.951416 0.000000
vt  0.373169 -0.898407 0.000000
vt  0.470856 -0.919037 0.000000
vt  0.334167 -0.943817 0.000000
vt  0.349182 -0.924255 0.000000
vt  0.455963 -0.974792 0.000000
vt  0.455963 -0.974792 0.000000
vt  0.349182 -0.924255 0.000000
vt  0.461975 -0.951416 0.000000
vt  0.389008 -0.470215 0.000000
vt  0.413940 -0.450409 0.000000
vt  0.348328 -0.438873 0.000000
vt  0.461975 -0.951416 0.000000
vt  0.588470 -0.919037 0.000000
vt  0.470856 -0.919037 0.000000
vt  0.455963 -0.974792 0.000000
vt  0.582031 -0.988831 0.000000
vt  0.461975 -0.951416 0.000000
vt  0.461975 -0.951416 0.000000
vt  0.582031 -0.988831 0.000000
vt  0.583282 -0.962921 0.000000
vt  0.455963 -0.974792 0.000000
vt  0.461975 -0.951416 0.000000
vt  0.582031 -0.988831 0.000000
vt  0.725128 -0.578064 0.000000
vt  0.780334 -0.578247 0.000000
vt  0.739929 -0.546875 0.000000
vt  0.710602 -0.589264 0.000000
vt  0.772003 -0.603455 0.000000
vt  0.725128 -0.578064 0.000000
vt  0.710602 -0.589264 0.000000
vt  0.661438 -0.534088 0.000000
vt  0.692871 -0.593872 0.000000
vt  0.725128 -0.578064 0.000000
vt  0.672546 -0.521790 0.000000
vt  0.710602 -0.589264 0.000000
vt  0.710602 -0.589264 0.000000
vt  0.672546 -0.521790 0.000000
vt  0.661438 -0.534088 0.000000
vt  0.710602 -0.589264 0.000000
vt  0.692871 -0.593872 0.000000
vt  0.661438 -0.534088 0.000000
vt  0.725128 -0.578064 0.000000
vt  0.710602 -0.589264 0.000000
vt  0.672546 -0.521790 0.000000
vt  0.914917 -0.673767 0.000000
vt  0.952332 -0.648438 0.000000
vt  0.914703 -0.645660 0.000000
vt  0.918182 -0.609894 0.000000
vt  0.896088 -0.635864 0.000000
vt  0.948883 -0.612152 0.000000
vt  0.914703 -0.645660 0.000000
vt  0.952332 -0.648438 0.000000
vt  0.948883 -0.612152 0.000000
vt  0.914917 -0.673767 0.000000
vt  0.914703 -0.645660 0.000000
vt  0.952332 -0.648438 0.000000
vt  0.344513 -0.426331 0.000000
vt  0.268890 -0.398010 0.000000
vt  0.317322 -0.377930 0.000000
vt  0.918182 -0.609894 0.000000
vt  0.948883 -0.612152 0.000000
vt  0.896088 -0.635864 0.000000
vt  0.914703 -0.645660 0.000000
vt  0.948883 -0.612152 0.000000
vt  0.952332 -0.648438 0.000000
vt  0.868622 -0.671295 0.000000
vt  0.914917 -0.673767 0.000000
vt  0.914703 -0.645660 0.000000
vt  0.893921 -0.726288 0.000000
vt  0.904724 -0.774261 0.000000
vt  0.938324 -0.707581 0.000000
vt  0.938324 -0.707581 0.000000
vt  0.914917 -0.673767 0.000000
vt  0.893921 -0.726288 0.000000
vt  0.893921 -0.726288 0.000000
vt  0.914917 -0.673767 0.000000
vt  0.868622 -0.671295 0.000000
vt  0.868622 -0.671295 0.000000
vt  0.914703 -0.645660 0.000000
vt  0.914917 -0.673767 0.000000
vt  0.893921 -0.726288 0.000000
vt  0.938324 -0.707581 0.000000
vt  0.904724 -0.774261 0.000000
vt  0.938324 -0.707581 0.000000
vt  0.893921 -0.726288 0.000000
vt  0.914917 -0.673767 0.000000
vt  0.893921 -0.726288 0.000000
vt  0.868622 -0.671295 0.000000
vt  0.914917 -0.673767 0.000000
vt  0.836182 -0.757690 0.000000
vt  0.849548 -0.796600 0.000000
vt  0.893921 -0.726288 0.000000
vt  0.387421 -0.430481 0.000000
vt  0.418793 -0.421906 0.000000
vt  0.413940 -0.450409 0.000000
vt  0.803986 -0.652435 0.000000
vt  0.862122 -0.634644 0.000000
vt  0.805756 -0.618652 0.000000
vt  0.317322 -0.377930 0.000000
vt  0.346069 -0.331177 0.000000
vt  0.295258 -0.358246 0.000000
vt  0.295258 -0.358246 0.000000
vt  0.346069 -0.331177 0.000000
vt  0.330414 -0.310699 0.000000
vt  0.862122 -0.634644 0.000000
vt  0.803986 -0.652435 0.000000
vt  0.868622 -0.671295 0.000000
vt  0.317322 -0.377930 0.000000
vt  0.344513 -0.426331 0.000000
vt  0.365570 -0.380249 0.000000
vt  0.812469 -0.696655 0.000000
vt  0.803986 -0.652435 0.000000
vt  0.868622 -0.671295 0.000000
vt  0.317322 -0.377930 0.000000
vt  0.295258 -0.358246 0.000000
vt  0.346069 -0.331177 0.000000
vt  0.295258 -0.358246 0.000000
vt  0.330414 -0.310699 0.000000
vt  0.346069 -0.331177 0.000000
vt  0.836182 -0.757690 0.000000
vt  0.812469 -0.696655 0.000000
vt  0.868622 -0.671295 0.000000
vt  0.317322 -0.377930 0.000000
vt  0.365570 -0.380249 0.000000
vt  0.344513 -0.426331 0.000000
vt  0.836182 -0.757690 0.000000
vt  0.893921 -0.726288 0.000000
vt  0.849548 -0.796600 0.000000
vt  0.803986 -0.652435 0.000000
vt  0.805756 -0.618652 0.000000
vt  0.862122 -0.634644 0.000000
vt  0.862122 -0.634644 0.000000
vt  0.868622 -0.671295 0.000000
vt  0.803986 -0.652435 0.000000
vt  0.893921 -0.726288 0.000000
vt  0.836182 -0.757690 0.000000
vt  0.868622 -0.671295 0.000000
vt  0.849548 -0.796600 0.000000
vt  0.784637 -0.892670 0.000000
vt  0.770966 -0.853241 0.000000
vt  0.348328 -0.438873 0.000000
vt  0.319366 -0.485870 0.000000
vt  0.389008 -0.470215 0.000000
vt  0.348328 -0.438873 0.000000
vt  0.389008 -0.470215 0.000000
vt  0.319366 -0.485870 0.000000
vt  0.348328 -0.438873 0.000000
vt  0.344513 -0.426331 0.000000
vt  0.273682 -0.420044 0.000000
vt  0.836182 -0.757690 0.000000
vt  0.849548 -0.796600 0.000000
vt  0.765503 -0.795776 0.000000
vt  0.849548 -0.796600 0.000000
vt  0.765503 -0.795776 0.000000
vt  0.770966 -0.853241 0.000000
vt  0.348328 -0.438873 0.000000
vt  0.273682 -0.420044 0.000000
vt  0.344513 -0.426331 0.000000
vt  0.849548 -0.796600 0.000000
vt  0.770966 -0.853241 0.000000
vt  0.784637 -0.892670 0.000000
vt  0.836182 -0.757690 0.000000
vt  0.765503 -0.795776 0.000000
vt  0.849548 -0.796600 0.000000
vt  0.849548 -0.796600 0.000000
vt  0.770966 -0.853241 0.000000
vt  0.765503 -0.795776 0.000000
vt  0.931183 -0.306366 0.000000
vt  0.975433 -0.379456 0.000000
vt  0.979614 -0.362305 0.000000
vt  0.893921 -0.726288 0.000000
vt  0.868622 -0.671295 0.000000
vt  0.836182 -0.757690 0.000000
vt  0.812469 -0.696655 0.000000
vt  0.868622 -0.671295 0.000000
vt  0.803986 -0.652435 0.000000
vt  0.836182 -0.757690 0.000000
vt  0.868622 -0.671295 0.000000
vt  0.812469 -0.696655 0.000000
vt  0.868622 -0.671295 0.000000
vt  0.914703 -0.645660 0.000000
vt  0.862122 -0.634644 0.000000
vt  0.862122 -0.634644 0.000000
vt  0.914703 -0.645660 0.000000
vt  0.896088 -0.635864 0.000000
vt  0.979614 -0.362305 0.000000
vt  0.936676 -0.269897 0.000000
vt  0.931183 -0.306366 0.000000
vt  0.862122 -0.634644 0.000000
vt  0.896088 -0.635864 0.000000
vt  0.887512 -0.607666 0.000000
vt  0.887512 -0.607666 0.000000
vt  0.896088 -0.635864 0.000000
vt  0.918182 -0.609894 0.000000
vt  0.862122 -0.634644 0.000000
vt  0.887512 -0.607666 0.000000
vt  0.896088 -0.635864 0.000000
vt  0.896088 -0.635864 0.000000
vt  0.887512 -0.607666 0.000000
vt  0.918182 -0.609894 0.000000
vt  0.805115 -0.306366 0.000000
vt  0.756714 -0.362305 0.000000
vt  0.760864 -0.379456 0.000000
vt  0.868622 -0.671295 0.000000
vt  0.862122 -0.634644 0.000000
vt  0.914703 -0.645660 0.000000
vt  0.914703 -0.645660 0.000000
vt  0.862122 -0.634644 0.000000
vt  0.896088 -0.635864 0.000000
vt  0.823700 -0.592194 0.000000
vt  0.780334 -0.578247 0.000000
vt  0.805756 -0.618652 0.000000
vt  0.805756 -0.618652 0.000000
vt  0.780334 -0.578247 0.000000
vt  0.772003 -0.603455 0.000000
vt  0.756714 -0.362305 0.000000
vt  0.805115 -0.306366 0.000000
vt  0.799622 -0.269897 0.000000
vt  0.803986 -0.652435 0.000000
vt  0.772003 -0.603455 0.000000
vt  0.805756 -0.618652 0.000000
vt  0.836182 -0.757690 0.000000
vt  0.752319 -0.719971 0.000000
vt  0.812469 -0.696655 0.000000
vt  0.823700 -0.592194 0.000000
vt  0.805756 -0.618652 0.000000
vt  0.780334 -0.578247 0.000000
vt  0.904724 -0.774261 0.000000
vt  0.893921 -0.726288 0.000000
vt  0.871124 -0.840912 0.000000
vt  0.871124 -0.840912 0.000000
vt  0.893921 -0.726288 0.000000
vt  0.849548 -0.796600 0.000000
vt  0.887512 -0.607666 0.000000
vt  0.823700 -0.592194 0.000000
vt  0.862122 -0.634644 0.000000
vt  0.862122 -0.634644 0.000000
vt  0.823700 -0.592194 0.000000
vt  0.805756 -0.618652 0.000000
vt  0.904724 -0.774261 0.000000
vt  0.871124 -0.840912 0.000000
vt  0.893921 -0.726288 0.000000
vt  0.893921 -0.726288 0.000000
vt  0.871124 -0.840912 0.000000
vt  0.849548 -0.796600 0.000000
vt  0.887512 -0.607666 0.000000
vt  0.862122 -0.634644 0.000000
vt  0.823700 -0.592194 0.000000
vt  0.823700 -0.592194 0.000000
vt  0.862122 -0.634644 0.000000
vt  0.805756 -0.618652 0.000000
vt  0.281067 -0.147217 0.000000
vt  0.206116 -0.161560 0.000000
vt  0.251526 -0.082825 0.000000
vt  0.261658 -0.218536 0.000000
vt  0.206116 -0.161560 0.000000
vt  0.281067 -0.147217 0.000000
vt  0.261658 -0.218536 0.000000
vt  0.206116 -0.244843 0.000000
vt  0.206116 -0.161560 0.000000
vt  0.281067 -0.147217 0.000000
vt  0.251526 -0.082825 0.000000
vt  0.206116 -0.161560 0.000000
vt  0.261658 -0.218536 0.000000
vt  0.281067 -0.147217 0.000000
vt  0.206116 -0.161560 0.000000
vt  0.261658 -0.218536 0.000000
vt  0.206116 -0.161560 0.000000
vt  0.206116 -0.244843 0.000000
vt  0.251526 -0.082825 0.000000
vt  0.206116 -0.161560 0.000000
vt  0.206116 -0.073822 0.000000
vt  0.868164 -0.335480 0.000000
vt  0.840027 -0.296631 0.000000
vt  0.822174 -0.331360 0.000000
vt  0.251526 -0.082825 0.000000
vt  0.206116 -0.073822 0.000000
vt  0.206116 -0.161560 0.000000
vt  0.914154 -0.331360 0.000000
vt  0.947510 -0.366974 0.000000
vt  0.931183 -0.306366 0.000000
vt  0.822174 -0.331360 0.000000
vt  0.805115 -0.306366 0.000000
vt  0.788818 -0.366974 0.000000
vt  0.066223 -0.735931 0.000000
vt  0.139587 -0.731903 0.000000
vt  0.125885 -0.832947 0.000000
vt  0.914154 -0.331360 0.000000
vt  0.914154 -0.430664 0.000000
vt  0.932159 -0.381958 0.000000
vt  0.139587 -0.731903 0.000000
vt  0.125885 -0.832947 0.000000
vt  0.181427 -0.822784 0.000000
vt  0.666168 -0.433807 0.000000
vt  0.651428 -0.439972 0.000000
vt  0.643677 -0.486542 0.000000
vt  0.666168 -0.433807 0.000000
vt  0.677002 -0.477356 0.000000
vt  0.643677 -0.486542 0.000000
vt  0.666168 -0.433807 0.000000
vt  0.643677 -0.486542 0.000000
vt  0.677002 -0.477356 0.000000
vt  0.822174 -0.331360 0.000000
vt  0.804138 -0.381958 0.000000
vt  0.822174 -0.430664 0.000000
vt  0.666168 -0.433807 0.000000
vt  0.643677 -0.486542 0.000000
vt  0.651428 -0.439972 0.000000
vt  0.643677 -0.486542 0.000000
vt  0.622498 -0.489014 0.000000
vt  0.651428 -0.439972 0.000000
vt  0.643677 -0.486542 0.000000
vt  0.651428 -0.439972 0.000000
vt  0.622498 -0.489014 0.000000
vt  0.348328 -0.438873 0.000000
vt  0.413940 -0.450409 0.000000
vt  0.387421 -0.430481 0.000000
vt  0.651428 -0.439972 0.000000
vt  0.667816 -0.407318 0.000000
vt  0.642487 -0.400208 0.000000
vt  0.666168 -0.433807 0.000000
vt  0.651428 -0.439972 0.000000
vt  0.667816 -0.407318 0.000000
vt  0.666168 -0.433807 0.000000
vt  0.667816 -0.407318 0.000000
vt  0.651428 -0.439972 0.000000
vt  0.651428 -0.439972 0.000000
vt  0.642487 -0.400208 0.000000
vt  0.667816 -0.407318 0.000000
vt  0.593384 -0.439148 0.000000
vt  0.591003 -0.488464 0.000000
vt  0.559998 -0.479431 0.000000
vt  0.261658 -0.218536 0.000000
vt  0.292664 -0.146942 0.000000
vt  0.281067 -0.147217 0.000000
vt  0.206116 -0.244843 0.000000
vt  0.273987 -0.227142 0.000000
vt  0.261658 -0.218536 0.000000
vt  0.223480 -0.725983 0.000000
vt  0.315063 -0.719330 0.000000
vt  0.217499 -0.601898 0.000000
vt  0.394470 -0.710846 0.000000
vt  0.313568 -0.601898 0.000000
vt  0.315063 -0.719330 0.000000
vt  0.066223 -0.735931 0.000000
vt  0.139587 -0.731903 0.000000
vt  0.045837 -0.601898 0.000000
vt  0.223480 -0.725983 0.000000
vt  0.130493 -0.601898 0.000000
vt  0.139587 -0.731903 0.000000
vt  0.223480 -0.725983 0.000000
vt  0.217499 -0.601898 0.000000
vt  0.315063 -0.719330 0.000000
vt  0.315063 -0.719330 0.000000
vt  0.217499 -0.601898 0.000000
vt  0.313568 -0.601898 0.000000
vt  0.066223 -0.735931 0.000000
vt  0.045837 -0.601898 0.000000
vt  0.139587 -0.731903 0.000000
vt  0.139587 -0.731903 0.000000
vt  0.045837 -0.601898 0.000000
vt  0.130493 -0.601898 0.000000
vt  0.525604 -0.597626 0.000000
vt  0.489319 -0.713562 0.000000
vt  0.547424 -0.597809 0.000000
vt  0.643677 -0.486542 0.000000
vt  0.661438 -0.534088 0.000000
vt  0.672546 -0.521790 0.000000
vt  0.387421 -0.430481 0.000000
vt  0.344513 -0.426331 0.000000
vt  0.348328 -0.438873 0.000000
vt  0.387421 -0.430481 0.000000
vt  0.413940 -0.450409 0.000000
vt  0.418793 -0.421906 0.000000
vt  0.348328 -0.438873 0.000000
vt  0.387421 -0.430481 0.000000
vt  0.413940 -0.450409 0.000000
vt  0.387421 -0.430481 0.000000
vt  0.348328 -0.438873 0.000000
vt  0.344513 -0.426331 0.000000
vt  0.643677 -0.486542 0.000000
vt  0.672546 -0.521790 0.000000
vt  0.677002 -0.477356 0.000000
vt  0.677002 -0.477356 0.000000
vt  0.672546 -0.521790 0.000000
vt  0.703033 -0.506805 0.000000
vt  0.643677 -0.486542 0.000000
vt  0.677002 -0.477356 0.000000
vt  0.672546 -0.521790 0.000000
vt  0.636688 -0.446136 0.000000
vt  0.602631 -0.394775 0.000000
vt  0.593384 -0.439148 0.000000
vt  0.636688 -0.446136 0.000000
vt  0.651428 -0.439972 0.000000
vt  0.602631 -0.394775 0.000000
vt  0.636688 -0.446136 0.000000
vt  0.593384 -0.439148 0.000000
vt  0.602631 -0.394775 0.000000
vt  0.636688 -0.446136 0.000000
vt  0.602631 -0.394775 0.000000
vt  0.651428 -0.439972 0.000000
vt  0.651428 -0.439972 0.000000
vt  0.602631 -0.394775 0.000000
vt  0.642487 -0.400208 0.000000
vt  0.525604 -0.597626 0.000000
vt  0.547424 -0.597809 0.000000
vt  0.489319 -0.713562 0.000000
vt  0.550232 -0.541443 0.000000
vt  0.547424 -0.597809 0.000000
vt  0.525604 -0.597626 0.000000
vt  0.251526 -0.082825 0.000000
vt  0.206451 -0.052429 0.000000
vt  0.206116 -0.073822 0.000000
vt  0.590363 -0.491211 0.000000
vt  0.569489 -0.554413 0.000000
vt  0.611969 -0.547455 0.000000
vt  0.281067 -0.147217 0.000000
vt  0.258148 -0.072571 0.000000
vt  0.251526 -0.082825 0.000000
vt  0.591003 -0.488464 0.000000
vt  0.593384 -0.439148 0.000000
vt  0.622498 -0.489014 0.000000
vt  0.591003 -0.488464 0.000000
vt  0.622498 -0.489014 0.000000
vt  0.593384 -0.439148 0.000000
vt  0.433411 -0.806671 0.000000
vt  0.394470 -0.710846 0.000000
vt  0.468384 -0.703644 0.000000
vt  0.433411 -0.806671 0.000000
vt  0.468384 -0.703644 0.000000
vt  0.394470 -0.710846 0.000000
vt  0.066223 -0.735931 0.000000
vt  0.125885 -0.832947 0.000000
vt  0.139587 -0.731903 0.000000
vt  0.203827 -0.897614 0.000000
vt  0.349182 -0.924255 0.000000
vt  0.334167 -0.943817 0.000000
vt  0.373169 -0.898407 0.000000
vt  0.349182 -0.924255 0.000000
vt  0.243561 -0.878662 0.000000
vt  0.373169 -0.898407 0.000000
vt  0.243561 -0.878662 0.000000
vt  0.349182 -0.924255 0.000000
vt  0.394470 -0.710846 0.000000
vt  0.356262 -0.826599 0.000000
vt  0.315063 -0.719330 0.000000
vt  0.223480 -0.725983 0.000000
vt  0.315063 -0.719330 0.000000
vt  0.250671 -0.821564 0.000000
vt  0.315063 -0.719330 0.000000
vt  0.250671 -0.821564 0.000000
vt  0.356262 -0.826599 0.000000
vt  0.394470 -0.710846 0.000000
vt  0.315063 -0.719330 0.000000
vt  0.356262 -0.826599 0.000000
vt  0.223480 -0.725983 0.000000
vt  0.250671 -0.821564 0.000000
vt  0.315063 -0.719330 0.000000
vt  0.315063 -0.719330 0.000000
vt  0.356262 -0.826599 0.000000
vt  0.250671 -0.821564 0.000000
vt  0.394470 -0.710846 0.000000
vt  0.433411 -0.806671 0.000000
vt  0.356262 -0.826599 0.000000
vt  0.394470 -0.710846 0.000000
vt  0.356262 -0.826599 0.000000
vt  0.433411 -0.806671 0.000000
vt  0.373169 -0.898407 0.000000
vt  0.356262 -0.826599 0.000000
vt  0.250671 -0.821564 0.000000
vt  0.373169 -0.898407 0.000000
vt  0.250671 -0.821564 0.000000
vt  0.356262 -0.826599 0.000000
vt  0.243561 -0.878662 0.000000
vt  0.181427 -0.822784 0.000000
vt  0.203827 -0.897614 0.000000
vt  0.203827 -0.897614 0.000000
vt  0.181427 -0.822784 0.000000
vt  0.125885 -0.832947 0.000000
vt  0.243561 -0.878662 0.000000
vt  0.203827 -0.897614 0.000000
vt  0.181427 -0.822784 0.000000
vt  0.243561 -0.878662 0.000000
vt  0.203827 -0.897614 0.000000
vt  0.349182 -0.924255 0.000000
vt  0.349182 -0.924255 0.000000
vt  0.203827 -0.897614 0.000000
vt  0.334167 -0.943817 0.000000
vt  0.243561 -0.878662 0.000000
vt  0.349182 -0.924255 0.000000
vt  0.203827 -0.897614 0.000000
vt  0.581482 -0.042358 0.000000
vt  0.580597 -0.118561 0.000000
vt  0.601379 -0.040283 0.000000
vt  0.468384 -0.703644 0.000000
vt  0.472046 -0.597290 0.000000
vt  0.398804 -0.599579 0.000000
vt  0.468384 -0.703644 0.000000
vt  0.398804 -0.599579 0.000000
vt  0.472046 -0.597290 0.000000
vt  0.468384 -0.703644 0.000000
vt  0.489319 -0.713562 0.000000
vt  0.433411 -0.806671 0.000000
vt  0.468384 -0.703644 0.000000
vt  0.433411 -0.806671 0.000000
vt  0.489319 -0.713562 0.000000

vn  0.851440 0.254081 -0.458794
vn  0.851440 0.254081 -0.458794
vn  0.851440 0.254081 -0.458794
vn  0.077692 0.146234 0.986195
vn  0.077692 0.146234 0.986195
vn  0.077692 0.146234 0.986195
vn  0.092838 0.093642 0.991268
vn  0.092838 0.093642 0.991268
vn  0.092838 0.093642 0.991268
vn  0.423816 0.295150 0.856310
vn  0.423816 0.295150 0.856310
vn  0.423816 0.295150 0.856310
vn  0.446784 0.274072 0.851627
vn  0.446784 0.274072 0.851627
vn  0.446784 0.274072 0.851627
vn  0.460640 0.378968 0.802617
vn  0.460640 0.378968 0.802617
vn  0.460640 0.378968 0.802617
vn  0.248314 0.198264 0.948173
vn  0.248314 0.198264 0.948173
vn  0.248314 0.198264 0.948173
vn  0.163995 0.445257 0.880257
vn  0.163995 0.445257 0.880257
vn  0.163995 0.445257 0.880257
vn  0.603121 0.187561 -0.775284
vn  0.603121 0.187561 -0.775284
vn  0.603121 0.187561 -0.775284
vn  0.286944 0.366267 0.885162
vn  0.286944 0.366267 0.885162
vn  0.286944 0.366267 0.885162
vn  0.399577 0.233514 0.886459
vn  0.399577 0.233514 0.886459
vn  0.399577 0.233514 0.886459
vn  0.324256 0.605745 0.726589
vn  0.324256 0.605745 0.726589
vn  0.324256 0.605745 0.726589
vn  -0.312659 -0.706268 -0.635162
vn  -0.312659 -0.706268 -0.635162
vn  -0.312659 -0.706268 -0.635162
vn  -0.312659 0.706268 -0.635162
vn  -0.312659 0.706268 -0.635162
vn  -0.312659 0.706268 -0.635162
vn  -0.181987 0.478426 0.859063
vn  -0.181987 0.478426 0.859063
vn  -0.181987 0.478426 0.859063
vn  0.261549 0.616488 0.742654
vn  0.261549 0.616488 0.742654
vn  0.261549 0.616488 0.742654
vn  0.024044 0.177056 0.983907
vn  0.024044 0.177056 0.983907
vn  0.024044 0.177056 0.983907
vn  0.112180 0.092287 0.989393
vn  0.112180 0.092287 0.989393
vn  0.112180 0.092287 0.989393
vn  0.656331 0.639260 -0.400719
vn  0.656331 0.639260 -0.400719
vn  0.656331 0.639260 -0.400719
vn  -0.123979 -0.158247 -0.979585
vn  -0.123979 -0.158247 -0.979585
vn  -0.123979 -0.158247 -0.979585
vn  0.608719 0.664199 -0.433937
vn  0.608719 0.664199 -0.433937
vn  0.608719 0.664199 -0.433937
vn  -0.106539 -0.172221 -0.979280
vn  -0.106539 -0.172221 -0.979280
vn  -0.106539 -0.172221 -0.979280
vn  -0.189283 -0.115442 -0.975113
vn  -0.189283 -0.115442 -0.975113
vn  -0.189283 -0.115442 -0.975113
vn  0.656331 -0.639260 -0.400719
vn  0.656331 -0.639260 -0.400719
vn  0.656331 -0.639260 -0.400719
vn  0.088136 -0.108151 -0.990220
vn  0.088136 -0.108151 -0.990220
vn  0.088136 -0.108151 -0.990220
vn  -0.199168 -0.208519 -0.957524
vn  -0.199168 -0.208519 -0.957524
vn  -0.199168 -0.208519 -0.957524
vn  0.608719 -0.664199 -0.433937
vn  0.608719 -0.664199 -0.433937
vn  0.608719 -0.664199 -0.433937
vn  0.168589 -0.290286 -0.941972
vn  0.168589 -0.290286 -0.941972
vn  0.168589 -0.290286 -0.941972
vn  0.225114 -0.608199 -0.761195
vn  0.225114 -0.608199 -0.761195
vn  0.225114 -0.608199 -0.761195
vn  0.225114 0.608199 -0.761195
vn  0.225114 0.608199 -0.761195
vn  0.225114 0.608199 -0.761195
vn  0.104678 -0.078691 0.991388
vn  0.104678 -0.078691 0.991388
vn  0.104678 -0.078691 0.991388
vn  0.077692 -0.146234 0.986195
vn  0.077692 -0.146234 0.986195
vn  0.077692 -0.146234 0.986195
vn  0.488773 0.563404 -0.666091
vn  0.488773 0.563404 -0.666091
vn  0.488773 0.563404 -0.666091
vn  0.488773 -0.563404 -0.666091
vn  0.488773 -0.563404 -0.666091
vn  0.488773 -0.563404 -0.666091
vn  0.092838 -0.093642 0.991268
vn  0.092838 -0.093642 0.991268
vn  0.092838 -0.093642 0.991268
vn  0.423816 -0.295150 0.856310
vn  0.423816 -0.295150 0.856310
vn  0.423816 -0.295150 0.856310
vn  0.446784 -0.274072 0.851627
vn  0.446784 -0.274072 0.851627
vn  0.446784 -0.274072 0.851627
vn  0.460640 -0.378968 0.802617
vn  0.460640 -0.378968 0.802617
vn  0.460640 -0.378968 0.802617
vn  -0.527812 -0.723000 0.445741
vn  -0.527812 -0.723000 0.445741
vn  -0.527812 -0.723000 0.445741
vn  0.248314 -0.198264 0.948173
vn  0.248314 -0.198264 0.948173
vn  0.248314 -0.198264 0.948173
vn  0.397403 0.828573 0.394384
vn  0.397403 0.828573 0.394384
vn  0.397403 0.828573 0.394384
vn  0.535328 0.588293 0.606082
vn  0.535328 0.588293 0.606082
vn  0.535328 0.588293 0.606082
vn  -0.527873 0.722955 0.445742
vn  -0.527873 0.722955 0.445742
vn  -0.527873 0.722955 0.445742
vn  0.163995 -0.445257 0.880257
vn  0.163995 -0.445257 0.880257
vn  0.163995 -0.445257 0.880257
vn  0.286944 -0.366267 0.885162
vn  0.286944 -0.366267 0.885162
vn  0.286944 -0.366267 0.885162
vn  0.427395 0.901120 0.072910
vn  0.427395 0.901120 0.072910
vn  0.427395 0.901120 0.072910
vn  0.832832 -0.467163 0.296900
vn  0.832832 -0.467163 0.296900
vn  0.832832 -0.467163 0.296900
vn  0.809120 -0.264188 0.524909
vn  0.809120 -0.264188 0.524909
vn  0.809120 -0.264188 0.524909
vn  -0.052652 0.805412 0.590372
vn  -0.052652 0.805412 0.590372
vn  -0.052652 0.805412 0.590372
vn  -0.469979 0.771268 0.429262
vn  -0.469979 0.771268 0.429262
vn  -0.469979 0.771268 0.429262
vn  0.399577 -0.233514 0.886459
vn  0.399577 -0.233514 0.886459
vn  0.399577 -0.233514 0.886459
vn  -0.469979 -0.771268 0.429262
vn  -0.469979 -0.771268 0.429262
vn  -0.469979 -0.771268 0.429262
vn  0.324256 -0.605745 0.726589
vn  0.324256 -0.605745 0.726589
vn  0.324256 -0.605745 0.726589
vn  0.809120 0.264188 0.524909
vn  0.809120 0.264188 0.524909
vn  0.809120 0.264188 0.524909
vn  -0.181987 -0.478426 0.859063
vn  -0.181987 -0.478426 0.859063
vn  -0.181987 -0.478426 0.859063
vn  0.014469 0.931805 0.362672
vn  0.014469 0.931805 0.362672
vn  0.014469 0.931805 0.362672
vn  0.361716 -0.863668 0.351054
vn  0.361716 -0.863668 0.351054
vn  0.361716 -0.863668 0.351054
vn  0.014469 -0.931805 0.362672
vn  0.014469 -0.931805 0.362672
vn  0.014469 -0.931805 0.362672
vn  -0.606274 0.502483 0.616395
vn  -0.606274 0.502483 0.616395
vn  -0.606274 0.502483 0.616395
vn  -0.529137 0.549289 0.646758
vn  -0.529137 0.549289 0.646758
vn  -0.529137 0.549289 0.646758
vn  0.618131 0.685786 0.384203
vn  0.618131 0.685786 0.384203
vn  0.618131 0.685786 0.384203
vn  0.261549 -0.616488 0.742654
vn  0.261549 -0.616488 0.742654
vn  0.261549 -0.616488 0.742654
vn  0.024044 -0.177056 0.983907
vn  0.024044 -0.177056 0.983907
vn  0.024044 -0.177056 0.983907
vn  0.112180 -0.092287 0.989393
vn  0.112180 -0.092287 0.989393
vn  0.112180 -0.092287 0.989393
vn  -0.388100 0.916842 -0.093691
vn  -0.388100 0.916842 -0.093691
vn  -0.388100 0.916842 -0.093691
vn  -0.289743 0.939958 -0.180355
vn  -0.289743 0.939958 -0.180355
vn  -0.289743 0.939958 -0.180355
vn  -0.601722 0.790213 -0.116166
vn  -0.601722 0.790213 -0.116166
vn  -0.601722 0.790213 -0.116166
vn  -0.123979 0.158247 -0.979585
vn  -0.123979 0.158247 -0.979585
vn  -0.123979 0.158247 -0.979585
vn  -0.903524 -0.377509 0.202809
vn  -0.903524 -0.377509 0.202809
vn  -0.903524 -0.377509 0.202809
vn  -0.106539 0.172221 -0.979280
vn  -0.106539 0.172221 -0.979280
vn  -0.106539 0.172221 -0.979280
vn  -0.601706 -0.790210 -0.116270
vn  -0.601706 -0.790210 -0.116270
vn  -0.601706 -0.790210 -0.116270
vn  -0.189283 0.115442 -0.975113
vn  -0.189283 0.115442 -0.975113
vn  -0.189283 0.115442 -0.975113
vn  -0.618198 0.557467 0.554131
vn  -0.618198 0.557467 0.554131
vn  -0.618198 0.557467 0.554131
vn  0.088136 0.108151 -0.990220
vn  0.088136 0.108151 -0.990220
vn  0.088136 0.108151 -0.990220
vn  -0.199168 0.208519 -0.957524
vn  -0.199168 0.208519 -0.957524
vn  -0.199168 0.208519 -0.957524
vn  0.168589 0.290286 -0.941972
vn  0.168589 0.290286 -0.941972
vn  0.168589 0.290286 -0.941972
vn  0.000000 0.000000 -1.000000
vn  0.000000 0.000000 -1.000000
vn  0.000000 0.000000 -1.000000
vn  -0.529137 -0.549289 0.646758
vn  -0.529137 -0.549289 0.646758
vn  -0.529137 -0.549289 0.646758
vn  0.618131 -0.685786 0.384203
vn  0.618131 -0.685786 0.384203
vn  0.618131 -0.685786 0.384203
vn  0.484756 0.577231 0.657127
vn  0.484756 0.577231 0.657127
vn  0.484756 0.577231 0.657127
vn  0.720896 0.681827 -0.124183
vn  0.720896 0.681827 -0.124183
vn  0.720896 0.681827 -0.124183
vn  0.659521 0.751332 -0.023092
vn  0.659521 0.751332 -0.023092
vn  0.659521 0.751332 -0.023092
vn  -0.235439 0.119126 0.964561
vn  -0.235439 0.119126 0.964561
vn  -0.235439 0.119126 0.964561
vn  -0.256255 0.104356 0.960960
vn  -0.256255 0.104356 0.960960
vn  -0.256255 0.104356 0.960960
vn  0.057036 0.083352 0.994887
vn  0.057036 0.083352 0.994887
vn  0.057036 0.083352 0.994887
vn  0.144779 0.143326 0.979029
vn  0.144779 0.143326 0.979029
vn  0.144779 0.143326 0.979029
vn  0.866231 0.453526 0.209660
vn  0.866231 0.453526 0.209660
vn  0.866231 0.453526 0.209660
vn  0.832934 0.425525 0.353764
vn  0.832934 0.425525 0.353764
vn  0.832934 0.425525 0.353764
vn  0.226114 0.679252 0.698204
vn  0.226114 0.679252 0.698204
vn  0.226114 0.679252 0.698204
vn  0.258304 0.492497 0.831099
vn  0.258304 0.492497 0.831099
vn  0.258304 0.492497 0.831099
vn  -0.158171 0.480473 0.862628
vn  -0.158171 0.480473 0.862628
vn  -0.158171 0.480473 0.862628
vn  -0.246592 0.636729 0.730595
vn  -0.246592 0.636729 0.730595
vn  -0.246592 0.636729 0.730595
vn  -0.386418 0.121308 0.914312
vn  -0.386418 0.121308 0.914312
vn  -0.386418 0.121308 0.914312
vn  -0.367177 0.147421 0.918394
vn  -0.367177 0.147421 0.918394
vn  -0.367177 0.147421 0.918394
vn  0.568846 0.630511 0.528081
vn  0.568846 0.630511 0.528081
vn  0.568846 0.630511 0.528081
vn  0.590090 0.584742 0.556660
vn  0.590090 0.584742 0.556660
vn  0.590090 0.584742 0.556660
vn  0.958729 0.283056 -0.026804
vn  0.958729 0.283056 -0.026804
vn  0.958729 0.283056 -0.026804
vn  0.932119 0.322768 -0.164242
vn  0.932119 0.322768 -0.164242
vn  0.932119 0.322768 -0.164242
vn  -0.132832 0.085429 0.987450
vn  -0.132832 0.085429 0.987450
vn  -0.132832 0.085429 0.987450
vn  -0.142789 0.094919 0.985191
vn  -0.142789 0.094919 0.985191
vn  -0.142789 0.094919 0.985191
vn  0.392480 0.133760 0.909982
vn  0.392480 0.133760 0.909982
vn  0.392480 0.133760 0.909982
vn  0.467537 0.200728 0.860882
vn  0.467537 0.200728 0.860882
vn  0.467537 0.200728 0.860882
vn  0.980290 0.195039 0.031481
vn  0.980290 0.195039 0.031481
vn  0.980290 0.195039 0.031481
vn  0.990858 0.133442 -0.019835
vn  0.990858 0.133442 -0.019835
vn  0.990858 0.133442 -0.019835
vn  -0.247059 0.277881 0.928302
vn  -0.247059 0.277881 0.928302
vn  -0.247059 0.277881 0.928302
vn  -0.266252 0.297575 0.916820
vn  -0.266252 0.297575 0.916820
vn  -0.266252 0.297575 0.916820
vn  0.866231 -0.453526 0.209660
vn  0.866231 -0.453526 0.209660
vn  0.866231 -0.453526 0.209660
vn  0.832934 -0.425525 0.353764
vn  0.832934 -0.425525 0.353764
vn  0.832934 -0.425525 0.353764
vn  0.226114 -0.679252 0.698204
vn  0.226114 -0.679252 0.698204
vn  0.226114 -0.679252 0.698204
vn  0.258304 -0.492497 0.831099
vn  0.258304 -0.492497 0.831099
vn  0.258304 -0.492497 0.831099
vn  -0.158171 -0.480473 0.862628
vn  -0.158171 -0.480473 0.862628
vn  -0.158171 -0.480473 0.862628
vn  -0.246592 -0.636729 0.730595
vn  -0.246592 -0.636729 0.730595
vn  -0.246592 -0.636729 0.730595
vn  -0.386418 -0.121308 0.914312
vn  -0.386418 -0.121308 0.914312
vn  -0.386418 -0.121308 0.914312
vn  -0.367177 -0.147421 0.918394
vn  -0.367177 -0.147421 0.918394
vn  -0.367177 -0.147421 0.918394
vn  0.568846 -0.630511 0.528081
vn  0.568846 -0.630511 0.528081
vn  0.568846 -0.630511 0.528081
vn  0.590090 -0.584742 0.556660
vn  0.590090 -0.584742 0.556660
vn  0.590090 -0.584742 0.556660
vn  0.958729 -0.283056 -0.026804
vn  0.958729 -0.283056 -0.026804
vn  0.958729 -0.283056 -0.026804
vn  0.932119 -0.322768 -0.164242
vn  0.932119 -0.322768 -0.164242
vn  0.932119 -0.322768 -0.164242
vn  -0.388166 -0.916815 -0.093690
vn  -0.388166 -0.916815 -0.093690
vn  -0.388166 -0.916815 -0.093690
vn  -0.289732 -0.939951 -0.180411
vn  -0.289732 -0.939951 -0.180411
vn  -0.289732 -0.939951 -0.180411
vn  -0.132832 -0.085429 0.987450
vn  -0.132832 -0.085429 0.987450
vn  -0.132832 -0.085429 0.987450
vn  -0.142789 -0.094919 0.985191
vn  -0.142789 -0.094919 0.985191
vn  -0.142789 -0.094919 0.985191
vn  0.392480 -0.133760 0.909982
vn  0.392480 -0.133760 0.909982
vn  0.392480 -0.133760 0.909982
vn  0.467537 -0.200728 0.860882
vn  0.467537 -0.200728 0.860882
vn  0.467537 -0.200728 0.860882
vn  0.980290 -0.195039 0.031481
vn  0.980290 -0.195039 0.031481
vn  0.980290 -0.195039 0.031481
vn  0.990858 -0.133442 -0.019835
vn  0.990858 -0.133442 -0.019835
vn  0.990858 -0.133442 -0.019835
vn  -0.247059 -0.277881 0.928302
vn  -0.247059 -0.277881 0.928302
vn  -0.247059 -0.277881 0.928302
vn  -0.266252 -0.297575 0.916820
vn  -0.266252 -0.297575 0.916820
vn  -0.266252 -0.297575 0.916820
vn  -0.235439 -0.119126 0.964561
vn  -0.235439 -0.119126 0.964561
vn  -0.235439 -0.119126 0.964561
vn  -0.256255 -0.104356 0.960960
vn  -0.256255 -0.104356 0.960960
vn  -0.256255 -0.104356 0.960960
vn  0.057036 -0.083352 0.994887
vn  0.057036 -0.083352 0.994887
vn  0.057036 -0.083352 0.994887
vn  0.144779 -0.143326 0.979029
vn  0.144779 -0.143326 0.979029
vn  0.144779 -0.143326 0.979029
vn  0.443900 0.830942 0.335392
vn  0.443900 0.830942 0.335392
vn  0.443900 0.830942 0.335392
vn  0.551225 -0.352628 0.756178
vn  0.551225 -0.352628 0.756178
vn  0.551225 -0.352628 0.756178
vn  -0.159353 0.987073 -0.017110
vn  -0.159353 0.987073 -0.017110
vn  -0.159353 0.987073 -0.017110
vn  -0.140409 0.989524 -0.033570
vn  -0.140409 0.989524 -0.033570
vn  -0.140409 0.989524 -0.033570
vn  0.466381 0.417597 0.779808
vn  0.466381 0.417597 0.779808
vn  0.466381 0.417597 0.779808
vn  0.485532 -0.858149 0.166852
vn  0.485532 -0.858149 0.166852
vn  0.485532 -0.858149 0.166852
vn  -0.963707 -0.228836 0.137490
vn  -0.963707 -0.228836 0.137490
vn  -0.963707 -0.228836 0.137490
vn  -0.920047 -0.301001 0.250821
vn  -0.920047 -0.301001 0.250821
vn  -0.920047 -0.301001 0.250821
vn  -0.352165 -0.932506 0.080077
vn  -0.352165 -0.932506 0.080077
vn  -0.352165 -0.932506 0.080077
vn  -0.365761 -0.928981 0.056686
vn  -0.365761 -0.928981 0.056686
vn  -0.365761 -0.928981 0.056686
vn  -0.830591 -0.269344 0.487414
vn  -0.830591 -0.269344 0.487414
vn  -0.830591 -0.269344 0.487414
vn  -0.856292 -0.237426 0.458686
vn  -0.856292 -0.237426 0.458686
vn  -0.856292 -0.237426 0.458686
vn  -0.344285 -0.876697 0.335961
vn  -0.344285 -0.876697 0.335961
vn  -0.344285 -0.876697 0.335961
vn  -0.278155 -0.857293 0.433218
vn  -0.278155 -0.857293 0.433218
vn  -0.278155 -0.857293 0.433218
vn  -0.830591 0.269344 0.487414
vn  -0.830591 0.269344 0.487414
vn  -0.830591 0.269344 0.487414
vn  -0.856292 0.237426 0.458686
vn  -0.856292 0.237426 0.458686
vn  -0.856292 0.237426 0.458686
vn  -0.344285 0.876697 0.335961
vn  -0.344285 0.876697 0.335961
vn  -0.344285 0.876697 0.335961
vn  -0.278155 0.857293 0.433218
vn  -0.278155 0.857293 0.433218
vn  -0.278155 0.857293 0.433218
vn  0.255769 0.954660 0.152338
vn  0.255769 0.954660 0.152338
vn  0.255769 0.954660 0.152338
vn  0.659521 -0.751332 -0.023092
vn  0.659521 -0.751332 -0.023092
vn  0.659521 -0.751332 -0.023092
vn  0.941388 -0.305352 -0.143349
vn  0.941388 -0.305352 -0.143349
vn  0.941388 -0.305352 -0.143349
vn  0.277726 0.941049 0.193119
vn  0.277726 0.941049 0.193119
vn  0.277726 0.941049 0.193119
vn  -0.041345 0.073075 -0.996469
vn  -0.041345 0.073075 -0.996469
vn  -0.041345 0.073075 -0.996469
vn  -0.140409 -0.989524 -0.033570
vn  -0.140409 -0.989524 -0.033570
vn  -0.140409 -0.989524 -0.033570
vn  0.369268 -0.929041 -0.022896
vn  0.369268 -0.929041 -0.022896
vn  0.369268 -0.929041 -0.022896
vn  0.484409 -0.578058 0.656656
vn  0.484409 -0.578058 0.656656
vn  0.484409 -0.578058 0.656656
vn  0.443222 -0.831541 0.334805
vn  0.443222 -0.831541 0.334805
vn  0.443222 -0.831541 0.334805
vn  -0.920047 0.301001 0.250821
vn  -0.920047 0.301001 0.250821
vn  -0.920047 0.301001 0.250821
vn  0.551225 0.352628 0.756178
vn  0.551225 0.352628 0.756178
vn  0.551225 0.352628 0.756178
vn  -0.365761 0.928981 0.056686
vn  -0.365761 0.928981 0.056686
vn  -0.365761 0.928981 0.056686
vn  0.604779 -0.647426 0.463769
vn  0.604779 -0.647426 0.463769
vn  0.604779 -0.647426 0.463769
vn  0.427395 -0.901120 0.072910
vn  0.427395 -0.901120 0.072910
vn  0.427395 -0.901120 0.072910
vn  0.397403 -0.828573 0.394384
vn  0.397403 -0.828573 0.394384
vn  0.397403 -0.828573 0.394384
vn  0.535328 -0.588293 0.606082
vn  0.535328 -0.588293 0.606082
vn  0.535328 -0.588293 0.606082
vn  0.466381 -0.417598 0.779808
vn  0.466381 -0.417598 0.779808
vn  0.466381 -0.417598 0.779808
vn  -0.629463 0.637987 0.443564
vn  -0.629463 0.637987 0.443564
vn  -0.629463 0.637987 0.443564
vn  -0.629463 -0.637987 0.443564
vn  -0.629463 -0.637987 0.443564
vn  -0.629463 -0.637987 0.443564
vn  -0.046382 0.895333 0.442976
vn  -0.046382 0.895333 0.442976
vn  -0.046382 0.895333 0.442976
vn  -0.383420 0.661503 0.644517
vn  -0.383420 0.661503 0.644517
vn  -0.383420 0.661503 0.644517
vn  -0.046382 -0.895333 0.442976
vn  -0.046382 -0.895333 0.442976
vn  -0.046382 -0.895333 0.442976
vn  -0.477529 -0.810615 0.338924
vn  -0.477529 -0.810615 0.338924
vn  -0.477529 -0.810615 0.338924
vn  -0.383420 -0.661503 0.644517
vn  -0.383420 -0.661503 0.644517
vn  -0.383420 -0.661503 0.644517
vn  -0.437847 0.813913 0.381884
vn  -0.437847 0.813913 0.381884
vn  -0.437847 0.813913 0.381884
vn  0.485532 0.858149 0.166852
vn  0.485532 0.858149 0.166852
vn  0.485532 0.858149 0.166852
vn  0.255769 -0.954660 0.152338
vn  0.255769 -0.954660 0.152338
vn  0.255769 -0.954660 0.152338
vn  0.277726 -0.941049 0.193119
vn  0.277726 -0.941049 0.193119
vn  0.277726 -0.941049 0.193119
vn  -0.041345 -0.073075 -0.996469
vn  -0.041345 -0.073075 -0.996469
vn  -0.041345 -0.073075 -0.996469
vn  0.176705 0.362064 0.915251
vn  0.176705 0.362064 0.915251
vn  0.176705 0.362064 0.915251
vn  0.135146 0.403833 0.904795
vn  0.135146 0.403833 0.904795
vn  0.135146 0.403833 0.904795
vn  -0.483287 0.706771 -0.516633
vn  -0.483287 0.706771 -0.516633
vn  -0.483287 0.706771 -0.516633
vn  -0.505954 0.701559 -0.501822
vn  -0.505954 0.701559 -0.501822
vn  -0.505954 0.701559 -0.501822
vn  -0.591444 0.431596 -0.681116
vn  -0.591444 0.431596 -0.681116
vn  -0.591444 0.431596 -0.681116
vn  0.386434 -0.912936 -0.131211
vn  0.386434 -0.912936 -0.131211
vn  0.386434 -0.912936 -0.131211
vn  0.899344 -0.437241 0.000452
vn  0.899344 -0.437241 0.000452
vn  0.899344 -0.437241 0.000452
vn  0.027365 -0.571394 -0.820219
vn  0.027365 -0.571394 -0.820219
vn  0.027365 -0.571394 -0.820219
vn  0.257696 -0.468837 -0.844858
vn  0.257696 -0.468837 -0.844858
vn  0.257696 -0.468837 -0.844858
vn  0.548154 -0.823602 -0.145625
vn  0.548154 -0.823602 -0.145625
vn  0.548154 -0.823602 -0.145625
vn  0.482228 -0.459004 -0.746171
vn  0.482228 -0.459004 -0.746171
vn  0.482228 -0.459004 -0.746171
vn  0.684630 -0.571718 -0.452129
vn  0.684630 -0.571718 -0.452129
vn  0.684630 -0.571718 -0.452129
vn  0.248274 -0.495165 -0.832569
vn  0.248274 -0.495165 -0.832569
vn  0.248274 -0.495165 -0.832569
vn  -0.101741 -0.767438 -0.632999
vn  -0.101741 -0.767438 -0.632999
vn  -0.101741 -0.767438 -0.632999
vn  -0.382708 -0.602104 -0.700718
vn  -0.382708 -0.602104 -0.700718
vn  -0.382708 -0.602104 -0.700718
vn  -0.677111 -0.357598 -0.643152
vn  -0.677111 -0.357598 -0.643152
vn  -0.677111 -0.357598 -0.643152
vn  -0.574357 -0.343685 -0.742963
vn  -0.574357 -0.343685 -0.742963
vn  -0.574357 -0.343685 -0.742963
vn  0.273130 -0.667280 -0.692920
vn  0.273130 -0.667280 -0.692920
vn  0.273130 -0.667280 -0.692920
vn  0.979244 -0.120602 -0.162902
vn  0.979244 -0.120602 -0.162902
vn  0.979244 -0.120602 -0.162902
vn  -0.546976 -0.149727 0.823650
vn  -0.546976 -0.149727 0.823650
vn  -0.546976 -0.149727 0.823650
vn  -0.469020 -0.442380 -0.764408
vn  -0.469020 -0.442380 -0.764408
vn  -0.469020 -0.442380 -0.764408
vn  0.280658 -0.670912 -0.686374
vn  0.280658 -0.670912 -0.686374
vn  0.280658 -0.670912 -0.686374
vn  0.848618 -0.188254 0.494377
vn  0.848618 -0.188254 0.494377
vn  0.848618 -0.188254 0.494377
vn  0.477628 -0.235866 0.846309
vn  0.477628 -0.235866 0.846309
vn  0.477628 -0.235866 0.846309
vn  0.961443 -0.148587 -0.231409
vn  0.961443 -0.148587 -0.231409
vn  0.961443 -0.148587 -0.231409
vn  0.916294 -0.102092 -0.387276
vn  0.916294 -0.102092 -0.387276
vn  0.916294 -0.102092 -0.387276
vn  -0.077595 -0.661358 -0.746046
vn  -0.077595 -0.661358 -0.746046
vn  -0.077595 -0.661358 -0.746046
vn  -0.225151 -0.860918 -0.456209
vn  -0.225151 -0.860918 -0.456209
vn  -0.225151 -0.860918 -0.456209
vn  -0.052843 -0.964848 0.257443
vn  -0.052843 -0.964848 0.257443
vn  -0.052843 -0.964848 0.257443
vn  0.893383 -0.276917 -0.353813
vn  0.893383 -0.276917 -0.353813
vn  0.893383 -0.276917 -0.353813
vn  -0.512443 -0.412135 -0.753357
vn  -0.512443 -0.412135 -0.753357
vn  -0.512443 -0.412135 -0.753357
vn  0.150125 -0.894954 -0.420142
vn  0.150125 -0.894954 -0.420142
vn  0.150125 -0.894954 -0.420142
vn  0.360254 -0.871333 -0.333161
vn  0.360254 -0.871333 -0.333161
vn  0.360254 -0.871333 -0.333161
vn  -0.551535 -0.458940 -0.696551
vn  -0.551535 -0.458940 -0.696551
vn  -0.551535 -0.458940 -0.696551
vn  -0.384072 -0.583050 -0.715920
vn  -0.384072 -0.583050 -0.715920
vn  -0.384072 -0.583050 -0.715920
vn  -0.047303 -0.705557 -0.707072
vn  -0.047303 -0.705557 -0.707072
vn  -0.047303 -0.705557 -0.707072
vn  0.927351 -0.081405 -0.365230
vn  0.927351 -0.081405 -0.365230
vn  0.927351 -0.081405 -0.365230
vn  0.081045 -0.992296 -0.093706
vn  0.081045 -0.992296 -0.093706
vn  0.081045 -0.992296 -0.093706
vn  -0.047511 -0.946089 0.320402
vn  -0.047511 -0.946089 0.320402
vn  -0.047511 -0.946089 0.320402
vn  0.621412 -0.773081 -0.127251
vn  0.621412 -0.773081 -0.127251
vn  0.621412 -0.773081 -0.127251
vn  0.834675 -0.236033 0.497600
vn  0.834675 -0.236033 0.497600
vn  0.834675 -0.236033 0.497600
vn  -0.118180 -0.268164 0.956097
vn  -0.118180 -0.268164 0.956097
vn  -0.118180 -0.268164 0.956097
vn  -0.515808 -0.461379 0.721853
vn  -0.515808 -0.461379 0.721853
vn  -0.515808 -0.461379 0.721853
vn  -0.486872 -0.345064 0.802426
vn  -0.486872 -0.345064 0.802426
vn  -0.486872 -0.345064 0.802426
vn  -0.627665 -0.323287 0.708183
vn  -0.627665 -0.323287 0.708183
vn  -0.627665 -0.323287 0.708183
vn  0.808964 -0.173863 0.561559
vn  0.808964 -0.173863 0.561559
vn  0.808964 -0.173863 0.561559
vn  0.424912 -0.342778 0.837826
vn  0.424912 -0.342778 0.837826
vn  0.424912 -0.342778 0.837826
vn  -0.416606 -0.276677 0.865962
vn  -0.416606 -0.276677 0.865962
vn  -0.416606 -0.276677 0.865962
vn  -0.439760 -0.438842 0.783600
vn  -0.439760 -0.438842 0.783600
vn  -0.439760 -0.438842 0.783600
vn  -0.329917 -0.236612 0.913876
vn  -0.329917 -0.236612 0.913876
vn  -0.329917 -0.236612 0.913876
vn  0.275462 -0.934555 -0.225231
vn  0.275462 -0.934555 -0.225231
vn  0.275462 -0.934555 -0.225231
vn  -0.203780 -0.884908 -0.418822
vn  -0.203780 -0.884908 -0.418822
vn  -0.203780 -0.884908 -0.418822
vn  0.070394 -0.991302 -0.111195
vn  0.070394 -0.991302 -0.111195
vn  0.070394 -0.991302 -0.111195
vn  0.033242 -0.544108 -0.838357
vn  0.033242 -0.544108 -0.838357
vn  0.033242 -0.544108 -0.838357
vn  -0.053260 -0.601034 -0.797446
vn  -0.053260 -0.601034 -0.797446
vn  -0.053260 -0.601034 -0.797446
vn  0.990039 0.000000 0.140790
vn  0.990039 0.000000 0.140790
vn  0.990039 0.000000 0.140790
vn  0.386434 0.912936 -0.131211
vn  0.386434 0.912936 -0.131211
vn  0.386434 0.912936 -0.131211
vn  0.899344 0.437241 0.000452
vn  0.899344 0.437241 0.000452
vn  0.899344 0.437241 0.000452
vn  0.027365 0.571394 -0.820219
vn  0.027365 0.571394 -0.820219
vn  0.027365 0.571394 -0.820219
vn  0.257696 0.468837 -0.844858
vn  0.257696 0.468837 -0.844858
vn  0.257696 0.468837 -0.844858
vn  0.548154 0.823602 -0.145625
vn  0.548154 0.823602 -0.145625
vn  0.548154 0.823602 -0.145625
vn  0.482228 0.459004 -0.746171
vn  0.482228 0.459004 -0.746171
vn  0.482228 0.459004 -0.746171
vn  0.684630 0.571718 -0.452129
vn  0.684630 0.571718 -0.452129
vn  0.684630 0.571718 -0.452129
vn  0.248274 0.495165 -0.832569
vn  0.248274 0.495165 -0.832569
vn  0.248274 0.495165 -0.832569
vn  -0.101741 0.767438 -0.632999
vn  -0.101741 0.767438 -0.632999
vn  -0.101741 0.767438 -0.632999
vn  -0.382708 0.602104 -0.700718
vn  -0.382708 0.602104 -0.700718
vn  -0.382708 0.602104 -0.700718
vn  -0.677111 0.357598 -0.643152
vn  -0.677111 0.357598 -0.643152
vn  -0.677111 0.357598 -0.643152
vn  -0.574357 0.343685 -0.742963
vn  -0.574357 0.343685 -0.742963
vn  -0.574357 0.343685 -0.742963
vn  0.273130 0.667280 -0.692920
vn  0.273130 0.667280 -0.692920
vn  0.273130 0.667280 -0.692920
vn  0.979244 0.120602 -0.162902
vn  0.979244 0.120602 -0.162902
vn  0.979244 0.120602 -0.162902
vn  -0.546976 0.149727 0.823650
vn  -0.546976 0.149727 0.823650
vn  -0.546976 0.149727 0.823650
vn  -0.469020 0.442380 -0.764408
vn  -0.469020 0.442380 -0.764408
vn  -0.469020 0.442380 -0.764408
vn  0.280658 0.670912 -0.686374
vn  0.280658 0.670912 -0.686374
vn  0.280658 0.670912 -0.686374
vn  0.848618 0.188254 0.494377
vn  0.848618 0.188254 0.494377
vn  0.848618 0.188254 0.494377
vn  0.477628 0.235866 0.846309
vn  0.477628 0.235866 0.846309
vn  0.477628 0.235866 0.846309
vn  0.961443 0.148587 -0.231409
vn  0.961443 0.148587 -0.231409
vn  0.961443 0.148587 -0.231409
vn  0.916294 0.102092 -0.387276
vn  0.916294 0.102092 -0.387276
vn  0.916294 0.102092 -0.387276
vn  -0.077595 0.661358 -0.746046
vn  -0.077595 0.661358 -0.746046
vn  -0.077595 0.661358 -0.746046
vn  -0.225151 0.860918 -0.456209
vn  -0.225151 0.860918 -0.456209
vn  -0.225151 0.860918 -0.456209
vn  -0.052843 0.964848 0.257443
vn  -0.052843 0.964848 0.257443
vn  -0.052843 0.964848 0.257443
vn  -0.483287 -0.706771 -0.516633
vn  -0.483287 -0.706771 -0.516633
vn  -0.483287 -0.706771 -0.516633
vn  -0.505954 -0.701559 -0.501822
vn  -0.505954 -0.701559 -0.501822
vn  -0.505954 -0.701559 -0.501822
vn  -0.591444 -0.431596 -0.681116
vn  -0.591444 -0.431596 -0.681116
vn  -0.591444 -0.431596 -0.681116
vn  -0.839994 -0.534885 0.091152
vn  -0.839994 -0.534885 0.091152
vn  -0.839994 -0.534885 0.091152
vn  -0.839994 0.534885 0.091152
vn  -0.839994 0.534885 0.091152
vn  -0.839994 0.534885 0.091152
vn  -0.628032 0.778099 -0.011724
vn  -0.628032 0.778099 -0.011724
vn  -0.628032 0.778099 -0.011724
vn  -0.796502 -0.603724 -0.033200
vn  -0.796502 -0.603724 -0.033200
vn  -0.796502 -0.603724 -0.033200
vn  -0.628032 -0.778099 -0.011724
vn  -0.628032 -0.778099 -0.011724
vn  -0.628032 -0.778099 -0.011724
vn  -0.796502 0.603724 -0.033200
vn  -0.796502 0.603724 -0.033200
vn  -0.796502 0.603724 -0.033200
vn  -0.512443 0.412135 -0.753357
vn  -0.512443 0.412135 -0.753357
vn  -0.512443 0.412135 -0.753357
vn  0.150125 0.894954 -0.420142
vn  0.150125 0.894954 -0.420142
vn  0.150125 0.894954 -0.420142
vn  -0.850518 -0.498029 -0.169077
vn  -0.850518 -0.498029 -0.169077
vn  -0.850518 -0.498029 -0.169077
vn  -0.850518 0.498029 -0.169077
vn  -0.850518 0.498029 -0.169077
vn  -0.850518 0.498029 -0.169077
vn  0.360254 0.871333 -0.333161
vn  0.360254 0.871333 -0.333161
vn  0.360254 0.871333 -0.333161
vn  -0.551535 0.458940 -0.696551
vn  -0.551535 0.458940 -0.696551
vn  -0.551535 0.458940 -0.696551
vn  -0.384072 0.583050 -0.715920
vn  -0.384072 0.583050 -0.715920
vn  -0.384072 0.583050 -0.715920
vn  -0.047303 0.705557 -0.707072
vn  -0.047303 0.705557 -0.707072
vn  -0.047303 0.705557 -0.707072
vn  0.927351 0.081405 -0.365230
vn  0.927351 0.081405 -0.365230
vn  0.927351 0.081405 -0.365230
vn  0.081045 0.992296 -0.093706
vn  0.081045 0.992296 -0.093706
vn  0.081045 0.992296 -0.093706
vn  0.493118 0.576478 0.651543
vn  0.493118 0.576478 0.651543
vn  0.493118 0.576478 0.651543
vn  0.760040 -0.275325 0.588673
vn  0.760040 -0.275325 0.588673
vn  0.760040 -0.275325 0.588673
vn  0.385823 0.129429 0.913449
vn  0.385823 0.129429 0.913449
vn  0.385823 0.129429 0.913449
vn  0.269711 0.941046 0.204177
vn  0.269711 0.941046 0.204177
vn  0.269711 0.941046 0.204177
vn  0.492902 -0.577291 0.650985
vn  0.492902 -0.577291 0.650985
vn  0.492902 -0.577291 0.650985
vn  0.760036 0.275327 0.588677
vn  0.760036 0.275327 0.588677
vn  0.760036 0.275327 0.588677
vn  -0.794268 -0.603584 -0.069456
vn  -0.794268 -0.603584 -0.069456
vn  -0.794268 -0.603584 -0.069456
vn  -0.794268 0.603584 -0.069456
vn  -0.794268 0.603584 -0.069456
vn  -0.794268 0.603584 -0.069456
vn  -0.650859 0.758077 -0.041251
vn  -0.650859 0.758077 -0.041251
vn  -0.650859 0.758077 -0.041251
vn  0.385815 -0.129620 0.913425
vn  0.385815 -0.129620 0.913425
vn  0.385815 -0.129620 0.913425
vn  -0.650859 -0.758077 -0.041251
vn  -0.650859 -0.758077 -0.041251
vn  -0.650859 -0.758077 -0.041251
vn  0.269719 -0.941046 0.204166
vn  0.269719 -0.941046 0.204166
vn  0.269719 -0.941046 0.204166
vn  -0.047511 0.946089 0.320402
vn  -0.047511 0.946089 0.320402
vn  -0.047511 0.946089 0.320402
vn  0.621412 0.773081 -0.127251
vn  0.621412 0.773081 -0.127251
vn  0.621412 0.773081 -0.127251
vn  0.834675 0.236033 0.497600
vn  0.834675 0.236033 0.497600
vn  0.834675 0.236033 0.497600
vn  -0.118180 0.268164 0.956097
vn  -0.118180 0.268164 0.956097
vn  -0.118180 0.268164 0.956097
vn  -0.515808 0.461379 0.721853
vn  -0.515808 0.461379 0.721853
vn  -0.515808 0.461379 0.721853
vn  -0.486872 0.345064 0.802426
vn  -0.486872 0.345064 0.802426
vn  -0.486872 0.345064 0.802426
vn  -0.627664 0.323287 0.708183
vn  -0.627664 0.323287 0.708183
vn  -0.627664 0.323287 0.708183
vn  0.808964 0.173863 0.561559
vn  0.808964 0.173863 0.561559
vn  0.808964 0.173863 0.561559
vn  0.424912 0.342778 0.837826
vn  0.424912 0.342778 0.837826
vn  0.424912 0.342778 0.837826
vn  -0.416606 0.276677 0.865962
vn  -0.416606 0.276677 0.865962
vn  -0.416606 0.276677 0.865962
vn  -0.439760 0.438842 0.783600
vn  -0.439760 0.438842 0.783600
vn  -0.439760 0.438842 0.783600
vn  -0.329917 0.236612 0.913876
vn  -0.329917 0.236612 0.913876
vn  -0.329917 0.236612 0.913876
vn  0.275462 0.934555 -0.225231
vn  0.275462 0.934555 -0.225231
vn  0.275462 0.934555 -0.225231
vn  -0.203780 0.884908 -0.418822
vn  -0.203780 0.884908 -0.418822
vn  -0.203780 0.884908 -0.418822
vn  0.070394 0.991302 -0.111195
vn  0.070394 0.991302 -0.111195
vn  0.070394 0.991302 -0.111195
vn  0.033242 0.544108 -0.838357
vn  0.033242 0.544108 -0.838357
vn  0.033242 0.544108 -0.838357
vn  0.730470 0.682716 -0.017644
vn  0.730470 0.682716 -0.017644
vn  0.730470 0.682716 -0.017644
vn  0.911568 0.295679 -0.285689
vn  0.911568 0.295679 -0.285689
vn  0.911568 0.295679 -0.285689
vn  -0.718200 0.679554 0.149649
vn  -0.718200 0.679554 0.149649
vn  -0.718200 0.679554 0.149649
vn  -0.533234 0.826151 0.182033
vn  -0.533234 0.826151 0.182033
vn  -0.533234 0.826151 0.182033
vn  0.097154 0.943623 0.316444
vn  0.097154 0.943623 0.316444
vn  0.097154 0.943623 0.316444
vn  0.918781 -0.284840 -0.273326
vn  0.918781 -0.284840 -0.273326
vn  0.918781 -0.284840 -0.273326
vn  0.367047 -0.923455 0.111835
vn  0.367047 -0.923455 0.111835
vn  0.367047 -0.923455 0.111835
vn  0.658235 -0.749867 -0.066533
vn  0.658235 -0.749867 -0.066533
vn  0.658235 -0.749867 -0.066533
vn  -0.135613 -0.982640 0.126598
vn  -0.135613 -0.982640 0.126598
vn  -0.135613 -0.982640 0.126598
vn  -0.630037 -0.774476 0.056923
vn  -0.630037 -0.774476 0.056923
vn  -0.630037 -0.774476 0.056923
vn  -0.731084 -0.679757 0.058709
vn  -0.731084 -0.679757 0.058709
vn  -0.731084 -0.679757 0.058709
vn  -0.456614 -0.869762 0.187130
vn  -0.456614 -0.869762 0.187130
vn  -0.456614 -0.869762 0.187130
vn  0.371015 -0.921253 0.116794
vn  0.371015 -0.921253 0.116794
vn  0.371015 -0.921253 0.116794
vn  0.504900 -0.855562 0.114406
vn  0.504900 -0.855562 0.114406
vn  0.504900 -0.855562 0.114406
vn  -0.166947 -0.973065 0.158975
vn  -0.166947 -0.973065 0.158975
vn  -0.166947 -0.973065 0.158975
vn  0.730470 -0.682716 -0.017644
vn  0.730470 -0.682716 -0.017644
vn  0.730470 -0.682716 -0.017644
vn  0.911568 -0.295679 -0.285689
vn  0.911568 -0.295679 -0.285689
vn  0.911568 -0.295679 -0.285689
vn  -0.718200 -0.679554 0.149649
vn  -0.718200 -0.679554 0.149649
vn  -0.718200 -0.679554 0.149649
vn  0.893383 0.276917 -0.353813
vn  0.893383 0.276917 -0.353813
vn  0.893383 0.276917 -0.353813
vn  0.097154 -0.943623 0.316444
vn  0.097154 -0.943623 0.316444
vn  0.097154 -0.943623 0.316444
vn  0.918781 0.284840 -0.273326
vn  0.918781 0.284840 -0.273326
vn  0.918781 0.284840 -0.273326
vn  0.367047 0.923455 0.111835
vn  0.367047 0.923455 0.111835
vn  0.367047 0.923455 0.111835
vn  0.658235 0.749867 -0.066533
vn  0.658235 0.749867 -0.066533
vn  0.658235 0.749867 -0.066533
vn  -0.135613 0.982640 0.126598
vn  -0.135613 0.982640 0.126598
vn  -0.135613 0.982640 0.126598
vn  -0.630037 0.774476 0.056923
vn  -0.630037 0.774476 0.056923
vn  -0.630037 0.774476 0.056923
vn  -0.731084 0.679757 0.058709
vn  -0.731084 0.679757 0.058709
vn  -0.731084 0.679757 0.058709
vn  -0.456614 0.869762 0.187130
vn  -0.456614 0.869762 0.187130
vn  -0.456614 0.869762 0.187130
vn  0.371015 0.921253 0.116794
vn  0.371015 0.921253 0.116794
vn  0.371015 0.921253 0.116794
vn  0.504900 0.855562 0.114406
vn  0.504900 0.855562 0.114406
vn  0.504900 0.855562 0.114406
vn  -0.166947 0.973065 0.158975
vn  -0.166947 0.973065 0.158975
vn  -0.166947 0.973065 0.158975
vn  -0.053260 0.601034 -0.797446
vn  -0.053260 0.601034 -0.797446
vn  -0.053260 0.601034 -0.797446
vn  0.990039 0.000000 0.140790
vn  -0.437891 -0.813884 0.381895
vn  -0.437891 -0.813884 0.381895
vn  -0.437891 -0.813884 0.381895
vn  0.176705 -0.362064 0.915251
vn  0.176705 -0.362064 0.915251
vn  0.176705 -0.362064 0.915251
vn  0.721570 0.651564 0.234098
vn  0.721570 0.651564 0.234098
vn  0.721570 0.651564 0.234098
vn  0.805179 0.375324 0.459150
vn  0.805179 0.375324 0.459150
vn  0.805179 0.375324 0.459150
vn  0.892437 0.294409 0.341875
vn  0.892437 0.294409 0.341875
vn  0.892437 0.294409 0.341875
vn  0.721570 -0.651564 0.234098
vn  0.721570 -0.651564 0.234098
vn  0.721570 -0.651564 0.234098
vn  0.805179 -0.375324 0.459150
vn  0.805179 -0.375324 0.459150
vn  0.805179 -0.375324 0.459150
vn  0.892437 -0.294409 0.341875
vn  0.892437 -0.294409 0.341875
vn  0.892437 -0.294409 0.341875
vn  0.121444 -0.145068 0.981940
vn  0.121444 -0.145068 0.981940
vn  0.121444 -0.145068 0.981940
vn  0.080219 0.000000 0.996777
vn  0.080219 0.000000 0.996777
vn  0.080219 0.000000 0.996777
vn  0.121925 0.229800 0.965570
vn  0.121925 0.229800 0.965570
vn  0.121925 0.229800 0.965570
vn  0.121923 -0.229798 0.965571
vn  0.121923 -0.229798 0.965571
vn  0.121923 -0.229798 0.965571
vn  -0.133657 -0.562249 0.816095
vn  -0.133657 -0.562249 0.816095
vn  -0.133657 -0.562249 0.816095
vn  -0.133657 0.562249 0.816095
vn  -0.133657 0.562249 0.816095
vn  -0.133657 0.562249 0.816095
vn  -0.466019 0.884558 -0.019614
vn  -0.466019 0.884558 -0.019614
vn  -0.466019 0.884558 -0.019614
vn  -0.353074 -0.912613 0.206099
vn  -0.353074 -0.912613 0.206099
vn  -0.353074 -0.912613 0.206099
vn  0.135146 -0.403833 0.904795
vn  0.135146 -0.403833 0.904795
vn  0.135146 -0.403833 0.904795
vn  -0.533234 -0.826151 0.182033
vn  -0.533234 -0.826151 0.182033
vn  -0.533234 -0.826151 0.182033
vn  -0.148977 0.972888 0.176902
vn  -0.148977 0.972888 0.176902
vn  -0.148977 0.972888 0.176902
vn  -0.159301 -0.958531 0.236310
vn  -0.159301 -0.958531 0.236310
vn  -0.159301 -0.958531 0.236310
vn  -0.935722 0.000000 -0.352737
vn  -0.935722 0.000000 -0.352737
vn  -0.935722 0.000000 -0.352737
vn  -0.935747 -0.351511 0.028585
vn  -0.935747 -0.351511 0.028585
vn  -0.935747 -0.351511 0.028585
vn  -0.253618 0.517940 -0.816955
vn  -0.253618 0.517940 -0.816955
vn  -0.253618 0.517940 -0.816955
vn  0.092410 0.279512 -0.955685
vn  0.092410 0.279512 -0.955685
vn  0.092410 0.279512 -0.955685
vn  -0.253618 -0.517940 -0.816955
vn  -0.253618 -0.517940 -0.816955
vn  -0.253618 -0.517940 -0.816955
vn  -0.590500 0.000000 0.807038
vn  -0.590500 0.000000 0.807038
vn  -0.590500 0.000000 0.807038
vn  -0.589966 0.437401 -0.678691
vn  -0.589966 0.437401 -0.678691
vn  -0.589966 0.437401 -0.678691
vn  -0.550262 0.498399 -0.669932
vn  -0.550262 0.498399 -0.669932
vn  -0.550262 0.498399 -0.669932
vn  -0.262422 0.100772 0.959677
vn  -0.262422 0.100772 0.959677
vn  -0.262422 0.100772 0.959677
vn  -0.159298 0.958521 0.236352
vn  -0.159298 0.958521 0.236352
vn  -0.159298 0.958521 0.236352
vn  -0.058301 0.071494 -0.995736
vn  -0.058301 0.071494 -0.995736
vn  -0.058301 0.071494 -0.995736
vn  -0.629726 0.776063 0.034213
vn  -0.629726 0.776063 0.034213
vn  -0.629726 0.776063 0.034213
vn  -0.353074 0.912613 0.206099
vn  -0.353074 0.912613 0.206099
vn  -0.353074 0.912613 0.206099
vn  -0.368930 0.320093 0.872600
vn  -0.368930 0.320093 0.872600
vn  -0.368930 0.320093 0.872600
vn  -0.565171 -0.798939 -0.205615
vn  -0.565171 -0.798939 -0.205615
vn  -0.565171 -0.798939 -0.205615
vn  -0.629726 -0.776063 0.034213
vn  -0.629726 -0.776063 0.034213
vn  -0.629726 -0.776063 0.034213
vn  -0.190023 0.517433 -0.834359
vn  -0.190023 0.517433 -0.834359
vn  -0.190023 0.517433 -0.834359
vn  -0.209121 0.540964 -0.814633
vn  -0.209121 0.540964 -0.814633
vn  -0.209121 0.540964 -0.814633
vn  -0.328705 0.696537 0.637800
vn  -0.328705 0.696537 0.637800
vn  -0.328705 0.696537 0.637800
vn  0.303215 0.387468 0.870591
vn  0.303215 0.387468 0.870591
vn  0.303215 0.387468 0.870591
vn  -0.229355 -0.431183 0.872627
vn  -0.229355 -0.431183 0.872627
vn  -0.229355 -0.431183 0.872627
vn  -0.368930 -0.320093 0.872600
vn  -0.368930 -0.320093 0.872600
vn  -0.368930 -0.320093 0.872600
vn  -0.419766 0.733446 -0.534652
vn  -0.419766 0.733446 -0.534652
vn  -0.419766 0.733446 -0.534652
vn  -0.484267 0.777726 -0.400784
vn  -0.484267 0.777726 -0.400784
vn  -0.484267 0.777726 -0.400784
vn  -0.222095 0.172381 -0.959666
vn  -0.222095 0.172381 -0.959666
vn  -0.222095 0.172381 -0.959666
vn  -0.227502 0.179661 -0.957061
vn  -0.227502 0.179661 -0.957061
vn  -0.227502 0.179661 -0.957061
vn  -0.571231 0.281002 -0.771190
vn  -0.571231 0.281002 -0.771190
vn  -0.571231 0.281002 -0.771190
vn  -0.494598 0.157353 -0.854759
vn  -0.494598 0.157353 -0.854759
vn  -0.494598 0.157353 -0.854759
vn  -0.571231 -0.281002 -0.771190
vn  -0.571231 -0.281002 -0.771190
vn  -0.571231 -0.281002 -0.771190
vn  -0.494598 -0.157353 -0.854759
vn  -0.494598 -0.157353 -0.854759
vn  -0.494598 -0.157353 -0.854759
vn  -0.589966 -0.437401 -0.678691
vn  -0.589966 -0.437401 -0.678691
vn  -0.589966 -0.437401 -0.678691
vn  -0.550262 -0.498399 -0.669932
vn  -0.550262 -0.498399 -0.669932
vn  -0.550262 -0.498399 -0.669932
vn  -0.190023 -0.517433 -0.834359
vn  -0.190023 -0.517433 -0.834359
vn  -0.190023 -0.517433 -0.834359
vn  -0.209121 -0.540964 -0.814633
vn  -0.209121 -0.540964 -0.814633
vn  -0.209121 -0.540964 -0.814633
vn  -0.222095 -0.172381 -0.959666
vn  -0.222095 -0.172381 -0.959666
vn  -0.222095 -0.172381 -0.959666
vn  -0.227502 -0.179661 -0.957061
vn  -0.227502 -0.179661 -0.957061
vn  -0.227502 -0.179661 -0.957061
vn  -0.419766 -0.733446 -0.534652
vn  -0.419766 -0.733446 -0.534652
vn  -0.419766 -0.733446 -0.534652
vn  -0.484267 -0.777726 -0.400784
vn  -0.484267 -0.777726 -0.400784
vn  -0.484267 -0.777726 -0.400784
vn  -0.694665 0.304298 0.651800
vn  -0.694665 0.304298 0.651800
vn  -0.694665 0.304298 0.651800
vn  -0.037095 0.598031 0.800614
vn  -0.037095 0.598031 0.800614
vn  -0.037095 0.598031 0.800614
vn  -0.148987 -0.972886 0.176904
vn  -0.148987 -0.972886 0.176904
vn  -0.148987 -0.972886 0.176904
vn  -0.058301 -0.071494 -0.995736
vn  -0.058301 -0.071494 -0.995736
vn  -0.058301 -0.071494 -0.995736
vn  -0.935871 0.351179 0.028607
vn  -0.935871 0.351179 0.028607
vn  -0.935871 0.351179 0.028607
vn  -0.466019 -0.884558 -0.019614
vn  -0.466019 -0.884558 -0.019614
vn  -0.466019 -0.884558 -0.019614
vn  -0.328705 -0.696537 0.637800
vn  -0.328705 -0.696537 0.637800
vn  -0.328705 -0.696537 0.637800
vn  0.303220 -0.387469 0.870589
vn  0.303220 -0.387469 0.870589
vn  0.303220 -0.387469 0.870589
vn  -0.694500 -0.304569 0.651850
vn  -0.694500 -0.304569 0.651850
vn  -0.694500 -0.304569 0.651850
vn  0.092410 -0.279512 -0.955685
vn  0.092410 -0.279512 -0.955685
vn  0.092410 -0.279512 -0.955685
vn  -0.037101 -0.598029 0.800615
vn  -0.037101 -0.598029 0.800615
vn  -0.037101 -0.598029 0.800615
vn  -0.370871 0.683995 0.628177
vn  -0.370871 0.683995 0.628177
vn  -0.370871 0.683995 0.628177
vn  0.163608 0.215040 -0.962803
vn  0.163608 0.215040 -0.962803
vn  0.163608 0.215040 -0.962803
vn  -0.795596 0.340992 -0.500752
vn  -0.795596 0.340992 -0.500752
vn  -0.795596 0.340992 -0.500752
vn  -0.322869 0.783116 0.531493
vn  -0.322869 0.783116 0.531493
vn  -0.322869 0.783116 0.531493
vn  -0.101393 0.589100 0.801674
vn  -0.101393 0.589100 0.801674
vn  -0.101393 0.589100 0.801674
vn  -0.439252 -0.785647 0.435679
vn  -0.439252 -0.785647 0.435679
vn  -0.439252 -0.785647 0.435679
vn  -0.772463 -0.246753 -0.585162
vn  -0.772463 -0.246753 -0.585162
vn  -0.772463 -0.246753 -0.585162
vn  0.040796 0.151989 0.987540
vn  0.040796 0.151989 0.987540
vn  0.040796 0.151989 0.987540
vn  -0.370871 -0.683995 0.628177
vn  -0.370871 -0.683995 0.628177
vn  -0.370871 -0.683995 0.628177
vn  -0.101393 -0.589100 0.801674
vn  -0.101393 -0.589100 0.801674
vn  -0.101393 -0.589100 0.801674
vn  0.040796 -0.151989 0.987540
vn  0.040796 -0.151989 0.987540
vn  0.040796 -0.151989 0.987540
vn  -0.439252 0.785647 0.435679
vn  -0.439252 0.785647 0.435679
vn  -0.439252 0.785647 0.435679
vn  -0.772463 0.246753 -0.585162
vn  -0.772463 0.246753 -0.585162
vn  -0.772463 0.246753 -0.585162
vn  0.574667 0.000000 -0.818388
vn  0.574667 0.000000 -0.818388
vn  0.574667 0.000000 -0.818388
vn  -0.322869 -0.783116 0.531493
vn  -0.322869 -0.783116 0.531493
vn  -0.322869 -0.783116 0.531493
vn  -0.795596 -0.340992 -0.500752
vn  -0.795596 -0.340992 -0.500752
vn  -0.795596 -0.340992 -0.500752
vn  0.574667 0.000000 -0.818388
vn  -0.145733 -0.241378 -0.959426
vn  -0.145733 -0.241378 -0.959426
vn  -0.145733 -0.241378 -0.959426
vn  0.163608 -0.215040 -0.962803
vn  0.163608 -0.215040 -0.962803
vn  0.163608 -0.215040 -0.962803
vn  -0.145733 0.241378 -0.959426
vn  -0.145733 0.241378 -0.959426
vn  -0.145733 0.241378 -0.959426
vn  0.051499 0.427825 0.902393
vn  0.051499 0.427825 0.902393
vn  0.051499 0.427825 0.902393
vn  -0.178872 0.861200 -0.475752
vn  -0.178872 0.861200 -0.475752
vn  -0.178872 0.861200 -0.475752
vn  -0.158734 0.874434 -0.458441
vn  -0.158734 0.874434 -0.458441
vn  -0.158734 0.874434 -0.458441
vn  -0.253829 0.899420 0.355829
vn  -0.253829 0.899420 0.355829
vn  -0.253829 0.899420 0.355829
vn  -0.304058 0.952505 -0.016816
vn  -0.304058 0.952505 -0.016816
vn  -0.304058 0.952505 -0.016816
vn  -0.350298 -0.935394 -0.048260
vn  -0.350298 -0.935394 -0.048260
vn  -0.350298 -0.935394 -0.048260
vn  -0.180150 -0.982715 -0.042631
vn  -0.180150 -0.982715 -0.042631
vn  -0.180150 -0.982715 -0.042631
vn  -0.219754 -0.900731 0.374689
vn  -0.219754 -0.900731 0.374689
vn  -0.219754 -0.900731 0.374689
vn  -0.178872 -0.861200 -0.475752
vn  -0.178872 -0.861200 -0.475752
vn  -0.178872 -0.861200 -0.475752
vn  -0.350298 0.935394 -0.048260
vn  -0.350298 0.935394 -0.048260
vn  -0.350298 0.935394 -0.048260
vn  -0.180150 0.982715 -0.042631
vn  -0.180150 0.982715 -0.042631
vn  -0.180150 0.982715 -0.042631
vn  -0.219754 0.900731 0.374689
vn  -0.219754 0.900731 0.374689
vn  -0.219754 0.900731 0.374689
vn  -0.158734 -0.874434 -0.458441
vn  -0.158734 -0.874434 -0.458441
vn  -0.158734 -0.874434 -0.458441
vn  -0.253829 -0.899420 0.355829
vn  -0.253829 -0.899420 0.355829
vn  -0.253829 -0.899420 0.355829
vn  -0.304058 -0.952505 -0.016816
vn  -0.304058 -0.952505 -0.016816
vn  -0.304058 -0.952505 -0.016816
vn  0.377054 0.782640 0.495284
vn  0.377054 0.782640 0.495284
vn  0.377054 0.782640 0.495284
vn  0.051499 -0.427825 0.902393
vn  0.051499 -0.427825 0.902393
vn  0.051499 -0.427825 0.902393
vn  0.377054 -0.782640 0.495284
vn  0.377054 -0.782640 0.495284
vn  0.377054 -0.782640 0.495284
vn  0.019581 -0.319843 0.947268
vn  0.019581 -0.319843 0.947268
vn  0.019581 -0.319843 0.947268
vn  -0.017376 -0.244881 0.969398
vn  -0.017376 -0.244881 0.969398
vn  -0.017376 -0.244881 0.969398
vn  0.146345 -0.229222 0.962310
vn  0.146345 -0.229222 0.962310
vn  0.146345 -0.229222 0.962310
vn  0.040393 -0.479263 0.876741
vn  0.040393 -0.479263 0.876741
vn  0.040393 -0.479263 0.876741
vn  0.019581 0.319843 0.947268
vn  0.019581 0.319843 0.947268
vn  0.019581 0.319843 0.947268
vn  -0.017376 0.244881 0.969398
vn  -0.017376 0.244881 0.969398
vn  -0.017376 0.244881 0.969398
vn  0.146345 0.229222 0.962310
vn  0.146345 0.229222 0.962310
vn  0.146345 0.229222 0.962310
vn  0.040393 0.479263 0.876741
vn  0.040393 0.479263 0.876741
vn  0.040393 0.479263 0.876741
vn  0.000000 0.000000 -1.000000
vn  0.000000 0.000000 -1.000000
vn  0.000000 0.000000 -1.000000
vn  0.000000 0.000000 -1.000000
vn  0.000000 0.000000 -1.000000
vn  0.000000 0.000000 -1.000000
vn  -0.844003 0.376036 -0.382434
vn  -0.844003 0.376036 -0.382434
vn  -0.844003 0.376036 -0.382434
vn  0.137217 0.076776 0.987561
vn  0.137217 0.076776 0.987561
vn  0.137217 0.076776 0.987561
vn  -0.515020 0.693172 0.504250
vn  -0.515020 0.693172 0.504250
vn  -0.515020 0.693172 0.504250
vn  0.321569 0.467667 0.823335
vn  0.321569 0.467667 0.823335
vn  0.321569 0.467667 0.823335
vn  0.277737 0.512678 0.812418
vn  0.277737 0.512678 0.812418
vn  0.277737 0.512678 0.812418
vn  -0.844003 -0.376036 -0.382434
vn  -0.844003 -0.376036 -0.382434
vn  -0.844003 -0.376036 -0.382434
vn  -0.100141 0.496268 -0.862374
vn  -0.100141 0.496268 -0.862374
vn  -0.100141 0.496268 -0.862374
vn  -0.515020 -0.693172 0.504250
vn  -0.515020 -0.693172 0.504250
vn  -0.515020 -0.693172 0.504250
vn  -0.017699 0.280615 -0.959657
vn  -0.017699 0.280615 -0.959657
vn  -0.017699 0.280615 -0.959657
vn  -0.614408 0.500729 0.609733
vn  -0.614408 0.500729 0.609733
vn  -0.614408 0.500729 0.609733
vn  -0.150555 0.000000 -0.988602
vn  -0.150555 0.000000 -0.988602
vn  -0.150555 0.000000 -0.988602
vn  -0.723059 0.395439 0.566404
vn  -0.723059 0.395439 0.566404
vn  -0.723059 0.395439 0.566404
vn  -0.150555 0.000000 -0.988602
vn  -0.150555 0.000000 -0.988602
vn  -0.150555 0.000000 -0.988602
vn  -0.145256 0.928189 0.342588
vn  -0.145256 0.928189 0.342588
vn  -0.145256 0.928189 0.342588
vn  -0.253440 0.940757 0.225264
vn  -0.253440 0.940757 0.225264
vn  -0.253440 0.940757 0.225264
vn  -0.014089 0.949073 0.314741
vn  -0.014089 0.949073 0.314741
vn  -0.014089 0.949073 0.314741
vn  -0.008125 0.951670 0.307015
vn  -0.008125 0.951670 0.307015
vn  -0.008125 0.951670 0.307015
vn  -0.209678 0.673387 0.708932
vn  -0.209678 0.673387 0.708932
vn  -0.209678 0.673387 0.708932
vn  -0.615335 0.427440 0.662312
vn  -0.615335 0.427440 0.662312
vn  -0.615335 0.427440 0.662312
vn  -0.014089 -0.949073 0.314741
vn  -0.014089 -0.949073 0.314741
vn  -0.014089 -0.949073 0.314741
vn  -0.008125 -0.951670 0.307015
vn  -0.008125 -0.951670 0.307015
vn  -0.008125 -0.951670 0.307015
vn  -0.209678 -0.673387 0.708932
vn  -0.209678 -0.673387 0.708932
vn  -0.209678 -0.673387 0.708932
vn  -0.615335 -0.427440 0.662312
vn  -0.615335 -0.427440 0.662312
vn  -0.615335 -0.427440 0.662312
vn  -0.145256 -0.928189 0.342588
vn  -0.145256 -0.928189 0.342588
vn  -0.145256 -0.928189 0.342588
vn  -0.253440 -0.940757 0.225264
vn  -0.253440 -0.940757 0.225264
vn  -0.253440 -0.940757 0.225264
vn  -0.020612 0.000000 -0.999788
vn  -0.020612 0.000000 -0.999788
vn  -0.020612 0.000000 -0.999788
vn  -0.020612 0.000000 -0.999788
vn  -0.020612 0.000000 -0.999788
vn  -0.020612 0.000000 -0.999788
vn  -0.572677 0.392478 0.719724
vn  -0.572677 0.392478 0.719724
vn  -0.572677 0.392478 0.719724
vn  -0.563355 0.339869 0.753074
vn  -0.563355 0.339869 0.753074
vn  -0.563355 0.339869 0.753074
vn  -0.723059 -0.395439 0.566404
vn  -0.723059 -0.395439 0.566404
vn  -0.723059 -0.395439 0.566404
vn  0.027781 0.000000 -0.999614
vn  0.027781 0.000000 -0.999614
vn  0.027781 0.000000 -0.999614
vn  0.027781 0.000000 -0.999614
vn  0.027781 0.000000 -0.999614
vn  0.027781 0.000000 -0.999614
vn  -0.563355 -0.339869 0.753074
vn  -0.563355 -0.339869 0.753074
vn  -0.563355 -0.339869 0.753074
vn  -0.699447 0.296655 0.650208
vn  -0.699447 0.296655 0.650208
vn  -0.699447 0.296655 0.650208
vn  -0.635572 0.127090 0.761509
vn  -0.635572 0.127090 0.761509
vn  -0.635572 0.127090 0.761509
vn  0.149505 0.189467 -0.970438
vn  0.149505 0.189467 -0.970438
vn  0.149505 0.189467 -0.970438
vn  -0.635572 -0.127090 0.761509
vn  -0.635572 -0.127090 0.761509
vn  -0.635572 -0.127090 0.761509
vn  0.069270 0.193994 -0.978554
vn  0.069270 0.193994 -0.978554
vn  0.069270 0.193994 -0.978554
vn  0.064247 0.270959 -0.960445
vn  0.064247 0.270959 -0.960445
vn  0.064247 0.270959 -0.960445
vn  0.023378 0.498642 -0.866493
vn  0.023378 0.498642 -0.866493
vn  0.023378 0.498642 -0.866493
vn  0.078937 0.574564 -0.814645
vn  0.078937 0.574564 -0.814645
vn  0.078937 0.574564 -0.814645
vn  0.149505 -0.189467 -0.970438
vn  0.149505 -0.189467 -0.970438
vn  0.149505 -0.189467 -0.970438
vn  0.064247 -0.270959 -0.960445
vn  0.064247 -0.270959 -0.960445
vn  0.064247 -0.270959 -0.960445
vn  -0.435599 -0.454028 0.777247
vn  -0.435599 -0.454028 0.777247
vn  -0.435599 -0.454028 0.777247
vn  0.078937 -0.574564 -0.814645
vn  0.078937 -0.574564 -0.814645
vn  0.078937 -0.574564 -0.814645
vn  -0.435599 0.454028 0.777247
vn  -0.435599 0.454028 0.777247
vn  -0.435599 0.454028 0.777247
vn  -0.291806 0.424822 0.856957
vn  -0.291806 0.424822 0.856957
vn  -0.291806 0.424822 0.856957
vn  -0.014539 -0.478822 -0.877792
vn  -0.014539 -0.478822 -0.877792
vn  -0.014539 -0.478822 -0.877792
vn  -0.064961 -0.280043 -0.957787
vn  -0.064961 -0.280043 -0.957787
vn  -0.064961 -0.280043 -0.957787
vn  0.043056 0.985290 0.165381
vn  0.043056 0.985290 0.165381
vn  0.043056 0.985290 0.165381
vn  -0.068909 0.000000 0.997623
vn  -0.068909 0.000000 0.997623
vn  -0.068909 0.000000 0.997623
vn  -0.068909 0.000000 0.997623
vn  -0.068909 0.000000 0.997623
vn  -0.068909 0.000000 0.997623
vn  0.043056 -0.985290 0.165381
vn  0.043056 -0.985290 0.165381
vn  0.043056 -0.985290 0.165381
vn  0.386403 0.906569 0.169782
vn  0.386403 0.906569 0.169782
vn  0.386403 0.906569 0.169782
vn  -0.071460 0.996481 0.043817
vn  -0.071460 0.996481 0.043817
vn  -0.071460 0.996481 0.043817
vn  -0.081718 -0.959529 0.269492
vn  -0.081718 -0.959529 0.269492
vn  -0.081718 -0.959529 0.269492
vn  0.081070 -0.996364 -0.026200
vn  0.081070 -0.996364 -0.026200
vn  0.081070 -0.996364 -0.026200
vn  -0.071460 -0.996481 0.043817
vn  -0.071460 -0.996481 0.043817
vn  -0.071460 -0.996481 0.043817
vn  -0.081718 0.959529 0.269492
vn  -0.081718 0.959529 0.269492
vn  -0.081718 0.959529 0.269492
vn  0.081070 0.996364 -0.026200
vn  0.081070 0.996364 -0.026200
vn  0.081070 0.996364 -0.026200
vn  0.137217 -0.076776 0.987561
vn  0.137217 -0.076776 0.987561
vn  0.137217 -0.076776 0.987561
vn  -0.639504 0.552260 0.534831
vn  -0.639504 0.552260 0.534831
vn  -0.639504 0.552260 0.534831
vn  -0.639504 -0.552260 0.534831
vn  -0.639504 -0.552260 0.534831
vn  -0.639504 -0.552260 0.534831
vn  0.324632 -0.334954 0.884545
vn  0.324632 -0.334954 0.884545
vn  0.324632 -0.334954 0.884545
vn  -0.480607 0.492663 0.725466
vn  -0.480607 0.492663 0.725466
vn  -0.480607 0.492663 0.725466
vn  -0.876032 0.251415 0.411533
vn  -0.876032 0.251415 0.411533
vn  -0.876032 0.251415 0.411533
vn  -0.876032 -0.251415 0.411533
vn  -0.876032 -0.251415 0.411533
vn  -0.876032 -0.251415 0.411533
vn  -0.480607 -0.492663 0.725466
vn  -0.480607 -0.492663 0.725466
vn  -0.480607 -0.492663 0.725466
vn  -0.513554 0.679664 0.523755
vn  -0.513554 0.679664 0.523755
vn  -0.513554 0.679664 0.523755
vn  0.321569 -0.467667 0.823335
vn  0.321569 -0.467667 0.823335
vn  0.321569 -0.467667 0.823335
vn  0.083687 -0.397656 0.913710
vn  0.083687 -0.397656 0.913710
vn  0.083687 -0.397656 0.913710
vn  0.072207 -0.290055 0.954282
vn  0.072207 -0.290055 0.954282
vn  0.072207 -0.290055 0.954282
vn  0.083687 0.397656 0.913710
vn  0.083687 0.397656 0.913710
vn  0.083687 0.397656 0.913710
vn  -0.133656 0.562249 0.816095
vn  -0.133656 0.562249 0.816095
vn  -0.133656 0.562249 0.816095
vn  -0.133656 -0.562249 0.816095
vn  -0.133656 -0.562249 0.816095
vn  -0.133656 -0.562249 0.816095
vn  0.196098 0.883750 0.424889
vn  0.196098 0.883750 0.424889
vn  0.196098 0.883750 0.424889
vn  -0.454710 -0.723380 0.519577
vn  -0.454710 -0.723380 0.519577
vn  -0.454710 -0.723380 0.519577
vn  -0.513554 -0.679664 0.523755
vn  -0.513554 -0.679664 0.523755
vn  -0.513554 -0.679664 0.523755
vn  -0.454710 0.723380 0.519577
vn  -0.454710 0.723380 0.519577
vn  -0.454710 0.723380 0.519577
vn  -0.046425 0.892079 -0.449489
vn  -0.046425 0.892079 -0.449489
vn  -0.046425 0.892079 -0.449489
vn  -0.466019 -0.884558 -0.019614
vn  -0.466019 -0.884558 -0.019614
vn  -0.466019 -0.884558 -0.019614
vn  -0.046425 -0.892079 -0.449489
vn  -0.046425 -0.892079 -0.449489
vn  -0.046425 -0.892079 -0.449489
vn  -0.353074 0.912613 0.206099
vn  -0.353074 0.912613 0.206099
vn  -0.353074 0.912613 0.206099
vn  -0.935723 0.000000 -0.352737
vn  -0.935723 0.000000 -0.352737
vn  -0.935723 0.000000 -0.352737
vn  -0.935747 0.351511 0.028586
vn  -0.935747 0.351511 0.028586
vn  -0.935747 0.351511 0.028586
vn  -0.253619 -0.517940 -0.816955
vn  -0.253619 -0.517940 -0.816955
vn  -0.253619 -0.517940 -0.816955
vn  -0.253619 0.517940 -0.816955
vn  -0.253619 0.517940 -0.816955
vn  -0.253619 0.517940 -0.816955
vn  0.196098 -0.883750 0.424889
vn  0.196098 -0.883750 0.424889
vn  0.196098 -0.883750 0.424889
vn  -0.010728 0.938224 0.345862
vn  -0.010728 0.938224 0.345862
vn  -0.010728 0.938224 0.345862
vn  0.386403 -0.906569 0.169782
vn  0.386403 -0.906569 0.169782
vn  0.386403 -0.906569 0.169782
vn  -0.010728 -0.938224 0.345862
vn  -0.010728 -0.938224 0.345862
vn  -0.010728 -0.938224 0.345862
vn  -0.590500 0.000000 0.807038
vn  -0.590500 0.000000 0.807038
vn  -0.590500 0.000000 0.807038
vn  -0.353074 -0.912613 0.206099
vn  -0.353074 -0.912613 0.206099
vn  -0.353074 -0.912613 0.206099
vn  -0.328705 -0.696537 0.637800
vn  -0.328705 -0.696537 0.637800
vn  -0.328705 -0.696537 0.637800
vn  -0.694665 -0.304298 0.651801
vn  -0.694665 -0.304298 0.651801
vn  -0.694665 -0.304298 0.651801
vn  -0.935871 -0.351179 0.028607
vn  -0.935871 -0.351179 0.028607
vn  -0.935871 -0.351179 0.028607
vn  -0.387106 -0.015620 -0.921903
vn  -0.387106 -0.015620 -0.921903
vn  -0.387106 -0.015620 -0.921903
vn  -0.914371 -0.013641 -0.404648
vn  -0.914371 -0.013641 -0.404648
vn  -0.914371 -0.013641 -0.404648
vn  -0.466019 0.884558 -0.019614
vn  -0.466019 0.884558 -0.019614
vn  -0.466019 0.884558 -0.019614
vn  -0.328705 0.696537 0.637800
vn  -0.328705 0.696537 0.637800
vn  -0.328705 0.696537 0.637800
vn  -0.694499 0.304569 0.651850
vn  -0.694499 0.304569 0.651850
vn  -0.694499 0.304569 0.651850
vn  0.229610 -0.968237 -0.098979
vn  0.229610 -0.968237 -0.098979
vn  0.229610 -0.968237 -0.098979
vn  0.229610 -0.968237 0.098979
vn  0.229610 -0.968237 0.098979
vn  0.229610 -0.968237 0.098979
vn  -0.148980 -0.972888 0.176903
vn  -0.148980 -0.972888 0.176903
vn  -0.148980 -0.972888 0.176903
vn  -0.159262 0.958589 0.236101
vn  -0.159262 0.958589 0.236101
vn  -0.159262 0.958589 0.236101
vn  0.121444 0.145068 0.981940
vn  0.121444 0.145068 0.981940
vn  0.121444 0.145068 0.981940
vn  -0.159259 -0.958589 0.236100
vn  -0.159259 -0.958589 0.236100
vn  -0.159259 -0.958589 0.236100
vn  0.080219 0.000000 0.996777
vn  0.080219 0.000000 0.996777
vn  0.080219 0.000000 0.996777
vn  0.121924 -0.229799 0.965571
vn  0.121924 -0.229799 0.965571
vn  0.121924 -0.229799 0.965571
vn  -0.037097 -0.598030 0.800615
vn  -0.037097 -0.598030 0.800615
vn  -0.037097 -0.598030 0.800615
vn  -0.148983 0.972887 0.176903
vn  -0.148983 0.972887 0.176903
vn  -0.148983 0.972887 0.176903
vn  0.121924 0.229799 0.965571
vn  0.121924 0.229799 0.965571
vn  0.121924 0.229799 0.965571
vn  -0.037098 0.598030 0.800615
vn  -0.037098 0.598030 0.800615
vn  -0.037098 0.598030 0.800615
vn  0.097209 -0.965009 0.243534
vn  0.097209 -0.965009 0.243534
vn  0.097209 -0.965009 0.243534
vn  -0.097796 -0.964382 -0.245770
vn  -0.097796 -0.964382 -0.245770
vn  -0.097796 -0.964382 -0.245770
vn  -0.231645 -0.967699 -0.099492
vn  -0.231645 -0.967699 -0.099492
vn  -0.231645 -0.967699 -0.099492
vn  0.000000 0.000000 -1.000000
vn  0.000000 0.000000 -1.000000
vn  0.000000 0.000000 -1.000000
vn  0.484756 -0.577231 0.657127
vn  0.484756 -0.577231 0.657127
vn  0.484756 -0.577231 0.657127
vn  0.443901 -0.830942 0.335393
vn  0.443901 -0.830942 0.335393
vn  0.443901 -0.830942 0.335393
vn  0.551225 0.352628 0.756178
vn  0.551225 0.352628 0.756178
vn  0.551225 0.352628 0.756178
vn  0.466381 -0.417597 0.779808
vn  0.466381 -0.417597 0.779808
vn  0.466381 -0.417597 0.779808
vn  0.485532 0.858149 0.166852
vn  0.485532 0.858149 0.166852
vn  0.485532 0.858149 0.166852
vn  0.255769 -0.954660 0.152339
vn  0.255769 -0.954660 0.152339
vn  0.255769 -0.954660 0.152339
vn  0.277726 -0.941049 0.193119
vn  0.277726 -0.941049 0.193119
vn  0.277726 -0.941049 0.193119
vn  -0.041345 -0.073075 -0.996469
vn  -0.041345 -0.073075 -0.996469
vn  -0.041345 -0.073075 -0.996469
vn  0.484409 0.578058 0.656656
vn  0.484409 0.578058 0.656656
vn  0.484409 0.578058 0.656656
vn  0.443222 0.831540 0.334806
vn  0.443222 0.831540 0.334806
vn  0.443222 0.831540 0.334806
vn  0.551225 -0.352628 0.756178
vn  0.551225 -0.352628 0.756178
vn  0.551225 -0.352628 0.756178
vn  0.466381 0.417597 0.779808
vn  0.466381 0.417597 0.779808
vn  0.466381 0.417597 0.779808
vn  0.485532 -0.858149 0.166852
vn  0.485532 -0.858149 0.166852
vn  0.485532 -0.858149 0.166852
vn  0.255769 0.954660 0.152339
vn  0.255769 0.954660 0.152339
vn  0.255769 0.954660 0.152339
vn  0.277726 0.941049 0.193119
vn  0.277726 0.941049 0.193119
vn  0.277726 0.941049 0.193119
vn  -0.041345 0.073075 -0.996469
vn  -0.041345 0.073075 -0.996469
vn  -0.041345 0.073075 -0.996469
vn  -0.097796 -0.964382 0.245770
vn  -0.097796 -0.964382 0.245770
vn  -0.097796 -0.964382 0.245770
vn  0.493120 -0.576477 0.651541
vn  0.493120 -0.576477 0.651541
vn  0.493120 -0.576477 0.651541
vn  0.760039 0.275325 0.588674
vn  0.760039 0.275325 0.588674
vn  0.760039 0.275325 0.588674
vn  0.385825 -0.129429 0.913448
vn  0.385825 -0.129429 0.913448
vn  0.385825 -0.129429 0.913448
vn  0.303217 -0.387468 0.870590
vn  0.303217 -0.387468 0.870590
vn  0.303217 -0.387468 0.870590
vn  0.269714 -0.941046 0.204173
vn  0.269714 -0.941046 0.204173
vn  0.269714 -0.941046 0.204173
vn  0.492900 0.577292 0.650987
vn  0.492900 0.577292 0.650987
vn  0.492900 0.577292 0.650987
vn  0.760038 -0.275326 0.588675
vn  0.760038 -0.275326 0.588675
vn  0.760038 -0.275326 0.588675
vn  0.385815 0.129620 0.913425
vn  0.385815 0.129620 0.913425
vn  0.385815 0.129620 0.913425
vn  0.303219 0.387469 0.870590
vn  0.303219 0.387469 0.870590
vn  0.303219 0.387469 0.870590
vn  0.269716 0.941046 0.204170
vn  0.269716 0.941046 0.204170
vn  0.269716 0.941046 0.204170
vn  0.100947 -0.962004 -0.253689
vn  0.100947 -0.962004 -0.253689
vn  0.100947 -0.962004 -0.253689
vn  0.249807 -0.962273 -0.107834
vn  0.249807 -0.962273 -0.107834
vn  0.249807 -0.962273 -0.107834
vn  0.249807 -0.962273 0.107834
vn  0.249807 -0.962273 0.107834
vn  0.249807 -0.962273 0.107834
vn  -0.924769 -0.020755 -0.379963
vn  -0.924769 -0.020755 -0.379963
vn  -0.924769 -0.020755 -0.379963
vn  -0.924972 -0.020603 -0.379476
vn  -0.924972 -0.020603 -0.379476
vn  -0.924972 -0.020603 -0.379476
vn  0.100947 -0.962004 0.253689
vn  0.100947 -0.962004 0.253689
vn  0.100947 -0.962004 0.253689
vn  -0.107078 -0.957056 -0.269404
vn  -0.107078 -0.957056 -0.269404
vn  -0.107078 -0.957056 -0.269404
vn  -0.259526 -0.959243 -0.111796
vn  -0.259526 -0.959243 -0.111796
vn  -0.259526 -0.959243 -0.111796
vn  -0.259526 -0.959243 0.111796
vn  -0.259526 -0.959243 0.111796
vn  -0.259526 -0.959243 0.111796
vn  -0.107488 -0.957122 0.269005
vn  -0.107488 -0.957122 0.269005
vn  -0.107488 -0.957122 0.269005
vn  0.106855 -0.957079 -0.269411
vn  0.106855 -0.957079 -0.269411
vn  0.106855 -0.957079 -0.269411
vn  0.259170 -0.959358 -0.111642
vn  0.259170 -0.959358 -0.111642
vn  0.259170 -0.959358 -0.111642
vn  0.259170 -0.959358 0.111642
vn  0.259170 -0.959358 0.111642
vn  0.259170 -0.959358 0.111642
vn  0.107264 -0.957145 0.269011
vn  0.107264 -0.957145 0.269011
vn  0.107264 -0.957145 0.269011
vn  -0.231645 -0.967699 0.099492
vn  -0.231645 -0.967699 0.099492
vn  -0.231645 -0.967699 0.099492
vn  -0.099880 -0.962677 -0.251550
vn  -0.099880 -0.962677 -0.251550
vn  -0.099880 -0.962677 -0.251550
vn  -0.247460 -0.963008 -0.106673
vn  -0.247460 -0.963008 -0.106673
vn  -0.247460 -0.963008 -0.106673
vn  -0.247460 -0.963008 0.106673
vn  -0.247460 -0.963008 0.106673
vn  -0.247460 -0.963008 0.106673
vn  -0.100265 -0.962731 0.251191
vn  -0.100265 -0.962731 0.251191
vn  -0.100265 -0.962731 0.251191
vn  0.096847 -0.964950 -0.243911
vn  0.096847 -0.964950 -0.243911
vn  0.096847 -0.964950 -0.243911
vn  -0.150556 0.000000 -0.988602
vn  -0.150556 0.000000 -0.988602
vn  -0.150556 0.000000 -0.988602
vn  -0.150556 0.000000 -0.988602
vn  -0.150556 0.000000 -0.988602
vn  -0.150556 0.000000 -0.988602
vn  -0.068909 0.000000 0.997623
vn  -0.068909 0.000000 0.997623
vn  -0.068909 0.000000 0.997623
vn  -0.068909 0.000000 0.997623
vn  -0.068909 0.000000 0.997623
vn  -0.068909 0.000000 0.997623
vn  -0.100348 -0.496306 -0.862329
vn  -0.100348 -0.496306 -0.862329
vn  -0.100348 -0.496306 -0.862329
vn  -0.017506 -0.279520 -0.959980
vn  -0.017506 -0.279520 -0.959980
vn  -0.017506 -0.279520 -0.959980
vn  -0.020396 0.000000 -0.999792
vn  -0.020396 0.000000 -0.999792
vn  -0.020396 0.000000 -0.999792
vn  -0.020396 0.000000 -0.999792
vn  0.390165 0.001715 -0.920743
vn  0.390165 0.001715 -0.920743
vn  0.390165 0.001715 -0.920743
vn  -0.014350 0.478779 -0.877818
vn  -0.014350 0.478779 -0.877818
vn  -0.014350 0.478779 -0.877818
vn  0.924976 -0.020416 -0.379477
vn  0.924976 -0.020416 -0.379477
vn  0.924976 -0.020416 -0.379477
vn  -0.065008 0.278971 -0.958097
vn  -0.065008 0.278971 -0.958097
vn  -0.065008 0.278971 -0.958097
vn  0.924959 -0.021298 0.379470
vn  0.924959 -0.021298 0.379470
vn  0.924959 -0.021298 0.379470
vn  -0.000000 0.000000 -1.000000
vn  -0.000000 0.000000 -1.000000
vn  -0.000000 0.000000 -1.000000
vn  0.390165 0.001060 0.920744
vn  0.390165 0.001060 0.920744
vn  0.390165 0.001060 0.920744
vn  -0.387752 0.036316 0.921048
vn  -0.387752 0.036316 0.921048
vn  -0.387752 0.036316 0.921048
vn  -0.389917 0.035716 0.920157
vn  -0.389917 0.035716 0.920157
vn  -0.389917 0.035716 0.920157
vn  -0.924243 0.061723 0.376782
vn  -0.924243 0.061723 0.376782
vn  -0.924243 0.061723 0.376782
vn  -0.925015 0.061165 0.374975
vn  -0.925015 0.061165 0.374975
vn  -0.925015 0.061165 0.374975
vn  -0.924275 0.061173 -0.376795
vn  -0.924275 0.061173 -0.376795
vn  -0.924275 0.061173 -0.376795
vn  -0.924979 0.061799 -0.374961
vn  -0.924979 0.061799 -0.374961
vn  -0.924979 0.061799 -0.374961
vn  -0.387761 0.035705 -0.921068
vn  -0.387761 0.035705 -0.921068
vn  -0.387761 0.035705 -0.921068
vn  -0.389906 0.036500 -0.920131
vn  -0.389906 0.036500 -0.920131
vn  -0.389906 0.036500 -0.920131
vn  -0.000000 0.000000 -1.000000
vn  -0.000000 0.000000 -1.000000
vn  -0.000000 0.000000 -1.000000
vn  0.389906 0.036449 -0.920133
vn  0.389906 0.036449 -0.920133
vn  0.389906 0.036449 -0.920133
vn  0.027481 0.000000 -0.999622
vn  0.027481 0.000000 -0.999622
vn  0.027481 0.000000 -0.999622
vn  0.925359 0.062012 -0.373985
vn  0.925359 0.062012 -0.373985
vn  0.925359 0.062012 -0.373985
vn  0.043006 0.985291 0.165383
vn  0.043006 0.985291 0.165383
vn  0.043006 0.985291 0.165383
vn  0.925414 0.061055 0.374007
vn  0.925414 0.061055 0.374007
vn  0.925414 0.061055 0.374007
vn  -0.390165 -0.001671 -0.920744
vn  -0.390165 -0.001671 -0.920744
vn  -0.390165 -0.001671 -0.920744
vn  0.389916 0.035795 0.920155
vn  0.389916 0.035795 0.920155
vn  0.389916 0.035795 0.920155
vn  -0.388008 0.001774 0.921654
vn  -0.388008 0.001774 0.921654
vn  -0.388008 0.001774 0.921654
vn  -0.390165 0.000981 0.920744
vn  -0.390165 0.000981 0.920744
vn  -0.390165 0.000981 0.920744
vn  -0.924304 -0.020616 0.381101
vn  -0.924304 -0.020616 0.381101
vn  -0.924304 -0.020616 0.381101
vn  -0.924961 -0.021177 0.379471
vn  -0.924961 -0.021177 0.379471
vn  -0.924961 -0.021177 0.379471
vn  -0.388251 -0.001146 -0.921553
vn  -0.388251 -0.001146 -0.921553
vn  -0.388251 -0.001146 -0.921553
vn  -0.924972 0.020604 -0.379476
vn  -0.924972 0.020604 -0.379476
vn  -0.924972 0.020604 -0.379476
vn  -0.388260 0.001148 -0.921549
vn  -0.388260 0.001148 -0.921549
vn  -0.388260 0.001148 -0.921549
vn  -0.390165 0.001671 -0.920743
vn  -0.390165 0.001671 -0.920743
vn  -0.390165 0.001671 -0.920743
vn  -0.924961 0.021175 0.379471
vn  -0.924961 0.021175 0.379471
vn  -0.924961 0.021175 0.379471
vn  0.389682 0.019022 -0.920753
vn  0.389682 0.019022 -0.920753
vn  0.389682 0.019022 -0.920753
vn  -0.390165 -0.000984 0.920744
vn  -0.390165 -0.000984 0.920744
vn  -0.390165 -0.000984 0.920744
vn  0.924972 0.020631 -0.379476
vn  0.924972 0.020631 -0.379476
vn  0.924972 0.020631 -0.379476
vn  0.389916 -0.035798 0.920155
vn  0.389916 -0.035798 0.920155
vn  0.389916 -0.035798 0.920155
vn  0.924988 0.019749 0.379482
vn  0.924988 0.019749 0.379482
vn  0.924988 0.019749 0.379482
vn  0.388142 -0.036290 0.920885
vn  0.388142 -0.036290 0.920885
vn  0.388142 -0.036290 0.920885
vn  0.389686 0.018504 0.920762
vn  0.389686 0.018504 0.920762
vn  0.389686 0.018504 0.920762
vn  -0.387938 0.018989 0.921490
vn  -0.387938 0.018989 0.921490
vn  -0.387938 0.018989 0.921490
vn  -0.390100 0.018292 0.920591
vn  -0.390100 0.018292 0.920591
vn  -0.390100 0.018292 0.920591
vn  -0.924308 0.020401 0.381102
vn  -0.924308 0.020401 0.381102
vn  -0.924308 0.020401 0.381102
vn  -0.924986 0.019870 0.379481
vn  -0.924986 0.019870 0.379481
vn  -0.924986 0.019870 0.379481
vn  -0.924317 0.019910 -0.381106
vn  -0.924317 0.019910 -0.381106
vn  -0.924317 0.019910 -0.381106
vn  -0.924975 0.020443 -0.379477
vn  -0.924975 0.020443 -0.379477
vn  -0.924975 0.020443 -0.379477
vn  -0.387943 0.018377 -0.921500
vn  -0.387943 0.018377 -0.921500
vn  -0.387943 0.018377 -0.921500
vn  -0.390095 0.019077 -0.920577
vn  -0.390095 0.019077 -0.920577
vn  -0.390095 0.019077 -0.920577
vn  0.369090 0.088154 0.925203
vn  0.369090 0.088154 0.925203
vn  0.369090 0.088154 0.925203
vn  0.387985 0.105584 0.915598
vn  0.387985 0.105584 0.915598
vn  0.387985 0.105584 0.915598
vn  0.919113 -0.008337 0.393906
vn  0.919113 -0.008337 0.393906
vn  0.919113 -0.008337 0.393906
vn  0.925155 0.005460 0.379551
vn  0.925155 0.005460 0.379551
vn  0.925155 0.005460 0.379551
vn  0.919121 0.007295 -0.393909
vn  0.919121 0.007295 -0.393909
vn  0.919121 0.007295 -0.393909
vn  0.925136 -0.008391 -0.379543
vn  0.925136 -0.008391 -0.379543
vn  0.925136 -0.008391 -0.379543
vn  0.368335 0.108760 -0.923310
vn  0.368335 0.108760 -0.923310
vn  0.368335 0.108760 -0.923310
vn  0.388703 0.086497 -0.917294
vn  0.388703 0.086497 -0.917294
vn  0.388703 0.086497 -0.917294
vn  -0.366135 0.160788 0.916566
vn  -0.366135 0.160788 0.916566
vn  -0.366135 0.160788 0.916566
vn  -0.383722 0.180995 0.905538
vn  -0.383722 0.180995 0.905538
vn  -0.383722 0.180995 0.905538
vn  -0.905851 0.169462 0.388222
vn  -0.905851 0.169462 0.388222
vn  -0.905851 0.169462 0.388222
vn  -0.910303 0.187558 0.369012
vn  -0.910303 0.187558 0.369012
vn  -0.910303 0.187558 0.369012
vn  -0.902700 0.188318 -0.386871
vn  -0.902700 0.188318 -0.386871
vn  -0.902700 0.188318 -0.386871
vn  -0.913128 0.170823 -0.370157
vn  -0.913128 0.170823 -0.370157
vn  -0.913128 0.170823 -0.370157
vn  -0.364878 0.180357 -0.913420
vn  -0.364878 0.180357 -0.913420
vn  -0.364878 0.180357 -0.913420
vn  -0.384953 0.162915 -0.908444
vn  -0.384953 0.162915 -0.908444
vn  -0.384953 0.162915 -0.908444
vn  -0.756305 0.567878 0.324834
vn  -0.756305 0.567878 0.324834
vn  -0.756305 0.567878 0.324834
vn  -0.756238 0.568385 0.324102
vn  -0.756238 0.568385 0.324102
vn  -0.756238 0.568385 0.324102
vn  -0.756305 0.567878 -0.324834
vn  -0.756305 0.567878 -0.324834
vn  -0.756305 0.567878 -0.324834
vn  -0.756238 0.568385 -0.324102
vn  -0.756238 0.568385 -0.324102
vn  -0.756238 0.568385 -0.324102
vn  -0.313921 0.528273 -0.788911
vn  -0.313921 0.528273 -0.788911
vn  -0.313921 0.528273 -0.788911
vn  -0.314739 0.529288 -0.787905
vn  -0.314739 0.529288 -0.787905
vn  -0.314739 0.529288 -0.787905
vn  0.324258 0.480428 -0.814890
vn  0.324258 0.480428 -0.814890
vn  0.324258 0.480428 -0.814890
vn  0.325116 0.479710 -0.814971
vn  0.325116 0.479710 -0.814971
vn  0.325116 0.479710 -0.814971
vn  0.820001 0.449781 -0.353970
vn  0.820001 0.449781 -0.353970
vn  0.820001 0.449781 -0.353970
vn  0.821900 0.447667 -0.352243
vn  0.821900 0.447667 -0.352243
vn  0.821900 0.447667 -0.352243
vn  0.821161 0.447265 0.354471
vn  0.821161 0.447265 0.354471
vn  0.821161 0.447265 0.354471
vn  0.821157 0.449278 0.351924
vn  0.821157 0.449278 0.351924
vn  0.821157 0.449278 0.351924
vn  0.324423 0.479613 0.815304
vn  0.324423 0.479613 0.815304
vn  0.324423 0.479613 0.815304
vn  0.325009 0.480234 0.814705
vn  0.325009 0.480234 0.814705
vn  0.325009 0.480234 0.814705
vn  -0.313661 0.529400 0.788259
vn  -0.313661 0.529400 0.788259
vn  -0.313661 0.529400 0.788259
vn  -0.314907 0.528563 0.788324
vn  -0.314907 0.528563 0.788324
vn  -0.314907 0.528563 0.788324
vn  0.366076 0.168577 0.915189
vn  0.366076 0.168577 0.915189
vn  0.366076 0.168577 0.915189
vn  0.383201 0.188098 0.904310
vn  0.383201 0.188098 0.904310
vn  0.383201 0.188098 0.904310
vn  0.904881 0.176687 0.387264
vn  0.904881 0.176687 0.387264
vn  0.904881 0.176687 0.387264
vn  0.909338 0.195037 0.367510
vn  0.909338 0.195037 0.367510
vn  0.909338 0.195037 0.367510
vn  0.901534 0.195884 -0.385831
vn  0.901534 0.195884 -0.385831
vn  0.901534 0.195884 -0.385831
vn  0.912314 0.178138 -0.368713
vn  0.912314 0.178138 -0.368713
vn  0.912314 0.178138 -0.368713
vn  0.364801 0.187547 -0.912001
vn  0.364801 0.187547 -0.912001
vn  0.364801 0.187547 -0.912001
vn  0.384439 0.170710 -0.907230
vn  0.384439 0.170710 -0.907230
vn  0.384439 0.170710 -0.907230
vn  -0.369647 0.096792 0.924117
vn  -0.369647 0.096792 0.924117
vn  -0.369647 0.096792 0.924117
vn  -0.387654 0.113278 0.914818
vn  -0.387654 0.113278 0.914818
vn  -0.387654 0.113278 0.914818
vn  -0.918878 0.001037 0.394539
vn  -0.918878 0.001037 0.394539
vn  -0.918878 0.001037 0.394539
vn  -0.925060 0.015313 0.379512
vn  -0.925060 0.015313 0.379512
vn  -0.925060 0.015313 0.379512
vn  -0.918742 0.017270 -0.394481
vn  -0.918742 0.017270 -0.394481
vn  -0.918742 0.017270 -0.394481
vn  -0.925168 0.001044 -0.379556
vn  -0.925168 0.001044 -0.379556
vn  -0.925168 0.001044 -0.379556
vn  -0.368868 0.116364 -0.922169
vn  -0.368868 0.116364 -0.922169
vn  -0.368868 0.116364 -0.922169
vn  -0.388389 0.095312 -0.916553
vn  -0.388389 0.095312 -0.916553
vn  -0.388389 0.095312 -0.916553
vn  -0.821448 0.447027 0.354104
vn  -0.821448 0.447027 0.354104
vn  -0.821448 0.447027 0.354104
vn  -0.821447 0.448134 0.352705
vn  -0.821447 0.448134 0.352705
vn  -0.821447 0.448134 0.352705
vn  -0.821448 0.447027 -0.354104
vn  -0.821448 0.447027 -0.354104
vn  -0.821448 0.447027 -0.354104
vn  -0.821447 0.448134 -0.352705
vn  -0.821447 0.448134 -0.352705
vn  -0.821447 0.448134 -0.352705
vn  -0.323891 0.479256 -0.815725
vn  -0.323891 0.479256 -0.815725
vn  -0.323891 0.479256 -0.815725
vn  -0.325594 0.481056 -0.813986
vn  -0.325594 0.481056 -0.813986
vn  -0.325594 0.481056 -0.813986
vn  0.312756 0.530795 -0.787681
vn  0.312756 0.530795 -0.787681
vn  0.312756 0.530795 -0.787681
vn  0.315122 0.529208 -0.787805
vn  0.315122 0.529208 -0.787805
vn  0.315122 0.529208 -0.787805
vn  0.754904 0.569405 -0.325418
vn  0.754904 0.569405 -0.325418
vn  0.754904 0.569405 -0.325418
vn  0.756727 0.567873 -0.323858
vn  0.756727 0.567873 -0.323858
vn  0.756727 0.567873 -0.323858
vn  0.756151 0.567441 0.325956
vn  0.756151 0.567441 0.325956
vn  0.756151 0.567441 0.325956
vn  0.755929 0.569130 0.323516
vn  0.755929 0.569130 0.323516
vn  0.755929 0.569130 0.323516
vn  0.314587 0.529051 0.788124
vn  0.314587 0.529051 0.788124
vn  0.314587 0.529051 0.788124
vn  0.315031 0.529601 0.787577
vn  0.315031 0.529601 0.787577
vn  0.315031 0.529601 0.787577
vn  -0.325192 0.480132 0.814692
vn  -0.325192 0.480132 0.814692
vn  -0.325192 0.480132 0.814692
vn  -0.325904 0.479536 0.814759
vn  -0.325904 0.479536 0.814759
vn  -0.325904 0.479536 0.814759
vn  0.368081 0.137440 0.919579
vn  0.368081 0.137440 0.919579
vn  0.368081 0.137440 0.919579
vn  0.385061 0.154692 0.909834
vn  0.385061 0.154692 0.909834
vn  0.385061 0.154692 0.909834
vn  0.914660 0.097195 0.392365
vn  0.914660 0.097195 0.392365
vn  0.914660 0.097195 0.392365
vn  0.919411 0.111386 0.377194
vn  0.919411 0.111386 0.377194
vn  0.919411 0.111386 0.377194
vn  0.913157 0.112693 -0.391720
vn  0.913157 0.112693 -0.391720
vn  0.913157 0.112693 -0.391720
vn  0.920730 0.097840 -0.377735
vn  0.920730 0.097840 -0.377735
vn  0.920730 0.097840 -0.377735
vn  0.367063 0.155917 -0.917036
vn  0.367063 0.155917 -0.917036
vn  0.367063 0.155917 -0.917036
vn  0.386033 0.137826 -0.912131
vn  0.386033 0.137826 -0.912131
vn  0.386033 0.137826 -0.912131
vn  -0.368512 0.137450 0.919406
vn  -0.368512 0.137450 0.919406
vn  -0.368512 0.137450 0.919406
vn  -0.385471 0.154664 0.909666
vn  -0.385471 0.154664 0.909666
vn  -0.385471 0.154664 0.909666
vn  -0.914660 0.097195 0.392365
vn  -0.914660 0.097195 0.392365
vn  -0.914660 0.097195 0.392365
vn  -0.919411 0.111386 0.377195
vn  -0.919411 0.111386 0.377195
vn  -0.919411 0.111386 0.377195
vn  -0.913157 0.112693 -0.391720
vn  -0.913157 0.112693 -0.391720
vn  -0.913157 0.112693 -0.391720
vn  -0.920730 0.097840 -0.377735
vn  -0.920730 0.097840 -0.377735
vn  -0.920730 0.097840 -0.377735
vn  -0.367495 0.155888 -0.916868
vn  -0.367495 0.155888 -0.916868
vn  -0.367495 0.155888 -0.916868
vn  -0.386442 0.137834 -0.911957
vn  -0.386442 0.137834 -0.911957
vn  -0.386442 0.137834 -0.911957
vn  -0.800663 0.489880 0.344901
vn  -0.800663 0.489880 0.344901
vn  -0.800663 0.489880 0.344901
vn  -0.800637 0.490939 0.343452
vn  -0.800637 0.490939 0.343452
vn  -0.800637 0.490939 0.343452
vn  -0.800663 0.489880 -0.344901
vn  -0.800663 0.489880 -0.344901
vn  -0.800663 0.489880 -0.344901
vn  -0.800637 0.490939 -0.343452
vn  -0.800637 0.490939 -0.343452
vn  -0.800637 0.490939 -0.343452
vn  -0.323493 0.482625 -0.813895
vn  -0.323493 0.482625 -0.813895
vn  -0.323493 0.482625 -0.813895
vn  -0.325414 0.484724 -0.811880
vn  -0.325414 0.484724 -0.811880
vn  -0.325414 0.484724 -0.811880
vn  0.322367 0.485259 -0.812775
vn  0.322367 0.485259 -0.812775
vn  0.322367 0.485259 -0.812775
vn  0.325382 0.483025 -0.812904
vn  0.325382 0.483025 -0.812904
vn  0.325382 0.483025 -0.812904
vn  0.800003 0.491156 -0.344617
vn  0.800003 0.491156 -0.344617
vn  0.800003 0.491156 -0.344617
vn  0.801060 0.490122 -0.343633
vn  0.801060 0.490122 -0.343633
vn  0.801060 0.490122 -0.343633
vn  0.800663 0.489879 0.344901
vn  0.800663 0.489879 0.344901
vn  0.800663 0.489879 0.344901
vn  0.800637 0.490939 0.343452
vn  0.800637 0.490939 0.343452
vn  0.800637 0.490939 0.343452
vn  0.324349 0.482806 0.813447
vn  0.324349 0.482806 0.813447
vn  0.324349 0.482806 0.813447
vn  0.325229 0.483771 0.812522
vn  0.325229 0.483771 0.812522
vn  0.325229 0.483771 0.812522
vn  -0.324725 0.483860 0.812671
vn  -0.324725 0.483860 0.812671
vn  -0.324725 0.483860 0.812671
vn  -0.325747 0.483102 0.812712
vn  -0.325747 0.483102 0.812712
vn  -0.325747 0.483102 0.812712
vn  0.925414 -0.061056 0.374007
vn  0.925414 -0.061056 0.374007
vn  0.925414 -0.061056 0.374007
vn  0.924232 -0.061911 0.376778
vn  0.924232 -0.061911 0.376778
vn  0.924232 -0.061911 0.376778
vn  0.925359 -0.062011 -0.373985
vn  0.925359 -0.062011 -0.373985
vn  0.925359 -0.062011 -0.373985
vn  0.924282 -0.061051 -0.376798
vn  0.924282 -0.061051 -0.376798
vn  0.924282 -0.061051 -0.376798
vn  0.389906 -0.036446 -0.920133
vn  0.389906 -0.036446 -0.920133
vn  0.389906 -0.036446 -0.920133
vn  0.388149 -0.035794 -0.920902
vn  0.388149 -0.035794 -0.920902
vn  0.388149 -0.035794 -0.920902
vn  -0.325904 -0.479536 0.814759
vn  -0.325904 -0.479536 0.814759
vn  -0.325904 -0.479536 0.814759
vn  -0.325192 -0.480132 0.814692
vn  -0.325192 -0.480132 0.814692
vn  -0.325192 -0.480132 0.814692
vn  0.315031 -0.529601 0.787577
vn  0.315031 -0.529601 0.787577
vn  0.315031 -0.529601 0.787577
vn  0.314587 -0.529051 0.788124
vn  0.314587 -0.529051 0.788124
vn  0.314587 -0.529051 0.788124
vn  0.755929 -0.569130 0.323516
vn  0.755929 -0.569130 0.323516
vn  0.755929 -0.569130 0.323516
vn  0.756151 -0.567441 0.325956
vn  0.756151 -0.567441 0.325956
vn  0.756151 -0.567441 0.325956
vn  0.756727 -0.567873 -0.323858
vn  0.756727 -0.567873 -0.323858
vn  0.756727 -0.567873 -0.323858
vn  0.754905 -0.569405 -0.325418
vn  0.754905 -0.569405 -0.325418
vn  0.754905 -0.569405 -0.325418
vn  0.315122 -0.529208 -0.787805
vn  0.315122 -0.529208 -0.787805
vn  0.315122 -0.529208 -0.787805
vn  0.312755 -0.530795 -0.787681
vn  0.312755 -0.530795 -0.787681
vn  0.312755 -0.530795 -0.787681
vn  -0.325594 -0.481056 -0.813986
vn  -0.325594 -0.481056 -0.813986
vn  -0.325594 -0.481056 -0.813986
vn  -0.323891 -0.479256 -0.815725
vn  -0.323891 -0.479256 -0.815725
vn  -0.323891 -0.479256 -0.815725
vn  -0.821447 -0.448134 -0.352705
vn  -0.821447 -0.448134 -0.352705
vn  -0.821447 -0.448134 -0.352705
vn  -0.821448 -0.447027 -0.354104
vn  -0.821448 -0.447027 -0.354104
vn  -0.821448 -0.447027 -0.354104
vn  -0.821447 -0.448134 0.352705
vn  -0.821447 -0.448134 0.352705
vn  -0.821447 -0.448134 0.352705
vn  -0.821448 -0.447027 0.354104
vn  -0.821448 -0.447027 0.354104
vn  -0.821448 -0.447027 0.354104
vn  -0.388389 -0.095312 -0.916553
vn  -0.388389 -0.095312 -0.916553
vn  -0.388389 -0.095312 -0.916553
vn  -0.368868 -0.116364 -0.922169
vn  -0.368868 -0.116364 -0.922169
vn  -0.368868 -0.116364 -0.922169
vn  -0.925168 -0.001044 -0.379556
vn  -0.925168 -0.001044 -0.379556
vn  -0.925168 -0.001044 -0.379556
vn  -0.918742 -0.017270 -0.394481
vn  -0.918742 -0.017270 -0.394481
vn  -0.918742 -0.017270 -0.394481
vn  -0.925060 -0.015313 0.379512
vn  -0.925060 -0.015313 0.379512
vn  -0.925060 -0.015313 0.379512
vn  -0.918878 -0.001037 0.394539
vn  -0.918878 -0.001037 0.394539
vn  -0.918878 -0.001037 0.394539
vn  -0.387654 -0.113278 0.914818
vn  -0.387654 -0.113278 0.914818
vn  -0.387654 -0.113278 0.914818
vn  -0.369647 -0.096792 0.924117
vn  -0.369647 -0.096792 0.924117
vn  -0.369647 -0.096792 0.924117
vn  0.384439 -0.170710 -0.907230
vn  0.384439 -0.170710 -0.907230
vn  0.384439 -0.170710 -0.907230
vn  -0.013907 0.949351 0.313910
vn  -0.013907 0.949351 0.313910
vn  -0.013907 0.949351 0.313910
vn  0.020828 0.743884 0.667984
vn  0.020828 0.743884 0.667984
vn  0.020828 0.743884 0.667984
vn  -0.010666 0.676642 0.736235
vn  -0.010666 0.676642 0.736235
vn  -0.010666 0.676642 0.736235
vn  0.364801 -0.187547 -0.912002
vn  0.364801 -0.187547 -0.912002
vn  0.364801 -0.187547 -0.912002
vn  0.912314 -0.178138 -0.368713
vn  0.912314 -0.178138 -0.368713
vn  0.912314 -0.178138 -0.368713
vn  -0.870251 0.317097 0.376978
vn  -0.870251 0.317097 0.376978
vn  -0.870251 0.317097 0.376978
vn  -0.624846 0.581771 0.520682
vn  -0.624846 0.581771 0.520682
vn  -0.624846 0.581771 0.520682
vn  0.901534 -0.195884 -0.385831
vn  0.901534 -0.195884 -0.385831
vn  0.901534 -0.195884 -0.385831
vn  -0.196656 0.968204 0.154619
vn  -0.196656 0.968204 0.154619
vn  -0.196656 0.968204 0.154619
vn  0.345039 0.867971 0.357176
vn  0.345039 0.867971 0.357176
vn  0.345039 0.867971 0.357176
vn  0.536450 0.682071 0.496992
vn  0.536450 0.682071 0.496992
vn  0.536450 0.682071 0.496992
vn  0.909338 -0.195037 0.367510
vn  0.909338 -0.195037 0.367510
vn  0.909338 -0.195037 0.367510
vn  0.904881 -0.176687 0.387264
vn  0.904881 -0.176687 0.387264
vn  0.904881 -0.176687 0.387264
vn  0.383201 -0.188098 0.904310
vn  0.383201 -0.188098 0.904310
vn  0.383201 -0.188098 0.904310
vn  0.366076 -0.168577 0.915189
vn  0.366076 -0.168577 0.915189
vn  0.366076 -0.168577 0.915189
vn  -0.389906 -0.036497 -0.920131
vn  -0.389906 -0.036497 -0.920131
vn  -0.389906 -0.036497 -0.920131
vn  -0.924978 -0.061798 -0.374961
vn  -0.924978 -0.061798 -0.374961
vn  -0.924978 -0.061798 -0.374961
vn  -0.925015 -0.061167 0.374975
vn  -0.925015 -0.061167 0.374975
vn  -0.925015 -0.061167 0.374975
vn  -0.389917 -0.035720 0.920157
vn  -0.389917 -0.035720 0.920157
vn  -0.389917 -0.035720 0.920157
vn  0.390165 -0.001063 0.920744
vn  0.390165 -0.001063 0.920744
vn  0.390165 -0.001063 0.920744
vn  0.388397 -0.001713 0.921491
vn  0.388397 -0.001713 0.921491
vn  0.388397 -0.001713 0.921491
vn  0.924959 0.021297 0.379470
vn  0.924959 0.021297 0.379470
vn  0.924959 0.021297 0.379470
vn  0.923929 0.020420 0.382019
vn  0.923929 0.020420 0.382019
vn  0.923929 0.020420 0.382019
vn  0.390165 -0.001712 -0.920743
vn  0.390165 -0.001712 -0.920743
vn  0.390165 -0.001712 -0.920743
vn  0.388397 -0.001216 -0.921491
vn  0.388397 -0.001216 -0.921491
vn  0.388397 -0.001216 -0.921491
vn  -0.314907 -0.528563 0.788324
vn  -0.314907 -0.528563 0.788324
vn  -0.314907 -0.528563 0.788324
vn  -0.313661 -0.529400 0.788259
vn  -0.313661 -0.529400 0.788259
vn  -0.313661 -0.529400 0.788259
vn  0.325009 -0.480234 0.814705
vn  0.325009 -0.480234 0.814705
vn  0.325009 -0.480234 0.814705
vn  0.324423 -0.479613 0.815304
vn  0.324423 -0.479613 0.815304
vn  0.324423 -0.479613 0.815304
vn  0.821157 -0.449278 0.351924
vn  0.821157 -0.449278 0.351924
vn  0.821157 -0.449278 0.351924
vn  0.821161 -0.447265 0.354471
vn  0.821161 -0.447265 0.354471
vn  0.821161 -0.447265 0.354471
vn  0.821900 -0.447667 -0.352243
vn  0.821900 -0.447667 -0.352243
vn  0.821900 -0.447667 -0.352243
vn  0.820001 -0.449781 -0.353970
vn  0.820001 -0.449781 -0.353970
vn  0.820001 -0.449781 -0.353970
vn  0.325116 -0.479710 -0.814971
vn  0.325116 -0.479710 -0.814971
vn  0.325116 -0.479710 -0.814971
vn  0.324258 -0.480428 -0.814890
vn  0.324258 -0.480428 -0.814890
vn  0.324258 -0.480428 -0.814890
vn  -0.314739 -0.529288 -0.787905
vn  -0.314739 -0.529288 -0.787905
vn  -0.314739 -0.529288 -0.787905
vn  -0.259526 0.959243 -0.111796
vn  -0.259526 0.959243 -0.111796
vn  -0.259526 0.959243 -0.111796
vn  -0.313921 -0.528273 -0.788911
vn  -0.313921 -0.528273 -0.788911
vn  -0.313921 -0.528273 -0.788911
vn  -0.756238 -0.568385 -0.324102
vn  -0.756238 -0.568385 -0.324102
vn  -0.756238 -0.568385 -0.324102
vn  -0.107078 0.957056 -0.269404
vn  -0.107078 0.957056 -0.269404
vn  -0.107078 0.957056 -0.269404
vn  0.100947 0.962004 0.253689
vn  0.100947 0.962004 0.253689
vn  0.100947 0.962004 0.253689
vn  0.249807 0.962273 0.107834
vn  0.249807 0.962273 0.107834
vn  0.249807 0.962273 0.107834
vn  0.249807 0.962273 -0.107834
vn  0.249807 0.962273 -0.107834
vn  0.249807 0.962273 -0.107834
vn  -0.756305 -0.567878 -0.324834
vn  -0.756305 -0.567878 -0.324834
vn  -0.756305 -0.567878 -0.324834
vn  -0.756238 -0.568385 0.324102
vn  -0.756238 -0.568385 0.324102
vn  -0.756238 -0.568385 0.324102
vn  -0.756305 -0.567878 0.324834
vn  -0.756305 -0.567878 0.324834
vn  -0.756305 -0.567878 0.324834
vn  -0.384953 -0.162915 -0.908444
vn  -0.384953 -0.162915 -0.908444
vn  -0.384953 -0.162915 -0.908444
vn  -0.364878 -0.180357 -0.913420
vn  -0.364878 -0.180357 -0.913420
vn  -0.364878 -0.180357 -0.913420
vn  -0.913128 -0.170823 -0.370157
vn  -0.913128 -0.170823 -0.370157
vn  -0.913128 -0.170823 -0.370157
vn  -0.902700 -0.188318 -0.386872
vn  -0.902700 -0.188318 -0.386872
vn  -0.902700 -0.188318 -0.386872
vn  -0.910303 -0.187558 0.369012
vn  -0.910303 -0.187558 0.369012
vn  -0.910303 -0.187558 0.369012
vn  -0.905851 -0.169462 0.388222
vn  -0.905851 -0.169462 0.388222
vn  -0.905851 -0.169462 0.388222
vn  -0.383722 -0.180995 0.905538
vn  -0.383722 -0.180995 0.905538
vn  -0.383722 -0.180995 0.905538
vn  -0.366135 -0.160788 0.916566
vn  -0.366135 -0.160788 0.916566
vn  -0.366135 -0.160788 0.916566
vn  0.388703 -0.086497 -0.917294
vn  0.388703 -0.086497 -0.917294
vn  0.388703 -0.086497 -0.917294
vn  0.100947 0.962004 -0.253689
vn  0.100947 0.962004 -0.253689
vn  0.100947 0.962004 -0.253689
vn  -0.097796 0.964382 0.245770
vn  -0.097796 0.964382 0.245770
vn  -0.097796 0.964382 0.245770
vn  -0.231645 0.967699 0.099492
vn  -0.231645 0.967699 0.099492
vn  -0.231645 0.967699 0.099492
vn  -0.231645 0.967699 -0.099492
vn  -0.231645 0.967699 -0.099492
vn  -0.231645 0.967699 -0.099492
vn  0.368335 -0.108760 -0.923310
vn  0.368335 -0.108760 -0.923310
vn  0.368335 -0.108760 -0.923310
vn  0.925136 0.008391 -0.379543
vn  0.925136 0.008391 -0.379543
vn  0.925136 0.008391 -0.379543
vn  0.919121 -0.007295 -0.393909
vn  0.919121 -0.007295 -0.393909
vn  0.919121 -0.007295 -0.393909
vn  0.925155 -0.005460 0.379551
vn  0.925155 -0.005460 0.379551
vn  0.925155 -0.005460 0.379551
vn  0.919113 0.008337 0.393906
vn  0.919113 0.008337 0.393906
vn  0.919113 0.008337 0.393906
vn  0.387985 -0.105584 0.915598
vn  0.387985 -0.105584 0.915598
vn  0.387985 -0.105584 0.915598
vn  -0.097796 0.964382 -0.245770
vn  -0.097796 0.964382 -0.245770
vn  -0.097796 0.964382 -0.245770
vn  0.097209 0.965009 0.243534
vn  0.097209 0.965009 0.243534
vn  0.097209 0.965009 0.243534
vn  0.229610 0.968237 0.098979
vn  0.229610 0.968237 0.098979
vn  0.229610 0.968237 0.098979
vn  0.229610 0.968237 -0.098979
vn  0.229610 0.968237 -0.098979
vn  0.229610 0.968237 -0.098979
vn  0.096847 0.964950 -0.243911
vn  0.096847 0.964950 -0.243911
vn  0.096847 0.964950 -0.243911
vn  -0.100265 0.962731 0.251191
vn  -0.100265 0.962731 0.251191
vn  -0.100265 0.962731 0.251191
vn  0.348714 0.907300 0.234960
vn  0.348714 0.907300 0.234960
vn  0.348714 0.907300 0.234960
vn  -0.706453 0.630841 0.320879
vn  -0.706453 0.630841 0.320879
vn  -0.706453 0.630841 0.320879
vn  -0.247460 0.963008 0.106673
vn  -0.247460 0.963008 0.106673
vn  -0.247460 0.963008 0.106673
vn  -0.247460 0.963008 -0.106673
vn  -0.247460 0.963008 -0.106673
vn  -0.247460 0.963008 -0.106673
vn  -0.099880 0.962677 -0.251550
vn  -0.099880 0.962677 -0.251550
vn  -0.099880 0.962677 -0.251550
vn  0.107264 0.957145 0.269011
vn  0.107264 0.957145 0.269011
vn  0.107264 0.957145 0.269011
vn  0.259170 0.959358 0.111642
vn  0.259170 0.959358 0.111642
vn  0.259170 0.959358 0.111642
vn  0.259170 0.959358 -0.111642
vn  0.259170 0.959358 -0.111642
vn  0.259170 0.959358 -0.111642
vn  0.106855 0.957079 -0.269411
vn  0.106855 0.957079 -0.269411
vn  0.106855 0.957079 -0.269411
vn  -0.107488 0.957122 0.269005
vn  -0.107488 0.957122 0.269005
vn  -0.107488 0.957122 0.269005
vn  -0.259526 0.959243 0.111796
vn  -0.259526 0.959243 0.111796
vn  -0.259526 0.959243 0.111796
vn  0.369090 -0.088154 0.925203
vn  0.369090 -0.088154 0.925203
vn  0.369090 -0.088154 0.925203
vn  -0.390095 -0.019074 -0.920577
vn  -0.390095 -0.019074 -0.920577
vn  -0.390095 -0.019074 -0.920577
vn  -0.924975 -0.020443 -0.379477
vn  -0.924975 -0.020443 -0.379477
vn  -0.924975 -0.020443 -0.379477
vn  -0.924986 -0.019872 0.379481
vn  -0.924986 -0.019872 0.379481
vn  -0.924986 -0.019872 0.379481
vn  -0.390100 -0.018295 0.920591
vn  -0.390100 -0.018295 0.920591
vn  -0.390100 -0.018295 0.920591
vn  0.389686 -0.018507 0.920762
vn  0.389686 -0.018507 0.920762
vn  0.389686 -0.018507 0.920762
vn  0.388328 -0.018945 0.921327
vn  0.388328 -0.018945 0.921327
vn  0.388328 -0.018945 0.921327
vn  0.924988 -0.019750 0.379482
vn  0.924988 -0.019750 0.379482
vn  0.924988 -0.019750 0.379482
vn  0.923926 -0.020581 0.382018
vn  0.923926 -0.020581 0.382018
vn  0.923926 -0.020581 0.382018
vn  0.924972 -0.020629 -0.379476
vn  0.924972 -0.020629 -0.379476
vn  0.924972 -0.020629 -0.379476
vn  0.923940 -0.019794 -0.382024
vn  0.923940 -0.019794 -0.382024
vn  0.923940 -0.019794 -0.382024
vn  0.389682 -0.019018 -0.920753
vn  0.389682 -0.019018 -0.920753
vn  0.389682 -0.019018 -0.920753
vn  0.388330 -0.018579 -0.921333
vn  0.388330 -0.018579 -0.921333
vn  0.388330 -0.018579 -0.921333
vn  -0.325747 -0.483102 0.812712
vn  -0.325747 -0.483102 0.812712
vn  -0.325747 -0.483102 0.812712
vn  -0.324725 -0.483860 0.812671
vn  -0.324725 -0.483860 0.812671
vn  -0.324725 -0.483860 0.812671
vn  0.325229 -0.483771 0.812522
vn  0.325229 -0.483771 0.812522
vn  0.325229 -0.483771 0.812522
vn  0.324349 -0.482806 0.813447
vn  0.324349 -0.482806 0.813447
vn  0.324349 -0.482806 0.813447
vn  0.800637 -0.490939 0.343452
vn  0.800637 -0.490939 0.343452
vn  0.800637 -0.490939 0.343452
vn  0.800663 -0.489879 0.344901
vn  0.800663 -0.489879 0.344901
vn  0.800663 -0.489879 0.344901
vn  0.801060 -0.490122 -0.343633
vn  0.801060 -0.490122 -0.343633
vn  0.801060 -0.490122 -0.343633
vn  0.800003 -0.491156 -0.344617
vn  0.800003 -0.491156 -0.344617
vn  0.800003 -0.491156 -0.344617
vn  0.325382 -0.483025 -0.812904
vn  0.325382 -0.483025 -0.812904
vn  0.325382 -0.483025 -0.812904
vn  0.322367 -0.485259 -0.812775
vn  0.322367 -0.485259 -0.812775
vn  0.322367 -0.485259 -0.812775
vn  -0.325414 -0.484724 -0.811880
vn  -0.325414 -0.484724 -0.811880
vn  -0.325414 -0.484724 -0.811880
vn  -0.323493 -0.482625 -0.813895
vn  -0.323493 -0.482625 -0.813895
vn  -0.323493 -0.482625 -0.813895
vn  -0.800637 -0.490939 -0.343452
vn  -0.800637 -0.490939 -0.343452
vn  -0.800637 -0.490939 -0.343452
vn  -0.800663 -0.489879 -0.344901
vn  -0.800663 -0.489879 -0.344901
vn  -0.800663 -0.489879 -0.344901
vn  -0.800637 -0.490939 0.343452
vn  -0.800637 -0.490939 0.343452
vn  -0.800637 -0.490939 0.343452
vn  -0.800663 -0.489879 0.344901
vn  -0.800663 -0.489879 0.344901
vn  -0.800663 -0.489879 0.344901
vn  -0.386442 -0.137834 -0.911957
vn  -0.386442 -0.137834 -0.911957
vn  -0.386442 -0.137834 -0.911957
vn  -0.367495 -0.155888 -0.916868
vn  -0.367495 -0.155888 -0.916868
vn  -0.367495 -0.155888 -0.916868
vn  -0.920730 -0.097840 -0.377735
vn  -0.920730 -0.097840 -0.377735
vn  -0.920730 -0.097840 -0.377735
vn  -0.913157 -0.112693 -0.391720
vn  -0.913157 -0.112693 -0.391720
vn  -0.913157 -0.112693 -0.391720
vn  -0.919411 -0.111386 0.377194
vn  -0.919411 -0.111386 0.377194
vn  -0.919411 -0.111386 0.377194
vn  0.536450 -0.682071 0.496992
vn  0.536450 -0.682071 0.496992
vn  0.536450 -0.682071 0.496992
vn  -0.045912 -0.976533 0.210417
vn  -0.045912 -0.976533 0.210417
vn  -0.045912 -0.976533 0.210417
vn  -0.013907 -0.949351 0.313910
vn  -0.013907 -0.949351 0.313910
vn  -0.013907 -0.949351 0.313910
vn  -0.914660 -0.097195 0.392365
vn  -0.914660 -0.097195 0.392365
vn  -0.914660 -0.097195 0.392365
vn  -0.010666 -0.676642 0.736235
vn  -0.010666 -0.676642 0.736235
vn  -0.010666 -0.676642 0.736235
vn  -0.223503 -0.507220 0.832331
vn  -0.223503 -0.507220 0.832331
vn  -0.223503 -0.507220 0.832331
vn  -0.385471 -0.154664 0.909666
vn  -0.385471 -0.154664 0.909666
vn  -0.385471 -0.154664 0.909666
vn  -0.368512 -0.137450 0.919406
vn  -0.368512 -0.137450 0.919406
vn  -0.368512 -0.137450 0.919406
vn  -0.624846 -0.581771 0.520682
vn  -0.624846 -0.581771 0.520682
vn  -0.624846 -0.581771 0.520682
vn  -0.091615 -0.941150 0.325336
vn  -0.091615 -0.941150 0.325336
vn  -0.091615 -0.941150 0.325336
vn  -0.196656 -0.968204 0.154619
vn  -0.196656 -0.968204 0.154619
vn  -0.196656 -0.968204 0.154619
vn  0.386033 -0.137826 -0.912131
vn  0.386033 -0.137826 -0.912131
vn  0.386033 -0.137826 -0.912131
vn  0.367063 -0.155917 -0.917036
vn  0.367063 -0.155917 -0.917036
vn  0.367063 -0.155917 -0.917036
vn  0.920730 -0.097840 -0.377735
vn  0.920730 -0.097840 -0.377735
vn  0.920730 -0.097840 -0.377735
vn  0.913157 -0.112693 -0.391720
vn  0.913157 -0.112693 -0.391720
vn  0.913157 -0.112693 -0.391720
vn  0.919411 -0.111386 0.377194
vn  0.919411 -0.111386 0.377194
vn  0.919411 -0.111386 0.377194
vn  0.914660 -0.097195 0.392365
vn  0.914660 -0.097195 0.392365
vn  0.914660 -0.097195 0.392365
vn  0.385061 -0.154692 0.909834
vn  0.385061 -0.154692 0.909834
vn  0.385061 -0.154692 0.909834
vn  0.368081 -0.137440 0.919579
vn  0.368081 -0.137440 0.919579
vn  0.368081 -0.137440 0.919579
vn  0.924976 0.020418 -0.379477
vn  0.924976 0.020418 -0.379477
vn  0.924976 0.020418 -0.379477
vn  0.923914 0.021206 -0.382013
vn  0.923914 0.021206 -0.382013
vn  0.923914 0.021206 -0.382013
vn  -0.387096 0.015623 -0.921907
vn  -0.387096 0.015623 -0.921907
vn  -0.387096 0.015623 -0.921907
vn  0.348714 -0.907300 0.234960
vn  0.348714 -0.907300 0.234960
vn  0.348714 -0.907300 0.234960
vn  -0.706453 -0.630841 0.320879
vn  -0.706453 -0.630841 0.320879
vn  -0.706453 -0.630841 0.320879
vn  0.104678 0.078691 0.991388
vn  0.104678 0.078691 0.991388
vn  0.104678 0.078691 0.991388
vn  0.893377 0.151539 -0.422982
vn  0.893377 0.151539 -0.422982
vn  0.893377 0.151539 -0.422982
vn  0.897249 0.157190 -0.412595
vn  0.897249 0.157190 -0.412595
vn  0.897249 0.157190 -0.412595
vn  0.033078 0.055505 -0.997910
vn  0.033078 0.055505 -0.997910
vn  0.033078 0.055505 -0.997910
vn  0.031247 0.052597 -0.998127
vn  0.031247 0.052597 -0.998127
vn  0.031247 0.052597 -0.998127
vn  -0.033070 0.052873 -0.998054
vn  -0.033070 0.052873 -0.998054
vn  -0.033070 0.052873 -0.998054
vn  -0.031228 0.055508 -0.997970
vn  -0.031228 0.055508 -0.997970
vn  -0.031228 0.055508 -0.997970
vn  -0.892612 0.156960 -0.422619
vn  -0.892612 0.156960 -0.422619
vn  -0.892612 0.156960 -0.422619
vn  -0.897968 0.152137 -0.412926
vn  -0.897968 0.152137 -0.412926
vn  -0.897968 0.152137 -0.412926
vn  0.016163 0.046545 0.998785
vn  0.016163 0.046545 0.998785
vn  0.016163 0.046545 0.998785
vn  -0.016808 0.103790 -0.994457
vn  -0.016808 0.103790 -0.994457
vn  -0.016808 0.103790 -0.994457
vn  0.016808 0.103790 -0.994457
vn  0.016808 0.103790 -0.994457
vn  0.016808 0.103790 -0.994457
vn  -0.016163 0.046545 0.998785
vn  -0.016163 0.046545 0.998785
vn  -0.016163 0.046545 0.998785
vn  -0.094179 0.031792 0.995048
vn  -0.094179 0.031792 0.995048
vn  -0.094179 0.031792 0.995048
vn  -0.033768 0.061897 0.997511
vn  -0.033768 0.061897 0.997511
vn  -0.033768 0.061897 0.997511
vn  0.094248 0.031801 0.995041
vn  0.094248 0.031801 0.995041
vn  0.094248 0.031801 0.995041
vn  0.147332 0.090140 -0.984971
vn  0.147332 0.090140 -0.984971
vn  0.147332 0.090140 -0.984971
vn  0.033477 0.147055 -0.988562
vn  0.033477 0.147055 -0.988562
vn  0.033477 0.147055 -0.988562
vn  -0.147225 0.090127 -0.984988
vn  -0.147225 0.090127 -0.984988
vn  -0.147225 0.090127 -0.984988
vn  -0.033465 0.147045 -0.988564
vn  -0.033465 0.147045 -0.988564
vn  -0.033465 0.147045 -0.988564
vn  -0.033086 0.043131 0.998521
vn  -0.033086 0.043131 0.998521
vn  -0.033086 0.043131 0.998521
vn  0.031265 0.043134 0.998580
vn  0.031265 0.043134 0.998580
vn  0.031265 0.043134 0.998580
vn  0.033780 0.061907 0.997510
vn  0.033780 0.061907 0.997510
vn  0.033780 0.061907 0.997510
vn  0.981604 0.134945 0.135071
vn  0.981604 0.134945 0.135071
vn  0.981604 0.134945 0.135071
vn  0.901559 0.070610 -0.426855
vn  0.901559 0.070610 -0.426855
vn  0.901559 0.070610 -0.426855
vn  -0.900542 0.085026 -0.426374
vn  -0.900542 0.085026 -0.426374
vn  -0.900542 0.085026 -0.426374
vn  -0.950687 0.143588 0.274911
vn  -0.950687 0.143588 0.274911
vn  -0.950687 0.143588 0.274911
vn  0.898138 0.109623 0.425830
vn  0.898138 0.109623 0.425830
vn  0.898138 0.109623 0.425830
vn  -0.896368 0.126124 0.424991
vn  -0.896368 0.126124 0.424991
vn  -0.896368 0.126124 0.424991
vn  -0.365164 0.022053 -0.930682
vn  -0.365164 0.022053 -0.930682
vn  -0.365164 0.022053 -0.930682
vn  0.033102 0.040503 0.998631
vn  0.033102 0.040503 0.998631
vn  0.033102 0.040503 0.998631
vn  -0.914371 0.013642 -0.404648
vn  -0.914371 0.013642 -0.404648
vn  -0.914371 0.013642 -0.404648
vn  -0.924563 0.006374 -0.380975
vn  -0.924563 0.006374 -0.380975
vn  -0.924563 0.006374 -0.380975
vn  -0.101376 0.024657 0.994543
vn  -0.101376 0.024657 0.994543
vn  -0.101376 0.024657 0.994543
vn  -0.031262 0.037350 0.998813
vn  -0.031262 0.037350 0.998813
vn  -0.031262 0.037350 0.998813
vn  -0.110086 0.027836 -0.993532
vn  -0.110086 0.027836 -0.993532
vn  -0.110086 0.027836 -0.993532
vn  -0.031299 -0.000564 -0.999510
vn  -0.031299 -0.000564 -0.999510
vn  -0.031299 -0.000564 -0.999510
vn  0.055452 -0.003465 -0.998455
vn  0.055452 -0.003465 -0.998455
vn  0.055452 -0.003465 -0.998455
vn  0.031311 0.002586 -0.999506
vn  0.031311 0.002586 -0.999506
vn  0.031311 0.002586 -0.999506
vn  0.031253 0.049510 0.998285
vn  0.031253 0.049510 0.998285
vn  0.031253 0.049510 0.998285
vn  0.160289 0.021374 0.986839
vn  0.160289 0.021374 0.986839
vn  0.160289 0.021374 0.986839
vn  0.904887 0.141221 0.401543
vn  0.904887 0.141221 0.401543
vn  0.904887 0.141221 0.401543
vn  0.893110 0.151817 0.423446
vn  0.893110 0.151817 0.423446
vn  0.893110 0.151817 0.423446
vn  -0.870251 -0.317097 0.376978
vn  -0.870251 -0.317097 0.376978
vn  -0.870251 -0.317097 0.376978
vn  -0.108715 -0.671167 0.733291
vn  -0.108715 -0.671167 0.733291
vn  -0.108715 -0.671167 0.733291
vn  0.020828 -0.743884 0.667984
vn  0.020828 -0.743884 0.667984
vn  0.020828 -0.743884 0.667984
vn  0.345039 -0.867971 0.357176
vn  0.345039 -0.867971 0.357176
vn  0.345039 -0.867971 0.357176
vn  -0.903344 0.152583 0.400859
vn  -0.903344 0.152583 0.400859
vn  -0.903344 0.152583 0.400859
vn  -0.894781 0.139242 0.424239
vn  -0.894781 0.139242 0.424239
vn  -0.894781 0.139242 0.424239
vn  -0.944792 0.129944 0.300803
vn  -0.944792 0.129944 0.300803
vn  -0.944792 0.129944 0.300803
vn  -0.916386 0.083152 0.391565
vn  -0.916386 0.083152 0.391565
vn  -0.916386 0.083152 0.391565
vn  -0.938782 0.116261 -0.324302
vn  -0.938782 0.116261 -0.324302
vn  -0.938782 0.116261 -0.324302
vn  -0.909687 0.147368 -0.388269
vn  -0.909687 0.147368 -0.388269
vn  -0.909687 0.147368 -0.388269
vn  0.935317 0.145991 -0.322287
vn  0.935317 0.145991 -0.322287
vn  0.935317 0.145991 -0.322287
vn  0.913444 0.116702 -0.389872
vn  0.913444 0.116702 -0.389872
vn  0.913444 0.116702 -0.389872
vn  0.948043 0.090725 0.304933
vn  0.948043 0.090725 0.304933
vn  0.948043 0.090725 0.304933
vn  0.912079 0.127384 0.389725
vn  0.912079 0.127384 0.389725
vn  0.912079 0.127384 0.389725
vn  -0.033080 0.047032 0.998345
vn  -0.033080 0.047032 0.998345
vn  -0.033080 0.047032 0.998345
vn  -0.033794 0.048080 0.998272
vn  -0.033794 0.048080 0.998272
vn  -0.033794 0.048080 0.998272
vn  -0.910795 0.137816 0.389177
vn  -0.910795 0.137816 0.389177
vn  -0.910795 0.137816 0.389177
vn  -0.906154 0.131131 0.402106
vn  -0.906154 0.131131 0.402106
vn  -0.906154 0.131131 0.402106
vn  -0.911306 0.135028 -0.388960
vn  -0.911306 0.135028 -0.388960
vn  -0.911306 0.135028 -0.388960
vn  -0.898745 0.146476 -0.413283
vn  -0.898745 0.146476 -0.413283
vn  -0.898745 0.146476 -0.413283
vn  -0.033035 0.070293 -0.996979
vn  -0.033035 0.070293 -0.996979
vn  -0.033035 0.070293 -0.996979
vn  -0.033752 0.069342 -0.997022
vn  -0.033752 0.069342 -0.997022
vn  -0.033752 0.069342 -0.997022
vn  0.033049 0.069251 -0.997052
vn  0.033049 0.069251 -0.997052
vn  0.033049 0.069251 -0.997052
vn  0.033761 0.070292 -0.996955
vn  0.033761 0.070292 -0.996955
vn  0.033761 0.070292 -0.996955
vn  0.909829 0.146328 -0.388329
vn  0.909829 0.146328 -0.388329
vn  0.909829 0.146328 -0.388329
vn  0.900408 0.133532 -0.414048
vn  0.900408 0.133532 -0.414048
vn  0.900408 0.133532 -0.414048
vn  0.911527 0.131969 0.389489
vn  0.911527 0.131969 0.389489
vn  0.911527 0.131969 0.389489
vn  0.905349 0.137629 0.401749
vn  0.905349 0.137629 0.401749
vn  0.905349 0.137629 0.401749
vn  0.033091 0.048081 0.998295
vn  0.033091 0.048081 0.998295
vn  0.033091 0.048081 0.998295
vn  0.033807 0.047128 0.998317
vn  0.033807 0.047128 0.998317
vn  0.033807 0.047128 0.998317
vn  -0.950687 -0.143588 0.274911
vn  -0.950687 -0.143588 0.274911
vn  -0.950687 -0.143588 0.274911
vn  -0.147829 0.025351 0.988688
vn  -0.147829 0.025351 0.988688
vn  -0.147829 0.025351 0.988688
vn  -0.387938 -0.018993 0.921490
vn  -0.387938 -0.018993 0.921490
vn  -0.387938 -0.018993 0.921490
vn  -0.146781 -0.082395 -0.985731
vn  -0.146781 -0.082395 -0.985731
vn  -0.146781 -0.082395 -0.985731
vn  -0.924308 -0.020403 0.381102
vn  -0.924308 -0.020403 0.381102
vn  -0.924308 -0.020403 0.381102
vn  -0.362862 0.114207 -0.924818
vn  -0.362862 0.114207 -0.924818
vn  -0.362862 0.114207 -0.924818
vn  -0.924317 -0.019909 -0.381106
vn  -0.924317 -0.019909 -0.381106
vn  -0.924317 -0.019909 -0.381106
vn  -0.358933 0.185217 0.914802
vn  -0.358933 0.185217 0.914802
vn  -0.358933 0.185217 0.914802
vn  -0.387943 -0.018374 -0.921500
vn  -0.387943 -0.018374 -0.921500
vn  -0.387943 -0.018374 -0.921500
vn  0.362862 0.114207 -0.924818
vn  0.362862 0.114207 -0.924818
vn  0.362862 0.114207 -0.924818
vn  0.358933 0.185217 0.914802
vn  0.358933 0.185217 0.914802
vn  0.358933 0.185217 0.914802
vn  -0.896368 -0.126124 0.424991
vn  -0.896368 -0.126124 0.424991
vn  -0.896368 -0.126124 0.424991
vn  0.898138 -0.109623 0.425830
vn  0.898138 -0.109623 0.425830
vn  0.898138 -0.109623 0.425830
vn  -0.033001 0.219445 -0.975067
vn  -0.033001 0.219445 -0.975067
vn  -0.033001 0.219445 -0.975067
vn  -0.900542 -0.085026 -0.426374
vn  -0.900542 -0.085026 -0.426374
vn  -0.900542 -0.085026 -0.426374
vn  0.901559 -0.070610 -0.426855
vn  0.901559 -0.070610 -0.426855
vn  0.901559 -0.070610 -0.426855
vn  0.981604 -0.134945 0.135071
vn  0.981604 -0.134945 0.135071
vn  0.981604 -0.134945 0.135071
vn  -0.033465 -0.147045 -0.988564
vn  -0.033465 -0.147045 -0.988564
vn  -0.033465 -0.147045 -0.988564
vn  -0.147225 -0.090127 -0.984988
vn  -0.147225 -0.090127 -0.984988
vn  -0.147225 -0.090127 -0.984988
vn  0.033477 -0.147055 -0.988562
vn  0.033477 -0.147055 -0.988562
vn  0.033477 -0.147055 -0.988562
vn  0.147332 -0.090140 -0.984971
vn  0.147332 -0.090140 -0.984971
vn  0.147332 -0.090140 -0.984971
vn  0.033780 -0.061907 0.997510
vn  0.033780 -0.061907 0.997510
vn  0.033780 -0.061907 0.997510
vn  0.094248 -0.031801 0.995041
vn  0.094248 -0.031801 0.995041
vn  0.094248 -0.031801 0.995041
vn  -0.033768 -0.061897 0.997511
vn  -0.033768 -0.061897 0.997511
vn  -0.033768 -0.061897 0.997511
vn  -0.094179 -0.031792 0.995048
vn  -0.094179 -0.031792 0.995048
vn  -0.094179 -0.031792 0.995048
vn  -0.016163 -0.046545 0.998785
vn  -0.016163 -0.046545 0.998785
vn  -0.016163 -0.046545 0.998785
vn  0.016808 -0.103790 -0.994457
vn  0.016808 -0.103790 -0.994457
vn  0.016808 -0.103790 -0.994457
vn  -0.016808 -0.103790 -0.994457
vn  -0.016808 -0.103790 -0.994457
vn  -0.016808 -0.103790 -0.994457
vn  0.016163 -0.046545 0.998785
vn  0.016163 -0.046545 0.998785
vn  0.016163 -0.046545 0.998785
vn  0.000089 0.257293 0.966334
vn  0.000089 0.257293 0.966334
vn  0.000089 0.257293 0.966334
vn  -0.000089 0.257292 0.966334
vn  -0.000089 0.257292 0.966334
vn  -0.000089 0.257292 0.966334
vn  0.166241 0.089260 -0.982037
vn  0.166241 0.089260 -0.982037
vn  0.166241 0.089260 -0.982037
vn  0.146882 -0.082308 -0.985724
vn  0.146882 -0.082308 -0.985724
vn  0.146882 -0.082308 -0.985724
vn  0.167817 0.094870 0.981243
vn  0.167817 0.094870 0.981243
vn  0.167817 0.094870 0.981243
vn  0.095420 -0.049347 0.994213
vn  0.095420 -0.049347 0.994213
vn  0.095420 -0.049347 0.994213
vn  0.033003 0.219490 -0.975056
vn  0.033003 0.219490 -0.975056
vn  0.033003 0.219490 -0.975056
vn  -0.166187 0.089070 -0.982063
vn  -0.166187 0.089070 -0.982063
vn  -0.166187 0.089070 -0.982063
vn  0.147947 0.025351 0.988670
vn  0.147947 0.025351 0.988670
vn  0.147947 0.025351 0.988670
vn  -0.095354 -0.049404 0.994217
vn  -0.095354 -0.049404 0.994217
vn  -0.095354 -0.049404 0.994217
vn  -0.167763 0.094679 0.981270
vn  -0.167763 0.094679 0.981270
vn  -0.167763 0.094679 0.981270
vn  -0.288759 0.612366 0.735953
vn  -0.288759 0.612366 0.735953
vn  -0.288759 0.612366 0.735953
vn  -0.288759 0.612366 -0.735953
vn  -0.288759 0.612366 -0.735953
vn  -0.288759 0.612366 -0.735953
vn  0.288759 0.612366 -0.735953
vn  0.288759 0.612366 -0.735953
vn  0.288759 0.612366 -0.735953
vn  -0.620836 0.733934 -0.275505
vn  -0.620836 0.733934 -0.275505
vn  -0.620836 0.733934 -0.275505
vn  0.621888 0.733153 -0.275212
vn  0.621888 0.733153 -0.275212
vn  0.621888 0.733153 -0.275212
vn  0.622014 0.733151 0.274932
vn  0.622014 0.733151 0.274932
vn  0.622014 0.733151 0.274932
vn  0.288759 0.612366 0.735953
vn  0.288759 0.612366 0.735953
vn  0.288759 0.612366 0.735953
vn  -0.620962 0.733933 0.275225
vn  -0.620962 0.733933 0.275225
vn  -0.620962 0.733933 0.275225
vn  -0.387752 -0.036320 0.921048
vn  -0.387752 -0.036320 0.921048
vn  -0.387752 -0.036320 0.921048
vn  -0.288621 0.612855 0.735600
vn  -0.288621 0.612855 0.735600
vn  -0.288621 0.612855 0.735600
vn  -0.924243 -0.061725 0.376782
vn  -0.924243 -0.061725 0.376782
vn  -0.924243 -0.061725 0.376782
vn  0.620836 0.733934 -0.275505
vn  0.620836 0.733934 -0.275505
vn  0.620836 0.733934 -0.275505
vn  -0.924275 -0.061172 -0.376795
vn  -0.924275 -0.061172 -0.376795
vn  -0.924275 -0.061172 -0.376795
vn  -0.621888 0.733153 -0.275212
vn  -0.621888 0.733153 -0.275212
vn  -0.621888 0.733153 -0.275212
vn  -0.387761 -0.035702 -0.921068
vn  -0.387761 -0.035702 -0.921068
vn  -0.387761 -0.035702 -0.921068
vn  -0.622014 0.733151 0.274932
vn  -0.622014 0.733151 0.274932
vn  -0.622014 0.733151 0.274932
vn  0.620962 0.733933 0.275225
vn  0.620962 0.733933 0.275225
vn  0.620962 0.733933 0.275225
vn  0.288869 0.613001 0.735381
vn  0.288869 0.613001 0.735381
vn  0.288869 0.613001 0.735381
vn  0.033091 -0.048081 0.998295
vn  0.033091 -0.048081 0.998295
vn  0.033091 -0.048081 0.998295
vn  0.033807 -0.047128 0.998317
vn  0.033807 -0.047128 0.998317
vn  0.033807 -0.047128 0.998317
vn  -0.091615 0.941150 0.325336
vn  -0.091615 0.941150 0.325336
vn  -0.091615 0.941150 0.325336
vn  -0.108715 0.671167 0.733291
vn  -0.108715 0.671167 0.733291
vn  -0.108715 0.671167 0.733291
vn  -0.223503 0.507220 0.832331
vn  -0.223503 0.507220 0.832331
vn  -0.223503 0.507220 0.832331
vn  -0.045912 0.976533 0.210417
vn  -0.045912 0.976533 0.210417
vn  -0.045912 0.976533 0.210417
vn  -0.101376 -0.024657 0.994543
vn  -0.101376 -0.024657 0.994543
vn  -0.101376 -0.024657 0.994543
vn  -0.031262 -0.037350 0.998813
vn  -0.031262 -0.037350 0.998813
vn  -0.031262 -0.037350 0.998813
vn  -0.110086 -0.027836 -0.993532
vn  -0.110086 -0.027836 -0.993532
vn  -0.110086 -0.027836 -0.993532
vn  -0.031299 0.000564 -0.999510
vn  -0.031299 0.000564 -0.999510
vn  -0.031299 0.000564 -0.999510
vn  0.055452 0.003465 -0.998455
vn  0.055452 0.003465 -0.998455
vn  0.055452 0.003465 -0.998455
vn  0.031311 -0.002586 -0.999506
vn  0.031311 -0.002586 -0.999506
vn  0.031311 -0.002586 -0.999506
vn  0.031253 -0.049510 0.998285
vn  0.031253 -0.049510 0.998285
vn  0.031253 -0.049510 0.998285
vn  0.160289 -0.021374 0.986839
vn  0.160289 -0.021374 0.986839
vn  0.160289 -0.021374 0.986839
vn  -0.944792 -0.129944 0.300803
vn  -0.944792 -0.129944 0.300803
vn  -0.944792 -0.129944 0.300803
vn  -0.916386 -0.083152 0.391565
vn  -0.916386 -0.083152 0.391565
vn  -0.916386 -0.083152 0.391565
vn  -0.938782 -0.116261 -0.324302
vn  -0.938782 -0.116261 -0.324302
vn  -0.938782 -0.116261 -0.324302
vn  -0.909687 -0.147368 -0.388269
vn  -0.909687 -0.147368 -0.388269
vn  -0.909687 -0.147368 -0.388269
vn  0.935317 -0.145991 -0.322287
vn  0.935317 -0.145991 -0.322287
vn  0.935317 -0.145991 -0.322287
vn  0.913444 -0.116702 -0.389872
vn  0.913444 -0.116702 -0.389872
vn  0.913444 -0.116702 -0.389872
vn  0.948043 -0.090725 0.304933
vn  0.948043 -0.090725 0.304933
vn  0.948043 -0.090725 0.304933
vn  0.912079 -0.127384 0.389725
vn  0.912079 -0.127384 0.389725
vn  0.912079 -0.127384 0.389725
vn  -0.031257 -0.040223 0.998702
vn  -0.031257 -0.040223 0.998702
vn  -0.031257 -0.040223 0.998702
vn  -0.033086 -0.043131 0.998521
vn  -0.033086 -0.043131 0.998521
vn  -0.033086 -0.043131 0.998521
vn  -0.940714 -0.092261 -0.326412
vn  -0.940714 -0.092261 -0.326412
vn  -0.940714 -0.092261 -0.326412
vn  -0.916096 -0.004745 -0.400932
vn  -0.916096 -0.004745 -0.400932
vn  -0.916096 -0.004745 -0.400932
vn  -0.950709 0.003497 0.310066
vn  -0.950709 0.003497 0.310066
vn  -0.950709 0.003497 0.310066
vn  -0.912474 -0.091117 0.398859
vn  -0.912474 -0.091117 0.398859
vn  -0.912474 -0.091117 0.398859
vn  0.940485 -0.091167 -0.327378
vn  0.940485 -0.091167 -0.327378
vn  0.940485 -0.091167 -0.327378
vn  0.916096 -0.004745 -0.400932
vn  0.916096 -0.004745 -0.400932
vn  0.916096 -0.004745 -0.400932
vn  0.950434 0.003710 0.310905
vn  0.950434 0.003710 0.310905
vn  0.950434 0.003710 0.310905
vn  0.912560 -0.090089 0.398897
vn  0.912560 -0.090089 0.398897
vn  0.912560 -0.090089 0.398897
vn  0.129030 -0.038549 -0.990891
vn  0.129030 -0.038549 -0.990891
vn  0.129030 -0.038549 -0.990891
vn  0.288869 0.613001 -0.735381
vn  0.288869 0.613001 -0.735381
vn  0.288869 0.613001 -0.735381
vn  0.100359 0.322197 -0.941338
vn  0.100359 0.322197 -0.941338
vn  0.100359 0.322197 -0.941338
vn  -0.365013 -0.036192 -0.930299
vn  -0.365013 -0.036192 -0.930299
vn  -0.365013 -0.036192 -0.930299
vn  0.388328 0.018942 0.921327
vn  0.388328 0.018942 0.921327
vn  0.388328 0.018942 0.921327
vn  0.923926 0.020580 0.382018
vn  0.923926 0.020580 0.382018
vn  0.923926 0.020580 0.382018
vn  -0.388008 -0.001778 0.921654
vn  -0.388008 -0.001778 0.921654
vn  -0.388008 -0.001778 0.921654
vn  0.923940 0.019796 -0.382024
vn  0.923940 0.019796 -0.382024
vn  0.923940 0.019796 -0.382024
vn  -0.924304 0.020614 0.381101
vn  -0.924304 0.020614 0.381101
vn  -0.924304 0.020614 0.381101
vn  0.388330 0.018582 -0.921333
vn  0.388330 0.018582 -0.921333
vn  0.388330 0.018582 -0.921333
vn  -0.924770 0.020755 -0.379960
vn  -0.924770 0.020755 -0.379960
vn  -0.924770 0.020755 -0.379960
vn  -0.903344 -0.152583 0.400859
vn  -0.903344 -0.152583 0.400859
vn  -0.903344 -0.152583 0.400859
vn  -0.894781 -0.139242 0.424239
vn  -0.894781 -0.139242 0.424239
vn  -0.894781 -0.139242 0.424239
vn  0.388142 0.036287 0.920885
vn  0.388142 0.036287 0.920885
vn  0.388142 0.036287 0.920885
vn  -0.365227 0.011875 -0.930843
vn  -0.365227 0.011875 -0.930843
vn  -0.365227 0.011875 -0.930843
vn  -0.388004 0.004552 -0.921646
vn  -0.388004 0.004552 -0.921646
vn  -0.388004 0.004552 -0.921646
vn  -0.916039 -0.012132 -0.400907
vn  -0.916039 -0.012132 -0.400907
vn  -0.916039 -0.012132 -0.400907
vn  -0.925834 -0.019427 -0.377431
vn  -0.925834 -0.019427 -0.377431
vn  -0.925834 -0.019427 -0.377431
vn  -0.916116 -0.019223 0.400451
vn  -0.916116 -0.019223 0.400451
vn  -0.916116 -0.019223 0.400451
vn  -0.925934 -0.012734 0.377471
vn  -0.925934 -0.012734 0.377471
vn  -0.925934 -0.012734 0.377471
vn  0.365226 0.011985 -0.930842
vn  0.365226 0.011985 -0.930842
vn  0.365226 0.011985 -0.930842
vn  0.388393 0.004543 -0.921483
vn  0.388393 0.004543 -0.921483
vn  0.388393 0.004543 -0.921483
vn  0.916039 -0.012132 -0.400907
vn  0.916039 -0.012132 -0.400907
vn  0.916039 -0.012132 -0.400907
vn  0.925834 -0.019427 -0.377431
vn  0.925834 -0.019427 -0.377431
vn  0.925834 -0.019427 -0.377431
vn  0.365566 0.017017 -0.930630
vn  0.365566 0.017017 -0.930630
vn  0.365566 0.017017 -0.930630
vn  0.388378 0.010014 -0.921446
vn  0.388378 0.010014 -0.921446
vn  0.388378 0.010014 -0.921446
vn  0.914041 0.000844 -0.405620
vn  0.914041 0.000844 -0.405620
vn  0.914041 0.000844 -0.405620
vn  0.924103 -0.006371 -0.382091
vn  0.924103 -0.006371 -0.382091
vn  0.924103 -0.006371 -0.382091
vn  0.914207 -0.006303 0.405198
vn  0.914207 -0.006303 0.405198
vn  0.914207 -0.006303 0.405198
vn  0.924121 0.000378 0.382099
vn  0.924121 0.000378 0.382099
vn  0.924121 0.000378 0.382099
vn  0.365601 0.009964 0.930718
vn  0.365601 0.009964 0.930718
vn  0.365601 0.009964 0.930718
vn  0.388344 0.016571 0.921365
vn  0.388344 0.016571 0.921365
vn  0.388344 0.016571 0.921365
vn  -0.365234 0.009968 0.930862
vn  -0.365234 0.009968 0.930862
vn  -0.365234 0.009968 0.930862
vn  -0.387955 0.016574 0.921529
vn  -0.387955 0.016574 0.921529
vn  -0.387955 0.016574 0.921529
vn  -0.365199 0.017020 -0.930774
vn  -0.365199 0.017020 -0.930774
vn  -0.365199 0.017020 -0.930774
vn  -0.387989 0.010018 -0.921610
vn  -0.387989 0.010018 -0.921610
vn  -0.387989 0.010018 -0.921610
vn  -0.914041 0.000844 -0.405620
vn  -0.914041 0.000844 -0.405620
vn  -0.914041 0.000844 -0.405620
vn  -0.924480 -0.006651 -0.381173
vn  -0.924480 -0.006651 -0.381173
vn  -0.924480 -0.006651 -0.381173
vn  -0.914206 -0.006577 0.405197
vn  -0.914206 -0.006577 0.405197
vn  -0.914206 -0.006577 0.405197
vn  -0.924500 0.000365 0.381182
vn  -0.924500 0.000365 0.381182
vn  -0.924500 0.000365 0.381182
vn  0.916116 -0.019223 0.400451
vn  0.916116 -0.019223 0.400451
vn  0.916116 -0.019223 0.400451
vn  0.925934 -0.012734 0.377471
vn  0.925934 -0.012734 0.377471
vn  0.925934 -0.012734 0.377471
vn  0.365163 0.022163 -0.930680
vn  0.365163 0.022163 -0.930680
vn  0.365163 0.022163 -0.930680
vn  0.388352 0.015369 -0.921383
vn  0.388352 0.015369 -0.921383
vn  0.388352 0.015369 -0.921383
vn  0.914373 0.013439 -0.404649
vn  0.914373 0.013439 -0.404649
vn  0.914373 0.013439 -0.404649
vn  0.924101 0.006648 -0.382091
vn  0.924101 0.006648 -0.382091
vn  0.924101 0.006648 -0.382091
vn  0.914619 0.006580 0.404264
vn  0.914619 0.006580 0.404264
vn  0.914619 0.006580 0.404264
vn  0.924042 0.013120 0.382066
vn  0.924042 0.013120 0.382066
vn  0.924042 0.013120 0.382066
vn  0.365211 0.015003 0.930804
vn  0.365211 0.015003 0.930804
vn  0.365211 0.015003 0.930804
vn  0.388303 0.022040 0.921268
vn  0.388303 0.022040 0.921268
vn  0.388303 0.022040 0.921268
vn  -0.365248 0.004822 0.930898
vn  -0.365248 0.004822 0.930898
vn  -0.365248 0.004822 0.930898
vn  -0.387985 0.011109 0.921599
vn  -0.387985 0.011109 0.921599
vn  -0.387985 0.011109 0.921599
vn  0.365248 0.004822 0.930898
vn  0.365248 0.004822 0.930898
vn  0.365248 0.004822 0.930898
vn  0.388373 0.011217 0.921434
vn  0.388373 0.011217 0.921434
vn  0.388373 0.011217 0.921434
vn  -0.365211 0.015003 0.930804
vn  -0.365211 0.015003 0.930804
vn  -0.365211 0.015003 0.930804
vn  -0.387915 0.021922 0.921434
vn  -0.387915 0.021922 0.921434
vn  -0.387915 0.021922 0.921434
vn  -0.914620 0.006306 0.404264
vn  -0.914620 0.006306 0.404264
vn  -0.914620 0.006306 0.404264
vn  -0.924421 0.013112 0.381149
vn  -0.924421 0.013112 0.381149
vn  -0.924421 0.013112 0.381149
vn  0.289163 -0.611965 -0.736128
vn  0.289163 -0.611965 -0.736128
vn  0.289163 -0.611965 -0.736128
vn  0.128999 0.038549 -0.990895
vn  0.128999 0.038549 -0.990895
vn  0.128999 0.038549 -0.990895
vn  0.912560 0.090089 0.398897
vn  0.912560 0.090089 0.398897
vn  0.912560 0.090089 0.398897
vn  0.950434 -0.003710 0.310905
vn  0.950434 -0.003710 0.310905
vn  0.950434 -0.003710 0.310905
vn  0.916096 0.004745 -0.400932
vn  0.916096 0.004745 -0.400932
vn  0.916096 0.004745 -0.400932
vn  0.940485 0.091167 -0.327378
vn  0.940485 0.091167 -0.327378
vn  0.940485 0.091167 -0.327378
vn  -0.912474 0.091117 0.398859
vn  -0.912474 0.091117 0.398859
vn  -0.912474 0.091117 0.398859
vn  -0.950709 -0.003497 0.310066
vn  -0.950709 -0.003497 0.310066
vn  -0.950709 -0.003497 0.310066
vn  -0.916096 0.004745 -0.400932
vn  -0.916096 0.004745 -0.400932
vn  -0.916096 0.004745 -0.400932
vn  -0.940714 0.092261 -0.326412
vn  -0.940714 0.092261 -0.326412
vn  -0.940714 0.092261 -0.326412
vn  -0.365013 0.036192 -0.930299
vn  -0.365013 0.036192 -0.930299
vn  -0.365013 0.036192 -0.930299
vn  0.099877 -0.321871 -0.941501
vn  0.099877 -0.321871 -0.941501
vn  0.099877 -0.321871 -0.941501
vn  0.924233 0.061910 0.376778
vn  0.924233 0.061910 0.376778
vn  0.924233 0.061910 0.376778
vn  0.024689 0.975491 0.218652
vn  0.024689 0.975491 0.218652
vn  0.024689 0.975491 0.218652
vn  0.043003 -0.985291 0.165383
vn  0.043003 -0.985291 0.165383
vn  0.043003 -0.985291 0.165383
vn  0.024686 -0.975491 0.218652
vn  0.024686 -0.975491 0.218652
vn  0.024686 -0.975491 0.218652
vn  0.924281 0.061052 -0.376798
vn  0.924281 0.061052 -0.376798
vn  0.924281 0.061052 -0.376798
vn  0.027481 0.000000 -0.999622
vn  0.027481 0.000000 -0.999622
vn  0.027481 0.000000 -0.999622
vn  0.388148 0.035798 -0.920901
vn  0.388148 0.035798 -0.920901
vn  0.388148 0.035798 -0.920901
vn  0.388397 0.001710 0.921491
vn  0.388397 0.001710 0.921491
vn  0.388397 0.001710 0.921491
vn  0.923929 -0.020420 0.382019
vn  0.923929 -0.020420 0.382019
vn  0.923929 -0.020420 0.382019
vn  0.923914 -0.021204 -0.382013
vn  0.923914 -0.021204 -0.382013
vn  0.923914 -0.021204 -0.382013
vn  0.388397 0.001220 -0.921491
vn  0.388397 0.001220 -0.921491
vn  0.388397 0.001220 -0.921491
vn  -0.897968 -0.152137 -0.412926
vn  -0.897968 -0.152137 -0.412926
vn  -0.897968 -0.152137 -0.412926
vn  -0.892612 -0.156960 -0.422619
vn  -0.892612 -0.156960 -0.422619
vn  -0.892612 -0.156960 -0.422619
vn  -0.031228 -0.055508 -0.997970
vn  -0.031228 -0.055508 -0.997970
vn  -0.031228 -0.055508 -0.997970
vn  -0.033070 -0.052873 -0.998054
vn  -0.033070 -0.052873 -0.998054
vn  -0.033070 -0.052873 -0.998054
vn  0.031247 -0.052597 -0.998127
vn  0.031247 -0.052597 -0.998127
vn  0.031247 -0.052597 -0.998127
vn  0.033078 -0.055505 -0.997910
vn  0.033078 -0.055505 -0.997910
vn  0.033078 -0.055505 -0.997910
vn  0.897249 -0.157190 -0.412595
vn  0.897249 -0.157190 -0.412595
vn  0.897249 -0.157190 -0.412595
vn  0.893377 -0.151539 -0.422982
vn  0.893377 -0.151539 -0.422982
vn  0.893377 -0.151539 -0.422982
vn  0.904887 -0.141221 0.401543
vn  0.904887 -0.141221 0.401543
vn  0.904887 -0.141221 0.401543
vn  0.893110 -0.151817 0.423446
vn  0.893110 -0.151817 0.423446
vn  0.893110 -0.151817 0.423446
vn  0.031265 -0.043134 0.998580
vn  0.031265 -0.043134 0.998580
vn  0.031265 -0.043134 0.998580
vn  0.033102 -0.040503 0.998631
vn  0.033102 -0.040503 0.998631
vn  0.033102 -0.040503 0.998631
vn  -0.033080 -0.047032 0.998345
vn  -0.033080 -0.047032 0.998345
vn  -0.033080 -0.047032 0.998345
vn  -0.033794 -0.048080 0.998272
vn  -0.033794 -0.048080 0.998272
vn  -0.033794 -0.048080 0.998272
vn  -0.910795 -0.137816 0.389177
vn  -0.910795 -0.137816 0.389177
vn  -0.910795 -0.137816 0.389177
vn  -0.906154 -0.131131 0.402106
vn  -0.906154 -0.131131 0.402106
vn  -0.906154 -0.131131 0.402106
vn  -0.911306 -0.135028 -0.388960
vn  -0.911306 -0.135028 -0.388960
vn  -0.911306 -0.135028 -0.388960
vn  -0.898745 -0.146476 -0.413283
vn  -0.898745 -0.146476 -0.413283
vn  -0.898745 -0.146476 -0.413283
vn  -0.033035 -0.070293 -0.996979
vn  -0.033035 -0.070293 -0.996979
vn  -0.033035 -0.070293 -0.996979
vn  -0.033752 -0.069342 -0.997022
vn  -0.033752 -0.069342 -0.997022
vn  -0.033752 -0.069342 -0.997022
vn  0.033049 -0.069251 -0.997052
vn  0.033049 -0.069251 -0.997052
vn  0.033049 -0.069251 -0.997052
vn  0.033761 -0.070292 -0.996955
vn  0.033761 -0.070292 -0.996955
vn  0.033761 -0.070292 -0.996955
vn  0.289163 -0.611965 0.736128
vn  0.289163 -0.611965 0.736128
vn  0.289163 -0.611965 0.736128
vn  0.621867 -0.733016 0.275626
vn  0.621867 -0.733016 0.275626
vn  0.621867 -0.733016 0.275626
vn  -0.289052 -0.611330 0.736699
vn  -0.289052 -0.611330 0.736699
vn  -0.289052 -0.611330 0.736699
vn  0.358933 -0.185217 0.914802
vn  0.358933 -0.185217 0.914802
vn  0.358933 -0.185217 0.914802
vn  0.362862 -0.114207 -0.924818
vn  0.362862 -0.114207 -0.924818
vn  0.362862 -0.114207 -0.924818
vn  -0.622919 -0.732233 0.275332
vn  -0.622919 -0.732233 0.275332
vn  -0.622919 -0.732233 0.275332
vn  -0.622792 -0.732235 -0.275612
vn  -0.622792 -0.732235 -0.275612
vn  -0.622792 -0.732235 -0.275612
vn  0.621740 -0.733017 -0.275907
vn  0.621740 -0.733017 -0.275907
vn  0.621740 -0.733017 -0.275907
vn  -0.288914 -0.611819 0.736347
vn  -0.288914 -0.611819 0.736347
vn  -0.288914 -0.611819 0.736347
vn  -0.621867 -0.733016 0.275626
vn  -0.621867 -0.733016 0.275626
vn  -0.621867 -0.733016 0.275626
vn  0.289052 -0.611330 0.736699
vn  0.289052 -0.611330 0.736699
vn  0.289052 -0.611330 0.736699
vn  -0.358933 -0.185217 0.914802
vn  -0.358933 -0.185217 0.914802
vn  -0.358933 -0.185217 0.914802
vn  -0.362862 -0.114207 -0.924818
vn  -0.362862 -0.114207 -0.924818
vn  -0.362862 -0.114207 -0.924818
vn  0.622919 -0.732233 0.275332
vn  0.622919 -0.732233 0.275332
vn  0.622919 -0.732233 0.275332
vn  0.622792 -0.732235 -0.275612
vn  0.622792 -0.732235 -0.275612
vn  0.622792 -0.732235 -0.275612
vn  -0.621740 -0.733017 -0.275907
vn  -0.621740 -0.733017 -0.275907
vn  -0.621740 -0.733017 -0.275907
vn  -0.146781 0.082395 -0.985731
vn  -0.146781 0.082395 -0.985731
vn  -0.146781 0.082395 -0.985731
vn  -0.147849 -0.025351 0.988685
vn  -0.147849 -0.025351 0.988685
vn  -0.147849 -0.025351 0.988685
vn  0.289052 -0.611330 -0.736699
vn  0.289052 -0.611330 -0.736699
vn  0.289052 -0.611330 -0.736699
vn  -0.289052 -0.611330 -0.736699
vn  -0.289052 -0.611330 -0.736699
vn  -0.289052 -0.611330 -0.736699
vn  -0.167852 -0.094727 0.981251
vn  -0.167852 -0.094727 0.981251
vn  -0.167852 -0.094727 0.981251
vn  -0.095354 0.049404 0.994217
vn  -0.095354 0.049404 0.994217
vn  -0.095354 0.049404 0.994217
vn  0.147967 -0.025350 0.988667
vn  0.147967 -0.025350 0.988667
vn  0.147967 -0.025350 0.988667
vn  -0.166271 -0.089116 -0.982045
vn  -0.166271 -0.089116 -0.982045
vn  -0.166271 -0.089116 -0.982045
vn  0.033016 -0.219789 -0.974989
vn  0.033016 -0.219789 -0.974989
vn  0.033016 -0.219789 -0.974989
vn  0.095420 0.049347 0.994213
vn  0.095420 0.049347 0.994213
vn  0.095420 0.049347 0.994213
vn  0.167906 -0.094919 0.981223
vn  0.167906 -0.094919 0.981223
vn  0.167906 -0.094919 0.981223
vn  0.146882 0.082308 -0.985724
vn  0.146882 0.082308 -0.985724
vn  0.146882 0.082308 -0.985724
vn  0.166325 -0.089306 -0.982019
vn  0.166325 -0.089306 -0.982019
vn  0.166325 -0.089306 -0.982019
vn  -0.033014 -0.219744 -0.974999
vn  -0.033014 -0.219744 -0.974999
vn  -0.033014 -0.219744 -0.974999
vn  -0.000070 -0.257637 0.966242
vn  -0.000070 -0.257637 0.966242
vn  -0.000070 -0.257637 0.966242
vn  0.000070 -0.257637 0.966242
vn  0.000070 -0.257637 0.966242
vn  0.000070 -0.257637 0.966242
vn  0.909829 -0.146328 -0.388329
vn  0.909829 -0.146328 -0.388329
vn  0.909829 -0.146328 -0.388329
vn  0.900408 -0.133532 -0.414048
vn  0.900408 -0.133532 -0.414048
vn  0.900408 -0.133532 -0.414048
vn  0.911527 -0.131969 0.389489
vn  0.911527 -0.131969 0.389489
vn  0.911527 -0.131969 0.389489
vn  0.008777 0.818507 0.574429
vn  0.008777 0.818507 0.574429
vn  0.008777 0.818507 0.574429
vn  0.091851 0.278381 -0.956069
vn  0.091851 0.278381 -0.956069
vn  0.091851 0.278381 -0.956069
vn  0.905349 -0.137629 0.401749
vn  0.905349 -0.137629 0.401749
vn  0.905349 -0.137629 0.401749
vn  -0.924500 -0.000365 0.381182
vn  -0.924500 -0.000365 0.381182
vn  -0.924500 -0.000365 0.381182
vn  0.526632 -0.835642 0.156082
vn  0.526632 -0.835642 0.156082
vn  0.526632 -0.835642 0.156082
vn  -0.914206 0.006577 0.405197
vn  -0.914206 0.006577 0.405197
vn  -0.914206 0.006577 0.405197
vn  -0.057991 0.071523 -0.995752
vn  -0.057991 0.071523 -0.995752
vn  -0.057991 0.071523 -0.995752
vn  -0.924480 0.006651 -0.381173
vn  -0.924480 0.006651 -0.381173
vn  -0.924480 0.006651 -0.381173
vn  0.303340 0.386505 0.870976
vn  0.303340 0.386505 0.870976
vn  0.303340 0.386505 0.870976
vn  -0.914041 -0.000844 -0.405620
vn  -0.914041 -0.000844 -0.405620
vn  -0.914041 -0.000844 -0.405620
vn  0.008774 -0.818507 0.574430
vn  0.008774 -0.818507 0.574430
vn  0.008774 -0.818507 0.574430
vn  -0.387989 -0.010018 -0.921610
vn  -0.387989 -0.010018 -0.921610
vn  -0.387989 -0.010018 -0.921610
vn  -0.365199 -0.017020 -0.930774
vn  -0.365199 -0.017020 -0.930774
vn  -0.365199 -0.017020 -0.930774
vn  0.526636 0.835639 0.156081
vn  0.526636 0.835639 0.156081
vn  0.526636 0.835639 0.156081
vn  -0.387955 -0.016574 0.921529
vn  -0.387955 -0.016574 0.921529
vn  -0.387955 -0.016574 0.921529
vn  -0.057991 -0.071523 -0.995752
vn  -0.057991 -0.071523 -0.995752
vn  -0.057991 -0.071523 -0.995752
vn  -0.365234 -0.009968 0.930862
vn  -0.365234 -0.009968 0.930862
vn  -0.365234 -0.009968 0.930862
vn  0.303339 -0.386504 0.870977
vn  0.303339 -0.386504 0.870977
vn  0.303339 -0.386504 0.870977
vn  0.388344 -0.016571 0.921365
vn  0.388344 -0.016571 0.921365
vn  0.388344 -0.016571 0.921365
vn  0.091850 -0.278381 -0.956069
vn  0.091850 -0.278381 -0.956069
vn  0.091850 -0.278381 -0.956069
vn  0.365601 -0.009964 0.930718
vn  0.365601 -0.009964 0.930718
vn  0.365601 -0.009964 0.930718
vn  0.924121 -0.000378 0.382099
vn  0.924121 -0.000378 0.382099
vn  0.924121 -0.000378 0.382099
vn  0.914207 0.006303 0.405198
vn  0.914207 0.006303 0.405198
vn  0.914207 0.006303 0.405198
vn  0.924103 0.006371 -0.382091
vn  0.924103 0.006371 -0.382091
vn  0.924103 0.006371 -0.382091
vn  0.914041 -0.000844 -0.405620
vn  0.914041 -0.000844 -0.405620
vn  0.914041 -0.000844 -0.405620
vn  0.388378 -0.010014 -0.921446
vn  0.388378 -0.010014 -0.921446
vn  0.388378 -0.010014 -0.921446
vn  0.365566 -0.017017 -0.930630
vn  0.365566 -0.017017 -0.930630
vn  0.365566 -0.017017 -0.930630
vn  -0.924421 -0.013112 0.381149
vn  -0.924421 -0.013112 0.381149
vn  -0.924421 -0.013112 0.381149
vn  -0.914620 -0.006306 0.404264
vn  -0.914620 -0.006306 0.404264
vn  -0.914620 -0.006306 0.404264
vn  -0.387915 -0.021922 0.921434
vn  -0.387915 -0.021922 0.921434
vn  -0.387915 -0.021922 0.921434
vn  -0.365211 -0.015003 0.930804
vn  -0.365211 -0.015003 0.930804
vn  -0.365211 -0.015003 0.930804
vn  0.388373 -0.011217 0.921434
vn  0.388373 -0.011217 0.921434
vn  0.388373 -0.011217 0.921434
vn  0.365248 -0.004822 0.930898
vn  0.365248 -0.004822 0.930898
vn  0.365248 -0.004822 0.930898
vn  0.925934 0.012734 0.377471
vn  0.925934 0.012734 0.377471
vn  0.925934 0.012734 0.377471
vn  0.916116 0.019223 0.400451
vn  0.916116 0.019223 0.400451
vn  0.916116 0.019223 0.400451
vn  0.925834 0.019427 -0.377431
vn  0.925834 0.019427 -0.377431
vn  0.925834 0.019427 -0.377431
vn  0.916039 0.012132 -0.400907
vn  0.916039 0.012132 -0.400907
vn  0.916039 0.012132 -0.400907
vn  0.388393 -0.004543 -0.921483
vn  0.388393 -0.004543 -0.921483
vn  0.388393 -0.004543 -0.921483
vn  0.365226 -0.011985 -0.930842
vn  0.365226 -0.011985 -0.930842
vn  0.365226 -0.011985 -0.930842
vn  -0.925934 0.012734 0.377471
vn  -0.925934 0.012734 0.377471
vn  -0.925934 0.012734 0.377471
vn  -0.916116 0.019223 0.400451
vn  -0.916116 0.019223 0.400451
vn  -0.916116 0.019223 0.400451
vn  -0.925834 0.019427 -0.377431
vn  -0.925834 0.019427 -0.377431
vn  -0.925834 0.019427 -0.377431
vn  -0.916039 0.012132 -0.400907
vn  -0.916039 0.012132 -0.400907
vn  -0.916039 0.012132 -0.400907
vn  -0.015464 0.812798 0.582341
vn  -0.015464 0.812798 0.582341
vn  -0.015464 0.812798 0.582341
vn  -0.388004 -0.004552 -0.921646
vn  -0.388004 -0.004552 -0.921646
vn  -0.388004 -0.004552 -0.921646
vn  -0.365227 -0.011875 -0.930843
vn  -0.365227 -0.011875 -0.930843
vn  -0.365227 -0.011875 -0.930843
vn  -0.387985 -0.011109 0.921599
vn  -0.387985 -0.011109 0.921599
vn  -0.387985 -0.011109 0.921599
vn  -0.365248 -0.004822 0.930898
vn  -0.365248 -0.004822 0.930898
vn  -0.365248 -0.004822 0.930898
vn  -0.015462 -0.812798 0.582340
vn  -0.015462 -0.812798 0.582340
vn  -0.015462 -0.812798 0.582340
vn  0.388303 -0.022040 0.921268
vn  0.388303 -0.022040 0.921268
vn  0.388303 -0.022040 0.921268
vn  0.121442 -0.144855 0.981972
vn  0.121442 -0.144855 0.981972
vn  0.121442 -0.144855 0.981972
vn  0.365211 -0.015003 0.930804
vn  0.365211 -0.015003 0.930804
vn  0.365211 -0.015003 0.930804
vn  0.924042 -0.013120 0.382066
vn  0.924042 -0.013120 0.382066
vn  0.924042 -0.013120 0.382066
vn  0.914619 -0.006580 0.404264
vn  0.914619 -0.006580 0.404264
vn  0.914619 -0.006580 0.404264
vn  0.924101 -0.006648 -0.382091
vn  0.924101 -0.006648 -0.382091
vn  0.924101 -0.006648 -0.382091
vn  0.914373 -0.013439 -0.404649
vn  0.914373 -0.013439 -0.404649
vn  0.914373 -0.013439 -0.404649
vn  0.388352 -0.015369 -0.921383
vn  0.388352 -0.015369 -0.921383
vn  0.388352 -0.015369 -0.921383
vn  0.365163 -0.022163 -0.930680
vn  0.365163 -0.022163 -0.930680
vn  0.365163 -0.022163 -0.930680
vn  -0.924562 -0.006374 -0.380978
vn  -0.924562 -0.006374 -0.380978
vn  -0.924562 -0.006374 -0.380978
vn  -0.365164 -0.022053 -0.930682
vn  -0.365164 -0.022053 -0.930682
vn  -0.365164 -0.022053 -0.930682
vn  -0.083826 0.949740 0.301607
vn  -0.083826 0.949740 0.301607
vn  -0.083826 0.949740 0.301607
vn  -0.083826 -0.949740 0.301607
vn  -0.083826 -0.949740 0.301607
vn  -0.083826 -0.949740 0.301607
vn  -0.029111 -0.798910 -0.600746
vn  -0.029111 -0.798910 -0.600746
vn  -0.029111 -0.798910 -0.600746
vn  -0.029111 0.798910 -0.600746
vn  -0.029111 0.798910 -0.600746
vn  -0.029111 0.798910 -0.600746
vn  0.069983 0.891097 -0.448384
vn  0.069983 0.891097 -0.448384
vn  0.069983 0.891097 -0.448384
vn  0.069983 -0.891097 -0.448384
vn  0.069983 -0.891097 -0.448384
vn  0.069983 -0.891097 -0.448384
vn  -0.403975 0.914030 -0.036787
vn  -0.403975 0.914030 -0.036787
vn  -0.403975 0.914030 -0.036787
vn  -0.403975 -0.914030 -0.036787
vn  -0.403975 -0.914030 -0.036787
vn  -0.403975 -0.914030 -0.036787
vn  0.044080 0.805338 -0.591175
vn  0.044080 0.805338 -0.591175
vn  0.044080 0.805338 -0.591175
vn  0.044080 -0.805338 -0.591175
vn  0.044080 -0.805338 -0.591175
vn  0.044080 -0.805338 -0.591175
vn  0.089164 -0.993569 -0.069789
vn  0.089164 -0.993569 -0.069789
vn  0.089164 -0.993569 -0.069789
vn  0.089164 0.993569 -0.069789
vn  0.089164 0.993569 -0.069789
vn  0.089164 0.993569 -0.069789
vn  0.072207 0.290055 0.954282
vn  0.072207 0.290055 0.954282
vn  0.072207 0.290055 0.954282
vn  0.283145 -0.958806 0.022808
vn  0.283145 -0.958806 0.022808
vn  0.283145 -0.958806 0.022808
vn  0.283145 0.958806 0.022808
vn  0.283145 0.958806 0.022808
vn  0.283145 0.958806 0.022808
vn  0.224879 -0.969450 0.097958
vn  0.224879 -0.969450 0.097958
vn  0.224879 -0.969450 0.097958
vn  0.277737 -0.512678 0.812418
vn  0.277737 -0.512678 0.812418
vn  0.277737 -0.512678 0.812418
vn  0.224879 0.969450 0.097958
vn  0.224879 0.969450 0.097958
vn  0.224879 0.969450 0.097958
vn  0.386028 -0.902183 0.192477
vn  0.386028 -0.902183 0.192477
vn  0.386028 -0.902183 0.192477
vn  0.386028 0.902183 0.192477
vn  0.386028 0.902183 0.192477
vn  0.386028 0.902183 0.192477
vn  0.092799 -0.447854 -0.889278
vn  0.092799 -0.447854 -0.889278
vn  0.092799 -0.447854 -0.889278
vn  0.024687 -0.975447 0.218846
vn  0.024687 -0.975447 0.218846
vn  0.024687 -0.975447 0.218846
vn  0.027493 -0.499171 -0.866068
vn  0.027493 -0.499171 -0.866068
vn  0.027493 -0.499171 -0.866068
vn  0.156485 -0.168439 -0.973212
vn  0.156485 -0.168439 -0.973212
vn  0.156485 -0.168439 -0.973212
vn  0.108278 -0.222623 -0.968873
vn  0.108278 -0.222623 -0.968873
vn  0.108278 -0.222623 -0.968873
vn  0.024672 0.975437 0.218891
vn  0.024672 0.975437 0.218891
vn  0.024672 0.975437 0.218891
vn  0.092799 0.447854 -0.889278
vn  0.092799 0.447854 -0.889278
vn  0.092799 0.447854 -0.889278
vn  0.027493 0.499171 -0.866068
vn  0.027493 0.499171 -0.866068
vn  0.027493 0.499171 -0.866068
vn  0.156485 0.168439 -0.973212
vn  0.156485 0.168439 -0.973212
vn  0.156485 0.168439 -0.973212
vn  0.108278 0.222623 -0.968873
vn  0.108278 0.222623 -0.968873
vn  0.108278 0.222623 -0.968873
vn  -0.291806 -0.424822 0.856957
vn  -0.291806 -0.424822 0.856957
vn  -0.291806 -0.424822 0.856957
vn  0.023378 -0.498642 -0.866493
vn  0.023378 -0.498642 -0.866493
vn  0.023378 -0.498642 -0.866493
vn  0.049897 -0.220841 -0.974033
vn  0.049897 -0.220841 -0.974033
vn  0.049897 -0.220841 -0.974033
vn  0.069270 -0.193994 -0.978554
vn  0.069270 -0.193994 -0.978554
vn  0.069270 -0.193994 -0.978554
vn  0.049897 0.220841 -0.974033
vn  0.049897 0.220841 -0.974033
vn  0.049897 0.220841 -0.974033
vn  -0.699447 -0.296655 0.650208
vn  -0.699447 -0.296655 0.650208
vn  -0.699447 -0.296655 0.650208
vn  -0.572677 -0.392478 0.719724
vn  -0.572677 -0.392478 0.719724
vn  -0.572677 -0.392478 0.719724
vn  -0.614871 -0.499852 0.609985
vn  -0.614871 -0.499852 0.609985
vn  -0.614871 -0.499852 0.609985
vn  -0.723443 -0.383317 0.574194
vn  -0.723443 -0.383317 0.574194
vn  -0.723443 -0.383317 0.574194
vn  -0.614408 -0.500729 0.609733
vn  -0.614408 -0.500729 0.609733
vn  -0.614408 -0.500729 0.609733
vn  -0.614871 0.499852 0.609985
vn  -0.614871 0.499852 0.609985
vn  -0.614871 0.499852 0.609985
vn  -0.723443 0.383317 0.574194
vn  -0.723443 0.383317 0.574194
vn  -0.723443 0.383317 0.574194
vn  -0.817647 -0.572266 0.062968
vn  -0.817647 -0.572266 0.062968
vn  -0.817647 -0.572266 0.062968
vn  -0.026928 -0.193066 0.980816
vn  -0.026928 -0.193066 0.980816
vn  -0.026928 -0.193066 0.980816
vn  -0.814130 -0.579167 -0.041914
vn  -0.814130 -0.579167 -0.041914
vn  -0.814130 -0.579167 -0.041914
vn  -0.817647 0.572266 0.062968
vn  -0.817647 0.572266 0.062968
vn  -0.817647 0.572266 0.062968
vn  0.324632 0.334954 0.884545
vn  0.324632 0.334954 0.884545
vn  0.324632 0.334954 0.884545
vn  -0.026928 0.193066 0.980816
vn  -0.026928 0.193066 0.980816
vn  -0.026928 0.193066 0.980816
vn  -0.814130 0.579167 -0.041914
vn  -0.814130 0.579167 -0.041914
vn  -0.814130 0.579167 -0.041914
vn  -0.769654 -0.637821 0.028601
vn  -0.769654 -0.637821 0.028601
vn  -0.769654 -0.637821 0.028601
vn  -0.806264 -0.405169 -0.431017
vn  -0.806264 -0.405169 -0.431017
vn  -0.806264 -0.405169 -0.431017
vn  -0.805598 -0.402392 -0.434848
vn  -0.805598 -0.402392 -0.434848
vn  -0.805598 -0.402392 -0.434848
vn  -0.748240 -0.568118 -0.342605
vn  -0.748240 -0.568118 -0.342605
vn  -0.748240 -0.568118 -0.342605
vn  -0.769654 0.637821 0.028601
vn  -0.769654 0.637821 0.028601
vn  -0.769654 0.637821 0.028601
vn  -0.806264 0.405169 -0.431017
vn  -0.806264 0.405169 -0.431017
vn  -0.806264 0.405169 -0.431017
vn  -0.805598 0.402392 -0.434848
vn  -0.805598 0.402392 -0.434848
vn  -0.805598 0.402392 -0.434848
vn  -0.748240 0.568118 -0.342605
vn  -0.748240 0.568118 -0.342605
vn  -0.748240 0.568118 -0.342605
vn  -0.787030 -0.564872 -0.247999
vn  -0.787030 -0.564872 -0.247999
vn  -0.787030 -0.564872 -0.247999
vn  -0.092498 0.347184 0.933224
vn  -0.092498 0.347184 0.933224
vn  -0.092498 0.347184 0.933224
vn  -0.035598 -0.442264 0.896178
vn  -0.035598 -0.442264 0.896178
vn  -0.035598 -0.442264 0.896178
vn  0.573841 -0.532526 0.622192
vn  0.573841 -0.532526 0.622192
vn  0.573841 -0.532526 0.622192
vn  0.574201 -0.527025 0.626528
vn  0.574201 -0.527025 0.626528
vn  0.574201 -0.527025 0.626528
vn  -0.310066 -0.670793 0.673718
vn  -0.310066 -0.670793 0.673718
vn  -0.310066 -0.670793 0.673718
vn  0.367366 -0.352236 0.860797
vn  0.367366 -0.352236 0.860797
vn  0.367366 -0.352236 0.860797
vn  -0.288457 0.795125 0.533450
vn  -0.288457 0.795125 0.533450
vn  -0.288457 0.795125 0.533450
vn  0.573841 0.532526 0.622192
vn  0.573841 0.532526 0.622192
vn  0.573841 0.532526 0.622192
vn  0.574201 0.527025 0.626528
vn  0.574201 0.527025 0.626528
vn  0.574201 0.527025 0.626528
vn  -0.632412 0.756437 -0.166908
vn  -0.632412 0.756437 -0.166908
vn  -0.632412 0.756437 -0.166908
vn  0.367366 0.352236 0.860797
vn  0.367366 0.352236 0.860797
vn  0.367366 0.352236 0.860797
vn  -0.787030 0.564872 -0.247999
vn  -0.787030 0.564872 -0.247999
vn  -0.787030 0.564872 -0.247999
vn  -0.035598 0.442264 0.896178
vn  -0.035598 0.442264 0.896178
vn  -0.035598 0.442264 0.896178
vn  -0.310066 0.670793 0.673718
vn  -0.310066 0.670793 0.673718
vn  -0.310066 0.670793 0.673718
vn  -0.789407 0.534787 -0.301396
vn  -0.789407 0.534787 -0.301396
vn  -0.789407 0.534787 -0.301396
vn  -0.758641 0.429073 -0.490266
vn  -0.758641 0.429073 -0.490266
vn  -0.758641 0.429073 -0.490266
vn  -0.116986 -0.592059 0.797359
vn  -0.116986 -0.592059 0.797359
vn  -0.116986 -0.592059 0.797359
vn  -0.116986 0.592059 0.797359
vn  -0.116986 0.592059 0.797359
vn  -0.116986 0.592059 0.797359
vn  0.089686 -0.202594 0.975147
vn  0.089686 -0.202594 0.975147
vn  0.089686 -0.202594 0.975147
vn  -0.732829 0.606676 -0.308069
vn  -0.732829 0.606676 -0.308069
vn  -0.732829 0.606676 -0.308069
vn  -0.730861 -0.602893 -0.319941
vn  -0.730861 -0.602893 -0.319941
vn  -0.730861 -0.602893 -0.319941
vn  0.089686 0.202594 0.975147
vn  0.089686 0.202594 0.975147
vn  0.089686 0.202594 0.975147
vn  -0.758641 -0.429073 -0.490266
vn  -0.758641 -0.429073 -0.490266
vn  -0.758641 -0.429073 -0.490266
vn  -0.732829 -0.606676 -0.308069
vn  -0.732829 -0.606676 -0.308069
vn  -0.732829 -0.606676 -0.308069
vn  -0.730861 0.602893 -0.319941
vn  -0.730861 0.602893 -0.319941
vn  -0.730861 0.602893 -0.319941
vn  0.008781 -0.818508 0.574428
vn  0.008781 -0.818508 0.574428
vn  0.008781 -0.818508 0.574428
vn  -0.789407 -0.534787 -0.301396
vn  -0.789407 -0.534787 -0.301396
vn  -0.789407 -0.534787 -0.301396
vn  -0.288457 -0.795125 0.533450
vn  -0.288457 -0.795125 0.533450
vn  -0.288457 -0.795125 0.533450
vn  -0.632412 -0.756437 -0.166908
vn  -0.632412 -0.756437 -0.166908
vn  -0.632412 -0.756437 -0.166908
vn  -0.351520 -0.658399 0.665541
vn  -0.351520 -0.658399 0.665541
vn  -0.351520 -0.658399 0.665541
vn  -0.336372 -0.793760 0.506753
vn  -0.336372 -0.793760 0.506753
vn  -0.336372 -0.793760 0.506753
vn  -0.015467 -0.812797 0.582342
vn  -0.015467 -0.812797 0.582342
vn  -0.015467 -0.812797 0.582342
vn  0.067271 -0.208309 0.975747
vn  0.067271 -0.208309 0.975747
vn  0.067271 -0.208309 0.975747
vn  0.054350 -0.192551 0.979781
vn  0.054350 -0.192551 0.979781
vn  0.054350 -0.192551 0.979781
vn  0.067271 0.208309 0.975747
vn  0.067271 0.208309 0.975747
vn  0.067271 0.208309 0.975747
vn  0.054350 0.192551 0.979781
vn  0.054350 0.192551 0.979781
vn  0.054350 0.192551 0.979781
vn  0.008770 0.818506 0.574432
vn  0.008770 0.818506 0.574432
vn  0.008770 0.818506 0.574432
vn  -0.351520 0.658399 0.665541
vn  -0.351520 0.658399 0.665541
vn  -0.351520 0.658399 0.665541
vn  -0.336372 0.793760 0.506753
vn  -0.336372 0.793760 0.506753
vn  -0.336372 0.793760 0.506753
vn  -0.239183 -0.112740 0.964407
vn  -0.239183 -0.112740 0.964407
vn  -0.239183 -0.112740 0.964407
vn  -0.262422 -0.100772 0.959677
vn  -0.262422 -0.100772 0.959677
vn  -0.262422 -0.100772 0.959677
vn  -0.015459 0.812799 0.582339
vn  -0.015459 0.812799 0.582339
vn  -0.015459 0.812799 0.582339
vn  -0.229355 0.431183 0.872627
vn  -0.229355 0.431183 0.872627
vn  -0.229355 0.431183 0.872627
vn  -0.565171 0.798939 -0.205615
vn  -0.565171 0.798939 -0.205615
vn  -0.565171 0.798939 -0.205615
vn  -0.239183 0.112740 0.964407
vn  -0.239183 0.112740 0.964407
vn  -0.239183 0.112740 0.964407
vn  -0.804600 -0.406127 -0.433221
vn  -0.804600 -0.406127 -0.433221
vn  -0.804600 -0.406127 -0.433221
vn  -0.862773 -0.308669 -0.400432
vn  -0.862773 -0.308669 -0.400432
vn  -0.862773 -0.308669 -0.400432
vn  0.112613 -0.207206 0.971794
vn  0.112613 -0.207206 0.971794
vn  0.112613 -0.207206 0.971794
vn  0.013542 -0.100826 0.994812
vn  0.013542 -0.100826 0.994812
vn  0.013542 -0.100826 0.994812
vn  -0.804600 0.406127 -0.433221
vn  -0.804600 0.406127 -0.433221
vn  -0.804600 0.406127 -0.433221
vn  -0.862773 0.308669 -0.400432
vn  -0.862773 0.308669 -0.400432
vn  -0.862773 0.308669 -0.400432
vn  0.112613 0.207206 0.971794
vn  0.112613 0.207206 0.971794
vn  0.112613 0.207206 0.971794
vn  0.013542 0.100826 0.994812
vn  0.013542 0.100826 0.994812
vn  0.013542 0.100826 0.994812
vn  0.241469 -0.239508 0.940388
vn  0.241469 -0.239508 0.940388
vn  0.241469 -0.239508 0.940388
vn  -0.110772 -0.301257 0.947087
vn  -0.110772 -0.301257 0.947087
vn  -0.110772 -0.301257 0.947087
vn  -0.362497 -0.078175 0.928700
vn  -0.362497 -0.078175 0.928700
vn  -0.362497 -0.078175 0.928700
vn  0.241469 0.239508 0.940388
vn  0.241469 0.239508 0.940388
vn  0.241469 0.239508 0.940388
vn  -0.110772 0.301257 0.947087
vn  -0.110772 0.301257 0.947087
vn  -0.110772 0.301257 0.947087
vn  -0.362497 0.078175 0.928700
vn  -0.362497 0.078175 0.928700
vn  -0.362497 0.078175 0.928700
vn  0.317987 -0.166608 0.933341
vn  0.317987 -0.166608 0.933341
vn  0.317987 -0.166608 0.933341
vn  0.121443 0.144855 0.981972
vn  0.121443 0.144855 0.981972
vn  0.121443 0.144855 0.981972
vn  0.317987 0.166608 0.933341
vn  0.317987 0.166608 0.933341
vn  0.317987 0.166608 0.933341
vn  0.303341 -0.386506 0.870975
vn  0.303341 -0.386506 0.870975
vn  0.303341 -0.386506 0.870975
vn  0.303336 0.386502 0.870979
vn  0.303336 0.386502 0.870979
vn  0.303336 0.386502 0.870979
vn  0.868328 0.233936 -0.437356
vn  0.868328 0.233936 -0.437356
vn  0.868328 0.233936 -0.437356
vn  0.526625 0.835646 0.156083
vn  0.526625 0.835646 0.156083
vn  0.526625 0.835646 0.156083
vn  0.851440 -0.254081 -0.458794
vn  0.851440 -0.254081 -0.458794
vn  0.851440 -0.254081 -0.458794
vn  -0.770090 -0.515660 0.375575
vn  -0.770090 -0.515660 0.375575
vn  -0.770090 -0.515660 0.375575
vn  -0.619599 0.642485 0.450900
vn  -0.619599 0.642485 0.450900
vn  -0.619599 0.642485 0.450900
vn  -0.619599 -0.642485 0.450900
vn  -0.619599 -0.642485 0.450900
vn  -0.619599 -0.642485 0.450900
vn  0.526642 -0.835636 0.156079
vn  0.526642 -0.835636 0.156079
vn  0.526642 -0.835636 0.156079
vn  -0.770090 0.515660 0.375575
vn  -0.770090 0.515660 0.375575
vn  -0.770090 0.515660 0.375575
vn  -0.730252 0.577447 0.365085
vn  -0.730252 0.577447 0.365085
vn  -0.730252 0.577447 0.365085
vn  -0.730252 -0.577447 0.365085
vn  -0.730252 -0.577447 0.365085
vn  -0.730252 -0.577447 0.365085
vn  -0.172348 -0.234571 0.956699
vn  -0.172348 -0.234571 0.956699
vn  -0.172348 -0.234571 0.956699
vn  -0.886591 -0.419029 0.195883
vn  -0.886591 -0.419029 0.195883
vn  -0.886591 -0.419029 0.195883
vn  -0.814901 0.512543 0.270623
vn  -0.814901 0.512543 0.270623
vn  -0.814901 0.512543 0.270623
vn  -0.814901 -0.512543 0.270623
vn  -0.814901 -0.512543 0.270623
vn  -0.814901 -0.512543 0.270623
vn  -0.886591 0.419029 0.195883
vn  -0.886591 0.419029 0.195883
vn  -0.886591 0.419029 0.195883
vn  -0.477533 0.810644 0.338849
vn  -0.477533 0.810644 0.338849
vn  -0.477533 0.810644 0.338849
vn  -0.352165 0.932506 0.080077
vn  -0.352165 0.932506 0.080077
vn  -0.352165 0.932506 0.080077
vn  -0.963707 0.228836 0.137490
vn  -0.963707 0.228836 0.137490
vn  -0.963707 0.228836 0.137490
vn  0.378333 -0.925099 -0.032497
vn  0.378333 -0.925099 -0.032497
vn  0.378333 -0.925099 -0.032497
vn  -0.159353 -0.987073 -0.017110
vn  -0.159353 -0.987073 -0.017110
vn  -0.159353 -0.987073 -0.017110
vn  0.946265 -0.247219 -0.208482
vn  0.946265 -0.247219 -0.208482
vn  0.946265 -0.247219 -0.208482
vn  0.720896 -0.681827 -0.124183
vn  0.720896 -0.681827 -0.124183
vn  0.720896 -0.681827 -0.124183
vn  0.378333 0.925099 -0.032497
vn  0.378333 0.925099 -0.032497
vn  0.378333 0.925099 -0.032497
vn  0.369268 0.929041 -0.022896
vn  0.369268 0.929041 -0.022896
vn  0.369268 0.929041 -0.022896
vn  0.946265 0.247219 -0.208482
vn  0.946265 0.247219 -0.208482
vn  0.946265 0.247219 -0.208482
vn  0.941388 0.305352 -0.143349
vn  0.941388 0.305352 -0.143349
vn  0.941388 0.305352 -0.143349
vn  0.389436 -0.871927 0.296787
vn  0.389436 -0.871927 0.296787
vn  0.389436 -0.871927 0.296787
vn  -0.606274 -0.502483 0.616395
vn  -0.606274 -0.502483 0.616395
vn  -0.606274 -0.502483 0.616395
vn  -0.043964 -0.189089 0.980975
vn  -0.043964 -0.189089 0.980975
vn  -0.043964 -0.189089 0.980975
vn  -0.092498 -0.347184 0.933224
vn  -0.092498 -0.347184 0.933224
vn  -0.092498 -0.347184 0.933224
vn  -0.172348 0.234571 0.956699
vn  -0.172348 0.234571 0.956699
vn  -0.172348 0.234571 0.956699
vn  -0.043964 0.189089 0.980975
vn  -0.043964 0.189089 0.980975
vn  -0.043964 0.189089 0.980975
vn  -0.460600 -0.646295 0.608400
vn  -0.460600 -0.646295 0.608400
vn  -0.460600 -0.646295 0.608400
vn  -0.618198 -0.557467 0.554131
vn  -0.618198 -0.557467 0.554131
vn  -0.618198 -0.557467 0.554131
vn  -0.460600 0.646295 0.608400
vn  -0.460600 0.646295 0.608400
vn  -0.460600 0.646295 0.608400
vn  -0.633720 -0.759474 -0.146965
vn  -0.633720 -0.759474 -0.146965
vn  -0.633720 -0.759474 -0.146965
vn  -0.785639 -0.608753 -0.110419
vn  -0.785639 -0.608753 -0.110419
vn  -0.785639 -0.608753 -0.110419
vn  -0.633830 0.759386 -0.146943
vn  -0.633830 0.759386 -0.146943
vn  -0.633830 0.759386 -0.146943
vn  -0.785639 0.608753 -0.110419
vn  -0.785639 0.608753 -0.110419
vn  -0.785639 0.608753 -0.110419
vn  -0.903524 0.377509 0.202809
vn  -0.903524 0.377509 0.202809
vn  -0.903524 0.377509 0.202809
vn  0.389436 0.871927 0.296787
vn  0.389436 0.871927 0.296787
vn  0.389436 0.871927 0.296787
vn  0.361716 0.863668 0.351054
vn  0.361716 0.863668 0.351054
vn  0.361716 0.863668 0.351054
vn  0.832832 0.467163 0.296900
vn  0.832832 0.467163 0.296900
vn  0.832832 0.467163 0.296900
vn  -0.052652 -0.805412 0.590372
vn  -0.052652 -0.805412 0.590372
vn  -0.052652 -0.805412 0.590372
vn  0.604779 0.647426 0.463769
vn  0.604779 0.647426 0.463769
vn  0.604779 0.647426 0.463769
vn  -0.467154 0.815647 0.341303
vn  -0.467154 0.815647 0.341303
vn  -0.467154 0.815647 0.341303
vn  -0.467141 -0.815623 0.341378
vn  -0.467141 -0.815623 0.341378
vn  -0.467141 -0.815623 0.341378
vn  -0.643838 0.738314 -0.200911
vn  -0.643838 0.738314 -0.200911
vn  -0.643838 0.738314 -0.200911
vn  -0.643838 -0.738314 -0.200911
vn  -0.643838 -0.738314 -0.200911
vn  -0.643838 -0.738314 -0.200911
vn  0.868328 -0.233936 -0.437356
vn  0.868328 -0.233936 -0.437356
vn  0.868328 -0.233936 -0.437356
vn  0.337382 0.183005 -0.923408
vn  0.337382 0.183005 -0.923408
vn  0.337382 0.183005 -0.923408
vn  0.179044 0.473494 -0.862408
vn  0.179044 0.473494 -0.862408
vn  0.179044 0.473494 -0.862408
vn  0.179044 -0.473494 -0.862408
vn  0.179044 -0.473494 -0.862408
vn  0.179044 -0.473494 -0.862408
vn  -0.175638 0.951869 -0.251190
vn  -0.175638 0.951869 -0.251190
vn  -0.175638 0.951869 -0.251190
vn  0.335372 0.869771 -0.361973
vn  0.335372 0.869771 -0.361973
vn  0.335372 0.869771 -0.361973
vn  0.423316 -0.851984 -0.308104
vn  0.423316 -0.851984 -0.308104
vn  0.423316 -0.851984 -0.308104
vn  -0.175638 -0.951869 -0.251190
vn  -0.175638 -0.951869 -0.251190
vn  -0.175638 -0.951869 -0.251190
vn  0.335372 -0.869771 -0.361973
vn  0.335372 -0.869771 -0.361973
vn  0.335372 -0.869771 -0.361973
vn  0.423316 0.851984 -0.308104
vn  0.423316 0.851984 -0.308104
vn  0.423316 0.851984 -0.308104
vn  -0.334122 0.879290 -0.339428
vn  -0.334122 0.879290 -0.339428
vn  -0.334122 0.879290 -0.339428
vn  -0.334122 -0.879290 -0.339428
vn  -0.334122 -0.879290 -0.339428
vn  -0.334122 -0.879290 -0.339428
vn  0.238184 -0.590039 -0.771442
vn  0.238184 -0.590039 -0.771442
vn  0.238184 -0.590039 -0.771442
vn  0.238184 0.590039 -0.771442
vn  0.238184 0.590039 -0.771442
vn  0.238184 0.590039 -0.771442
vn  0.609402 -0.182837 -0.771492
vn  0.609402 -0.182837 -0.771492
vn  0.609402 -0.182837 -0.771492
vn  0.603121 -0.187561 -0.775284
vn  0.603121 -0.187561 -0.775284
vn  0.603121 -0.187561 -0.775284
vn  0.609402 0.182837 -0.771492
vn  0.609402 0.182837 -0.771492
vn  0.609402 0.182837 -0.771492
vn  0.321746 -0.163097 -0.932673
vn  0.321746 -0.163097 -0.932673
vn  0.321746 -0.163097 -0.932673
vn  0.337382 -0.183005 -0.923408
vn  0.337382 -0.183005 -0.923408
vn  0.337382 -0.183005 -0.923408
vn  0.321746 0.163097 -0.932673
vn  0.321746 0.163097 -0.932673
vn  0.321746 0.163097 -0.932673
vn  -0.031257 0.040223 0.998702
vn  -0.031257 0.040223 0.998702
vn  -0.031257 0.040223 0.998702
vn  -0.633485 -0.771863 -0.054077
vn  -0.633485 -0.771863 -0.054077
vn  -0.633485 -0.771863 -0.054077
vn  -0.633485 0.771863 -0.054077
vn  -0.633485 0.771863 -0.054077
vn  -0.633485 0.771863 -0.054077
vn  -0.833677 0.506869 -0.219243
vn  -0.833677 0.506869 -0.219243
vn  -0.833677 0.506869 -0.219243
vn  -0.833677 -0.506869 -0.219243
vn  -0.833677 -0.506869 -0.219243
vn  -0.833677 -0.506869 -0.219243

g rdmobj01
usemtl PelipperDh
f  81/81/81 80/80/80 79/79/79
f  84/84/84 83/83/83 82/82/82
f  87/87/87 86/86/86 85/85/85
f  90/90/90 89/89/89 88/88/88
f  93/93/93 92/92/92 91/91/91
f  96/96/96 95/95/95 94/94/94
f  99/99/99 98/98/98 97/97/97
f  102/102/102 101/101/101 100/100/100
f  105/105/105 104/104/104 103/103/103
f  108/108/108 107/107/107 106/106/106
f  111/111/111 110/110/110 109/109/109
f  114/114/114 113/113/113 112/112/112
f  117/117/117 116/116/116 115/115/115
f  120/120/120 119/119/119 118/118/118
f  123/123/123 122/122/122 121/121/121
f  126/126/126 125/125/125 124/124/124
f  129/129/129 128/128/128 127/127/127
f  132/132/132 131/131/131 130/130/130
f  135/135/135 134/134/134 133/133/133
f  138/138/138 137/137/137 136/136/136
f  141/141/141 140/140/140 139/139/139
f  144/144/144 143/143/143 142/142/142
f  147/147/147 146/146/146 145/145/145
f  150/150/150 149/149/149 148/148/148
f  153/153/153 152/152/152 151/151/151
f  156/156/156 155/155/155 154/154/154
f  159/159/159 158/158/158 157/157/157
f  162/162/162 161/161/161 160/160/160
f  165/165/165 164/164/164 163/163/163
f  168/168/168 167/167/167 166/166/166
f  171/171/171 170/170/170 169/169/169
f  174/174/174 173/173/173 172/172/172
f  177/177/177 176/176/176 175/175/175
f  180/180/180 179/179/179 178/178/178
f  183/183/183 182/182/182 181/181/181
f  186/186/186 185/185/185 184/184/184
f  189/189/189 188/188/188 187/187/187
f  192/192/192 191/191/191 190/190/190
f  195/195/195 194/194/194 193/193/193
f  198/198/198 197/197/197 196/196/196
f  201/201/201 200/200/200 199/199/199
f  204/204/204 203/203/203 202/202/202
f  207/207/207 206/206/206 205/205/205
f  210/210/210 209/209/209 208/208/208
f  213/213/213 212/212/212 211/211/211
f  216/216/216 215/215/215 214/214/214
f  219/219/219 218/218/218 217/217/217
f  222/222/222 221/221/221 220/220/220
f  225/225/225 224/224/224 223/223/223
f  228/228/228 227/227/227 226/226/226
f  231/231/231 230/230/230 229/229/229
f  234/234/234 233/233/233 232/232/232
f  237/237/237 236/236/236 235/235/235
f  240/240/240 239/239/239 238/238/238
f  243/243/243 242/242/242 241/241/241
f  246/246/246 245/245/245 244/244/244
f  249/249/249 248/248/248 247/247/247
f  252/252/252 251/251/251 250/250/250
f  255/255/255 254/254/254 253/253/253
f  258/258/258 257/257/257 256/256/256
f  261/261/261 260/260/260 259/259/259
f  264/264/264 263/263/263 262/262/262
f  267/267/267 266/266/266 265/265/265
f  270/270/270 269/269/269 268/268/268
f  273/273/273 272/272/272 271/271/271
f  276/276/276 275/275/275 274/274/274
f  279/279/279 278/278/278 277/277/277
f  282/282/282 281/281/281 280/280/280
f  285/285/285 284/284/284 283/283/283
f  288/288/288 287/287/287 286/286/286
f  291/291/291 290/290/290 289/289/289
f  294/294/294 293/293/293 292/292/292
f  297/297/297 296/296/296 295/295/295
f  300/300/300 299/299/299 298/298/298
f  303/303/303 302/302/302 301/301/301
f  306/306/306 305/305/305 304/304/304
f  309/309/309 308/308/308 307/307/307
f  312/312/312 311/311/311 310/310/310
f  315/315/315 314/314/314 313/313/313
f  318/318/318 317/317/317 316/316/316
f  321/321/321 320/320/320 319/319/319
f  324/324/324 323/323/323 322/322/322
f  327/327/327 326/326/326 325/325/325
f  330/330/330 329/329/329 328/328/328
f  333/333/333 332/332/332 331/331/331
f  336/336/336 335/335/335 334/334/334
f  339/339/339 338/338/338 337/337/337
f  342/342/342 341/341/341 340/340/340
f  345/345/345 344/344/344 343/343/343
f  348/348/348 347/347/347 346/346/346
f  351/351/351 350/350/350 349/349/349
f  354/354/354 353/353/353 352/352/352
f  357/357/357 356/356/356 355/355/355
f  360/360/360 359/359/359 358/358/358
f  363/363/363 362/362/362 361/361/361
f  366/366/366 365/365/365 364/364/364
f  369/369/369 368/368/368 367/367/367
f  372/372/372 371/371/371 370/370/370
f  375/375/375 374/374/374 373/373/373
f  378/378/378 377/377/377 376/376/376
f  381/381/381 380/380/380 379/379/379
f  384/384/384 383/383/383 382/382/382
f  387/387/387 386/386/386 385/385/385
f  390/390/390 389/389/389 388/388/388
f  393/393/393 392/392/392 391/391/391
f  396/396/396 395/395/395 394/394/394
f  399/399/399 398/398/398 397/397/397
f  402/402/402 401/401/401 400/400/400
f  405/405/405 404/404/404 403/403/403
f  408/408/408 407/407/407 406/406/406
f  411/411/411 410/410/410 409/409/409
f  414/414/414 413/413/413 412/412/412
f  417/417/417 416/416/416 415/415/415
f  420/420/420 419/419/419 418/418/418
f  423/423/423 422/422/422 421/421/421
f  426/426/426 425/425/425 424/424/424
f  429/429/429 428/428/428 427/427/427
f  432/432/432 431/431/431 430/430/430
f  435/435/435 434/434/434 433/433/433
f  438/438/438 437/437/437 436/436/436
f  441/441/441 440/440/440 439/439/439
f  444/444/444 443/443/443 442/442/442
f  447/447/447 446/446/446 445/445/445
f  450/450/450 449/449/449 448/448/448
f  453/453/453 452/452/452 451/451/451
f  456/456/456 455/455/455 454/454/454
f  459/459/459 458/458/458 457/457/457
f  462/462/462 461/461/461 460/460/460
f  465/465/465 464/464/464 463/463/463
f  468/468/468 467/467/467 466/466/466
f  471/471/471 470/470/470 469/469/469
f  474/474/474 473/473/473 472/472/472
f  477/477/477 476/476/476 475/475/475
f  480/480/480 479/479/479 478/478/478
f  483/483/483 482/482/482 481/481/481
f  486/486/486 485/485/485 484/484/484
f  489/489/489 488/488/488 487/487/487
f  492/492/492 491/491/491 490/490/490
f  495/495/495 494/494/494 493/493/493
f  498/498/498 497/497/497 496/496/496
f  501/501/501 500/500/500 499/499/499
f  504/504/504 503/503/503 502/502/502
f  507/507/507 506/506/506 505/505/505
f  510/510/510 509/509/509 508/508/508
f  513/513/513 512/512/512 511/511/511
f  516/516/516 515/515/515 514/514/514
f  519/519/519 518/518/518 517/517/517
f  522/522/522 521/521/521 520/520/520
f  525/525/525 524/524/524 523/523/523
f  528/528/528 527/527/527 526/526/526
f  531/531/531 530/530/530 529/529/529
f  534/534/534 533/533/533 532/532/532
f  537/537/537 536/536/536 535/535/535
f  540/540/540 539/539/539 538/538/538
f  543/543/543 542/542/542 541/541/541
f  546/546/546 545/545/545 544/544/544
f  549/549/549 548/548/548 547/547/547
f  552/552/552 551/551/551 550/550/550
f  555/555/555 554/554/554 553/553/553
f  558/558/558 557/557/557 556/556/556
f  561/561/561 560/560/560 559/559/559
f  564/564/564 563/563/563 562/562/562
f  567/567/567 566/566/566 565/565/565
f  570/570/570 569/569/569 568/568/568
f  573/573/573 572/572/572 571/571/571
f  576/576/576 575/575/575 574/574/574
f  579/579/579 578/578/578 577/577/577
f  582/582/582 581/581/581 580/580/580
f  585/585/585 584/584/584 583/583/583
f  588/588/588 587/587/587 586/586/586
f  591/591/591 590/590/590 589/589/589
f  594/594/594 593/593/593 592/592/592
f  597/597/597 596/596/596 595/595/595
f  600/600/600 599/599/599 598/598/598
f  603/603/603 602/602/602 601/601/601
f  606/606/606 605/605/605 604/604/604
f  609/609/609 608/608/608 607/607/607
f  612/612/612 611/611/611 610/610/610
f  615/615/615 614/614/614 613/613/613
f  618/618/618 617/617/617 616/616/616
f  621/621/621 620/620/620 619/619/619
f  624/624/624 623/623/623 622/622/622
f  627/627/627 626/626/626 625/625/625
f  630/630/630 629/629/629 628/628/628
f  633/633/633 632/632/632 631/631/631
f  636/636/636 635/635/635 634/634/634
f  639/639/639 638/638/638 637/637/637
f  642/642/642 641/641/641 640/640/640
f  645/645/645 644/644/644 643/643/643
f  648/648/648 647/647/647 646/646/646
f  651/651/651 650/650/650 649/649/649
f  654/654/654 653/653/653 652/652/652
f  657/657/657 656/656/656 655/655/655
f  660/660/660 659/659/659 658/658/658
f  663/663/663 662/662/662 661/661/661
f  666/666/666 665/665/665 664/664/664
f  669/669/669 668/668/668 667/667/667
f  672/672/672 671/671/671 670/670/670
f  675/675/675 674/674/674 673/673/673
f  678/678/678 677/677/677 676/676/676
f  681/681/681 680/680/680 679/679/679
f  684/684/684 683/683/683 682/682/682
f  687/687/687 686/686/686 685/685/685
f  690/690/690 689/689/689 688/688/688
f  693/693/693 692/692/692 691/691/691
f  696/696/696 695/695/695 694/694/694
f  699/699/699 698/698/698 697/697/697
f  702/702/702 701/701/701 700/700/700
f  705/705/705 704/704/704 703/703/703
f  708/708/708 707/707/707 706/706/706
f  711/711/711 710/710/710 709/709/709
f  714/714/714 713/713/713 712/712/712
f  717/717/717 716/716/716 715/715/715
f  720/720/720 719/719/719 718/718/718
f  723/723/723 722/722/722 721/721/721
f  726/726/726 725/725/725 724/724/724
f  729/729/729 728/728/728 727/727/727
f  732/732/732 731/731/731 730/730/730
f  735/735/735 734/734/734 733/733/733
f  738/738/738 737/737/737 736/736/736
f  741/741/741 740/740/740 739/739/739
f  744/744/744 743/743/743 742/742/742
f  747/747/747 746/746/746 745/745/745
f  750/750/750 749/749/749 748/748/748
f  753/753/753 752/752/752 751/751/751
f  756/756/756 755/755/755 754/754/754
f  759/759/759 758/758/758 757/757/757
f  762/762/762 761/761/761 760/760/760
f  765/765/765 764/764/764 763/763/763
f  768/768/768 767/767/767 766/766/766
f  771/771/771 770/770/770 769/769/769
f  774/774/774 773/773/773 772/772/772
f  777/777/777 776/776/776 775/775/775
f  780/780/780 779/779/779 778/778/778
f  783/783/783 782/782/782 781/781/781
f  786/786/786 785/785/785 784/784/784
f  789/789/789 788/788/788 787/787/787
f  792/792/792 791/791/791 790/790/790
f  795/795/795 794/794/794 793/793/793
f  798/798/798 797/797/797 796/796/796
f  801/801/801 800/800/800 799/799/799
f  804/804/804 803/803/803 802/802/802
f  807/807/807 806/806/806 805/805/805
f  810/810/810 809/809/809 808/808/808
f  813/813/813 812/812/812 811/811/811
f  816/816/816 815/815/815 814/814/814
f  819/819/819 818/818/818 817/817/817
f  822/822/822 821/821/821 820/820/820
f  825/825/825 824/824/824 823/823/823
f  828/828/828 827/827/827 826/826/826
f  831/831/831 830/830/830 829/829/829
f  834/834/834 833/833/833 832/832/832
f  837/837/837 836/836/836 835/835/835
f  840/840/840 839/839/839 838/838/838
f  843/843/843 842/842/842 841/841/841
f  846/846/846 845/845/845 844/844/844
f  849/849/849 848/848/848 847/847/847
f  852/852/852 851/851/851 850/850/850
f  855/855/855 854/854/854 853/853/853
f  858/858/858 857/857/857 856/856/856
f  861/861/861 860/860/860 859/859/859
f  864/864/864 863/863/863 862/862/862
f  867/867/867 866/866/866 865/865/865
f  870/870/870 869/869/869 868/868/868
f  873/873/873 872/872/872 871/871/871
f  876/876/876 875/875/875 874/874/874
f  879/879/879 878/878/878 877/877/877
f  882/882/882 881/881/881 880/880/880
f  885/885/885 884/884/884 883/883/883
f  888/888/888 887/887/887 886/886/886
f  891/891/891 890/890/890 889/889/889
f  894/894/894 893/893/893 892/892/892
f  897/897/897 896/896/896 895/895/895
f  900/900/900 899/899/899 898/898/898
f  903/903/903 902/902/902 901/901/901
f  906/906/906 905/905/905 904/904/904
f  909/909/909 908/908/908 907/907/907
f  912/912/912 911/911/911 910/910/910
f  915/915/915 914/914/914 913/913/913
f  918/918/918 917/917/917 916/916/916
f  921/921/921 920/920/920 919/919/919
f  924/924/924 923/923/923 922/922/922
f  927/927/927 926/926/926 925/925/925
f  930/930/930 929/929/929 928/928/928
f  933/933/933 932/932/932 931/931/931
f  936/936/936 935/935/935 934/934/934
f  939/939/939 938/938/938 937/937/937
f  942/942/942 941/941/941 940/940/940
f  945/945/945 944/944/944 943/943/943
f  948/948/948 947/947/947 946/946/946
f  951/951/951 950/950/950 949/949/949
f  954/954/954 953/953/953 952/952/952
f  957/957/957 956/956/956 955/955/955
f  960/960/960 959/959/959 958/958/958
f  963/963/963 962/962/962 961/961/961
f  966/966/966 965/965/965 964/964/964
f  969/969/969 968/968/968 967/967/967
f  972/972/972 971/971/971 970/970/970
f  975/975/975 974/974/974 973/973/973
f  978/978/978 977/977/977 976/976/976
f  981/981/981 980/980/980 979/979/979
f  984/984/984 983/983/983 982/982/982
f  987/987/987 986/986/986 985/985/985
f  990/990/990 989/989/989 988/988/988
f  993/993/993 992/992/992 991/991/991
f  996/996/996 995/995/995 994/994/994
f  999/999/999 998/998/998 997/997/997
f  1002/1002/1002 1001/1001/1001 1000/1000/1000
f  1005/1005/1005 1004/1004/1004 1003/1003/1003
f  1008/1008/1008 1007/1007/1007 1006/1006/1006
f  1011/1011/1011 1010/1010/1010 1009/1009/1009
f  1014/1014/1014 1013/1013/1013 1012/1012/1012
f  1017/1017/1017 1016/1016/1016 1015/1015/1015
f  1020/1020/1020 1019/1019/1019 1018/1018/1018
f  1023/1023/1023 1022/1022/1022 1021/1021/1021
f  1026/1026/1026 1025/1025/1025 1024/1024/1024
f  1029/1029/1029 1028/1028/1028 1027/1027/1027
f  1032/1032/1032 1031/1031/1031 1030/1030/1030
f  1035/1035/1035 1034/1034/1034 1033/1033/1033
f  1038/1038/1038 1037/1037/1037 1036/1036/1036
f  1041/1041/1041 1040/1040/1040 1039/1039/1039
f  1044/1044/1044 1043/1043/1043 1042/1042/1042
f  1047/1047/1047 1046/1046/1046 1045/1045/1045
f  1050/1050/1050 1049/1049/1049 1048/1048/1048
f  1053/1053/1053 1052/1052/1052 1051/1051/1051
f  1056/1056/1056 1055/1055/1055 1054/1054/1054
f  1059/1059/1059 1058/1058/1058 1057/1057/1057
f  1062/1062/1062 1061/1061/1061 1060/1060/1060
f  1065/1065/1065 1064/1064/1064 1063/1063/1063
f  1068/1068/1068 1067/1067/1067 1066/1066/1066
f  1071/1071/1071 1070/1070/1070 1069/1069/1069
f  1074/1074/1074 1073/1073/1073 1072/1072/1072
f  1077/1077/1077 1076/1076/1076 1075/1075/1075
f  1080/1080/1080 1079/1079/1079 1078/1078/1078
f  1083/1083/1083 1082/1082/1082 1081/1081/1081
f  1086/1086/1086 1085/1085/1085 1084/1084/1084
f  1089/1089/1089 1088/1088/1088 1087/1087/1087
f  782/782/782 783/783/783 1090/1090/1090
f  1093/1093/1093 1092/1092/1092 1091/1091/1091
f  1096/1096/1096 1095/1095/1095 1094/1094/1094
f  1099/1099/1099 1098/1098/1098 1097/1097/1097
f  1102/1102/1102 1101/1101/1101 1100/1100/1100
f  1105/1105/1105 1104/1104/1104 1103/1103/1103
f  1108/1108/1108 1107/1107/1107 1106/1106/1106
f  1111/1111/1111 1110/1110/1110 1109/1109/1109
f  1114/1114/1114 1113/1113/1113 1112/1112/1112
f  1117/1117/1117 1116/1116/1116 1115/1115/1115
f  1120/1120/1120 1119/1119/1119 1118/1118/1118
f  1123/1123/1123 1122/1122/1122 1121/1121/1121
f  1126/1126/1126 1125/1125/1125 1124/1124/1124
f  1129/1129/1129 1128/1128/1128 1127/1127/1127
f  1132/1132/1132 1131/1131/1131 1130/1130/1130
f  1135/1135/1135 1134/1134/1134 1133/1133/1133
f  1138/1138/1138 1137/1137/1137 1136/1136/1136
f  1141/1141/1141 1140/1140/1140 1139/1139/1139
f  1144/1144/1144 1143/1143/1143 1142/1142/1142
f  1147/1147/1147 1146/1146/1146 1145/1145/1145
f  1150/1150/1150 1149/1149/1149 1148/1148/1148
f  1153/1153/1153 1152/1152/1152 1151/1151/1151
f  1156/1156/1156 1155/1155/1155 1154/1154/1154
f  1159/1159/1159 1158/1158/1158 1157/1157/1157
f  1162/1162/1162 1161/1161/1161 1160/1160/1160
f  1165/1165/1165 1164/1164/1164 1163/1163/1163
f  1168/1168/1168 1167/1167/1167 1166/1166/1166
f  1171/1171/1171 1170/1170/1170 1169/1169/1169
f  1174/1174/1174 1173/1173/1173 1172/1172/1172
f  1177/1177/1177 1176/1176/1176 1175/1175/1175
f  1180/1180/1180 1179/1179/1179 1178/1178/1178
f  1183/1183/1183 1182/1182/1182 1181/1181/1181
f  1186/1186/1186 1185/1185/1185 1184/1184/1184
f  1189/1189/1189 1188/1188/1188 1187/1187/1187
f  1192/1192/1192 1191/1191/1191 1190/1190/1190
f  1195/1195/1195 1194/1194/1194 1193/1193/1193
f  1198/1198/1198 1197/1197/1197 1196/1196/1196
f  1201/1201/1201 1200/1200/1200 1199/1199/1199
f  1204/1204/1204 1203/1203/1203 1202/1202/1202
f  1207/1207/1207 1206/1206/1206 1205/1205/1205
f  1210/1210/1210 1209/1209/1209 1208/1208/1208
f  1213/1213/1213 1212/1212/1212 1211/1211/1211
f  1216/1216/1216 1215/1215/1215 1214/1214/1214
f  1219/1219/1219 1218/1218/1218 1217/1217/1217
f  1222/1222/1222 1221/1221/1221 1220/1220/1220
f  1225/1225/1225 1224/1224/1224 1223/1223/1223
f  1228/1228/1228 1227/1227/1227 1226/1226/1226
f  1231/1231/1231 1230/1230/1230 1229/1229/1229
f  1234/1234/1234 1233/1233/1233 1232/1232/1232
f  1237/1237/1237 1236/1236/1236 1235/1235/1235
f  1240/1240/1240 1239/1239/1239 1238/1238/1238
f  1243/1243/1243 1242/1242/1242 1241/1241/1241
f  1246/1246/1246 1245/1245/1245 1244/1244/1244
f  1249/1249/1249 1248/1248/1248 1247/1247/1247
f  1252/1252/1252 1251/1251/1251 1250/1250/1250
f  1255/1255/1255 1254/1254/1254 1253/1253/1253
f  1258/1258/1258 1257/1257/1257 1256/1256/1256
f  1261/1261/1261 1260/1260/1260 1259/1259/1259
f  1264/1264/1264 1263/1263/1263 1262/1262/1262
f  1267/1267/1267 1266/1266/1266 1265/1265/1265
f  1270/1270/1270 1269/1269/1269 1268/1268/1268
f  1273/1273/1273 1272/1272/1272 1271/1271/1271
f  1276/1276/1276 1275/1275/1275 1274/1274/1274
f  1279/1279/1279 1278/1278/1278 1277/1277/1277
f  1282/1282/1282 1281/1281/1281 1280/1280/1280
f  1285/1285/1285 1284/1284/1284 1283/1283/1283
f  1288/1288/1288 1287/1287/1287 1286/1286/1286
f  1291/1291/1291 1290/1290/1290 1289/1289/1289
f  1294/1294/1294 1293/1293/1293 1292/1292/1292
f  1297/1297/1297 1296/1296/1296 1295/1295/1295
f  1300/1300/1300 1299/1299/1299 1298/1298/1298
f  1303/1303/1303 1302/1302/1302 1301/1301/1301
f  1306/1306/1306 1305/1305/1305 1304/1304/1304
f  1309/1309/1309 1308/1308/1308 1307/1307/1307
f  1312/1312/1312 1311/1311/1311 1310/1310/1310
f  1315/1315/1315 1314/1314/1314 1313/1313/1313
f  1318/1318/1318 1317/1317/1317 1316/1316/1316
f  1321/1321/1321 1320/1320/1320 1319/1319/1319
f  1324/1324/1324 1323/1323/1323 1322/1322/1322
f  1327/1327/1327 1326/1326/1326 1325/1325/1325
f  1330/1330/1330 1329/1329/1329 1328/1328/1328
f  1333/1333/1333 1332/1332/1332 1331/1331/1331
f  1336/1336/1336 1335/1335/1335 1334/1334/1334
f  1339/1339/1339 1338/1338/1338 1337/1337/1337
f  1342/1342/1342 1341/1341/1341 1340/1340/1340
f  1345/1345/1345 1344/1344/1344 1343/1343/1343
f  1346/1346/1346 1339/1339/1339 1337/1337/1337
f  1349/1349/1349 1348/1348/1348 1347/1347/1347
f  1352/1352/1352 1351/1351/1351 1350/1350/1350
f  1355/1355/1355 1354/1354/1354 1353/1353/1353
f  1358/1358/1358 1357/1357/1357 1356/1356/1356
f  1361/1361/1361 1360/1360/1360 1359/1359/1359
f  1364/1364/1364 1363/1363/1363 1362/1362/1362
f  1367/1367/1367 1366/1366/1366 1365/1365/1365
f  1370/1370/1370 1369/1369/1369 1368/1368/1368
f  1373/1373/1373 1372/1372/1372 1371/1371/1371
f  1376/1376/1376 1375/1375/1375 1374/1374/1374
f  1379/1379/1379 1378/1378/1378 1377/1377/1377
f  1382/1382/1382 1381/1381/1381 1380/1380/1380
f  1385/1385/1385 1384/1384/1384 1383/1383/1383
f  1388/1388/1388 1387/1387/1387 1386/1386/1386
f  1391/1391/1391 1390/1390/1390 1389/1389/1389
f  1394/1394/1394 1393/1393/1393 1392/1392/1392
f  1397/1397/1397 1396/1396/1396 1395/1395/1395
f  1400/1400/1400 1399/1399/1399 1398/1398/1398
f  1403/1403/1403 1402/1402/1402 1401/1401/1401
f  1406/1406/1406 1405/1405/1405 1404/1404/1404
f  1409/1409/1409 1408/1408/1408 1407/1407/1407
f  1412/1412/1412 1411/1411/1411 1410/1410/1410
f  1415/1415/1415 1414/1414/1414 1413/1413/1413
f  1418/1418/1418 1417/1417/1417 1416/1416/1416
f  1421/1421/1421 1420/1420/1420 1419/1419/1419
f  1424/1424/1424 1423/1423/1423 1422/1422/1422
f  1427/1427/1427 1426/1426/1426 1425/1425/1425
f  1430/1430/1430 1429/1429/1429 1428/1428/1428
f  1433/1433/1433 1432/1432/1432 1431/1431/1431
f  1436/1436/1436 1435/1435/1435 1434/1434/1434
f  1439/1439/1439 1438/1438/1438 1437/1437/1437
f  1442/1442/1442 1441/1441/1441 1440/1440/1440
f  1445/1445/1445 1444/1444/1444 1443/1443/1443
f  1448/1448/1448 1447/1447/1447 1446/1446/1446
f  1451/1451/1451 1450/1450/1450 1449/1449/1449
f  1454/1454/1454 1453/1453/1453 1452/1452/1452
f  1457/1457/1457 1456/1456/1456 1455/1455/1455
f  1460/1460/1460 1459/1459/1459 1458/1458/1458
f  1463/1463/1463 1462/1462/1462 1461/1461/1461
f  1466/1466/1466 1465/1465/1465 1464/1464/1464
f  1469/1469/1469 1468/1468/1468 1467/1467/1467
f  1472/1472/1472 1471/1471/1471 1470/1470/1470
f  1475/1475/1475 1474/1474/1474 1473/1473/1473
f  1478/1478/1478 1477/1477/1477 1476/1476/1476
f  1481/1481/1481 1480/1480/1480 1479/1479/1479
f  1484/1484/1484 1483/1483/1483 1482/1482/1482
f  1487/1487/1487 1486/1486/1486 1485/1485/1485
f  1490/1490/1490 1489/1489/1489 1488/1488/1488
f  1493/1493/1493 1492/1492/1492 1491/1491/1491
f  1496/1496/1496 1495/1495/1495 1494/1494/1494
f  1499/1499/1499 1498/1498/1498 1497/1497/1497
f  1502/1502/1502 1501/1501/1501 1500/1500/1500
f  1505/1505/1505 1504/1504/1504 1503/1503/1503
f  1508/1508/1508 1507/1507/1507 1506/1506/1506
f  1511/1511/1511 1510/1510/1510 1509/1509/1509
f  1514/1514/1514 1513/1513/1513 1512/1512/1512
f  1517/1517/1517 1516/1516/1516 1515/1515/1515
f  1520/1520/1520 1519/1519/1519 1518/1518/1518
f  1523/1523/1523 1522/1522/1522 1521/1521/1521
f  1526/1526/1526 1525/1525/1525 1524/1524/1524
f  1529/1529/1529 1528/1528/1528 1527/1527/1527
f  1532/1532/1532 1531/1531/1531 1530/1530/1530
f  1535/1535/1535 1534/1534/1534 1533/1533/1533
f  1538/1538/1538 1537/1537/1537 1536/1536/1536
f  1541/1541/1541 1540/1540/1540 1539/1539/1539
f  1544/1544/1544 1543/1543/1543 1542/1542/1542
f  1547/1547/1547 1546/1546/1546 1545/1545/1545
f  1550/1550/1550 1549/1549/1549 1548/1548/1548
f  1553/1553/1553 1552/1552/1552 1551/1551/1551
f  1556/1556/1556 1555/1555/1555 1554/1554/1554
f  1559/1559/1559 1558/1558/1558 1557/1557/1557
f  1562/1562/1562 1561/1561/1561 1560/1560/1560
f  1565/1565/1565 1564/1564/1564 1563/1563/1563
f  1568/1568/1568 1567/1567/1567 1566/1566/1566
f  1571/1571/1571 1570/1570/1570 1569/1569/1569
f  1574/1574/1574 1573/1573/1573 1572/1572/1572
f  1577/1577/1577 1576/1576/1576 1575/1575/1575
f  1580/1580/1580 1579/1579/1579 1578/1578/1578
f  1583/1583/1583 1582/1582/1582 1581/1581/1581
f  1586/1586/1586 1585/1585/1585 1584/1584/1584
f  1589/1589/1589 1588/1588/1588 1587/1587/1587
f  1592/1592/1592 1591/1591/1591 1590/1590/1590
f  1595/1595/1595 1594/1594/1594 1593/1593/1593
f  1598/1598/1598 1597/1597/1597 1596/1596/1596
f  1601/1601/1601 1600/1600/1600 1599/1599/1599
f  1604/1604/1604 1603/1603/1603 1602/1602/1602
f  1607/1607/1607 1606/1606/1606 1605/1605/1605
f  1610/1610/1610 1609/1609/1609 1608/1608/1608
f  1613/1613/1613 1612/1612/1612 1611/1611/1611
f  1616/1616/1616 1615/1615/1615 1614/1614/1614
f  1619/1619/1619 1618/1618/1618 1617/1617/1617
f  1622/1622/1622 1621/1621/1621 1620/1620/1620
f  1625/1625/1625 1624/1624/1624 1623/1623/1623
f  1628/1628/1628 1627/1627/1627 1626/1626/1626
f  1631/1631/1631 1630/1630/1630 1629/1629/1629
f  1634/1634/1634 1633/1633/1633 1632/1632/1632
f  1637/1637/1637 1636/1636/1636 1635/1635/1635
f  1640/1640/1640 1639/1639/1639 1638/1638/1638
f  1643/1643/1643 1642/1642/1642 1641/1641/1641
f  1646/1646/1646 1645/1645/1645 1644/1644/1644
f  1649/1649/1649 1648/1648/1648 1647/1647/1647
f  1652/1652/1652 1651/1651/1651 1650/1650/1650
f  1655/1655/1655 1654/1654/1654 1653/1653/1653
f  1658/1658/1658 1657/1657/1657 1656/1656/1656
f  1661/1661/1661 1660/1660/1660 1659/1659/1659
f  1664/1664/1664 1663/1663/1663 1662/1662/1662
f  1667/1667/1667 1666/1666/1666 1665/1665/1665
f  1670/1670/1670 1669/1669/1669 1668/1668/1668
f  1673/1673/1673 1672/1672/1672 1671/1671/1671
f  1676/1676/1676 1675/1675/1675 1674/1674/1674
f  1679/1679/1679 1678/1678/1678 1677/1677/1677
f  1682/1682/1682 1681/1681/1681 1680/1680/1680
f  1685/1685/1685 1684/1684/1684 1683/1683/1683
f  1688/1688/1688 1687/1687/1687 1686/1686/1686
f  1691/1691/1691 1690/1690/1690 1689/1689/1689
f  1694/1694/1694 1693/1693/1693 1692/1692/1692
f  1697/1697/1697 1696/1696/1696 1695/1695/1695
f  1700/1700/1700 1699/1699/1699 1698/1698/1698
f  1703/1703/1703 1702/1702/1702 1701/1701/1701
f  1706/1706/1706 1705/1705/1705 1704/1704/1704
f  1709/1709/1709 1708/1708/1708 1707/1707/1707
f  1712/1712/1712 1711/1711/1711 1710/1710/1710
f  1715/1715/1715 1714/1714/1714 1713/1713/1713
f  1718/1718/1718 1717/1717/1717 1716/1716/1716
f  1721/1721/1721 1720/1720/1720 1719/1719/1719
f  1724/1724/1724 1723/1723/1723 1722/1722/1722
f  1727/1727/1727 1726/1726/1726 1725/1725/1725
f  1730/1730/1730 1729/1729/1729 1728/1728/1728
f  1733/1733/1733 1732/1732/1732 1731/1731/1731
f  1736/1736/1736 1735/1735/1735 1734/1734/1734
f  1739/1739/1739 1738/1738/1738 1737/1737/1737
f  1742/1742/1742 1741/1741/1741 1740/1740/1740
f  1745/1745/1745 1744/1744/1744 1743/1743/1743
f  1748/1748/1748 1747/1747/1747 1746/1746/1746
f  1751/1751/1751 1750/1750/1750 1749/1749/1749
f  1754/1754/1754 1753/1753/1753 1752/1752/1752
f  1757/1757/1757 1756/1756/1756 1755/1755/1755
f  1760/1760/1760 1759/1759/1759 1758/1758/1758
f  1763/1763/1763 1762/1762/1762 1761/1761/1761
f  1766/1766/1766 1765/1765/1765 1764/1764/1764
f  1769/1769/1769 1768/1768/1768 1767/1767/1767
f  1772/1772/1772 1771/1771/1771 1770/1770/1770
f  1775/1775/1775 1774/1774/1774 1773/1773/1773
f  1778/1778/1778 1777/1777/1777 1776/1776/1776
f  1781/1781/1781 1780/1780/1780 1779/1779/1779
f  1784/1784/1784 1783/1783/1783 1782/1782/1782
f  1787/1787/1787 1786/1786/1786 1785/1785/1785
f  1790/1790/1790 1789/1789/1789 1788/1788/1788
f  1793/1793/1793 1792/1792/1792 1791/1791/1791
f  1796/1796/1796 1795/1795/1795 1794/1794/1794
f  1799/1799/1799 1798/1798/1798 1797/1797/1797
f  1802/1802/1802 1801/1801/1801 1800/1800/1800
f  1805/1805/1805 1804/1804/1804 1803/1803/1803
f  1808/1808/1808 1807/1807/1807 1806/1806/1806
f  1811/1811/1811 1810/1810/1810 1809/1809/1809
f  1814/1814/1814 1813/1813/1813 1812/1812/1812
f  1817/1817/1817 1816/1816/1816 1815/1815/1815
f  1820/1820/1820 1819/1819/1819 1818/1818/1818
f  1823/1823/1823 1822/1822/1822 1821/1821/1821
f  1826/1826/1826 1825/1825/1825 1824/1824/1824
f  1829/1829/1829 1828/1828/1828 1827/1827/1827
f  1832/1832/1832 1831/1831/1831 1830/1830/1830
f  1835/1835/1835 1834/1834/1834 1833/1833/1833
f  1838/1838/1838 1837/1837/1837 1836/1836/1836
f  1841/1841/1841 1840/1840/1840 1839/1839/1839
f  1844/1844/1844 1843/1843/1843 1842/1842/1842
f  1847/1847/1847 1846/1846/1846 1845/1845/1845
f  1850/1850/1850 1849/1849/1849 1848/1848/1848
f  1853/1853/1853 1852/1852/1852 1851/1851/1851
f  1856/1856/1856 1855/1855/1855 1854/1854/1854
f  1859/1859/1859 1858/1858/1858 1857/1857/1857
f  1862/1862/1862 1861/1861/1861 1860/1860/1860
f  1865/1865/1865 1864/1864/1864 1863/1863/1863
f  1868/1868/1868 1867/1867/1867 1866/1866/1866
f  1871/1871/1871 1870/1870/1870 1869/1869/1869
f  1874/1874/1874 1873/1873/1873 1872/1872/1872
f  1877/1877/1877 1876/1876/1876 1875/1875/1875
f  1880/1880/1880 1879/1879/1879 1878/1878/1878
f  1883/1883/1883 1882/1882/1882 1881/1881/1881
f  1886/1886/1886 1885/1885/1885 1884/1884/1884
f  1889/1889/1889 1888/1888/1888 1887/1887/1887
f  1892/1892/1892 1891/1891/1891 1890/1890/1890
f  1895/1895/1895 1894/1894/1894 1893/1893/1893
f  1898/1898/1898 1897/1897/1897 1896/1896/1896
f  1901/1901/1901 1900/1900/1900 1899/1899/1899
f  1904/1904/1904 1903/1903/1903 1902/1902/1902
f  1907/1907/1907 1906/1906/1906 1905/1905/1905
f  1910/1910/1910 1909/1909/1909 1908/1908/1908
f  1913/1913/1913 1912/1912/1912 1911/1911/1911
f  1916/1916/1916 1915/1915/1915 1914/1914/1914
f  1919/1919/1919 1918/1918/1918 1917/1917/1917
f  1922/1922/1922 1921/1921/1921 1920/1920/1920
f  1925/1925/1925 1924/1924/1924 1923/1923/1923
f  1928/1928/1928 1927/1927/1927 1926/1926/1926
f  1931/1931/1931 1930/1930/1930 1929/1929/1929
f  1934/1934/1934 1933/1933/1933 1932/1932/1932
f  1937/1937/1937 1936/1936/1936 1935/1935/1935
f  1940/1940/1940 1939/1939/1939 1938/1938/1938
f  1943/1943/1943 1942/1942/1942 1941/1941/1941
f  1946/1946/1946 1945/1945/1945 1944/1944/1944
f  1949/1949/1949 1948/1948/1948 1947/1947/1947
f  1952/1952/1952 1951/1951/1951 1950/1950/1950
f  1953/1953/1953 1951/1951/1951 1952/1952/1952
f  1956/1956/1956 1955/1955/1955 1954/1954/1954
f  1959/1959/1959 1958/1958/1958 1957/1957/1957
f  1962/1962/1962 1961/1961/1961 1960/1960/1960
f  1965/1965/1965 1964/1964/1964 1963/1963/1963
f  1968/1968/1968 1967/1967/1967 1966/1966/1966
f  1971/1971/1971 1970/1970/1970 1969/1969/1969
f  1974/1974/1974 1973/1973/1973 1972/1972/1972
f  1977/1977/1977 1976/1976/1976 1975/1975/1975
f  1980/1980/1980 1979/1979/1979 1978/1978/1978
f  1983/1983/1983 1982/1982/1982 1981/1981/1981
f  1986/1986/1986 1985/1985/1985 1984/1984/1984
f  1989/1989/1989 1988/1988/1988 1987/1987/1987
f  1992/1992/1992 1991/1991/1991 1990/1990/1990
f  1995/1995/1995 1994/1994/1994 1993/1993/1993
f  1998/1998/1998 1997/1997/1997 1996/1996/1996
f  2001/2001/2001 2000/2000/2000 1999/1999/1999
f  2004/2004/2004 2003/2003/2003 2002/2002/2002
f  2007/2007/2007 2006/2006/2006 2005/2005/2005
f  2010/2010/2010 2009/2009/2009 2008/2008/2008
f  2013/2013/2013 2012/2012/2012 2011/2011/2011
f  2016/2016/2016 2015/2015/2015 2014/2014/2014
f  2019/2019/2019 2018/2018/2018 2017/2017/2017
f  2022/2022/2022 2021/2021/2021 2020/2020/2020
f  2025/2025/2025 2024/2024/2024 2023/2023/2023
f  2028/2028/2028 2027/2027/2027 2026/2026/2026
f  2031/2031/2031 2030/2030/2030 2029/2029/2029
f  2034/2034/2034 2033/2033/2033 2032/2032/2032
f  2037/2037/2037 2036/2036/2036 2035/2035/2035
f  2040/2040/2040 2039/2039/2039 2038/2038/2038
f  2043/2043/2043 2042/2042/2042 2041/2041/2041
f  2046/2046/2046 2045/2045/2045 2044/2044/2044
f  2049/2049/2049 2048/2048/2048 2047/2047/2047
f  2052/2052/2052 2051/2051/2051 2050/2050/2050
f  2055/2055/2055 2054/2054/2054 2053/2053/2053
f  2058/2058/2058 2057/2057/2057 2056/2056/2056
f  2061/2061/2061 2060/2060/2060 2059/2059/2059
f  2064/2064/2064 2063/2063/2063 2062/2062/2062
f  2067/2067/2067 2066/2066/2066 2065/2065/2065
f  2070/2070/2070 2069/2069/2069 2068/2068/2068
f  2073/2073/2073 2072/2072/2072 2071/2071/2071
f  2076/2076/2076 2075/2075/2075 2074/2074/2074
f  2079/2079/2079 2078/2078/2078 2077/2077/2077
f  2082/2082/2082 2081/2081/2081 2080/2080/2080
f  2085/2085/2085 2084/2084/2084 2083/2083/2083
f  2088/2088/2088 2087/2087/2087 2086/2086/2086
f  2091/2091/2091 2090/2090/2090 2089/2089/2089
f  2094/2094/2094 2093/2093/2093 2092/2092/2092
f  2097/2097/2097 2096/2096/2096 2095/2095/2095
f  2100/2100/2100 2099/2099/2099 2098/2098/2098
f  2103/2103/2103 2102/2102/2102 2101/2101/2101
f  2106/2106/2106 2105/2105/2105 2104/2104/2104
f  2109/2109/2109 2108/2108/2108 2107/2107/2107
f  2112/2112/2112 2111/2111/2111 2110/2110/2110
f  2115/2115/2115 2114/2114/2114 2113/2113/2113
f  2118/2118/2118 2117/2117/2117 2116/2116/2116
f  2121/2121/2121 2120/2120/2120 2119/2119/2119
f  2124/2124/2124 2123/2123/2123 2122/2122/2122
f  2127/2127/2127 2126/2126/2126 2125/2125/2125
f  2130/2130/2130 2129/2129/2129 2128/2128/2128
f  2133/2133/2133 2132/2132/2132 2131/2131/2131
f  2136/2136/2136 2135/2135/2135 2134/2134/2134
f  2139/2139/2139 2138/2138/2138 2137/2137/2137
f  2142/2142/2142 2141/2141/2141 2140/2140/2140
f  2145/2145/2145 2144/2144/2144 2143/2143/2143
f  2148/2148/2148 2147/2147/2147 2146/2146/2146
f  2151/2151/2151 2150/2150/2150 2149/2149/2149
f  2154/2154/2154 2153/2153/2153 2152/2152/2152
f  2157/2157/2157 2156/2156/2156 2155/2155/2155
f  2160/2160/2160 2159/2159/2159 2158/2158/2158
f  2163/2163/2163 2162/2162/2162 2161/2161/2161
f  2166/2166/2166 2165/2165/2165 2164/2164/2164
f  2169/2169/2169 2168/2168/2168 2167/2167/2167
f  2172/2172/2172 2171/2171/2171 2170/2170/2170
f  2175/2175/2175 2174/2174/2174 2173/2173/2173
f  2178/2178/2178 2177/2177/2177 2176/2176/2176
f  2181/2181/2181 2180/2180/2180 2179/2179/2179
f  2184/2184/2184 2183/2183/2183 2182/2182/2182
f  2187/2187/2187 2186/2186/2186 2185/2185/2185
f  2190/2190/2190 2189/2189/2189 2188/2188/2188
f  2193/2193/2193 2192/2192/2192 2191/2191/2191
f  2196/2196/2196 2195/2195/2195 2194/2194/2194
f  2199/2199/2199 2198/2198/2198 2197/2197/2197
f  2202/2202/2202 2201/2201/2201 2200/2200/2200
f  2205/2205/2205 2204/2204/2204 2203/2203/2203
f  2208/2208/2208 2207/2207/2207 2206/2206/2206
f  2211/2211/2211 2210/2210/2210 2209/2209/2209
f  2214/2214/2214 2213/2213/2213 2212/2212/2212
f  2217/2217/2217 2216/2216/2216 2215/2215/2215
f  2220/2220/2220 2219/2219/2219 2218/2218/2218
f  2223/2223/2223 2222/2222/2222 2221/2221/2221
f  2226/2226/2226 2225/2225/2225 2224/2224/2224
f  2229/2229/2229 2228/2228/2228 2227/2227/2227
f  2232/2232/2232 2231/2231/2231 2230/2230/2230
f  2235/2235/2235 2234/2234/2234 2233/2233/2233
f  2238/2238/2238 2237/2237/2237 2236/2236/2236
f  2241/2241/2241 2240/2240/2240 2239/2239/2239
f  2244/2244/2244 2243/2243/2243 2242/2242/2242
f  2247/2247/2247 2246/2246/2246 2245/2245/2245
f  2250/2250/2250 2249/2249/2249 2248/2248/2248
f  2253/2253/2253 2252/2252/2252 2251/2251/2251
f  2256/2256/2256 2255/2255/2255 2254/2254/2254
f  2259/2259/2259 2258/2258/2258 2257/2257/2257
f  2262/2262/2262 2261/2261/2261 2260/2260/2260
f  2265/2265/2265 2264/2264/2264 2263/2263/2263
f  2268/2268/2268 2267/2267/2267 2266/2266/2266
f  2271/2271/2271 2270/2270/2270 2269/2269/2269
f  2274/2274/2274 2273/2273/2273 2272/2272/2272
f  2277/2277/2277 2276/2276/2276 2275/2275/2275
f  2280/2280/2280 2279/2279/2279 2278/2278/2278
f  2283/2283/2283 2282/2282/2282 2281/2281/2281
f  2286/2286/2286 2285/2285/2285 2284/2284/2284
f  2289/2289/2289 2288/2288/2288 2287/2287/2287
f  2292/2292/2292 2291/2291/2291 2290/2290/2290
f  2295/2295/2295 2294/2294/2294 2293/2293/2293
f  2298/2298/2298 2297/2297/2297 2296/2296/2296
f  2301/2301/2301 2300/2300/2300 2299/2299/2299
f  2304/2304/2304 2303/2303/2303 2302/2302/2302
f  2307/2307/2307 2306/2306/2306 2305/2305/2305
f  2310/2310/2310 2309/2309/2309 2308/2308/2308
f  2313/2313/2313 2312/2312/2312 2311/2311/2311
f  2316/2316/2316 2315/2315/2315 2314/2314/2314
f  2319/2319/2319 2318/2318/2318 2317/2317/2317
f  2322/2322/2322 2321/2321/2321 2320/2320/2320
f  2325/2325/2325 2324/2324/2324 2323/2323/2323
f  2328/2328/2328 2327/2327/2327 2326/2326/2326
f  2331/2331/2331 2330/2330/2330 2329/2329/2329
f  2334/2334/2334 2333/2333/2333 2332/2332/2332
f  2337/2337/2337 2336/2336/2336 2335/2335/2335
f  2340/2340/2340 2339/2339/2339 2338/2338/2338
f  2343/2343/2343 2342/2342/2342 2341/2341/2341
f  2346/2346/2346 2345/2345/2345 2344/2344/2344
f  2349/2349/2349 2348/2348/2348 2347/2347/2347
f  2352/2352/2352 2351/2351/2351 2350/2350/2350
f  2355/2355/2355 2354/2354/2354 2353/2353/2353
f  2358/2358/2358 2357/2357/2357 2356/2356/2356
f  2361/2361/2361 2360/2360/2360 2359/2359/2359
f  2364/2364/2364 2363/2363/2363 2362/2362/2362
f  2367/2367/2367 2366/2366/2366 2365/2365/2365
f  2370/2370/2370 2369/2369/2369 2368/2368/2368
f  2373/2373/2373 2372/2372/2372 2371/2371/2371
f  2376/2376/2376 2375/2375/2375 2374/2374/2374
f  2379/2379/2379 2378/2378/2378 2377/2377/2377
f  2382/2382/2382 2381/2381/2381 2380/2380/2380
f  2385/2385/2385 2384/2384/2384 2383/2383/2383
f  2388/2388/2388 2387/2387/2387 2386/2386/2386
f  2391/2391/2391 2390/2390/2390 2389/2389/2389
f  2394/2394/2394 2393/2393/2393 2392/2392/2392
f  2397/2397/2397 2396/2396/2396 2395/2395/2395
f  2400/2400/2400 2399/2399/2399 2398/2398/2398
f  2403/2403/2403 2402/2402/2402 2401/2401/2401
f  2406/2406/2406 2405/2405/2405 2404/2404/2404
f  2409/2409/2409 2408/2408/2408 2407/2407/2407
f  2412/2412/2412 2411/2411/2411 2410/2410/2410
f  2415/2415/2415 2414/2414/2414 2413/2413/2413
f  2418/2418/2418 2417/2417/2417 2416/2416/2416
f  2421/2421/2421 2420/2420/2420 2419/2419/2419
f  2424/2424/2424 2423/2423/2423 2422/2422/2422
f  2427/2427/2427 2426/2426/2426 2425/2425/2425
f  2430/2430/2430 2429/2429/2429 2428/2428/2428
f  2433/2433/2433 2432/2432/2432 2431/2431/2431
f  2436/2436/2436 2435/2435/2435 2434/2434/2434
f  2439/2439/2439 2438/2438/2438 2437/2437/2437
f  2442/2442/2442 2441/2441/2441 2440/2440/2440
f  2445/2445/2445 2444/2444/2444 2443/2443/2443
f  2448/2448/2448 2447/2447/2447 2446/2446/2446
f  2451/2451/2451 2450/2450/2450 2449/2449/2449
f  2454/2454/2454 2453/2453/2453 2452/2452/2452
f  2457/2457/2457 2456/2456/2456 2455/2455/2455
f  2460/2460/2460 2459/2459/2459 2458/2458/2458
f  2463/2463/2463 2462/2462/2462 2461/2461/2461
f  2466/2466/2466 2465/2465/2465 2464/2464/2464
f  2469/2469/2469 2468/2468/2468 2467/2467/2467
f  2472/2472/2472 2471/2471/2471 2470/2470/2470
f  2475/2475/2475 2474/2474/2474 2473/2473/2473
f  2478/2478/2478 2477/2477/2477 2476/2476/2476
f  2481/2481/2481 2480/2480/2480 2479/2479/2479
f  2484/2484/2484 2483/2483/2483 2482/2482/2482
f  2487/2487/2487 2486/2486/2486 2485/2485/2485
f  2490/2490/2490 2489/2489/2489 2488/2488/2488
f  2493/2493/2493 2492/2492/2492 2491/2491/2491
f  2496/2496/2496 2495/2495/2495 2494/2494/2494
f  2499/2499/2499 2498/2498/2498 2497/2497/2497
f  2502/2502/2502 2501/2501/2501 2500/2500/2500
f  2505/2505/2505 2504/2504/2504 2503/2503/2503
f  2508/2508/2508 2507/2507/2507 2506/2506/2506
f  2511/2511/2511 2510/2510/2510 2509/2509/2509
f  2514/2514/2514 2513/2513/2513 2512/2512/2512
f  2517/2517/2517 2516/2516/2516 2515/2515/2515
f  2520/2520/2520 2519/2519/2519 2518/2518/2518
f  2523/2523/2523 2522/2522/2522 2521/2521/2521
f  2526/2526/2526 2525/2525/2525 2524/2524/2524
f  2529/2529/2529 2528/2528/2528 2527/2527/2527
f  2532/2532/2532 2531/2531/2531 2530/2530/2530
f  2535/2535/2535 2534/2534/2534 2533/2533/2533
f  2538/2538/2538 2537/2537/2537 2536/2536/2536
f  2541/2541/2541 2540/2540/2540 2539/2539/2539
f  2544/2544/2544 2543/2543/2543 2542/2542/2542
f  2547/2547/2547 2546/2546/2546 2545/2545/2545
f  2550/2550/2550 2549/2549/2549 2548/2548/2548
f  2553/2553/2553 2552/2552/2552 2551/2551/2551
f  2556/2556/2556 2555/2555/2555 2554/2554/2554
f  2559/2559/2559 2558/2558/2558 2557/2557/2557
f  2562/2562/2562 2561/2561/2561 2560/2560/2560
f  2565/2565/2565 2564/2564/2564 2563/2563/2563
f  2568/2568/2568 2567/2567/2567 2566/2566/2566
f  2571/2571/2571 2570/2570/2570 2569/2569/2569
f  2574/2574/2574 2573/2573/2573 2572/2572/2572
f  2577/2577/2577 2576/2576/2576 2575/2575/2575
f  2580/2580/2580 2579/2579/2579 2578/2578/2578
f  2583/2583/2583 2582/2582/2582 2581/2581/2581
f  2586/2586/2586 2585/2585/2585 2584/2584/2584
f  2589/2589/2589 2588/2588/2588 2587/2587/2587
f  2592/2592/2592 2591/2591/2591 2590/2590/2590
f  2595/2595/2595 2594/2594/2594 2593/2593/2593
f  2598/2598/2598 2597/2597/2597 2596/2596/2596
f  2601/2601/2601 2600/2600/2600 2599/2599/2599
f  2604/2604/2604 2603/2603/2603 2602/2602/2602
f  2607/2607/2607 2606/2606/2606 2605/2605/2605
f  2610/2610/2610 2609/2609/2609 2608/2608/2608
f  2613/2613/2613 2612/2612/2612 2611/2611/2611
f  2616/2616/2616 2615/2615/2615 2614/2614/2614
f  2619/2619/2619 2618/2618/2618 2617/2617/2617
f  2622/2622/2622 2621/2621/2621 2620/2620/2620
f  2625/2625/2625 2624/2624/2624 2623/2623/2623
f  2628/2628/2628 2627/2627/2627 2626/2626/2626
f  2631/2631/2631 2630/2630/2630 2629/2629/2629
f  2634/2634/2634 2633/2633/2633 2632/2632/2632
f  2637/2637/2637 2636/2636/2636 2635/2635/2635
f  2640/2640/2640 2639/2639/2639 2638/2638/2638
f  2643/2643/2643 2642/2642/2642 2641/2641/2641
f  2646/2646/2646 2645/2645/2645 2644/2644/2644
f  2649/2649/2649 2648/2648/2648 2647/2647/2647
f  2652/2652/2652 2651/2651/2651 2650/2650/2650
f  2655/2655/2655 2654/2654/2654 2653/2653/2653
f  2658/2658/2658 2657/2657/2657 2656/2656/2656
f  2661/2661/2661 2660/2660/2660 2659/2659/2659
f  2664/2664/2664 2663/2663/2663 2662/2662/2662
f  2667/2667/2667 2666/2666/2666 2665/2665/2665
f  2670/2670/2670 2669/2669/2669 2668/2668/2668
f  2673/2673/2673 2672/2672/2672 2671/2671/2671
f  2676/2676/2676 2675/2675/2675 2674/2674/2674
f  2679/2679/2679 2678/2678/2678 2677/2677/2677
f  2682/2682/2682 2681/2681/2681 2680/2680/2680
f  2685/2685/2685 2684/2684/2684 2683/2683/2683
f  2688/2688/2688 2687/2687/2687 2686/2686/2686
f  2691/2691/2691 2690/2690/2690 2689/2689/2689
f  2694/2694/2694 2693/2693/2693 2692/2692/2692
f  2697/2697/2697 2696/2696/2696 2695/2695/2695
f  2700/2700/2700 2699/2699/2699 2698/2698/2698
f  2703/2703/2703 2702/2702/2702 2701/2701/2701
f  2706/2706/2706 2705/2705/2705 2704/2704/2704
f  2709/2709/2709 2708/2708/2708 2707/2707/2707
f  2712/2712/2712 2711/2711/2711 2710/2710/2710
f  2715/2715/2715 2714/2714/2714 2713/2713/2713
f  2718/2718/2718 2717/2717/2717 2716/2716/2716
f  2721/2721/2721 2720/2720/2720 2719/2719/2719
f  2724/2724/2724 2723/2723/2723 2722/2722/2722
f  2727/2727/2727 2726/2726/2726 2725/2725/2725
f  2730/2730/2730 2729/2729/2729 2728/2728/2728
f  2733/2733/2733 2732/2732/2732 2731/2731/2731
f  2736/2736/2736 2735/2735/2735 2734/2734/2734
f  2739/2739/2739 2738/2738/2738 2737/2737/2737
f  2742/2742/2742 2741/2741/2741 2740/2740/2740
f  2745/2745/2745 2744/2744/2744 2743/2743/2743
f  2748/2748/2748 2747/2747/2747 2746/2746/2746
f  2751/2751/2751 2750/2750/2750 2749/2749/2749
f  2754/2754/2754 2753/2753/2753 2752/2752/2752
f  2757/2757/2757 2756/2756/2756 2755/2755/2755
f  2760/2760/2760 2759/2759/2759 2758/2758/2758
f  2763/2763/2763 2762/2762/2762 2761/2761/2761
f  2766/2766/2766 2765/2765/2765 2764/2764/2764
f  2769/2769/2769 2768/2768/2768 2767/2767/2767
f  2772/2772/2772 2771/2771/2771 2770/2770/2770
f  2775/2775/2775 2774/2774/2774 2773/2773/2773
f  2778/2778/2778 2777/2777/2777 2776/2776/2776
f  2781/2781/2781 2780/2780/2780 2779/2779/2779
f  2784/2784/2784 2783/2783/2783 2782/2782/2782
f  2787/2787/2787 2786/2786/2786 2785/2785/2785
f  2790/2790/2790 2789/2789/2789 2788/2788/2788
f  2793/2793/2793 2792/2792/2792 2791/2791/2791
f  2796/2796/2796 2795/2795/2795 2794/2794/2794
f  2799/2799/2799 2798/2798/2798 2797/2797/2797
f  2802/2802/2802 2801/2801/2801 2800/2800/2800
f  2805/2805/2805 2804/2804/2804 2803/2803/2803
f  2808/2808/2808 2807/2807/2807 2806/2806/2806
f  2811/2811/2811 2810/2810/2810 2809/2809/2809
f  2814/2814/2814 2813/2813/2813 2812/2812/2812
f  2817/2817/2817 2816/2816/2816 2815/2815/2815
f  2820/2820/2820 2819/2819/2819 2818/2818/2818
f  2823/2823/2823 2822/2822/2822 2821/2821/2821
f  2826/2826/2826 2825/2825/2825 2824/2824/2824
f  2829/2829/2829 2828/2828/2828 2827/2827/2827
f  2832/2832/2832 2831/2831/2831 2830/2830/2830
f  2835/2835/2835 2834/2834/2834 2833/2833/2833
f  2838/2838/2838 2837/2837/2837 2836/2836/2836
f  2841/2841/2841 2840/2840/2840 2839/2839/2839
f  2844/2844/2844 2843/2843/2843 2842/2842/2842
f  2847/2847/2847 2846/2846/2846 2845/2845/2845
f  2850/2850/2850 2849/2849/2849 2848/2848/2848
f  2853/2853/2853 2852/2852/2852 2851/2851/2851
f  2856/2856/2856 2855/2855/2855 2854/2854/2854
f  2859/2859/2859 2858/2858/2858 2857/2857/2857
f  2862/2862/2862 2861/2861/2861 2860/2860/2860
f  2865/2865/2865 2864/2864/2864 2863/2863/2863
f  2868/2868/2868 2867/2867/2867 2866/2866/2866
f  2871/2871/2871 2870/2870/2870 2869/2869/2869
f  2874/2874/2874 2873/2873/2873 2872/2872/2872
f  2877/2877/2877 2876/2876/2876 2875/2875/2875
f  2880/2880/2880 2879/2879/2879 2878/2878/2878
f  2883/2883/2883 2882/2882/2882 2881/2881/2881
f  2886/2886/2886 2885/2885/2885 2884/2884/2884
f  2889/2889/2889 2888/2888/2888 2887/2887/2887
f  2892/2892/2892 2891/2891/2891 2890/2890/2890
f  2895/2895/2895 2894/2894/2894 2893/2893/2893
f  2898/2898/2898 2897/2897/2897 2896/2896/2896
f  2901/2901/2901 2900/2900/2900 2899/2899/2899
f  2904/2904/2904 2903/2903/2903 2902/2902/2902
f  2907/2907/2907 2906/2906/2906 2905/2905/2905
f  2910/2910/2910 2909/2909/2909 2908/2908/2908
f  2913/2913/2913 2912/2912/2912 2911/2911/2911
f  2916/2916/2916 2915/2915/2915 2914/2914/2914
f  2919/2919/2919 2918/2918/2918 2917/2917/2917
f  2922/2922/2922 2921/2921/2921 2920/2920/2920
f  2925/2925/2925 2924/2924/2924 2923/2923/2923
f  2928/2928/2928 2927/2927/2927 2926/2926/2926
f  2931/2931/2931 2930/2930/2930 2929/2929/2929
f  2934/2934/2934 2933/2933/2933 2932/2932/2932
f  2937/2937/2937 2936/2936/2936 2935/2935/2935
f  2940/2940/2940 2939/2939/2939 2938/2938/2938
f  2943/2943/2943 2942/2942/2942 2941/2941/2941
f  2946/2946/2946 2945/2945/2945 2944/2944/2944
f  2949/2949/2949 2948/2948/2948 2947/2947/2947
f  2952/2952/2952 2951/2951/2951 2950/2950/2950
f  2955/2955/2955 2954/2954/2954 2953/2953/2953
f  2958/2958/2958 2957/2957/2957 2956/2956/2956
f  2961/2961/2961 2960/2960/2960 2959/2959/2959
f  2964/2964/2964 2963/2963/2963 2962/2962/2962
f  2967/2967/2967 2966/2966/2966 2965/2965/2965
f  2970/2970/2970 2969/2969/2969 2968/2968/2968
f  2973/2973/2973 2972/2972/2972 2971/2971/2971
f  2976/2976/2976 2975/2975/2975 2974/2974/2974
f  2979/2979/2979 2978/2978/2978 2977/2977/2977
f  2982/2982/2982 2981/2981/2981 2980/2980/2980
f  2985/2985/2985 2984/2984/2984 2983/2983/2983
f  2988/2988/2988 2987/2987/2987 2986/2986/2986
f  2991/2991/2991 2990/2990/2990 2989/2989/2989
f  2994/2994/2994 2993/2993/2993 2992/2992/2992
f  2997/2997/2997 2996/2996/2996 2995/2995/2995
f  3000/3000/3000 2999/2999/2999 2998/2998/2998
f  3003/3003/3003 3002/3002/3002 3001/3001/3001
f  3006/3006/3006 3005/3005/3005 3004/3004/3004
f  3009/3009/3009 3008/3008/3008 3007/3007/3007
f  3012/3012/3012 3011/3011/3011 3010/3010/3010
f  3015/3015/3015 3014/3014/3014 3013/3013/3013
f  3018/3018/3018 3017/3017/3017 3016/3016/3016
f  3021/3021/3021 3020/3020/3020 3019/3019/3019
f  3024/3024/3024 3023/3023/3023 3022/3022/3022
f  3027/3027/3027 3026/3026/3026 3025/3025/3025
f  3030/3030/3030 3029/3029/3029 3028/3028/3028
f  3033/3033/3033 3032/3032/3032 3031/3031/3031
f  3036/3036/3036 3035/3035/3035 3034/3034/3034
f  3039/3039/3039 3038/3038/3038 3037/3037/3037
f  3042/3042/3042 3041/3041/3041 3040/3040/3040
f  3045/3045/3045 3044/3044/3044 3043/3043/3043
f  3048/3048/3048 3047/3047/3047 3046/3046/3046
f  3051/3051/3051 3050/3050/3050 3049/3049/3049
f  3054/3054/3054 3053/3053/3053 3052/3052/3052
f  3057/3057/3057 3056/3056/3056 3055/3055/3055
f  3060/3060/3060 3059/3059/3059 3058/3058/3058
f  3063/3063/3063 3062/3062/3062 3061/3061/3061
f  3066/3066/3066 3065/3065/3065 3064/3064/3064
f  3069/3069/3069 3068/3068/3068 3067/3067/3067
f  3072/3072/3072 3071/3071/3071 3070/3070/3070
f  3075/3075/3075 3074/3074/3074 3073/3073/3073
f  3078/3078/3078 3077/3077/3077 3076/3076/3076
f  3081/3081/3081 3080/3080/3080 3079/3079/3079
f  3084/3084/3084 3083/3083/3083 3082/3082/3082
f  3087/3087/3087 3086/3086/3086 3085/3085/3085
f  3090/3090/3090 3089/3089/3089 3088/3088/3088
f  3093/3093/3093 3092/3092/3092 3091/3091/3091
f  3096/3096/3096 3095/3095/3095 3094/3094/3094
f  3099/3099/3099 3098/3098/3098 3097/3097/3097
f  3102/3102/3102 3101/3101/3101 3100/3100/3100
f  3105/3105/3105 3104/3104/3104 3103/3103/3103
f  3108/3108/3108 3107/3107/3107 3106/3106/3106
f  3111/3111/3111 3110/3110/3110 3109/3109/3109
f  3114/3114/3114 3113/3113/3113 3112/3112/3112
f  3117/3117/3117 3116/3116/3116 3115/3115/3115
f  3120/3120/3120 3119/3119/3119 3118/3118/3118
f  3123/3123/3123 3122/3122/3122 3121/3121/3121
f  3126/3126/3126 3125/3125/3125 3124/3124/3124
f  3129/3129/3129 3128/3128/3128 3127/3127/3127
f  3132/3132/3132 3131/3131/3131 3130/3130/3130
f  3135/3135/3135 3134/3134/3134 3133/3133/3133
f  3138/3138/3138 3137/3137/3137 3136/3136/3136
f  3141/3141/3141 3140/3140/3140 3139/3139/3139
f  3144/3144/3144 3143/3143/3143 3142/3142/3142
f  3147/3147/3147 3146/3146/3146 3145/3145/3145
f  3150/3150/3150 3149/3149/3149 3148/3148/3148
f  3153/3153/3153 3152/3152/3152 3151/3151/3151
f  3156/3156/3156 3155/3155/3155 3154/3154/3154
f  3159/3159/3159 3158/3158/3158 3157/3157/3157
f  3162/3162/3162 3161/3161/3161 3160/3160/3160
f  3165/3165/3165 3164/3164/3164 3163/3163/3163
f  3168/3168/3168 3167/3167/3167 3166/3166/3166
f  3171/3171/3171 3170/3170/3170 3169/3169/3169
f  3174/3174/3174 3173/3173/3173 3172/3172/3172
f  3177/3177/3177 3176/3176/3176 3175/3175/3175
f  3180/3180/3180 3179/3179/3179 3178/3178/3178
f  3183/3183/3183 3182/3182/3182 3181/3181/3181
f  3186/3186/3186 3185/3185/3185 3184/3184/3184
f  3189/3189/3189 3188/3188/3188 3187/3187/3187
f  3192/3192/3192 3191/3191/3191 3190/3190/3190
f  3195/3195/3195 3194/3194/3194 3193/3193/3193
f  3198/3198/3198 3197/3197/3197 3196/3196/3196
f  3201/3201/3201 3200/3200/3200 3199/3199/3199
f  3204/3204/3204 3203/3203/3203 3202/3202/3202
f  3207/3207/3207 3206/3206/3206 3205/3205/3205
f  3210/3210/3210 3209/3209/3209 3208/3208/3208
f  3213/3213/3213 3212/3212/3212 3211/3211/3211
f  3216/3216/3216 3215/3215/3215 3214/3214/3214
f  3219/3219/3219 3218/3218/3218 3217/3217/3217
f  3222/3222/3222 3221/3221/3221 3220/3220/3220
f  3225/3225/3225 3224/3224/3224 3223/3223/3223
f  3228/3228/3228 3227/3227/3227 3226/3226/3226
f  3231/3231/3231 3230/3230/3230 3229/3229/3229
f  3234/3234/3234 3233/3233/3233 3232/3232/3232
f  3237/3237/3237 3236/3236/3236 3235/3235/3235
f  3240/3240/3240 3239/3239/3239 3238/3238/3238
f  3243/3243/3243 3242/3242/3242 3241/3241/3241
f  3246/3246/3246 3245/3245/3245 3244/3244/3244
f  3249/3249/3249 3248/3248/3248 3247/3247/3247
f  3252/3252/3252 3251/3251/3251 3250/3250/3250
f  3255/3255/3255 3254/3254/3254 3253/3253/3253
f  3258/3258/3258 3257/3257/3257 3256/3256/3256
f  3261/3261/3261 3260/3260/3260 3259/3259/3259
f  3264/3264/3264 3263/3263/3263 3262/3262/3262
f  3267/3267/3267 3266/3266/3266 3265/3265/3265
f  3270/3270/3270 3269/3269/3269 3268/3268/3268
f  3273/3273/3273 3272/3272/3272 3271/3271/3271
f  3276/3276/3276 3275/3275/3275 3274/3274/3274
f  3279/3279/3279 3278/3278/3278 3277/3277/3277
f  3282/3282/3282 3281/3281/3281 3280/3280/3280
f  3285/3285/3285 3284/3284/3284 3283/3283/3283
f  3288/3288/3288 3287/3287/3287 3286/3286/3286
f  3291/3291/3291 3290/3290/3290 3289/3289/3289
f  3294/3294/3294 3293/3293/3293 3292/3292/3292
f  3297/3297/3297 3296/3296/3296 3295/3295/3295
f  3300/3300/3300 3299/3299/3299 3298/3298/3298
f  3303/3303/3303 3302/3302/3302 3301/3301/3301
f  3306/3306/3306 3305/3305/3305 3304/3304/3304
f  3309/3309/3309 3308/3308/3308 3307/3307/3307
f  3312/3312/3312 3311/3311/3311 3310/3310/3310
f  3315/3315/3315 3314/3314/3314 3313/3313/3313
f  3318/3318/3318 3317/3317/3317 3316/3316/3316
f  3321/3321/3321 3320/3320/3320 3319/3319/3319
f  3324/3324/3324 3323/3323/3323 3322/3322/3322
f  3327/3327/3327 3326/3326/3326 3325/3325/3325
f  3330/3330/3330 3329/3329/3329 3328/3328/3328
f  3333/3333/3333 3332/3332/3332 3331/3331/3331
f  3336/3336/3336 3335/3335/3335 3334/3334/3334
f  3339/3339/3339 3338/3338/3338 3337/3337/3337
f  3342/3342/3342 3341/3341/3341 3340/3340/3340
f  3345/3345/3345 3344/3344/3344 3343/3343/3343
f  3348/3348/3348 3347/3347/3347 3346/3346/3346
f  3351/3351/3351 3350/3350/3350 3349/3349/3349
f  3354/3354/3354 3353/3353/3353 3352/3352/3352
f  3357/3357/3357 3356/3356/3356 3355/3355/3355
f  3360/3360/3360 3359/3359/3359 3358/3358/3358
f  3363/3363/3363 3362/3362/3362 3361/3361/3361
f  3366/3366/3366 3365/3365/3365 3364/3364/3364
f  3369/3369/3369 3368/3368/3368 3367/3367/3367
f  3372/3372/3372 3371/3371/3371 3370/3370/3370
f  3375/3375/3375 3374/3374/3374 3373/3373/3373
f  3378/3378/3378 3377/3377/3377 3376/3376/3376
f  3381/3381/3381 3380/3380/3380 3379/3379/3379
f  3384/3384/3384 3383/3383/3383 3382/3382/3382
f  3387/3387/3387 3386/3386/3386 3385/3385/3385
f  3390/3390/3390 3389/3389/3389 3388/3388/3388
f  3393/3393/3393 3392/3392/3392 3391/3391/3391
f  3396/3396/3396 3395/3395/3395 3394/3394/3394
f  3399/3399/3399 3398/3398/3398 3397/3397/3397
f  3402/3402/3402 3401/3401/3401 3400/3400/3400
f  3405/3405/3405 3404/3404/3404 3403/3403/3403
f  3408/3408/3408 3407/3407/3407 3406/3406/3406
f  3411/3411/3411 3410/3410/3410 3409/3409/3409
f  3414/3414/3414 3413/3413/3413 3412/3412/3412
f  3417/3417/3417 3416/3416/3416 3415/3415/3415
f  3420/3420/3420 3419/3419/3419 3418/3418/3418
f  3423/3423/3423 3422/3422/3422 3421/3421/3421
f  3426/3426/3426 3425/3425/3425 3424/3424/3424
f  3429/3429/3429 3428/3428/3428 3427/3427/3427
f  3432/3432/3432 3431/3431/3431 3430/3430/3430
f  3435/3435/3435 3434/3434/3434 3433/3433/3433
f  3438/3438/3438 3437/3437/3437 3436/3436/3436
f  3441/3441/3441 3440/3440/3440 3439/3439/3439
f  3444/3444/3444 3443/3443/3443 3442/3442/3442
f  3447/3447/3447 3446/3446/3446 3445/3445/3445
f  3450/3450/3450 3449/3449/3449 3448/3448/3448
f  3453/3453/3453 3452/3452/3452 3451/3451/3451
f  3456/3456/3456 3455/3455/3455 3454/3454/3454
f  3459/3459/3459 3458/3458/3458 3457/3457/3457
f  3462/3462/3462 3461/3461/3461 3460/3460/3460
f  3465/3465/3465 3464/3464/3464 3463/3463/3463
f  3468/3468/3468 3467/3467/3467 3466/3466/3466
f  3471/3471/3471 3470/3470/3470 3469/3469/3469
f  3474/3474/3474 3473/3473/3473 3472/3472/3472
f  3477/3477/3477 3476/3476/3476 3475/3475/3475
f  3480/3480/3480 3479/3479/3479 3478/3478/3478
f  3483/3483/3483 3482/3482/3482 3481/3481/3481
f  3486/3486/3486 3485/3485/3485 3484/3484/3484
f  3489/3489/3489 3488/3488/3488 3487/3487/3487
f  3492/3492/3492 3491/3491/3491 3490/3490/3490
f  3495/3495/3495 3494/3494/3494 3493/3493/3493
f  3498/3498/3498 3497/3497/3497 3496/3496/3496
f  3501/3501/3501 3500/3500/3500 3499/3499/3499
f  3504/3504/3504 3503/3503/3503 3502/3502/3502
f  3507/3507/3507 3506/3506/3506 3505/3505/3505
f  3510/3510/3510 3509/3509/3509 3508/3508/3508
f  3513/3513/3513 3512/3512/3512 3511/3511/3511
f  3516/3516/3516 3515/3515/3515 3514/3514/3514
f  3519/3519/3519 3518/3518/3518 3517/3517/3517
f  3522/3522/3522 3521/3521/3521 3520/3520/3520
f  3525/3525/3525 3524/3524/3524 3523/3523/3523
f  3528/3528/3528 3527/3527/3527 3526/3526/3526
f  3531/3531/3531 3530/3530/3530 3529/3529/3529
f  3534/3534/3534 3533/3533/3533 3532/3532/3532
f  3537/3537/3537 3536/3536/3536 3535/3535/3535
f  3540/3540/3540 3539/3539/3539 3538/3538/3538
f  3543/3543/3543 3542/3542/3542 3541/3541/3541
f  3546/3546/3546 3545/3545/3545 3544/3544/3544
f  3549/3549/3549 3548/3548/3548 3547/3547/3547
f  3552/3552/3552 3551/3551/3551 3550/3550/3550
f  3555/3555/3555 3554/3554/3554 3553/3553/3553
f  3558/3558/3558 3557/3557/3557 3556/3556/3556
f  3561/3561/3561 3560/3560/3560 3559/3559/3559
f  3564/3564/3564 3563/3563/3563 3562/3562/3562
f  3567/3567/3567 3566/3566/3566 3565/3565/3565
f  3570/3570/3570 3569/3569/3569 3568/3568/3568
f  3573/3573/3573 3572/3572/3572 3571/3571/3571
f  3576/3576/3576 3575/3575/3575 3574/3574/3574
f  3579/3579/3579 3578/3578/3578 3577/3577/3577
f  3582/3582/3582 3581/3581/3581 3580/3580/3580
f  3585/3585/3585 3584/3584/3584 3583/3583/3583
f  3588/3588/3588 3587/3587/3587 3586/3586/3586
f  3591/3591/3591 3590/3590/3590 3589/3589/3589
f  3594/3594/3594 3593/3593/3593 3592/3592/3592
f  3597/3597/3597 3596/3596/3596 3595/3595/3595
f  3600/3600/3600 3599/3599/3599 3598/3598/3598
f  3603/3603/3603 3602/3602/3602 3601/3601/3601
f  3606/3606/3606 3605/3605/3605 3604/3604/3604
f  3609/3609/3609 3608/3608/3608 3607/3607/3607
f  3612/3612/3612 3611/3611/3611 3610/3610/3610
f  3615/3615/3615 3614/3614/3614 3613/3613/3613
f  3618/3618/3618 3617/3617/3617 3616/3616/3616
f  3621/3621/3621 3620/3620/3620 3619/3619/3619
f  3624/3624/3624 3623/3623/3623 3622/3622/3622
f  3627/3627/3627 3626/3626/3626 3625/3625/3625
f  3630/3630/3630 3629/3629/3629 3628/3628/3628
f  3633/3633/3633 3632/3632/3632 3631/3631/3631
f  3636/3636/3636 3635/3635/3635 3634/3634/3634
f  3639/3639/3639 3638/3638/3638 3637/3637/3637
f  3642/3642/3642 3641/3641/3641 3640/3640/3640
f  3645/3645/3645 3644/3644/3644 3643/3643/3643
f  3648/3648/3648 3647/3647/3647 3646/3646/3646
f  3651/3651/3651 3650/3650/3650 3649/3649/3649
f  3654/3654/3654 3653/3653/3653 3652/3652/3652
f  3657/3657/3657 3656/3656/3656 3655/3655/3655
f  3660/3660/3660 3659/3659/3659 3658/3658/3658
f  3663/3663/3663 3662/3662/3662 3661/3661/3661
f  3666/3666/3666 3665/3665/3665 3664/3664/3664
f  3669/3669/3669 3668/3668/3668 3667/3667/3667
f  3672/3672/3672 3671/3671/3671 3670/3670/3670
f  3675/3675/3675 3674/3674/3674 3673/3673/3673
f  3678/3678/3678 3677/3677/3677 3676/3676/3676
f  3681/3681/3681 3680/3680/3680 3679/3679/3679
f  3684/3684/3684 3683/3683/3683 3682/3682/3682
f  3687/3687/3687 3686/3686/3686 3685/3685/3685
f  3690/3690/3690 3689/3689/3689 3688/3688/3688
f  3693/3693/3693 3692/3692/3692 3691/3691/3691
f  3696/3696/3696 3695/3695/3695 3694/3694/3694
f  3699/3699/3699 3698/3698/3698 3697/3697/3697
f  3702/3702/3702 3701/3701/3701 3700/3700/3700
f  3705/3705/3705 3704/3704/3704 3703/3703/3703
f  3708/3708/3708 3707/3707/3707 3706/3706/3706
f  3711/3711/3711 3710/3710/3710 3709/3709/3709
f  3714/3714/3714 3713/3713/3713 3712/3712/3712
f  3717/3717/3717 3716/3716/3716 3715/3715/3715
f  3720/3720/3720 3719/3719/3719 3718/3718/3718
f  3723/3723/3723 3722/3722/3722 3721/3721/3721
f  3726/3726/3726 3725/3725/3725 3724/3724/3724
f  3729/3729/3729 3728/3728/3728 3727/3727/3727
f  3732/3732/3732 3731/3731/3731 3730/3730/3730
f  3735/3735/3735 3734/3734/3734 3733/3733/3733
f  3738/3738/3738 3737/3737/3737 3736/3736/3736
f  3741/3741/3741 3740/3740/3740 3739/3739/3739
f  3744/3744/3744 3743/3743/3743 3742/3742/3742
f  3747/3747/3747 3746/3746/3746 3745/3745/3745
f  3750/3750/3750 3749/3749/3749 3748/3748/3748
f  3753/3753/3753 3752/3752/3752 3751/3751/3751
f  3756/3756/3756 3755/3755/3755 3754/3754/3754
f  3759/3759/3759 3758/3758/3758 3757/3757/3757
f  3762/3762/3762 3761/3761/3761 3760/3760/3760
f  3765/3765/3765 3764/3764/3764 3763/3763/3763
f  3768/3768/3768 3767/3767/3767 3766/3766/3766
f  3771/3771/3771 3770/3770/3770 3769/3769/3769
f  3774/3774/3774 3773/3773/3773 3772/3772/3772
f  3777/3777/3777 3776/3776/3776 3775/3775/3775
f  3780/3780/3780 3779/3779/3779 3778/3778/3778
f  3783/3783/3783 3782/3782/3782 3781/3781/3781
f  3786/3786/3786 3785/3785/3785 3784/3784/3784
f  3789/3789/3789 3788/3788/3788 3787/3787/3787
f  3792/3792/3792 3791/3791/3791 3790/3790/3790
f  3795/3795/3795 3794/3794/3794 3793/3793/3793
f  3798/3798/3798 3797/3797/3797 3796/3796/3796
f  3801/3801/3801 3800/3800/3800 3799/3799/3799
f  3804/3804/3804 3803/3803/3803 3802/3802/3802
f  3807/3807/3807 3806/3806/3806 3805/3805/3805
f  3810/3810/3810 3809/3809/3809 3808/3808/3808
f  3813/3813/3813 3812/3812/3812 3811/3811/3811
f  3816/3816/3816 3815/3815/3815 3814/3814/3814
f  3819/3819/3819 3818/3818/3818 3817/3817/3817
f  3822/3822/3822 3821/3821/3821 3820/3820/3820
f  3825/3825/3825 3824/3824/3824 3823/3823/3823
f  3828/3828/3828 3827/3827/3827 3826/3826/3826
f  3831/3831/3831 3830/3830/3830 3829/3829/3829
f  3834/3834/3834 3833/3833/3833 3832/3832/3832
f  3837/3837/3837 3836/3836/3836 3835/3835/3835
f  3840/3840/3840 3839/3839/3839 3838/3838/3838
f  3843/3843/3843 3842/3842/3842 3841/3841/3841
f  3846/3846/3846 3845/3845/3845 3844/3844/3844
f  3849/3849/3849 3848/3848/3848 3847/3847/3847
f  3852/3852/3852 3851/3851/3851 3850/3850/3850
f  3855/3855/3855 3854/3854/3854 3853/3853/3853
f  3858/3858/3858 3857/3857/3857 3856/3856/3856
f  3861/3861/3861 3860/3860/3860 3859/3859/3859
f  3864/3864/3864 3863/3863/3863 3862/3862/3862
f  3867/3867/3867 3866/3866/3866 3865/3865/3865
f  3870/3870/3870 3869/3869/3869 3868/3868/3868
f  3873/3873/3873 3872/3872/3872 3871/3871/3871
f  3876/3876/3876 3875/3875/3875 3874/3874/3874
f  3879/3879/3879 3878/3878/3878 3877/3877/3877
f  3882/3882/3882 3881/3881/3881 3880/3880/3880
f  3885/3885/3885 3884/3884/3884 3883/3883/3883
f  3888/3888/3888 3887/3887/3887 3886/3886/3886
f  3891/3891/3891 3890/3890/3890 3889/3889/3889
f  3894/3894/3894 3893/3893/3893 3892/3892/3892
f  3897/3897/3897 3896/3896/3896 3895/3895/3895
f  3900/3900/3900 3899/3899/3899 3898/3898/3898
f  3903/3903/3903 3902/3902/3902 3901/3901/3901
f  3906/3906/3906 3905/3905/3905 3904/3904/3904
f  3909/3909/3909 3908/3908/3908 3907/3907/3907
f  3912/3912/3912 3911/3911/3911 3910/3910/3910
f  3915/3915/3915 3914/3914/3914 3913/3913/3913
f  3918/3918/3918 3917/3917/3917 3916/3916/3916
f  3921/3921/3921 3920/3920/3920 3919/3919/3919
f  3924/3924/3924 3923/3923/3923 3922/3922/3922
f  3927/3927/3927 3926/3926/3926 3925/3925/3925
f  3930/3930/3930 3929/3929/3929 3928/3928/3928
f  3933/3933/3933 3932/3932/3932 3931/3931/3931
f  3936/3936/3936 3935/3935/3935 3934/3934/3934
f  3939/3939/3939 3938/3938/3938 3937/3937/3937
f  3942/3942/3942 3941/3941/3941 3940/3940/3940
f  3945/3945/3945 3944/3944/3944 3943/3943/3943
f  3948/3948/3948 3947/3947/3947 3946/3946/3946
f  3951/3951/3951 3950/3950/3950 3949/3949/3949
f  3954/3954/3954 3953/3953/3953 3952/3952/3952
f  3957/3957/3957 3956/3956/3956 3955/3955/3955
f  3960/3960/3960 3959/3959/3959 3958/3958/3958
f  3963/3963/3963 3962/3962/3962 3961/3961/3961
f  3966/3966/3966 3965/3965/3965 3964/3964/3964
f  3969/3969/3969 3968/3968/3968 3967/3967/3967
f  3972/3972/3972 3971/3971/3971 3970/3970/3970
f  3975/3975/3975 3974/3974/3974 3973/3973/3973
f  3978/3978/3978 3977/3977/3977 3976/3976/3976
f  3981/3981/3981 3980/3980/3980 3979/3979/3979
f  3984/3984/3984 3983/3983/3983 3982/3982/3982
f  3987/3987/3987 3986/3986/3986 3985/3985/3985
f  3990/3990/3990 3989/3989/3989 3988/3988/3988
f  3993/3993/3993 3992/3992/3992 3991/3991/3991
f  3996/3996/3996 3995/3995/3995 3994/3994/3994
f  3999/3999/3999 3998/3998/3998 3997/3997/3997
f  4002/4002/4002 4001/4001/4001 4000/4000/4000
f  4005/4005/4005 4004/4004/4004 4003/4003/4003
f  4008/4008/4008 4007/4007/4007 4006/4006/4006
f  4011/4011/4011 4010/4010/4010 4009/4009/4009
f  4014/4014/4014 4013/4013/4013 4012/4012/4012
f  4017/4017/4017 4016/4016/4016 4015/4015/4015
f  4020/4020/4020 4019/4019/4019 4018/4018/4018
f  4023/4023/4023 4022/4022/4022 4021/4021/4021
f  4026/4026/4026 4025/4025/4025 4024/4024/4024
f  4029/4029/4029 4028/4028/4028 4027/4027/4027
f  4032/4032/4032 4031/4031/4031 4030/4030/4030
f  4035/4035/4035 4034/4034/4034 4033/4033/4033
f  4038/4038/4038 4037/4037/4037 4036/4036/4036
f  4041/4041/4041 4040/4040/4040 4039/4039/4039
f  4044/4044/4044 4043/4043/4043 4042/4042/4042
f  4047/4047/4047 4046/4046/4046 4045/4045/4045
f  4050/4050/4050 4049/4049/4049 4048/4048/4048
f  4053/4053/4053 4052/4052/4052 4051/4051/4051
f  4056/4056/4056 4055/4055/4055 4054/4054/4054
f  4059/4059/4059 4058/4058/4058 4057/4057/4057
f  4062/4062/4062 4061/4061/4061 4060/4060/4060
f  4065/4065/4065 4064/4064/4064 4063/4063/4063
f  4068/4068/4068 4067/4067/4067 4066/4066/4066
f  4071/4071/4071 4070/4070/4070 4069/4069/4069
f  4074/4074/4074 4073/4073/4073 4072/4072/4072
f  4077/4077/4077 4076/4076/4076 4075/4075/4075
f  4080/4080/4080 4079/4079/4079 4078/4078/4078
f  4083/4083/4083 4082/4082/4082 4081/4081/4081
f  4086/4086/4086 4085/4085/4085 4084/4084/4084
f  4089/4089/4089 4088/4088/4088 4087/4087/4087
f  4092/4092/4092 4091/4091/4091 4090/4090/4090
f  4095/4095/4095 4094/4094/4094 4093/4093/4093
f  4098/4098/4098 4097/4097/4097 4096/4096/4096
f  4101/4101/4101 4100/4100/4100 4099/4099/4099
f  4104/4104/4104 4103/4103/4103 4102/4102/4102
f  4107/4107/4107 4106/4106/4106 4105/4105/4105
f  4110/4110/4110 4109/4109/4109 4108/4108/4108
f  4113/4113/4113 4112/4112/4112 4111/4111/4111
f  4116/4116/4116 4115/4115/4115 4114/4114/4114
f  4119/4119/4119 4118/4118/4118 4117/4117/4117
f  4122/4122/4122 4121/4121/4121 4120/4120/4120
f  4125/4125/4125 4124/4124/4124 4123/4123/4123
f  4128/4128/4128 4127/4127/4127 4126/4126/4126
f  4131/4131/4131 4130/4130/4130 4129/4129/4129
f  4134/4134/4134 4133/4133/4133 4132/4132/4132
f  4137/4137/4137 4136/4136/4136 4135/4135/4135
f  4140/4140/4140 4139/4139/4139 4138/4138/4138
f  4143/4143/4143 4142/4142/4142 4141/4141/4141
f  4146/4146/4146 4145/4145/4145 4144/4144/4144
f  4149/4149/4149 4148/4148/4148 4147/4147/4147
f  4152/4152/4152 4151/4151/4151 4150/4150/4150
f  4155/4155/4155 4154/4154/4154 4153/4153/4153
f  4158/4158/4158 4157/4157/4157 4156/4156/4156
f  4161/4161/4161 4160/4160/4160 4159/4159/4159
f  4164/4164/4164 4163/4163/4163 4162/4162/4162
f  4167/4167/4167 4166/4166/4166 4165/4165/4165
f  4170/4170/4170 4169/4169/4169 4168/4168/4168
f  4173/4173/4173 4172/4172/4172 4171/4171/4171
f  4176/4176/4176 4175/4175/4175 4174/4174/4174
f  4179/4179/4179 4178/4178/4178 4177/4177/4177
f  4182/4182/4182 4181/4181/4181 4180/4180/4180
f  4185/4185/4185 4184/4184/4184 4183/4183/4183
f  4188/4188/4188 4187/4187/4187 4186/4186/4186
f  4191/4191/4191 4190/4190/4190 4189/4189/4189
f  4194/4194/4194 4193/4193/4193 4192/4192/4192
f  4197/4197/4197 4196/4196/4196 4195/4195/4195
f  4200/4200/4200 4199/4199/4199 4198/4198/4198
f  4203/4203/4203 4202/4202/4202 4201/4201/4201
f  4206/4206/4206 4205/4205/4205 4204/4204/4204
f  4209/4209/4209 4208/4208/4208 4207/4207/4207
f  4212/4212/4212 4211/4211/4211 4210/4210/4210
f  4215/4215/4215 4214/4214/4214 4213/4213/4213
f  4218/4218/4218 4217/4217/4217 4216/4216/4216
f  4221/4221/4221 4220/4220/4220 4219/4219/4219
f  4224/4224/4224 4223/4223/4223 4222/4222/4222
f  4227/4227/4227 4226/4226/4226 4225/4225/4225
f  4230/4230/4230 4229/4229/4229 4228/4228/4228
f  4233/4233/4233 4232/4232/4232 4231/4231/4231
f  4236/4236/4236 4235/4235/4235 4234/4234/4234
f  4239/4239/4239 4238/4238/4238 4237/4237/4237
f  4242/4242/4242 4241/4241/4241 4240/4240/4240
f  4245/4245/4245 4244/4244/4244 4243/4243/4243
f  4248/4248/4248 4247/4247/4247 4246/4246/4246
f  4251/4251/4251 4250/4250/4250 4249/4249/4249
f  4254/4254/4254 4253/4253/4253 4252/4252/4252
f  4257/4257/4257 4256/4256/4256 4255/4255/4255
f  4260/4260/4260 4259/4259/4259 4258/4258/4258
f  4263/4263/4263 4262/4262/4262 4261/4261/4261
f  4266/4266/4266 4265/4265/4265 4264/4264/4264
f  4269/4269/4269 4268/4268/4268 4267/4267/4267
f  4272/4272/4272 4271/4271/4271 4270/4270/4270
f  4275/4275/4275 4274/4274/4274 4273/4273/4273
f  4278/4278/4278 4277/4277/4277 4276/4276/4276
f  4281/4281/4281 4280/4280/4280 4279/4279/4279
f  4284/4284/4284 4283/4283/4283 4282/4282/4282
f  4287/4287/4287 4286/4286/4286 4285/4285/4285
f  4290/4290/4290 4289/4289/4289 4288/4288/4288
f  4293/4293/4293 4292/4292/4292 4291/4291/4291
f  4296/4296/4296 4295/4295/4295 4294/4294/4294
f  4299/4299/4299 4298/4298/4298 4297/4297/4297
f  4302/4302/4302 4301/4301/4301 4300/4300/4300
f  4305/4305/4305 4304/4304/4304 4303/4303/4303
f  4308/4308/4308 4307/4307/4307 4306/4306/4306
f  4311/4311/4311 4310/4310/4310 4309/4309/4309
f  4314/4314/4314 4313/4313/4313 4312/4312/4312
f  4317/4317/4317 4316/4316/4316 4315/4315/4315
f  4320/4320/4320 4319/4319/4319 4318/4318/4318
f  4323/4323/4323 4322/4322/4322 4321/4321/4321
f  4326/4326/4326 4325/4325/4325 4324/4324/4324
f  4329/4329/4329 4328/4328/4328 4327/4327/4327
f  4332/4332/4332 4331/4331/4331 4330/4330/4330
f  4335/4335/4335 4334/4334/4334 4333/4333/4333
f  4338/4338/4338 4337/4337/4337 4336/4336/4336
f  4341/4341/4341 4340/4340/4340 4339/4339/4339
f  4344/4344/4344 4343/4343/4343 4342/4342/4342
f  4347/4347/4347 4346/4346/4346 4345/4345/4345
f  4350/4350/4350 4349/4349/4349 4348/4348/4348
f  4353/4353/4353 4352/4352/4352 4351/4351/4351
f  4356/4356/4356 4355/4355/4355 4354/4354/4354
f  4359/4359/4359 4358/4358/4358 4357/4357/4357
f  4362/4362/4362 4361/4361/4361 4360/4360/4360
f  4365/4365/4365 4364/4364/4364 4363/4363/4363
f  4368/4368/4368 4367/4367/4367 4366/4366/4366
f  4371/4371/4371 4370/4370/4370 4369/4369/4369
f  4374/4374/4374 4373/4373/4373 4372/4372/4372
f  4377/4377/4377 4376/4376/4376 4375/4375/4375
f  4380/4380/4380 4379/4379/4379 4378/4378/4378
f  4383/4383/4383 4382/4382/4382 4381/4381/4381
f  4386/4386/4386 4385/4385/4385 4384/4384/4384
f  4389/4389/4389 4388/4388/4388 4387/4387/4387
f  4392/4392/4392 4391/4391/4391 4390/4390/4390
f  4395/4395/4395 4394/4394/4394 4393/4393/4393
f  4398/4398/4398 4397/4397/4397 4396/4396/4396
f  4401/4401/4401 4400/4400/4400 4399/4399/4399
f  4404/4404/4404 4403/4403/4403 4402/4402/4402
f  4407/4407/4407 4406/4406/4406 4405/4405/4405
f  4410/4410/4410 4409/4409/4409 4408/4408/4408
f  4413/4413/4413 4412/4412/4412 4411/4411/4411
f  4416/4416/4416 4415/4415/4415 4414/4414/4414
f  4419/4419/4419 4418/4418/4418 4417/4417/4417
f  4422/4422/4422 4421/4421/4421 4420/4420/4420
f  4425/4425/4425 4424/4424/4424 4423/4423/4423
f  4428/4428/4428 4427/4427/4427 4426/4426/4426
f  4431/4431/4431 4430/4430/4430 4429/4429/4429
f  4434/4434/4434 4433/4433/4433 4432/4432/4432
f  4437/4437/4437 4436/4436/4436 4435/4435/4435
f  4440/4440/4440 4439/4439/4439 4438/4438/4438
f  4443/4443/4443 4442/4442/4442 4441/4441/4441
f  4446/4446/4446 4445/4445/4445 4444/4444/4444
f  4449/4449/4449 4448/4448/4448 4447/4447/4447
f  4452/4452/4452 4451/4451/4451 4450/4450/4450
f  4455/4455/4455 4454/4454/4454 4453/4453/4453
f  4458/4458/4458 4457/4457/4457 4456/4456/4456
f  4461/4461/4461 4460/4460/4460 4459/4459/4459
f  4464/4464/4464 4463/4463/4463 4462/4462/4462
f  4467/4467/4467 4466/4466/4466 4465/4465/4465
f  4470/4470/4470 4469/4469/4469 4468/4468/4468
f  4473/4473/4473 4472/4472/4472 4471/4471/4471
f  4476/4476/4476 4475/4475/4475 4474/4474/4474
f  4479/4479/4479 4478/4478/4478 4477/4477/4477
f  4482/4482/4482 4481/4481/4481 4480/4480/4480
f  4485/4485/4485 4484/4484/4484 4483/4483/4483
f  4488/4488/4488 4487/4487/4487 4486/4486/4486
f  4491/4491/4491 4490/4490/4490 4489/4489/4489
f  4494/4494/4494 4493/4493/4493 4492/4492/4492
f  4497/4497/4497 4496/4496/4496 4495/4495/4495
f  4500/4500/4500 4499/4499/4499 4498/4498/4498
f  4503/4503/4503 4502/4502/4502 4501/4501/4501
f  4506/4506/4506 4505/4505/4505 4504/4504/4504
f  4509/4509/4509 4508/4508/4508 4507/4507/4507
f  4512/4512/4512 4511/4511/4511 4510/4510/4510
f  4515/4515/4515 4514/4514/4514 4513/4513/4513
f  4518/4518/4518 4517/4517/4517 4516/4516/4516
f  4521/4521/4521 4520/4520/4520 4519/4519/4519
f  4524/4524/4524 4523/4523/4523 4522/4522/4522
f  4527/4527/4527 4526/4526/4526 4525/4525/4525
f  4530/4530/4530 4529/4529/4529 4528/4528/4528
f  4533/4533/4533 4532/4532/4532 4531/4531/4531
f  4536/4536/4536 4535/4535/4535 4534/4534/4534
f  4539/4539/4539 4538/4538/4538 4537/4537/4537
f  4542/4542/4542 4541/4541/4541 4540/4540/4540
f  4545/4545/4545 4544/4544/4544 4543/4543/4543
f  4548/4548/4548 4547/4547/4547 4546/4546/4546
f  4551/4551/4551 4550/4550/4550 4549/4549/4549
f  4554/4554/4554 4553/4553/4553 4552/4552/4552
f  4557/4557/4557 4556/4556/4556 4555/4555/4555
f  4560/4560/4560 4559/4559/4559 4558/4558/4558
f  4563/4563/4563 4562/4562/4562 4561/4561/4561
f  4566/4566/4566 4565/4565/4565 4564/4564/4564

g
